Real_Time,Time_Elapsed(s),Lux,Target,Effort,Foil_V,LED_Pct
16:18:58,5480.42,1002,1000,7,1.8,0
16:18:58,5480.612,1002,1000,7,1.8,0
16:18:58,5480.822,1002,1000,7,1.8,0
16:18:58,5481.014,1001,1000,7,1.8,0
16:18:59,5481.222,1001,1000,7,1.8,0
16:18:59,5481.414,1001,1000,7,1.8,0
16:18:59,5481.607,1002,1000,7,1.8,0
16:18:59,5481.815,1002,1000,7,1.8,0
16:18:59,5482.008,1001,1000,7,1.8,0
16:19:00,5482.216,1002,1000,7,1.8,0
16:19:00,5482.409,1002,1000,7,1.8,0
16:19:00,5482.618,1003,1000,7,1.8,0
16:19:00,5482.81,1003,1000,7,1.8,0
16:19:00,5483.015,1004,1000,7,1.8,0
16:19:01,5483.206,1005,1000,7,1.7,0
16:19:01,5483.412,1005,1000,7,1.7,0
16:19:01,5483.603,1006,1000,7,1.7,0
16:19:01,5483.811,1006,1000,7,1.7,0
16:19:01,5484.004,1007,1000,7,1.6,0
16:19:02,5484.212,1003,1000,7,1.7,0
16:19:02,5484.405,1003,1000,7,1.7,0
16:19:02,5484.598,1004,1000,7,1.7,0
16:19:02,5484.808,1005,1000,7,1.7,0
16:19:02,5485,1005,1000,7,1.6,0
16:19:03,5485.208,1006,1000,7,1.6,0
16:19:03,5485.401,1002,1000,7,1.7,0
16:19:03,5485.608,1002,1000,7,1.7,0
16:19:03,5485.802,1003,1000,7,1.7,0
16:19:03,5485.994,1004,1000,7,1.7,0
16:19:04,5486.202,1004,1000,7,1.7,0
16:19:04,5486.395,1005,1000,7,1.6,0
16:19:04,5486.604,1000,1000,7,1.7,0
16:19:04,5486.796,998,1000,7,1.7,0
16:19:04,5487.001,1000,1000,7,1.7,0
16:19:05,5487.196,1001,1000,7,1.7,0
16:19:05,5487.4,1002,1000,7,1.7,0
16:19:05,5487.592,1003,1000,7,1.7,0
16:19:05,5487.801,1003,1000,7,1.7,0
16:19:05,5487.993,1003,1000,7,1.7,0
16:19:06,5488.186,1003,1000,7,1.7,0
16:19:06,5488.395,1004,1000,7,1.7,0
16:19:06,5488.587,1003,1000,7,1.7,0
16:19:06,5488.796,1003,1000,7,1.7,0
16:19:06,5488.989,1002,1000,7,1.7,0
16:19:07,5489.199,1001,1000,7,1.7,0
16:19:07,5489.389,1002,1000,7,1.7,0
16:19:07,5489.582,1002,1000,7,1.7,0
16:19:07,5489.791,1002,1000,7,1.7,0
16:19:07,5489.983,1002,1000,7,1.7,0
16:19:08,5490.191,1002,1000,7,1.7,0
16:19:08,5490.382,1001,1000,7,1.7,0
16:19:08,5490.592,1001,1000,7,1.7,0
16:19:08,5490.784,1000,1000,7,1.7,0
16:19:08,5490.993,1001,1000,7,1.7,0
16:19:09,5491.185,1001,1000,7,1.7,0
16:19:09,5491.377,1001,1000,7,1.7,0
16:19:09,5491.583,1002,1000,7,1.7,0
16:19:09,5491.791,1002,1000,7,1.7,0
16:19:09,5491.984,1002,1000,7,1.7,0
16:19:10,5492.181,1002,1000,7,1.7,0
16:19:10,5492.382,1002,1000,7,1.7,0
16:19:10,5492.575,1002,1000,7,1.7,0
16:19:10,5492.785,1001,1000,7,1.7,0
16:19:10,5492.977,1000,1000,7,1.7,0
16:19:11,5493.186,1000,1000,7,1.7,0
16:19:11,5493.378,1001,1000,7,1.7,0
16:19:11,5493.586,1001,1000,7,1.7,0
16:19:11,5493.78,1001,1000,7,1.7,0
16:19:11,5493.973,1000,1000,7,1.7,0
16:19:12,5494.182,1000,1000,7,1.7,0
16:19:12,5494.375,1000,1000,7,1.7,0
16:19:12,5494.583,999,1000,7,1.7,0
16:19:12,5494.775,998,1000,7,1.7,0
16:19:12,5494.967,999,1000,7,1.7,0
16:19:13,5495.174,999,1000,7,1.7,0
16:19:13,5495.367,999,1000,7,1.7,0
16:19:13,5495.576,999,1000,7,1.7,0
16:19:13,5495.768,999,1000,7,1.7,0
16:19:13,5495.977,999,1000,7,1.7,0
16:19:14,5496.17,999,1000,7,1.7,0
16:19:14,5496.363,999,1000,7,1.7,0
16:19:14,5496.571,998,1000,7,1.7,0
16:19:14,5496.763,999,1000,7,1.7,0
16:19:14,5496.972,998,1000,7,1.7,0
16:19:15,5497.164,998,1000,7,1.7,0
16:19:15,5497.373,997,1000,7,1.7,0
16:19:15,5497.565,997,1000,7,1.7,0
16:19:15,5497.773,997,1000,7,1.7,0
16:19:15,5497.966,998,1000,7,1.7,0
16:19:16,5498.168,999,1000,7,1.7,0
16:19:16,5498.364,999,1000,7,1.7,0
16:19:16,5498.567,1000,1000,7,1.7,0
16:19:16,5498.764,999,1000,7,1.7,0
16:19:16,5498.969,1000,1000,7,1.7,0
16:19:17,5499.162,1000,1000,7,1.7,0
16:19:17,5499.355,999,1000,7,1.7,0
16:19:17,5499.562,999,1000,7,1.7,0
16:19:17,5499.754,1000,1000,7,1.7,0
16:19:17,5499.963,1000,1000,7,1.7,0
16:19:17,5500.155,1000,1000,7,1.7,0
16:19:18,5500.364,1001,1000,7,1.7,0
16:19:18,5500.553,1000,1000,7,1.7,0
16:19:18,5500.761,1001,1000,7,1.7,0
16:19:18,5500.954,1001,1000,7,1.7,0
16:19:19,5501.163,1001,1000,7,1.7,0
16:19:19,5501.357,1001,1000,7,1.7,0
16:19:19,5501.549,1000,1000,7,1.7,0
16:19:19,5501.758,1001,1000,7,1.7,0
16:19:19,5501.951,1001,1000,7,1.7,0
16:19:20,5502.159,1001,1000,7,1.7,0
16:19:20,5502.351,1001,1000,7,1.7,0
16:19:20,5502.56,1001,1000,7,1.7,0
16:19:20,5502.752,1001,1000,7,1.7,0
16:19:20,5502.945,1001,1000,7,1.7,0
16:19:20,5503.154,1001,1000,7,1.7,0
16:19:21,5503.346,1001,1000,7,1.7,0
16:19:21,5503.556,1001,1000,7,1.7,0
16:19:21,5503.748,1000,1000,7,1.7,0
16:19:21,5503.958,1000,1000,7,1.7,0
16:19:21,5504.153,1000,1000,7,1.7,0
16:19:22,5504.343,1000,1000,7,1.7,0
16:19:22,5504.553,1000,1000,7,1.7,0
16:19:22,5504.746,1000,1000,7,1.7,0
16:19:22,5504.955,1000,1000,7,1.7,0
16:19:22,5505.146,1000,1000,7,1.7,0
16:19:23,5505.354,999,1000,7,1.7,0
16:19:23,5505.546,999,1000,7,1.7,0
16:19:23,5505.738,999,1000,7,1.7,0
16:19:23,5505.946,999,1000,7,1.7,0
16:19:23,5506.138,999,1000,7,1.7,0
16:19:24,5506.346,999,1000,7,1.7,0
16:19:24,5506.54,999,1000,7,1.7,0
16:19:24,5506.746,998,1000,7,1.7,0
16:19:24,5506.939,998,1000,7,1.7,0
16:19:24,5507.149,998,1000,7,1.7,0
16:19:25,5507.341,997,1000,7,1.7,0
16:19:25,5507.533,998,1000,7,1.7,0
16:19:25,5507.742,998,1000,7,1.7,0
16:19:25,5507.934,999,1000,7,1.7,0
16:19:25,5508.144,999,1000,7,1.7,0
16:19:26,5508.336,1000,1000,7,1.7,0
16:19:26,5508.544,1000,1000,7,1.7,0
16:19:26,5508.737,1000,1000,7,1.7,0
16:19:26,5508.929,1000,1000,7,1.7,0
16:19:26,5509.138,1000,1000,7,1.7,0
16:19:27,5509.331,1000,1000,7,1.7,0
16:19:27,5509.54,1000,1000,7,1.7,0
16:19:27,5509.734,1000,1000,7,1.7,0
16:19:27,5509.926,1000,1000,7,1.7,0
16:19:27,5510.135,1000,1000,7,1.7,0
16:19:28,5510.327,1000,1000,7,1.7,0
16:19:28,5510.537,1000,1000,7,1.7,0
16:19:28,5510.73,999,1000,7,1.7,0
16:19:28,5510.922,999,1000,7,1.7,0
16:19:28,5511.131,999,1000,7,1.7,0
16:19:29,5511.326,999,1000,7,1.7,0
16:19:29,5511.531,999,1000,7,1.7,0
16:19:29,5511.723,998,1000,7,1.7,0
16:19:29,5511.931,998,1000,7,1.7,0
16:19:29,5512.123,997,1000,7,1.7,0
16:19:30,5512.329,997,1000,7,1.7,0
16:19:30,5512.521,997,1000,7,1.7,0
16:19:30,5512.73,996,1000,7,1.7,0
16:19:30,5512.92,996,1000,7,1.7,0
16:19:30,5513.127,995,1000,7,1.7,0
16:19:31,5513.318,995,1000,7,1.7,0
16:19:31,5513.526,995,1000,7,1.7,0
16:19:31,5513.715,995,1000,7,1.7,0
16:19:31,5513.924,995,1000,7,1.7,0
16:19:31,5514.117,995,1000,7,1.7,0
16:19:32,5514.325,995,1000,7,1.7,0
16:19:32,5514.518,996,1000,7,1.7,0
16:19:32,5514.727,995,1000,7,1.7,0
16:19:32,5514.919,995,1000,7,1.7,0
16:19:32,5515.112,995,1000,7,1.7,0
16:19:33,5515.32,996,1000,7,1.7,0
16:19:33,5515.512,996,1000,7,1.7,0
16:19:33,5515.721,996,1000,7,1.7,0
16:19:33,5515.913,996,1000,7,1.7,0
16:19:33,5516.123,995,1000,7,1.7,0
16:19:34,5516.315,995,1000,7,1.7,0
16:19:34,5516.507,996,1000,7,1.7,0
16:19:34,5516.717,996,1000,7,1.7,0
16:19:34,5516.91,997,1000,7,1.7,0
16:19:34,5517.12,997,1000,7,1.7,0
16:19:35,5517.312,997,1000,7,1.7,0
16:19:35,5517.519,997,1000,7,1.7,0
16:19:35,5517.713,996,1000,7,1.7,0
16:19:35,5517.905,996,1000,7,1.7,0
16:19:35,5518.113,996,1000,7,1.7,0
16:19:36,5518.305,995,1000,7,1.7,0
16:19:36,5518.514,995,1000,7,1.7,0
16:19:36,5518.708,995,1000,7,1.7,0
16:19:36,5518.901,995,1000,7,1.7,0
16:19:36,5519.11,994,1000,7,1.8,0
16:19:37,5519.301,998,1000,7,1.7,0
16:19:37,5519.509,1000,1000,7,1.7,0
16:19:37,5519.701,999,1000,7,1.7,0
16:19:37,5519.912,998,1000,7,1.7,0
16:19:37,5520.102,998,1000,7,1.7,0
16:19:38,5520.295,998,1000,7,1.7,0
16:19:38,5520.504,997,1000,7,1.7,0
16:19:38,5520.696,997,1000,7,1.7,0
16:19:38,5520.905,997,1000,7,1.7,0
16:19:38,5521.098,996,1000,7,1.7,0
16:19:39,5521.309,995,1000,7,1.7,0
16:19:39,5521.5,994,1000,7,1.8,0
16:19:39,5521.693,998,1000,7,1.7,0
16:19:39,5521.902,999,1000,7,1.7,0
16:19:39,5522.094,997,1000,7,1.7,0
16:19:40,5522.303,996,1000,7,1.7,0
16:19:40,5522.496,995,1000,7,1.7,0
16:19:40,5522.689,994,1000,7,1.8,0
16:19:40,5522.898,995,1000,7,1.7,0
16:19:40,5523.09,996,1000,7,1.7,0
16:19:41,5523.3,995,1000,7,1.7,0
16:19:41,5523.494,994,1000,7,1.8,0
16:19:41,5523.686,998,1000,7,1.7,0
16:19:41,5523.895,997,1000,7,1.7,0
16:19:41,5524.088,996,1000,7,1.7,0
16:19:42,5524.295,995,1000,7,1.7,0
16:19:42,5524.488,995,1000,7,1.7,0
16:19:42,5524.696,994,1000,7,1.8,0
16:19:42,5524.889,998,1000,7,1.7,0
16:19:42,5525.082,996,1000,7,1.7,0
16:19:43,5525.29,995,1000,7,1.7,0
16:19:43,5525.481,994,1000,7,1.8,0
16:19:43,5525.689,995,1000,7,1.7,0
16:19:43,5525.882,995,1000,7,1.7,0
16:19:43,5526.092,994,1000,7,1.8,0
16:19:44,5526.284,995,1000,7,1.7,0
16:19:44,5526.491,996,1000,7,1.7,0
16:19:44,5526.685,995,1000,7,1.7,0
16:19:44,5526.879,995,1000,7,1.7,0
16:19:44,5527.089,993,1000,7,1.8,0
16:19:45,5527.279,997,1000,7,1.8,0
16:19:45,5527.488,999,1000,7,1.8,0
16:19:45,5527.681,997,1000,7,1.8,0
16:19:45,5527.889,996,1000,7,1.8,0
16:19:45,5528.082,995,1000,7,1.8,0
16:19:46,5528.275,994,1000,7,1.8,0
16:19:46,5528.484,998,1000,7,1.8,0
16:19:46,5528.675,999,1000,7,1.8,0
16:19:46,5528.884,997,1000,7,1.8,0
16:19:46,5529.077,995,1000,7,1.8,0
16:19:47,5529.285,994,1000,7,1.8,0
16:19:47,5529.479,998,1000,7,1.8,0
16:19:47,5529.676,1000,1000,7,1.8,0
16:19:47,5529.879,998,1000,7,1.8,0
16:19:47,5530.07,997,1000,7,1.8,0
16:19:48,5530.278,996,1000,7,1.8,0
16:19:48,5530.473,995,1000,7,1.8,0
16:19:48,5530.677,995,1000,7,1.8,0
16:19:48,5530.868,994,1000,7,1.8,0
16:19:48,5531.076,998,1000,7,1.8,0
16:19:49,5531.267,1002,1000,7,1.8,0
16:19:49,5531.474,1005,1000,7,1.7,0
16:19:49,5531.665,1004,1000,7,1.8,0
16:19:49,5531.873,1002,1000,7,1.8,0
16:19:49,5532.071,1002,1000,7,1.8,0
16:19:50,5532.279,1001,1000,7,1.8,0
16:19:50,5532.464,1000,1000,7,1.8,0
16:19:50,5532.669,999,1000,7,1.8,0
16:19:50,5532.86,999,1000,7,1.8,0
16:19:50,5533.065,998,1000,7,1.8,0
16:19:51,5533.27,998,1000,7,1.8,0
16:19:51,5533.46,997,1000,7,1.8,0
16:19:51,5533.666,997,1000,7,1.8,0
16:19:51,5533.872,998,1000,7,1.8,0
16:19:51,5534.064,997,1000,7,1.8,0
16:19:52,5534.257,997,1000,7,1.8,0
16:19:52,5534.464,996,1000,7,1.8,0
16:19:52,5534.656,996,1000,7,1.8,0
16:19:52,5534.865,996,1000,7,1.8,0
16:19:52,5535.058,996,1000,7,1.8,0
16:19:53,5535.265,995,1000,7,1.8,0
16:19:53,5535.456,995,1000,7,1.8,0
16:19:53,5535.662,995,1000,7,1.8,0
16:19:53,5535.854,995,1000,7,1.8,0
16:19:53,5536.056,995,1000,7,1.8,0
16:19:54,5536.263,994,1000,7,1.8,0
16:19:54,5536.455,999,1000,7,1.8,0
16:19:54,5536.663,1003,1000,7,1.8,0
16:19:54,5536.856,1007,1000,7,1.7,0
16:19:54,5537.053,1005,1000,7,1.7,0
16:19:55,5537.258,1003,1000,7,1.8,0
16:19:55,5537.451,1002,1000,7,1.8,0
16:19:55,5537.659,1002,1000,7,1.8,0
16:19:55,5537.85,1001,1000,7,1.8,0
16:19:55,5538.057,999,1000,7,1.8,0
16:19:56,5538.248,998,1000,7,1.8,0
16:19:56,5538.455,998,1000,7,1.8,0
16:19:56,5538.647,997,1000,7,1.8,0
16:19:56,5538.848,997,1000,7,1.8,0
16:19:56,5539.041,997,1000,7,1.8,0
16:19:57,5539.249,997,1000,7,1.8,0
16:19:57,5539.441,997,1000,7,1.8,0
16:19:57,5539.65,997,1000,7,1.8,0
16:19:57,5539.842,997,1000,7,1.8,0
16:19:57,5540.051,997,1000,7,1.8,0
16:19:58,5540.242,997,1000,7,1.8,0
16:19:58,5540.451,998,1000,7,1.8,0
16:19:58,5540.643,998,1000,7,1.8,0
16:19:58,5540.852,998,1000,7,1.8,0
16:19:58,5541.045,998,1000,7,1.8,0
16:19:59,5541.236,999,1000,7,1.8,0
16:19:59,5541.445,998,1000,7,1.8,0
16:19:59,5541.637,998,1000,7,1.8,0
16:19:59,5541.845,999,1000,7,1.8,0
16:19:59,5542.037,998,1000,7,1.8,0
16:20:00,5542.245,998,1000,7,1.8,0
16:20:00,5542.437,998,1000,7,1.8,0
16:20:00,5542.631,998,1000,7,1.8,0
16:20:00,5542.838,998,1000,7,1.8,0
16:20:00,5543.046,998,1000,7,1.8,0
16:20:01,5543.235,998,1000,7,1.8,0
16:20:01,5543.441,998,1000,7,1.8,0
16:20:01,5543.633,998,1000,7,1.8,0
16:20:01,5543.841,997,1000,7,1.8,0
16:20:01,5544.034,997,1000,7,1.8,0
16:20:02,5544.242,997,1000,7,1.8,0
16:20:02,5544.435,997,1000,7,1.8,0
16:20:02,5544.628,997,1000,7,1.8,0
16:20:02,5544.837,997,1000,7,1.8,0
16:20:02,5545.029,997,1000,7,1.8,0
16:20:03,5545.237,997,1000,7,1.8,0
16:20:03,5545.428,997,1000,7,1.8,0
16:20:03,5545.637,997,1000,7,1.8,0
16:20:03,5545.831,998,1000,7,1.8,0
16:20:03,5546.022,998,1000,7,1.8,0
16:20:04,5546.23,998,1000,7,1.8,0
16:20:04,5546.423,997,1000,7,1.8,0
16:20:04,5546.631,997,1000,7,1.8,0
16:20:04,5546.824,997,1000,7,1.8,0
16:20:04,5547.032,997,1000,7,1.8,0
16:20:05,5547.223,997,1000,7,1.8,0
16:20:05,5547.432,998,1000,7,1.8,0
16:20:05,5547.624,998,1000,7,1.8,0
16:20:05,5547.817,998,1000,7,1.8,0
16:20:05,5548.027,998,1000,7,1.8,0
16:20:06,5548.218,998,1000,7,1.8,0
16:20:06,5548.427,998,1000,7,1.8,0
16:20:06,5548.619,999,1000,7,1.8,0
16:20:06,5548.828,999,1000,7,1.8,0
16:20:06,5549.02,999,1000,7,1.8,0
16:20:07,5549.228,998,1000,7,1.8,0
16:20:07,5549.42,998,1000,7,1.8,0
16:20:07,5549.613,998,1000,7,1.8,0
16:20:07,5549.823,997,1000,7,1.8,0
16:20:07,5550.016,997,1000,7,1.8,0
16:20:08,5550.224,997,1000,7,1.8,0
16:20:08,5550.415,997,1000,7,1.8,0
16:20:08,5550.624,996,1000,7,1.8,0
16:20:08,5550.818,997,1000,7,1.8,0
16:20:08,5551.009,997,1000,7,1.8,0
16:20:09,5551.217,997,1000,7,1.8,0
16:20:09,5551.41,997,1000,7,1.8,0
16:20:09,5551.619,996,1000,7,1.8,0
16:20:09,5551.812,996,1000,7,1.8,0
16:20:09,5552.005,996,1000,7,1.8,0
16:20:10,5552.214,996,1000,7,1.8,0
16:20:10,5552.407,996,1000,7,1.8,0
16:20:10,5552.616,995,1000,7,1.8,0
16:20:10,5552.808,995,1000,7,1.8,0
16:20:10,5553.002,995,1000,7,1.8,0
16:20:11,5553.21,995,1000,7,1.8,0
16:20:11,5553.402,995,1000,7,1.8,0
16:20:11,5553.611,995,1000,7,1.8,0
16:20:11,5553.805,995,1000,7,1.8,0
16:20:11,5554.015,995,1000,7,1.8,0
16:20:12,5554.207,994,1000,7,1.8,0
16:20:12,5554.4,999,1000,7,1.8,0
16:20:12,5554.608,1001,1000,7,1.8,0
16:20:12,5554.802,1000,1000,7,1.8,0
16:20:12,5555.01,999,1000,7,1.8,0
16:20:13,5555.203,999,1000,7,1.8,0
16:20:13,5555.4,998,1000,7,1.8,0
16:20:13,5555.604,998,1000,7,1.8,0
16:20:13,5555.801,997,1000,7,1.8,0
16:20:13,5556.005,997,1000,7,1.8,0
16:20:14,5556.198,997,1000,7,1.8,0
16:20:14,5556.406,997,1000,7,1.8,0
16:20:14,5556.599,997,1000,7,1.8,0
16:20:14,5556.792,997,1000,7,1.8,0
16:20:14,5557.001,997,1000,7,1.8,0
16:20:15,5557.193,996,1000,7,1.8,0
16:20:15,5557.401,996,1000,7,1.8,0
16:20:15,5557.595,996,1000,7,1.8,0
16:20:15,5557.802,996,1000,7,1.8,0
16:20:15,5557.994,996,1000,7,1.8,0
16:20:16,5558.187,996,1000,7,1.8,0
16:20:16,5558.395,996,1000,7,1.8,0
16:20:16,5558.588,996,1000,7,1.8,0
16:20:16,5558.797,996,1000,7,1.8,0
16:20:16,5558.989,997,1000,7,1.8,0
16:20:17,5559.198,997,1000,7,1.8,0
16:20:17,5559.39,997,1000,7,1.8,0
16:20:17,5559.598,997,1000,7,1.8,0
16:20:17,5559.789,997,1000,7,1.8,0
16:20:17,5559.982,997,1000,7,1.8,0
16:20:18,5560.188,997,1000,7,1.8,0
16:20:18,5560.381,997,1000,7,1.8,0
16:20:18,5560.589,997,1000,7,1.8,0
16:20:18,5560.782,997,1000,7,1.8,0
16:20:18,5560.989,997,1000,7,1.8,0
16:20:19,5561.18,997,1000,7,1.8,0
16:20:19,5561.388,997,1000,7,1.8,0
16:20:19,5561.58,998,1000,7,1.8,0
16:20:19,5561.789,998,1000,7,1.8,0
16:20:19,5561.979,998,1000,7,1.8,0
16:20:20,5562.187,998,1000,7,1.8,0
16:20:20,5562.379,998,1000,7,1.8,0
16:20:20,5562.588,998,1000,7,1.8,0
16:20:20,5562.78,998,1000,7,1.8,0
16:20:20,5562.988,998,1000,7,1.8,0
16:20:21,5563.181,998,1000,7,1.8,0
16:20:21,5563.373,999,1000,7,1.8,0
16:20:21,5563.58,999,1000,7,1.8,0
16:20:21,5563.772,1000,1000,7,1.8,0
16:20:21,5563.982,1000,1000,7,1.8,0
16:20:22,5564.174,1001,1000,7,1.8,0
16:20:22,5564.382,1001,1000,7,1.8,0
16:20:22,5564.574,1001,1000,7,1.8,0
16:20:22,5564.783,1001,1000,7,1.8,0
16:20:22,5564.978,1000,1000,7,1.8,0
16:20:23,5565.171,1000,1000,7,1.8,0
16:20:23,5565.38,1001,1000,7,1.8,0
16:20:23,5565.572,1001,1000,7,1.8,0
16:20:23,5565.78,1001,1000,7,1.8,0
16:20:23,5565.972,1001,1000,7,1.8,0
16:20:24,5566.181,1002,1000,7,1.8,0
16:20:24,5566.372,1001,1000,7,1.8,0
16:20:24,5566.565,1002,1000,7,1.8,0
16:20:24,5566.774,1002,1000,7,1.8,0
16:20:24,5566.966,1003,1000,7,1.8,0
16:20:25,5567.174,1004,1000,7,1.8,0
16:20:25,5567.367,1004,1000,7,1.8,0
16:20:25,5567.574,1004,1000,7,1.8,0
16:20:25,5567.766,1004,1000,7,1.8,0
16:20:25,5567.973,1003,1000,7,1.8,0
16:20:26,5568.166,1003,1000,7,1.8,0
16:20:26,5568.359,1003,1000,7,1.8,0
16:20:26,5568.566,1003,1000,7,1.8,0
16:20:26,5568.758,1003,1000,7,1.8,0
16:20:26,5568.97,1003,1000,7,1.8,0
16:20:27,5569.16,1004,1000,7,1.8,0
16:20:27,5569.369,1004,1000,7,1.8,0
16:20:27,5569.561,1004,1000,7,1.8,0
16:20:27,5569.754,1004,1000,7,1.8,0
16:20:27,5569.963,1005,1000,7,1.7,0
16:20:27,5570.155,1006,1000,7,1.7,0
16:20:28,5570.363,1006,1000,7,1.7,0
16:20:28,5570.555,1006,1000,7,1.7,0
16:20:28,5570.763,1006,1000,7,1.6,0
16:20:28,5570.956,1007,1000,7,1.6,0
16:20:29,5571.166,1003,1000,7,1.7,0
16:20:29,5571.354,1003,1000,7,1.7,0
16:20:29,5571.562,1004,1000,7,1.7,0
16:20:29,5571.755,1004,1000,7,1.7,0
16:20:29,5571.963,1005,1000,7,1.6,0
16:20:29,5572.155,1006,1000,7,1.6,0
16:20:30,5572.347,1002,1000,7,1.7,0
16:20:30,5572.556,1003,1000,7,1.7,0
16:20:30,5572.748,1004,1000,7,1.7,0
16:20:30,5572.953,1005,1000,7,1.6,0
16:20:30,5573.143,1004,1000,7,1.7,0
16:20:31,5573.35,1002,1000,7,1.7,0
16:20:31,5573.556,1002,1000,7,1.7,0
16:20:31,5573.747,1002,1000,7,1.7,0
16:20:31,5573.954,1003,1000,7,1.7,0
16:20:31,5574.147,1003,1000,7,1.7,0
16:20:32,5574.345,1003,1000,7,1.7,0
16:20:32,5574.548,1004,1000,7,1.7,0
16:20:32,5574.746,1003,1000,7,1.7,0
16:20:32,5574.95,1003,1000,7,1.7,0
16:20:32,5575.143,1003,1000,7,1.7,0
16:20:33,5575.353,1003,1000,7,1.7,0
16:20:33,5575.544,1003,1000,7,1.7,0
16:20:33,5575.736,1003,1000,7,1.7,0
16:20:33,5575.946,1003,1000,7,1.7,0
16:20:33,5576.138,1003,1000,7,1.7,0
16:20:34,5576.346,1003,1000,7,1.7,0
16:20:34,5576.538,1003,1000,7,1.7,0
16:20:34,5576.747,1003,1000,7,1.7,0
16:20:34,5576.939,1002,1000,7,1.7,0
16:20:34,5577.146,1002,1000,7,1.7,0
16:20:35,5577.339,1002,1000,7,1.7,0
16:20:35,5577.531,1002,1000,7,1.7,0
16:20:35,5577.741,1002,1000,7,1.7,0
16:20:35,5577.934,1002,1000,7,1.7,0
16:20:35,5578.144,1002,1000,7,1.7,0
16:20:36,5578.336,1002,1000,7,1.7,0
16:20:36,5578.528,1001,1000,7,1.7,0
16:20:36,5578.738,1001,1000,7,1.7,0
16:20:36,5578.931,1001,1000,7,1.7,0
16:20:36,5579.14,1002,1000,7,1.7,0
16:20:37,5579.332,1001,1000,7,1.7,0
16:20:37,5579.525,1002,1000,7,1.7,0
16:20:37,5579.733,1002,1000,7,1.7,0
16:20:37,5579.926,1002,1000,7,1.7,0
16:20:37,5580.136,1002,1000,7,1.7,0
16:20:38,5580.328,1002,1000,7,1.7,0
16:20:38,5580.536,1001,1000,7,1.7,0
16:20:38,5580.728,1001,1000,7,1.7,0
16:20:38,5580.922,1001,1000,7,1.7,0
16:20:38,5581.131,1001,1000,7,1.7,0
16:20:39,5581.323,1000,1000,7,1.7,0
16:20:39,5581.532,1000,1000,7,1.7,0
16:20:39,5581.723,1000,1000,7,1.7,0
16:20:39,5581.933,1000,1000,7,1.7,0
16:20:39,5582.126,999,1000,7,1.7,0
16:20:40,5582.318,999,1000,7,1.7,0
16:20:40,5582.527,1000,1000,7,1.7,0
16:20:40,5582.72,999,1000,7,1.7,0
16:20:40,5582.93,999,1000,7,1.7,0
16:20:40,5583.122,999,1000,7,1.7,0
16:20:41,5583.33,999,1000,7,1.7,0
16:20:41,5583.523,998,1000,7,1.7,0
16:20:41,5583.715,999,1000,7,1.7,0
16:20:41,5583.925,998,1000,7,1.7,0
16:20:41,5584.117,998,1000,7,1.7,0
16:20:42,5584.326,998,1000,7,1.7,0
16:20:42,5584.518,998,1000,7,1.7,0
16:20:42,5584.727,997,1000,7,1.7,0
16:20:42,5584.921,997,1000,7,1.7,0
16:20:42,5585.113,997,1000,7,1.7,0
16:20:43,5585.321,997,1000,7,1.7,0
16:20:43,5585.513,997,1000,7,1.7,0
16:20:43,5585.721,997,1000,7,1.7,0
16:20:43,5585.912,996,1000,7,1.7,0
16:20:43,5586.12,996,1000,7,1.7,0
16:20:44,5586.31,996,1000,7,1.7,0
16:20:44,5586.518,996,1000,7,1.7,0
16:20:44,5586.711,996,1000,7,1.7,0
16:20:44,5586.92,996,1000,7,1.7,0
16:20:44,5587.113,996,1000,7,1.7,0
16:20:45,5587.305,996,1000,7,1.7,0
16:20:45,5587.514,996,1000,7,1.7,0
16:20:45,5587.707,996,1000,7,1.7,0
16:20:45,5587.916,996,1000,7,1.7,0
16:20:45,5588.108,996,1000,7,1.7,0
16:20:46,5588.3,997,1000,7,1.7,0
16:20:46,5588.509,997,1000,7,1.7,0
16:20:46,5588.702,997,1000,7,1.7,0
16:20:46,5588.911,996,1000,7,1.7,0
16:20:46,5589.103,996,1000,7,1.7,0
16:20:47,5589.312,996,1000,7,1.7,0
16:20:47,5589.503,997,1000,7,1.7,0
16:20:47,5589.711,997,1000,7,1.7,0
16:20:47,5589.905,996,1000,7,1.7,0
16:20:47,5590.098,997,1000,7,1.7,0
16:20:48,5590.306,997,1000,7,1.7,0
16:20:48,5590.499,997,1000,7,1.7,0
16:20:48,5590.708,997,1000,7,1.7,0
16:20:48,5590.9,997,1000,7,1.7,0
16:20:48,5591.108,996,1000,7,1.7,0
16:20:49,5591.3,997,1000,7,1.7,0
16:20:49,5591.493,996,1000,7,1.7,0
16:20:49,5591.701,996,1000,7,1.7,0
16:20:49,5591.893,996,1000,7,1.7,0
16:20:49,5592.102,995,1000,7,1.7,0
16:20:50,5592.293,995,1000,7,1.7,0
16:20:50,5592.503,995,1000,7,1.7,0
16:20:50,5592.696,995,1000,7,1.7,0
16:20:50,5592.889,995,1000,7,1.7,0
16:20:50,5593.096,995,1000,7,1.7,0
16:20:51,5593.29,996,1000,7,1.7,0
16:20:51,5593.499,996,1000,7,1.7,0
16:20:51,5593.692,997,1000,7,1.7,0
16:20:51,5593.891,997,1000,7,1.7,0
16:20:51,5594.093,997,1000,7,1.7,0
16:20:52,5594.286,997,1000,7,1.7,0
16:20:52,5594.495,998,1000,7,1.7,0
16:20:52,5594.688,999,1000,7,1.7,0
16:20:52,5594.897,999,1000,7,1.7,0
16:20:52,5595.089,999,1000,7,1.7,0
16:20:53,5595.282,1000,1000,7,1.7,0
16:20:53,5595.491,1000,1000,7,1.7,0
16:20:53,5595.684,1000,1000,7,1.7,0
16:20:53,5595.891,1000,1000,7,1.7,0
16:20:53,5596.085,1000,1000,7,1.7,0
16:20:54,5596.292,1000,1000,7,1.7,0
16:20:54,5596.485,1000,1000,7,1.7,0
16:20:54,5596.678,1000,1000,7,1.7,0
16:20:54,5596.887,1000,1000,7,1.7,0
16:20:54,5597.08,1000,1000,7,1.7,0
16:20:55,5597.289,1000,1000,7,1.7,0
16:20:55,5597.48,999,1000,7,1.7,0
16:20:55,5597.69,998,1000,7,1.7,0
16:20:55,5597.883,997,1000,7,1.7,0
16:20:55,5598.075,997,1000,7,1.7,0
16:20:56,5598.283,996,1000,7,1.7,0
16:20:56,5598.475,996,1000,7,1.7,0
16:20:56,5598.684,996,1000,7,1.7,0
16:20:56,5598.876,996,1000,7,1.7,0
16:20:56,5599.085,995,1000,7,1.7,0
16:20:57,5599.275,995,1000,7,1.7,0
16:20:57,5599.483,996,1000,7,1.7,0
16:20:57,5599.675,996,1000,7,1.7,0
16:20:57,5599.868,996,1000,7,1.7,0
16:20:57,5600.077,996,1000,7,1.7,0
16:20:58,5600.271,997,1000,7,1.7,0
16:20:58,5600.477,997,1000,7,1.7,0
16:20:58,5600.669,998,1000,7,1.7,0
16:20:58,5600.877,998,1000,7,1.7,0
16:20:58,5601.07,999,1000,7,1.7,0
16:20:59,5601.277,999,1000,7,1.7,0
16:20:59,5601.47,999,1000,7,1.7,0
16:20:59,5601.678,999,1000,7,1.7,0
16:20:59,5601.871,999,1000,7,1.7,0
16:20:59,5602.064,999,1000,7,1.7,0
16:21:00,5602.273,999,1000,7,1.7,0
16:21:00,5602.466,999,1000,7,1.7,0
16:21:00,5602.675,999,1000,7,1.7,0
16:21:00,5602.866,1000,1000,7,1.7,0
16:21:00,5603.072,1000,1000,7,1.7,0
16:21:01,5603.263,1000,1000,7,1.7,0
16:21:01,5603.468,1000,1000,7,1.7,0
16:21:01,5603.659,1000,1000,7,1.7,0
16:21:01,5603.867,1001,1000,7,1.7,0
16:21:01,5604.06,1001,1000,7,1.7,0
16:21:02,5604.266,1001,1000,7,1.7,0
16:21:02,5604.458,1001,1000,7,1.7,0
16:21:02,5604.668,1001,1000,7,1.7,0
16:21:02,5604.86,1001,1000,7,1.7,0
16:21:02,5605.053,1002,1000,7,1.7,0
16:21:03,5605.262,1003,1000,7,1.7,0
16:21:03,5605.455,1003,1000,7,1.7,0
16:21:03,5605.663,1002,1000,7,1.7,0
16:21:03,5605.855,1002,1000,7,1.7,0
16:21:03,5606.064,1002,1000,7,1.7,0
16:21:04,5606.256,1003,1000,7,1.7,0
16:21:04,5606.464,1002,1000,7,1.7,0
16:21:04,5606.659,1002,1000,7,1.7,0
16:21:04,5606.848,1003,1000,7,1.7,0
16:21:04,5607.057,1003,1000,7,1.7,0
16:21:05,5607.251,1004,1000,7,1.7,0
16:21:05,5607.46,1004,1000,7,1.7,0
16:21:05,5607.653,1004,1000,7,1.7,0
16:21:05,5607.846,1004,1000,7,1.7,0
16:21:05,5608.055,1004,1000,7,1.7,0
16:21:06,5608.25,1004,1000,7,1.7,0
16:21:06,5608.457,1004,1000,7,1.7,0
16:21:06,5608.649,1005,1000,7,1.6,0
16:21:06,5608.842,1002,1000,7,1.7,0
16:21:06,5609.052,1002,1000,7,1.7,0
16:21:07,5609.243,1002,1000,7,1.7,0
16:21:07,5609.453,1002,1000,7,1.7,0
16:21:07,5609.645,1002,1000,7,1.7,0
16:21:07,5609.854,1003,1000,7,1.7,0
16:21:07,5610.046,1003,1000,7,1.7,0
16:21:08,5610.244,1003,1000,7,1.7,0
16:21:08,5610.447,1003,1000,7,1.7,0
16:21:08,5610.64,1003,1000,7,1.7,0
16:21:08,5610.849,1004,1000,7,1.7,0
16:21:08,5611.042,1004,1000,7,1.7,0
16:21:09,5611.25,1004,1000,7,1.7,0
16:21:09,5611.442,1004,1000,7,1.7,0
16:21:09,5611.635,1005,1000,7,1.6,0
16:21:09,5611.843,1001,1000,7,1.7,0
16:21:09,5612.037,999,1000,7,1.7,0
16:21:10,5612.243,1000,1000,7,1.7,0
16:21:10,5612.438,1001,1000,7,1.7,0
16:21:10,5612.644,1002,1000,7,1.7,0
16:21:10,5612.836,1002,1000,7,1.7,0
16:21:10,5613.044,1004,1000,7,1.7,0
16:21:11,5613.24,1005,1000,6,1.6,0
16:21:11,5613.431,1002,1000,6,1.7,0
16:21:11,5613.641,1002,1000,6,1.7,0
16:21:11,5613.833,1003,1000,6,1.7,0
16:21:11,5614.042,1004,1000,6,1.7,0
16:21:12,5614.235,1005,1000,6,1.6,0
16:21:12,5614.428,1002,1000,6,1.7,0
16:21:12,5614.637,1003,1000,6,1.7,0
16:21:12,5614.831,1003,1000,6,1.7,0
16:21:12,5615.024,1004,1000,6,1.7,0
16:21:13,5615.232,1005,1000,6,1.6,0
16:21:13,5615.425,1003,1000,6,1.7,0
16:21:13,5615.634,1003,1000,6,1.7,0
16:21:13,5615.826,1004,1000,6,1.7,0
16:21:13,5616.034,1004,1000,6,1.7,0
16:21:14,5616.225,1005,1000,6,1.6,0
16:21:14,5616.432,1001,1000,6,1.7,0
16:21:14,5616.625,1000,1000,6,1.7,0
16:21:14,5616.818,1001,1000,6,1.7,0
16:21:14,5617.026,1002,1000,6,1.7,0
16:21:15,5617.223,1003,1000,6,1.7,0
16:21:15,5617.425,1004,1000,6,1.7,0
16:21:15,5617.617,1005,1000,6,1.6,0
16:21:15,5617.828,1002,1000,6,1.7,0
16:21:15,5618.019,1003,1000,6,1.7,0
16:21:16,5618.227,1004,1000,6,1.7,0
16:21:16,5618.419,1005,1000,6,1.6,0
16:21:16,5618.627,1001,1000,6,1.6,0
16:21:16,5618.819,1001,1000,6,1.6,0
16:21:16,5619.012,1002,1000,6,1.6,0
16:21:17,5619.22,1004,1000,6,1.6,0
16:21:17,5619.413,1006,1000,6,1.6,0
16:21:17,5619.62,1003,1000,6,1.6,0
16:21:17,5619.813,1000,1000,6,1.6,0
16:21:17,5620.021,997,1000,6,1.6,0
16:21:18,5620.213,995,1000,6,1.6,0
16:21:18,5620.421,993,1000,6,1.7,0
16:21:18,5620.614,994,1000,6,1.7,0
16:21:18,5620.807,998,1000,6,1.7,0
16:21:18,5621.014,1001,1000,6,1.7,0
16:21:19,5621.221,1003,1000,6,1.7,0
16:21:19,5621.41,1005,1000,6,1.6,0
16:21:19,5621.618,1005,1000,6,1.6,0
16:21:19,5621.81,1001,1000,6,1.6,0
16:21:19,5622.018,1004,1000,6,1.6,0
16:21:20,5622.209,1006,1000,6,1.6,0
16:21:20,5622.416,1004,1000,6,1.6,0
16:21:20,5622.607,1000,1000,6,1.6,0
16:21:20,5622.813,997,1000,6,1.6,0
16:21:20,5623.004,995,1000,6,1.6,0
16:21:21,5623.212,993,1000,6,1.7,0
16:21:21,5623.406,994,1000,6,1.7,0
16:21:21,5623.603,997,1000,6,1.6,0
16:21:21,5623.799,1001,1000,6,1.6,0
16:21:21,5624.008,1004,1000,6,1.6,0
16:21:22,5624.2,1006,1000,6,1.6,0
16:21:22,5624.408,1003,1000,6,1.6,0
16:21:22,5624.599,1000,1000,6,1.6,0
16:21:22,5624.807,997,1000,6,1.6,0
16:21:22,5625,995,1000,6,1.6,0
16:21:23,5625.202,993,1000,6,1.7,0
16:21:23,5625.395,997,1000,6,1.6,0
16:21:23,5625.604,1000,1000,6,1.6,0
16:21:23,5625.796,1003,1000,6,1.6,0
16:21:23,5626.004,1005,1000,6,1.6,0
16:21:24,5626.197,1004,1000,6,1.6,0
16:21:24,5626.405,1004,1000,6,1.6,0
16:21:24,5626.598,1005,1000,6,1.6,0
16:21:24,5626.79,1005,1000,6,1.6,0
16:21:24,5626.999,1001,1000,6,1.6,0
16:21:25,5627.192,998,1000,6,1.6,0
16:21:25,5627.401,996,1000,6,1.6,0
16:21:25,5627.592,994,1000,6,1.7,0
16:21:25,5627.801,998,1000,6,1.6,0
16:21:25,5627.994,998,1000,6,1.6,0
16:21:26,5628.191,996,1000,6,1.6,0
16:21:26,5628.395,994,1000,6,1.7,0
16:21:26,5628.587,995,1000,6,1.6,0
16:21:26,5628.795,998,1000,6,1.6,0
16:21:26,5628.988,1000,1000,6,1.6,0
16:21:27,5629.197,1003,1000,6,1.6,0
16:21:27,5629.389,1004,1000,6,1.6,0
16:21:27,5629.582,1006,1000,6,1.6,0
16:21:27,5629.79,1003,1000,6,1.6,0
16:21:27,5629.983,1001,1000,6,1.6,0
16:21:28,5630.191,998,1000,6,1.6,0
16:21:28,5630.384,996,1000,6,1.6,0
16:21:28,5630.593,994,1000,6,1.7,0
16:21:28,5630.785,995,1000,6,1.6,0
16:21:28,5630.994,995,1000,6,1.6,0
16:21:29,5631.186,994,1000,6,1.7,0
16:21:29,5631.383,995,1000,6,1.6,0
16:21:29,5631.588,998,1000,6,1.6,0
16:21:29,5631.784,1001,1000,6,1.6,0
16:21:29,5631.989,1004,1000,6,1.6,0
16:21:30,5632.183,1006,1000,6,1.6,0
16:21:30,5632.374,1003,1000,6,1.6,0
16:21:30,5632.583,1001,1000,6,1.6,0
16:21:30,5632.775,998,1000,6,1.6,0
16:21:30,5632.982,996,1000,6,1.6,0
16:21:31,5633.173,995,1000,6,1.6,0
16:21:31,5633.382,993,1000,6,1.7,0
16:21:31,5633.586,994,1000,6,1.7,0
16:21:31,5633.777,997,1000,6,1.7,0
16:21:31,5633.97,1000,1000,6,1.7,0
16:21:32,5634.18,1002,1000,6,1.7,0
16:21:32,5634.371,1004,1000,6,1.7,0
16:21:32,5634.58,1006,1000,6,1.6,0
16:21:32,5634.772,1005,1000,6,1.6,0
16:21:32,5634.98,1002,1000,6,1.6,0
16:21:33,5635.173,1000,1000,6,1.6,0
16:21:33,5635.382,998,1000,6,1.6,0
16:21:33,5635.574,996,1000,6,1.6,0
16:21:33,5635.766,995,1000,6,1.6,0
16:21:33,5635.975,993,1000,6,1.7,0
16:21:34,5636.168,996,1000,6,1.6,0
16:21:34,5636.377,999,1000,6,1.6,0
16:21:34,5636.569,1002,1000,6,1.6,0
16:21:34,5636.778,1004,1000,6,1.6,0
16:21:34,5636.972,1005,1000,6,1.6,0
16:21:35,5637.164,1004,1000,6,1.6,0
16:21:35,5637.373,1001,1000,6,1.6,0
16:21:35,5637.566,999,1000,6,1.6,0
16:21:35,5637.774,997,1000,6,1.6,0
16:21:35,5637.967,996,1000,6,1.6,0
16:21:36,5638.161,994,1000,6,1.7,0
16:21:36,5638.369,997,1000,6,1.6,0
16:21:36,5638.563,1000,1000,6,1.6,0
16:21:36,5638.772,1002,1000,6,1.6,0
16:21:36,5638.965,1004,1000,6,1.6,0
16:21:37,5639.16,1005,1000,6,1.6,0
16:21:37,5639.366,1004,1000,6,1.6,0
16:21:37,5639.559,1002,1000,6,1.6,0
16:21:37,5639.769,999,1000,6,1.6,0
16:21:37,5639.959,998,1000,6,1.6,0
16:21:38,5640.167,996,1000,6,1.6,0
16:21:38,5640.359,995,1000,6,1.6,0
16:21:38,5640.568,994,1000,6,1.7,0
16:21:38,5640.761,997,1000,6,1.6,0
16:21:38,5640.953,1001,1000,6,1.6,0
16:21:39,5641.162,1004,1000,6,1.6,0
16:21:39,5641.354,1006,1000,6,1.6,0
16:21:39,5641.562,1006,1000,6,1.5,0
16:21:39,5641.755,1004,1000,6,1.6,0
16:21:39,5641.964,1002,1000,6,1.6,0
16:21:39,5642.157,1000,1000,6,1.6,0
16:21:40,5642.35,999,1000,6,1.6,0
16:21:40,5642.557,997,1000,6,1.6,0
16:21:40,5642.75,996,1000,6,1.6,0
16:21:40,5642.958,996,1000,6,1.6,0
16:21:40,5643.151,995,1000,6,1.6,0
16:21:41,5643.358,995,1000,6,1.6,0
16:21:41,5643.552,994,1000,6,1.7,0
16:21:41,5643.744,999,1000,6,1.6,0
16:21:41,5643.952,1001,1000,6,1.6,0
16:21:41,5644.151,1000,1000,6,1.6,0
16:21:42,5644.354,999,1000,6,1.6,0
16:21:42,5644.546,998,1000,6,1.6,0
16:21:42,5644.754,998,1000,6,1.6,0
16:21:42,5644.948,997,1000,6,1.6,0
16:21:42,5645.14,997,1000,6,1.6,0
16:21:43,5645.347,997,1000,6,1.6,0
16:21:43,5645.542,996,1000,6,1.6,0
16:21:43,5645.748,996,1000,6,1.6,0
16:21:43,5645.942,996,1000,6,1.6,0
16:21:43,5646.151,996,1000,6,1.6,0
16:21:44,5646.342,996,1000,6,1.6,0
16:21:44,5646.55,996,1000,6,1.6,0
16:21:44,5646.743,996,1000,6,1.6,0
16:21:44,5646.935,997,1000,6,1.6,0
16:21:44,5647.144,997,1000,6,1.6,0
16:21:45,5647.337,997,1000,6,1.6,0
16:21:45,5647.545,997,1000,6,1.6,0
16:21:45,5647.737,997,1000,6,1.6,0
16:21:45,5647.945,997,1000,6,1.6,0
16:21:45,5648.137,997,1000,6,1.6,0
16:21:46,5648.345,998,1000,6,1.6,0
16:21:46,5648.538,998,1000,6,1.6,0
16:21:46,5648.731,998,1000,6,1.6,0
16:21:46,5648.939,998,1000,6,1.6,0
16:21:46,5649.133,998,1000,6,1.6,0
16:21:47,5649.339,998,1000,6,1.6,0
16:21:47,5649.532,998,1000,6,1.6,0
16:21:47,5649.74,999,1000,6,1.6,0
16:21:47,5649.932,999,1000,6,1.6,0
16:21:47,5650.14,999,1000,6,1.6,0
16:21:48,5650.332,999,1000,6,1.6,0
16:21:48,5650.527,999,1000,6,1.6,0
16:21:48,5650.734,1000,1000,6,1.6,0
16:21:48,5650.928,1000,1000,6,1.6,0
16:21:48,5651.136,1000,1000,6,1.6,0
16:21:49,5651.328,1000,1000,6,1.6,0
16:21:49,5651.537,1000,1000,6,1.6,0
16:21:49,5651.729,1001,1000,6,1.6,0
16:21:49,5651.921,1001,1000,6,1.6,0
16:21:49,5652.13,1001,1000,6,1.6,0
16:21:50,5652.322,1001,1000,6,1.6,0
16:21:50,5652.531,1002,1000,6,1.6,0
16:21:50,5652.722,1002,1000,6,1.6,0
16:21:50,5652.932,1002,1000,6,1.6,0
16:21:50,5653.126,1002,1000,6,1.6,0
16:21:51,5653.318,1002,1000,6,1.6,0
16:21:51,5653.527,1002,1000,6,1.6,0
16:21:51,5653.721,1002,1000,6,1.6,0
16:21:51,5653.929,1003,1000,6,1.6,0
16:21:51,5654.12,1003,1000,6,1.6,0
16:21:52,5654.318,1003,1000,6,1.6,0
16:21:52,5654.519,1003,1000,6,1.6,0
16:21:52,5654.727,1003,1000,6,1.6,0
16:21:52,5654.918,1003,1000,6,1.6,0
16:21:52,5655.128,1004,1000,6,1.6,0
16:21:53,5655.316,1004,1000,6,1.6,0
16:21:53,5655.524,1004,1000,6,1.6,0
16:21:53,5655.716,1004,1000,6,1.6,0
16:21:53,5655.923,1004,1000,6,1.6,0
16:21:53,5656.114,1004,1000,6,1.6,0
16:21:54,5656.317,1004,1000,6,1.6,0
16:21:54,5656.518,1004,1000,6,1.6,0
16:21:54,5656.71,1005,1000,6,1.6,0
16:21:54,5656.919,1005,1000,6,1.6,0
16:21:54,5657.111,1005,1000,6,1.6,0
16:21:55,5657.318,1005,1000,6,1.5,0
16:21:55,5657.508,1005,1000,6,1.5,0
16:21:55,5657.716,1005,1000,6,1.5,0
16:21:55,5657.908,1005,1000,6,1.5,0
16:21:55,5658.116,1005,1000,6,1.5,0
16:21:56,5658.309,1005,1000,6,1.5,0
16:21:56,5658.501,1004,1000,6,1.6,0
16:21:56,5658.708,1004,1000,6,1.6,0
16:21:56,5658.915,1004,1000,6,1.6,0
16:21:56,5659.108,1004,1000,6,1.6,0
16:21:57,5659.3,1004,1000,6,1.6,0
16:21:57,5659.509,1005,1000,6,1.5,0
16:21:57,5659.701,1003,1000,6,1.6,0
16:21:57,5659.91,1003,1000,6,1.6,0
16:21:57,5660.103,1003,1000,6,1.6,0
16:21:58,5660.31,1004,1000,6,1.6,0
16:21:58,5660.503,1004,1000,6,1.6,0
16:21:58,5660.71,1004,1000,6,1.6,0
16:21:58,5660.9,1004,1000,6,1.6,0
16:21:58,5661.107,1005,1000,6,1.5,0
16:21:59,5661.297,1004,1000,6,1.6,0
16:21:59,5661.503,1003,1000,6,1.6,0
16:21:59,5661.695,1004,1000,6,1.6,0
16:21:59,5661.903,1004,1000,6,1.6,0
16:21:59,5662.096,1004,1000,6,1.6,0
16:22:00,5662.303,1005,1000,6,1.5,0
16:22:00,5662.495,1003,1000,6,1.6,0
16:22:00,5662.704,1003,1000,6,1.6,0
16:22:00,5662.895,1003,1000,6,1.6,0
16:22:00,5663.103,1004,1000,6,1.6,0
16:22:01,5663.294,1004,1000,6,1.6,0
16:22:01,5663.501,1005,1000,6,1.5,0
16:22:01,5663.691,1003,1000,6,1.6,0
16:22:01,5663.885,1003,1000,6,1.6,0
16:22:01,5664.093,1004,1000,6,1.6,0
16:22:02,5664.285,1004,1000,6,1.6,0
16:22:02,5664.494,1005,1000,6,1.5,0
16:22:02,5664.687,1004,1000,6,1.5,0
16:22:02,5664.896,1004,1000,6,1.5,0
16:22:02,5665.088,1004,1000,6,1.5,0
16:22:03,5665.297,1005,1000,6,1.5,0
16:22:03,5665.49,1003,1000,6,1.5,0
16:22:03,5665.683,1003,1000,6,1.5,0
16:22:03,5665.892,1004,1000,6,1.5,0
16:22:03,5666.084,1004,1000,6,1.5,0
16:22:04,5666.292,1005,1000,6,1.5,0
16:22:04,5666.485,1003,1000,6,1.5,0
16:22:04,5666.678,1003,1000,6,1.5,0
16:22:04,5666.887,1004,1000,6,1.5,0
16:22:04,5667.081,1004,1000,6,1.5,0
16:22:05,5667.289,1005,1000,6,1.5,0
16:22:05,5667.481,1004,1000,6,1.5,0
16:22:05,5667.689,1004,1000,6,1.5,0
16:22:05,5667.883,1004,1000,6,1.5,0
16:22:05,5668.076,1005,1000,6,1.5,0
16:22:06,5668.285,1003,1000,6,1.5,0
16:22:06,5668.478,1004,1000,6,1.5,0
16:22:06,5668.685,1005,1000,6,1.5,0
16:22:06,5668.878,1003,1000,6,1.5,0
16:22:06,5669.07,1002,1000,6,1.5,0
16:22:07,5669.279,1003,1000,6,1.5,0
16:22:07,5669.472,1004,1000,6,1.5,0
16:22:07,5669.68,1005,1000,6,1.4,0
16:22:07,5669.873,1004,1000,6,1.5,0
16:22:07,5670.083,1002,1000,6,1.5,0
16:22:08,5670.275,1001,1000,6,1.5,0
16:22:08,5670.471,999,1000,6,1.5,0
16:22:08,5670.676,998,1000,6,1.5,0
16:22:08,5670.869,997,1000,6,1.5,0
16:22:08,5671.078,996,1000,6,1.5,0
16:22:09,5671.273,996,1000,6,1.5,0
16:22:09,5671.463,995,1000,6,1.5,0
16:22:09,5671.673,995,1000,6,1.5,0
16:22:09,5671.865,994,1000,6,1.6,0
16:22:09,5672.074,996,1000,6,1.5,0
16:22:10,5672.264,998,1000,6,1.5,0
16:22:10,5672.475,1000,1000,6,1.5,0
16:22:10,5672.666,1002,1000,6,1.5,0
16:22:10,5672.859,1003,1000,6,1.5,0
16:22:10,5673.068,1004,1000,6,1.5,0
16:22:11,5673.261,1005,1000,6,1.4,0
16:22:11,5673.471,1004,1000,6,1.5,0
16:22:11,5673.661,1002,1000,6,1.5,0
16:22:11,5673.87,1001,1000,6,1.5,0
16:22:11,5674.064,999,1000,6,1.5,0
16:22:12,5674.256,999,1000,6,1.5,0
16:22:12,5674.465,998,1000,6,1.5,0
16:22:12,5674.656,997,1000,6,1.5,0
16:22:12,5674.864,997,1000,6,1.5,0
16:22:12,5675.056,996,1000,6,1.5,0
16:22:13,5675.263,996,1000,6,1.5,0
16:22:13,5675.455,996,1000,6,1.5,0
16:22:13,5675.664,996,1000,6,1.5,0
16:22:13,5675.858,996,1000,6,1.5,0
16:22:13,5676.051,996,1000,6,1.5,0
16:22:14,5676.26,996,1000,6,1.5,0
16:22:14,5676.451,996,1000,6,1.5,0
16:22:14,5676.658,996,1000,6,1.5,0
16:22:14,5676.85,996,1000,6,1.5,0
16:22:14,5677.06,996,1000,6,1.5,0
16:22:15,5677.251,996,1000,6,1.5,0
16:22:15,5677.444,996,1000,6,1.5,0
16:22:15,5677.654,996,1000,6,1.5,0
16:22:15,5677.847,996,1000,6,1.5,0
16:22:15,5678.056,996,1000,6,1.5,0
16:22:16,5678.246,996,1000,6,1.5,0
16:22:16,5678.456,996,1000,6,1.5,0
16:22:16,5678.649,996,1000,6,1.5,0
16:22:16,5678.842,996,1000,6,1.5,0
16:22:16,5679.05,996,1000,6,1.5,0
16:22:17,5679.246,996,1000,6,1.5,0
16:22:17,5679.451,996,1000,6,1.5,0
16:22:17,5679.643,996,1000,6,1.5,0
16:22:17,5679.85,996,1000,6,1.5,0
16:22:17,5680.043,996,1000,6,1.5,0
16:22:18,5680.237,997,1000,6,1.5,0
16:22:18,5680.443,997,1000,6,1.5,0
16:22:18,5680.651,997,1000,6,1.5,0
16:22:18,5680.844,997,1000,6,1.5,0
16:22:18,5681.046,997,1000,6,1.5,0
16:22:19,5681.24,997,1000,6,1.5,0
16:22:19,5681.44,997,1000,6,1.5,0
16:22:19,5681.644,997,1000,6,1.5,0
16:22:19,5681.835,998,1000,6,1.5,0
16:22:19,5682.031,998,1000,6,1.5,0
16:22:20,5682.239,998,1000,6,1.5,0
16:22:20,5682.431,998,1000,6,1.5,0
16:22:20,5682.64,998,1000,6,1.5,0
16:22:20,5682.832,998,1000,6,1.5,0
16:22:20,5683.04,998,1000,6,1.5,0
16:22:21,5683.232,998,1000,6,1.5,0
16:22:21,5683.439,998,1000,6,1.5,0
16:22:21,5683.63,998,1000,6,1.5,0
16:22:21,5683.835,998,1000,6,1.5,0
16:22:21,5684.027,999,1000,6,1.5,0
16:22:22,5684.235,999,1000,6,1.5,0
16:22:22,5684.428,999,1000,6,1.5,0
16:22:22,5684.637,999,1000,6,1.5,0
16:22:22,5684.829,999,1000,6,1.5,0
16:22:22,5685.03,999,1000,6,1.5,0
16:22:23,5685.227,1000,1000,6,1.5,0
16:22:23,5685.432,1000,1000,6,1.5,0
16:22:23,5685.625,1000,1000,6,1.5,0
16:22:23,5685.833,1000,1000,6,1.5,0
16:22:23,5686.025,1000,1000,6,1.5,0
16:22:24,5686.233,1000,1000,6,1.5,0
16:22:24,5686.425,1000,1000,6,1.5,0
16:22:24,5686.632,1001,1000,6,1.5,0
16:22:24,5686.824,1001,1000,6,1.5,0
16:22:24,5687.017,1001,1000,6,1.5,0
16:22:25,5687.226,1001,1000,6,1.5,0
16:22:25,5687.419,1001,1000,6,1.5,0
16:22:25,5687.626,1001,1000,6,1.5,0
16:22:25,5687.818,1001,1000,6,1.5,0
16:22:25,5688.028,1001,1000,6,1.5,0
16:22:26,5688.219,1001,1000,6,1.5,0
16:22:26,5688.428,1002,1000,6,1.5,0
16:22:26,5688.62,1002,1000,6,1.5,0
16:22:26,5688.812,1002,1000,6,1.5,0
16:22:26,5689.021,1002,1000,6,1.5,0
16:22:27,5689.213,1002,1000,6,1.5,0
16:22:27,5689.422,1002,1000,6,1.5,0
16:22:27,5689.614,1002,1000,6,1.5,0
16:22:27,5689.823,1002,1000,6,1.5,0
16:22:27,5690.016,1002,1000,6,1.5,0
16:22:28,5690.213,1002,1000,6,1.5,0
16:22:28,5690.417,1002,1000,6,1.5,0
16:22:28,5690.608,1002,1000,6,1.5,0
16:22:28,5690.816,1002,1000,6,1.5,0
16:22:28,5691.019,1002,1000,6,1.5,0
16:22:29,5691.206,1002,1000,6,1.5,0
16:22:29,5691.416,1002,1000,6,1.5,0
16:22:29,5691.607,1002,1000,6,1.5,0
16:22:29,5691.814,1002,1000,6,1.5,0
16:22:29,5692.007,1002,1000,6,1.5,0
16:22:30,5692.215,1002,1000,6,1.5,0
16:22:30,5692.406,1002,1000,6,1.5,0
16:22:30,5692.616,1002,1000,6,1.5,0
16:22:30,5692.808,1003,1000,6,1.5,0
16:22:30,5693,1003,1000,6,1.5,0
16:22:31,5693.206,1002,1000,6,1.5,0
16:22:31,5693.413,1002,1000,6,1.5,0
16:22:31,5693.608,1002,1000,6,1.5,0
16:22:31,5693.813,1002,1000,6,1.5,0
16:22:31,5694.006,1002,1000,6,1.5,0
16:22:32,5694.198,1002,1000,6,1.5,0
16:22:32,5694.407,1002,1000,6,1.5,0
16:22:32,5694.6,1002,1000,6,1.5,0
16:22:32,5694.808,1002,1000,6,1.5,0
16:22:32,5695.002,1002,1000,6,1.5,0
16:22:33,5695.194,1002,1000,6,1.5,0
16:22:33,5695.402,1003,1000,6,1.5,0
16:22:33,5695.594,1003,1000,6,1.5,0
16:22:33,5695.802,1003,1000,6,1.5,0
16:22:33,5695.996,1003,1000,6,1.5,0
16:22:34,5696.204,1003,1000,6,1.5,0
16:22:34,5696.396,1003,1000,6,1.5,0
16:22:34,5696.603,1003,1000,6,1.5,0
16:22:34,5696.795,1003,1000,6,1.5,0
16:22:34,5697.003,1003,1000,6,1.5,0
16:22:35,5697.196,1003,1000,6,1.5,0
16:22:35,5697.387,1003,1000,6,1.5,0
16:22:35,5697.596,1003,1000,6,1.5,0
16:22:35,5697.788,1003,1000,6,1.5,0
16:22:35,5697.997,1003,1000,6,1.5,0
16:22:36,5698.189,1003,1000,6,1.5,0
16:22:36,5698.397,1003,1000,6,1.5,0
16:22:36,5698.59,1004,1000,6,1.5,0
16:22:36,5698.798,1004,1000,6,1.5,0
16:22:36,5698.992,1004,1000,6,1.5,0
16:22:37,5699.184,1004,1000,6,1.5,0
16:22:37,5699.393,1004,1000,6,1.5,0
16:22:37,5699.586,1004,1000,6,1.5,0
16:22:37,5699.795,1003,1000,6,1.5,0
16:22:37,5699.988,1003,1000,6,1.5,0
16:22:38,5700.184,1003,1000,6,1.5,0
16:22:38,5700.387,1003,1000,6,1.5,0
16:22:38,5700.58,1003,1000,6,1.5,0
16:22:38,5700.79,1003,1000,6,1.5,0
16:22:38,5700.982,1004,1000,6,1.5,0
16:22:39,5701.191,1003,1000,6,1.5,0
16:22:39,5701.383,1003,1000,6,1.5,0
16:22:39,5701.577,1003,1000,6,1.5,0
16:22:39,5701.785,1003,1000,6,1.5,0
16:22:39,5701.978,1003,1000,6,1.5,0
16:22:40,5702.187,1003,1000,6,1.5,0
16:22:40,5702.379,1003,1000,6,1.5,0
16:22:40,5702.587,1003,1000,6,1.5,0
16:22:40,5702.779,1003,1000,6,1.5,0
16:22:40,5702.971,1002,1000,6,1.5,0
16:22:41,5703.182,1002,1000,6,1.5,0
16:22:41,5703.374,1002,1000,6,1.5,0
16:22:41,5703.584,1002,1000,6,1.5,0
16:22:41,5703.778,1002,1000,6,1.5,0
16:22:41,5703.97,1002,1000,6,1.5,0
16:22:42,5704.179,1002,1000,6,1.5,0
16:22:42,5704.372,1002,1000,6,1.5,0
16:22:42,5704.58,1002,1000,6,1.5,0
16:22:42,5704.773,1002,1000,6,1.5,0
16:22:42,5704.966,1002,1000,6,1.5,0
16:22:43,5705.175,1002,1000,6,1.5,0
16:22:43,5705.368,1002,1000,6,1.5,0
16:22:43,5705.576,1002,1000,6,1.5,0
16:22:43,5705.768,1002,1000,6,1.5,0
16:22:43,5705.962,1002,1000,6,1.5,0
16:22:44,5706.171,1002,1000,6,1.5,0
16:22:44,5706.364,1001,1000,6,1.5,0
16:22:44,5706.572,1001,1000,6,1.5,0
16:22:44,5706.764,1001,1000,6,1.5,0
16:22:44,5706.972,1001,1000,6,1.5,0
16:22:45,5707.165,1001,1000,6,1.5,0
16:22:45,5707.358,1002,1000,6,1.5,0
16:22:45,5707.567,1002,1000,6,1.5,0
16:22:45,5707.759,1001,1000,6,1.5,0
16:22:45,5707.968,1001,1000,6,1.5,0
16:22:46,5708.161,1002,1000,6,1.5,0
16:22:46,5708.369,1001,1000,6,1.5,0
16:22:46,5708.562,1001,1000,6,1.5,0
16:22:46,5708.755,1001,1000,6,1.5,0
16:22:46,5708.964,1001,1000,6,1.5,0
16:22:46,5709.156,1001,1000,6,1.5,0
16:22:47,5709.365,1001,1000,6,1.5,0
16:22:47,5709.557,1001,1000,6,1.5,0
16:22:47,5709.765,1001,1000,6,1.5,0
16:22:47,5709.958,1001,1000,6,1.5,0
16:22:47,5710.157,1001,1000,6,1.5,0
16:22:48,5710.361,1001,1000,6,1.5,0
16:22:48,5710.551,1001,1000,6,1.5,0
16:22:48,5710.759,1001,1000,6,1.5,0
16:22:48,5710.952,1001,1000,6,1.5,0
16:22:49,5711.16,1001,1000,6,1.5,0
16:22:49,5711.354,1001,1000,6,1.5,0
16:22:49,5711.547,1001,1000,6,1.5,0
16:22:49,5711.756,1001,1000,6,1.5,0
16:22:49,5711.949,1000,1000,6,1.5,0
16:22:50,5712.159,1001,1000,6,1.5,0
16:22:50,5712.352,1001,1000,6,1.5,0
16:22:50,5712.546,1001,1000,6,1.5,0
16:22:50,5712.754,1001,1000,6,1.5,0
16:22:50,5712.947,1001,1000,6,1.5,0
16:22:50,5713.156,1001,1000,6,1.5,0
16:22:51,5713.349,1001,1000,6,1.5,0
16:22:51,5713.542,1001,1000,6,1.5,0
16:22:51,5713.75,1001,1000,6,1.5,0
16:22:51,5713.942,1001,1000,6,1.5,0
16:22:51,5714.151,1001,1000,6,1.5,0
16:22:52,5714.342,1000,1000,6,1.5,0
16:22:52,5714.552,1000,1000,6,1.5,0
16:22:52,5714.745,1000,1000,6,1.5,0
16:22:52,5714.937,1000,1000,6,1.5,0
16:22:52,5715.146,1000,1000,6,1.5,0
16:22:53,5715.337,1000,1000,6,1.5,0
16:22:53,5715.546,1000,1000,6,1.5,0
16:22:53,5715.739,1000,1000,6,1.5,0
16:22:53,5715.931,1000,1000,6,1.5,0
16:22:53,5716.14,1000,1000,6,1.5,0
16:22:54,5716.331,1000,1000,6,1.5,0
16:22:54,5716.539,1000,1000,6,1.5,0
16:22:54,5716.731,1000,1000,6,1.5,0
16:22:54,5716.939,1000,1000,6,1.5,0
16:22:54,5717.131,1000,1000,6,1.5,0
16:22:55,5717.339,1001,1000,6,1.5,0
16:22:55,5717.532,1001,1000,6,1.5,0
16:22:55,5717.742,1000,1000,6,1.5,0
16:22:55,5717.933,1001,1000,6,1.5,0
16:22:55,5718.127,1001,1000,6,1.5,0
16:22:56,5718.335,1001,1000,6,1.5,0
16:22:56,5718.528,1001,1000,6,1.5,0
16:22:56,5718.735,1001,1000,6,1.5,0
16:22:56,5718.928,1001,1000,6,1.5,0
16:22:56,5719.137,1001,1000,6,1.5,0
16:22:57,5719.329,1001,1000,6,1.5,0
16:22:57,5719.522,1001,1000,6,1.5,0
16:22:57,5719.731,1001,1000,6,1.5,0
16:22:57,5719.923,1001,1000,6,1.5,0
16:22:57,5720.132,1001,1000,6,1.5,0
16:22:58,5720.323,1001,1000,6,1.5,0
16:22:58,5720.532,1001,1000,6,1.5,0
16:22:58,5720.726,1001,1000,6,1.5,0
16:22:58,5720.919,1001,1000,6,1.5,0
16:22:58,5721.127,1001,1000,6,1.5,0
16:22:59,5721.318,1001,1000,6,1.5,0
16:22:59,5721.526,1001,1000,6,1.5,0
16:22:59,5721.718,1001,1000,6,1.5,0
16:22:59,5721.925,1001,1000,6,1.5,0
16:22:59,5722.115,1001,1000,6,1.5,0
16:23:00,5722.323,1001,1000,6,1.5,0
16:23:00,5722.516,1001,1000,6,1.5,0
16:23:00,5722.723,1001,1000,6,1.5,0
16:23:00,5722.912,1002,1000,6,1.5,0
16:23:00,5723.118,1002,1000,6,1.5,0
16:23:01,5723.327,1002,1000,6,1.5,0
16:23:01,5723.515,1002,1000,6,1.5,0
16:23:01,5723.722,1002,1000,6,1.5,0
16:23:01,5723.916,1001,1000,6,1.5,0
16:23:01,5724.108,1001,1000,6,1.5,0
16:23:02,5724.317,1001,1000,6,1.5,0
16:23:02,5724.51,1001,1000,6,1.5,0
16:23:02,5724.715,1000,1000,6,1.5,0
16:23:02,5724.906,1000,1000,6,1.5,0
16:23:02,5725.114,1000,1000,6,1.5,0
16:23:03,5725.321,1000,1000,6,1.5,0
16:23:03,5725.513,1000,1000,6,1.5,0
16:23:03,5725.705,1000,1000,6,1.5,0
16:23:03,5725.914,1000,1000,6,1.5,0
16:23:03,5726.107,1000,1000,6,1.5,0
16:23:04,5726.315,1001,1000,6,1.5,0
16:23:04,5726.506,1001,1000,6,1.5,0
16:23:04,5726.715,1002,1000,6,1.5,0
16:23:04,5726.907,1002,1000,6,1.5,0
16:23:04,5727.116,1002,1000,6,1.5,0
16:23:05,5727.309,1002,1000,6,1.5,0
16:23:05,5727.513,1002,1000,6,1.5,0
16:23:05,5727.704,1002,1000,6,1.5,0
16:23:05,5727.911,1002,1000,6,1.5,0
16:23:05,5728.11,1002,1000,6,1.5,0
16:23:06,5728.3,1002,1000,6,1.5,0
16:23:06,5728.508,1002,1000,6,1.5,0
16:23:06,5728.699,1002,1000,6,1.5,0
16:23:06,5728.905,1002,1000,6,1.5,0
16:23:06,5729.1,1001,1000,6,1.5,0
16:23:07,5729.303,1001,1000,6,1.5,0
16:23:07,5729.5,1001,1000,6,1.5,0
16:23:07,5729.705,1001,1000,6,1.5,0
16:23:07,5729.897,1001,1000,6,1.5,0
16:23:07,5730.107,1001,1000,6,1.5,0
16:23:08,5730.298,1001,1000,6,1.5,0
16:23:08,5730.506,1001,1000,6,1.5,0
16:23:08,5730.696,1001,1000,6,1.5,0
16:23:08,5730.904,1001,1000,6,1.5,0
16:23:08,5731.094,1001,1000,6,1.5,0
16:23:09,5731.3,1001,1000,6,1.5,0
16:23:09,5731.49,1000,1000,6,1.5,0
16:23:09,5731.697,1000,1000,6,1.5,0
16:23:09,5731.89,1000,1000,6,1.5,0
16:23:09,5732.099,1000,1000,6,1.5,0
16:23:10,5732.291,999,1000,6,1.5,0
16:23:10,5732.499,999,1000,6,1.5,0
16:23:10,5732.691,999,1000,6,1.5,0
16:23:10,5732.884,999,1000,6,1.5,0
16:23:10,5733.092,999,1000,6,1.5,0
16:23:11,5733.287,999,1000,6,1.5,0
16:23:11,5733.493,999,1000,6,1.5,0
16:23:11,5733.686,999,1000,6,1.5,0
16:23:11,5733.895,999,1000,6,1.5,0
16:23:11,5734.087,999,1000,6,1.5,0
16:23:12,5734.279,999,1000,6,1.5,0
16:23:12,5734.488,999,1000,6,1.5,0
16:23:12,5734.679,999,1000,6,1.5,0
16:23:12,5734.889,999,1000,6,1.5,0
16:23:12,5735.08,999,1000,6,1.5,0
16:23:13,5735.289,999,1000,6,1.5,0
16:23:13,5735.48,999,1000,6,1.5,0
16:23:13,5735.688,999,1000,6,1.5,0
16:23:13,5735.88,999,1000,6,1.5,0
16:23:13,5736.087,998,1000,6,1.5,0
16:23:14,5736.279,998,1000,6,1.5,0
16:23:14,5736.486,998,1000,6,1.5,0
16:23:14,5736.676,998,1000,6,1.5,0
16:23:14,5736.883,998,1000,6,1.5,0
16:23:14,5737.074,997,1000,6,1.5,0
16:23:15,5737.283,997,1000,6,1.5,0
16:23:15,5737.474,997,1000,6,1.5,0
16:23:15,5737.682,997,1000,6,1.5,0
16:23:15,5737.873,997,1000,6,1.5,0
16:23:15,5738.081,997,1000,6,1.5,0
16:23:16,5738.272,997,1000,6,1.5,0
16:23:16,5738.479,997,1000,6,1.5,0
16:23:16,5738.67,997,1000,6,1.5,0
16:23:16,5738.879,997,1000,6,1.5,0
16:23:16,5739.069,996,1000,6,1.5,0
16:23:17,5739.276,996,1000,6,1.5,0
16:23:17,5739.466,996,1000,6,1.5,0
16:23:17,5739.674,996,1000,6,1.5,0
16:23:17,5739.866,996,1000,6,1.5,0
16:23:17,5740.073,996,1000,6,1.5,0
16:23:18,5740.266,995,1000,6,1.5,0
16:23:18,5740.471,995,1000,6,1.5,0
16:23:18,5740.661,995,1000,6,1.5,0
16:23:18,5740.871,995,1000,6,1.5,0
16:23:18,5741.064,994,1000,6,1.6,0
16:23:19,5741.272,996,1000,6,1.5,0
16:23:19,5741.464,998,1000,6,1.5,0
16:23:19,5741.658,1001,1000,6,1.5,0
16:23:19,5741.866,1002,1000,6,1.5,0
16:23:19,5742.059,1003,1000,6,1.5,0
16:23:20,5742.268,1004,1000,6,1.5,0
16:23:20,5742.461,1005,1000,6,1.4,0
16:23:20,5742.654,1003,1000,6,1.5,0
16:23:20,5742.863,1001,1000,6,1.5,0
16:23:20,5743.055,1000,1000,6,1.5,0
16:23:21,5743.266,998,1000,6,1.5,0
16:23:21,5743.455,997,1000,6,1.5,0
16:23:21,5743.664,996,1000,6,1.5,0
16:23:21,5743.856,995,1000,6,1.5,0
16:23:21,5744.064,994,1000,6,1.6,0
16:23:22,5744.257,996,1000,6,1.5,0
16:23:22,5744.462,998,1000,6,1.5,0
16:23:22,5744.653,1000,1000,6,1.5,0
16:23:22,5744.856,1001,1000,6,1.5,0
16:23:22,5745.062,1002,1000,6,1.5,0
16:23:23,5745.253,1003,1000,6,1.5,0
16:23:23,5745.461,1003,1000,6,1.5,0
16:23:23,5745.655,1004,1000,6,1.5,0
16:23:23,5745.847,1006,1000,6,1.4,0
16:23:23,5746.056,1004,1000,6,1.5,0
16:23:24,5746.248,1001,1000,6,1.5,0
16:23:24,5746.457,999,1000,6,1.5,0
16:23:24,5746.649,998,1000,6,1.5,0
16:23:24,5746.842,996,1000,6,1.5,0
16:23:24,5747.051,995,1000,6,1.5,0
16:23:25,5747.244,994,1000,6,1.6,0
16:23:25,5747.452,994,1000,6,1.6,0
16:23:25,5747.644,996,1000,6,1.5,0
16:23:25,5747.854,998,1000,6,1.5,0
16:23:25,5748.047,999,1000,6,1.5,0
16:23:26,5748.242,1000,1000,6,1.5,0
16:23:26,5748.447,1001,1000,6,1.5,0
16:23:26,5748.643,1002,1000,6,1.5,0
16:23:26,5748.848,1002,1000,6,1.5,0
16:23:26,5749.04,1002,1000,6,1.5,0
16:23:27,5749.249,1002,1000,6,1.5,0
16:23:27,5749.441,1002,1000,6,1.5,0
16:23:27,5749.634,1002,1000,6,1.5,0
16:23:27,5749.842,1002,1000,6,1.5,0
16:23:27,5750.034,1002,1000,6,1.5,0
16:23:28,5750.242,1002,1000,6,1.5,0
16:23:28,5750.435,1002,1000,6,1.5,0
16:23:28,5750.644,1002,1000,6,1.5,0
16:23:28,5750.837,1002,1000,6,1.5,0
16:23:28,5751.031,1001,1000,6,1.5,0
16:23:29,5751.24,1001,1000,6,1.5,0
16:23:29,5751.432,1001,1000,6,1.5,0
16:23:29,5751.641,1001,1000,6,1.5,0
16:23:29,5751.834,1001,1000,6,1.5,0
16:23:29,5752.026,1001,1000,6,1.5,0
16:23:30,5752.234,1001,1000,6,1.5,0
16:23:30,5752.426,1001,1000,6,1.5,0
16:23:30,5752.636,1000,1000,6,1.5,0
16:23:30,5752.826,1000,1000,6,1.5,0
16:23:30,5753.034,1000,1000,6,1.5,0
16:23:31,5753.228,1000,1000,6,1.5,0
16:23:31,5753.431,1000,1000,6,1.5,0
16:23:31,5753.622,1000,1000,6,1.5,0
16:23:31,5753.83,1000,1000,6,1.5,0
16:23:31,5754.022,1000,1000,6,1.5,0
16:23:32,5754.23,999,1000,6,1.5,0
16:23:32,5754.422,999,1000,6,1.5,0
16:23:32,5754.632,999,1000,6,1.5,0
16:23:32,5754.825,999,1000,6,1.5,0
16:23:32,5755.034,999,1000,6,1.5,0
16:23:33,5755.227,999,1000,6,1.5,0
16:23:33,5755.419,999,1000,6,1.5,0
16:23:33,5755.628,998,1000,6,1.5,0
16:23:33,5755.821,998,1000,6,1.5,0
16:23:33,5756.031,998,1000,6,1.5,0
16:23:34,5756.222,998,1000,6,1.5,0
16:23:34,5756.416,998,1000,6,1.5,0
16:23:34,5756.625,998,1000,6,1.5,0
16:23:34,5756.818,998,1000,6,1.5,0
16:23:34,5757.026,998,1000,6,1.5,0
16:23:35,5757.217,997,1000,6,1.5,0
16:23:35,5757.426,997,1000,6,1.5,0
16:23:35,5757.619,997,1000,6,1.5,0
16:23:35,5757.81,997,1000,6,1.5,0
16:23:35,5758.022,997,1000,6,1.5,0
16:23:36,5758.211,997,1000,6,1.5,0
16:23:36,5758.418,997,1000,6,1.5,0
16:23:36,5758.608,997,1000,6,1.5,0
16:23:36,5758.816,997,1000,6,1.5,0
16:23:36,5759.023,997,1000,6,1.5,0
16:23:37,5759.213,997,1000,6,1.5,0
16:23:37,5759.421,996,1000,6,1.5,0
16:23:37,5759.613,996,1000,6,1.5,0
16:23:37,5759.804,996,1000,6,1.5,0
16:23:37,5760.01,996,1000,6,1.5,0
16:23:38,5760.216,996,1000,6,1.5,0
16:23:38,5760.408,996,1000,6,1.5,0
16:23:38,5760.617,996,1000,6,1.5,0
16:23:38,5760.816,996,1000,6,1.5,0
16:23:38,5761.01,996,1000,6,1.5,0
16:23:39,5761.202,996,1000,6,1.5,0
16:23:39,5761.411,996,1000,6,1.5,0
16:23:39,5761.605,996,1000,6,1.5,0
16:23:39,5761.809,996,1000,6,1.5,0
16:23:39,5762.001,995,1000,6,1.5,0
16:23:40,5762.209,995,1000,6,1.5,0
16:23:40,5762.401,995,1000,6,1.5,0
16:23:40,5762.612,995,1000,6,1.5,0
16:23:40,5762.802,995,1000,6,1.5,0
16:23:40,5762.995,995,1000,6,1.5,0
16:23:41,5763.204,995,1000,6,1.5,0
16:23:41,5763.395,995,1000,6,1.5,0
16:23:41,5763.602,995,1000,6,1.5,0
16:23:41,5763.794,995,1000,6,1.5,0
16:23:41,5764.001,995,1000,6,1.5,0
16:23:42,5764.207,995,1000,6,1.5,0
16:23:42,5764.398,995,1000,6,1.5,0
16:23:42,5764.606,995,1000,6,1.5,0
16:23:42,5764.797,995,1000,6,1.5,0
16:23:42,5765.003,995,1000,6,1.5,0
16:23:43,5765.195,995,1000,6,1.5,0
16:23:43,5765.403,995,1000,6,1.5,0
16:23:43,5765.596,995,1000,6,1.5,0
16:23:43,5765.789,995,1000,6,1.5,0
16:23:43,5765.999,995,1000,6,1.5,0
16:23:44,5766.192,995,1000,6,1.5,0
16:23:44,5766.4,995,1000,6,1.5,0
16:23:44,5766.595,994,1000,6,1.6,0
16:23:44,5766.786,994,1000,6,1.6,0
16:23:44,5766.996,994,1000,6,1.6,0
16:23:45,5767.186,994,1000,6,1.6,0
16:23:45,5767.394,994,1000,6,1.6,0
16:23:45,5767.586,994,1000,6,1.6,0
16:23:45,5767.794,994,1000,6,1.6,0
16:23:45,5767.987,994,1000,6,1.6,0
16:23:46,5768.195,994,1000,6,1.6,0
16:23:46,5768.388,997,1000,6,1.6,0
16:23:46,5768.583,997,1000,6,1.6,0
16:23:46,5768.789,997,1000,6,1.6,0
16:23:46,5768.984,996,1000,6,1.6,0
16:23:47,5769.188,995,1000,6,1.6,0
16:23:47,5769.381,995,1000,6,1.6,0
16:23:47,5769.589,995,1000,6,1.6,0
16:23:47,5769.781,994,1000,6,1.6,0
16:23:47,5769.989,997,1000,6,1.6,0
16:23:48,5770.182,997,1000,6,1.6,0
16:23:48,5770.375,997,1000,6,1.6,0
16:23:48,5770.584,996,1000,6,1.6,0
16:23:48,5770.777,995,1000,6,1.6,0
16:23:48,5770.986,995,1000,6,1.6,0
16:23:49,5771.179,995,1000,6,1.6,0
16:23:49,5771.387,995,1000,6,1.6,0
16:23:49,5771.58,995,1000,6,1.6,0
16:23:49,5771.778,995,1000,6,1.6,0
16:23:49,5771.981,994,1000,6,1.6,0
16:23:50,5772.172,996,1000,6,1.6,0
16:23:50,5772.381,998,1000,6,1.6,0
16:23:50,5772.574,997,1000,6,1.6,0
16:23:50,5772.783,996,1000,6,1.6,0
16:23:50,5772.975,996,1000,6,1.6,0
16:23:51,5773.174,995,1000,6,1.6,0
16:23:51,5773.374,995,1000,6,1.6,0
16:23:51,5773.567,995,1000,6,1.6,0
16:23:51,5773.776,994,1000,6,1.7,0
16:23:51,5773.969,997,1000,6,1.6,0
16:23:52,5774.177,997,1000,6,1.6,0
16:23:52,5774.37,997,1000,6,1.6,0
16:23:52,5774.578,996,1000,6,1.6,0
16:23:52,5774.771,995,1000,6,1.6,0
16:23:52,5774.964,995,1000,6,1.6,0
16:23:53,5775.172,994,1000,6,1.7,0
16:23:53,5775.365,999,1000,6,1.6,0
16:23:53,5775.574,1002,1000,6,1.6,0
16:23:53,5775.767,1000,1000,6,1.6,0
16:23:53,5775.967,999,1000,6,1.6,0
16:23:54,5776.163,998,1000,6,1.6,0
16:23:54,5776.364,997,1000,6,1.6,0
16:23:54,5776.572,996,1000,6,1.6,0
16:23:54,5776.767,996,1000,6,1.6,0
16:23:54,5776.956,995,1000,6,1.6,0
16:23:55,5777.163,995,1000,6,1.6,0
16:23:55,5777.37,994,1000,6,1.7,0
16:23:55,5777.56,998,1000,6,1.6,0
16:23:55,5777.767,998,1000,6,1.6,0
16:23:55,5777.959,997,1000,6,1.6,0
16:23:56,5778.166,996,1000,6,1.6,0
16:23:56,5778.361,996,1000,6,1.6,0
16:23:56,5778.553,995,1000,6,1.6,0
16:23:56,5778.761,995,1000,6,1.6,0
16:23:56,5778.954,994,1000,6,1.7,0
16:23:57,5779.163,997,1000,6,1.6,0
16:23:57,5779.356,997,1000,6,1.6,0
16:23:57,5779.561,997,1000,6,1.6,0
16:23:57,5779.752,996,1000,6,1.6,0
16:23:57,5779.959,996,1000,6,1.6,0
16:23:57,5780.151,995,1000,6,1.6,0
16:23:58,5780.359,995,1000,6,1.6,0
16:23:58,5780.552,995,1000,6,1.6,0
16:23:58,5780.76,994,1000,6,1.7,0
16:23:58,5780.952,999,1000,6,1.6,0
16:23:59,5781.16,998,1000,6,1.6,0
16:23:59,5781.354,998,1000,6,1.6,0
16:23:59,5781.545,997,1000,6,1.6,0
16:23:59,5781.754,997,1000,6,1.6,0
16:23:59,5781.947,996,1000,6,1.6,0
16:23:59,5782.155,996,1000,6,1.6,0
16:24:00,5782.346,996,1000,6,1.6,0
16:24:00,5782.558,995,1000,6,1.6,0
16:24:00,5782.747,995,1000,6,1.6,0
16:24:00,5782.955,995,1000,6,1.6,0
16:24:00,5783.145,995,1000,6,1.6,0
16:24:01,5783.353,995,1000,6,1.6,0
16:24:01,5783.543,995,1000,6,1.6,0
16:24:01,5783.75,994,1000,6,1.7,0
16:24:01,5783.941,999,1000,6,1.6,0
16:24:01,5784.149,1002,1000,6,1.6,0
16:24:02,5784.337,1000,1000,6,1.6,0
16:24:02,5784.544,999,1000,6,1.6,0
16:24:02,5784.738,998,1000,6,1.6,0
16:24:02,5784.943,997,1000,6,1.6,0
16:24:02,5785.14,996,1000,6,1.6,0
16:24:03,5785.347,995,1000,6,1.6,0
16:24:03,5785.539,995,1000,6,1.6,0
16:24:03,5785.747,995,1000,6,1.6,0
16:24:03,5785.939,995,1000,6,1.6,0
16:24:03,5786.131,995,1000,6,1.6,0
16:24:04,5786.338,994,1000,6,1.7,0
16:24:04,5786.53,998,1000,6,1.6,0
16:24:04,5786.738,998,1000,6,1.6,0
16:24:04,5786.931,997,1000,6,1.6,0
16:24:04,5787.137,996,1000,6,1.6,0
16:24:05,5787.329,996,1000,6,1.6,0
16:24:05,5787.538,995,1000,6,1.6,0
16:24:05,5787.731,995,1000,6,1.6,0
16:24:05,5787.942,994,1000,6,1.7,0
16:24:05,5788.131,996,1000,6,1.6,0
16:24:06,5788.326,997,1000,6,1.6,0
16:24:06,5788.533,996,1000,6,1.6,0
16:24:06,5788.726,995,1000,6,1.6,0
16:24:06,5788.934,995,1000,6,1.6,0
16:24:06,5789.127,995,1000,6,1.6,0
16:24:07,5789.334,994,1000,6,1.7,0
16:24:07,5789.528,998,1000,6,1.6,0
16:24:07,5789.734,1003,1000,6,1.6,0
16:24:07,5789.927,1007,1000,6,1.5,0
16:24:07,5790.12,1005,1000,6,1.6,0
16:24:08,5790.327,1003,1000,6,1.6,0
16:24:08,5790.519,1001,1000,6,1.6,0
16:24:08,5790.728,1000,1000,6,1.6,0
16:24:08,5790.92,998,1000,6,1.6,0
16:24:08,5791.128,997,1000,6,1.6,0
16:24:09,5791.32,996,1000,6,1.6,0
16:24:09,5791.528,995,1000,6,1.6,0
16:24:09,5791.721,995,1000,6,1.6,0
16:24:09,5791.929,994,1000,6,1.7,0
16:24:09,5792.121,996,1000,6,1.6,0
16:24:10,5792.328,997,1000,6,1.6,0
16:24:10,5792.521,996,1000,6,1.6,0
16:24:10,5792.714,996,1000,6,1.6,0
16:24:10,5792.923,995,1000,6,1.6,0
16:24:10,5793.114,994,1000,6,1.7,0
16:24:11,5793.324,997,1000,6,1.6,0
16:24:11,5793.513,1002,1000,6,1.6,0
16:24:11,5793.723,1006,1000,6,1.6,0
16:24:11,5793.914,1006,1000,6,1.5,0
16:24:11,5794.119,1004,1000,6,1.6,0
16:24:12,5794.312,1002,1000,6,1.6,0
16:24:12,5794.52,1001,1000,6,1.6,0
16:24:12,5794.712,999,1000,6,1.6,0
16:24:12,5794.92,998,1000,6,1.6,0
16:24:12,5795.112,997,1000,6,1.6,0
16:24:13,5795.305,997,1000,6,1.6,0
16:24:13,5795.514,996,1000,6,1.6,0
16:24:13,5795.707,996,1000,6,1.6,0
16:24:13,5795.916,995,1000,6,1.6,0
16:24:13,5796.108,995,1000,6,1.6,0
16:24:14,5796.32,995,1000,6,1.6,0
16:24:14,5796.509,995,1000,6,1.6,0
16:24:14,5796.703,995,1000,6,1.6,0
16:24:14,5796.913,995,1000,6,1.6,0
16:24:14,5797.106,995,1000,6,1.6,0
16:24:15,5797.314,995,1000,6,1.6,0
16:24:15,5797.505,995,1000,6,1.6,0
16:24:15,5797.712,995,1000,6,1.6,0
16:24:15,5797.904,995,1000,6,1.6,0
16:24:15,5798.096,995,1000,6,1.6,0
16:24:16,5798.305,995,1000,6,1.6,0
16:24:16,5798.498,995,1000,6,1.6,0
16:24:16,5798.706,995,1000,6,1.6,0
16:24:16,5798.898,995,1000,6,1.6,0
16:24:16,5799.107,995,1000,6,1.6,0
16:24:17,5799.3,995,1000,6,1.6,0
16:24:17,5799.493,995,1000,6,1.6,0
16:24:17,5799.701,995,1000,6,1.6,0
16:24:17,5799.894,995,1000,6,1.6,0
16:24:17,5800.102,995,1000,6,1.6,0
16:24:18,5800.294,995,1000,6,1.6,0
16:24:18,5800.502,995,1000,6,1.6,0
16:24:18,5800.695,995,1000,6,1.6,0
16:24:18,5800.903,995,1000,6,1.6,0
16:24:18,5801.096,995,1000,6,1.6,0
16:24:19,5801.289,995,1000,6,1.6,0
16:24:19,5801.497,995,1000,6,1.6,0
16:24:19,5801.69,995,1000,6,1.6,0
16:24:19,5801.898,995,1000,6,1.6,0
16:24:19,5802.091,995,1000,6,1.6,0
16:24:20,5802.298,995,1000,6,1.6,0
16:24:20,5802.49,995,1000,6,1.6,0
16:24:20,5802.698,995,1000,6,1.6,0
16:24:20,5802.891,995,1000,6,1.6,0
16:24:20,5803.083,995,1000,6,1.6,0
16:24:21,5803.292,995,1000,6,1.6,0
16:24:21,5803.483,995,1000,6,1.6,0
16:24:21,5803.692,995,1000,6,1.6,0
16:24:21,5803.885,995,1000,6,1.6,0
16:24:21,5804.079,995,1000,6,1.6,0
16:24:22,5804.287,995,1000,6,1.6,0
16:24:22,5804.48,995,1000,6,1.6,0
16:24:22,5804.689,995,1000,6,1.6,0
16:24:22,5804.88,995,1000,6,1.6,0
16:24:22,5805.088,995,1000,6,1.6,0
16:24:23,5805.28,995,1000,6,1.6,0
16:24:23,5805.49,995,1000,6,1.6,0
16:24:23,5805.684,995,1000,6,1.6,0
16:24:23,5805.876,995,1000,6,1.6,0
16:24:23,5806.084,994,1000,6,1.7,0
16:24:24,5806.275,997,1000,6,1.6,0
16:24:24,5806.485,998,1000,6,1.6,0
16:24:24,5806.674,997,1000,6,1.6,0
16:24:24,5806.881,996,1000,6,1.6,0
16:24:24,5807.073,996,1000,6,1.6,0
16:24:25,5807.281,995,1000,6,1.6,0
16:24:25,5807.473,994,1000,6,1.7,0
16:24:25,5807.68,998,1000,6,1.6,0
16:24:25,5807.874,997,1000,6,1.6,0
16:24:25,5808.078,996,1000,6,1.6,0
16:24:26,5808.274,996,1000,6,1.6,0
16:24:26,5808.475,995,1000,6,1.6,0
16:24:26,5808.673,995,1000,6,1.6,0
16:24:26,5808.876,995,1000,6,1.6,0
16:24:26,5809.068,994,1000,6,1.7,0
16:24:27,5809.28,998,1000,6,1.6,0
16:24:27,5809.47,1004,1000,6,1.6,0
16:24:27,5809.677,1008,1000,6,1.5,0
16:24:27,5809.869,1008,1000,6,1.5,0
16:24:27,5810.076,1006,1000,6,1.5,0
16:24:28,5810.268,1004,1000,6,1.6,0
16:24:28,5810.476,1002,1000,6,1.6,0
16:24:28,5810.667,1000,1000,6,1.6,0
16:24:28,5810.859,999,1000,6,1.6,0
16:24:28,5811.068,998,1000,6,1.6,0
16:24:29,5811.26,997,1000,6,1.6,0
16:24:29,5811.468,997,1000,6,1.6,0
16:24:29,5811.661,996,1000,6,1.6,0
16:24:29,5811.867,996,1000,6,1.6,0
16:24:29,5812.06,995,1000,6,1.6,0
16:24:30,5812.266,995,1000,6,1.6,0
16:24:30,5812.458,995,1000,6,1.6,0
16:24:30,5812.664,995,1000,6,1.6,0
16:24:30,5812.855,994,1000,6,1.7,0
16:24:30,5813.062,997,1000,6,1.6,0
16:24:31,5813.252,998,1000,6,1.6,0
16:24:31,5813.458,997,1000,6,1.6,0
16:24:31,5813.664,997,1000,6,1.6,0
16:24:31,5813.855,996,1000,6,1.6,0
16:24:31,5814.062,995,1000,6,1.6,0
16:24:32,5814.252,995,1000,6,1.6,0
16:24:32,5814.461,994,1000,6,1.7,0
16:24:32,5814.652,999,1000,6,1.6,0
16:24:32,5814.86,1001,1000,6,1.6,0
16:24:32,5815.052,999,1000,6,1.6,0
16:24:33,5815.26,998,1000,6,1.6,0
16:24:33,5815.452,997,1000,6,1.6,0
16:24:33,5815.645,996,1000,6,1.6,0
16:24:33,5815.853,995,1000,6,1.6,0
16:24:33,5816.046,994,1000,6,1.7,0
16:24:34,5816.255,999,1000,6,1.6,0
16:24:34,5816.448,1001,1000,6,1.6,0
16:24:34,5816.656,1000,1000,6,1.6,0
16:24:34,5816.85,998,1000,6,1.6,0
16:24:34,5817.044,997,1000,6,1.6,0
16:24:35,5817.25,996,1000,6,1.6,0
16:24:35,5817.443,995,1000,6,1.6,0
16:24:35,5817.73,994,1000,6,1.7,0
16:24:35,5817.842,998,1000,6,1.6,0
16:24:35,5818.05,1003,1000,6,1.6,0
16:24:36,5818.242,1007,1000,6,1.5,0
16:24:36,5818.451,1006,1000,6,1.6,0
16:24:36,5818.644,1003,1000,6,1.6,0
16:24:36,5818.838,1001,1000,6,1.6,0
16:24:36,5819.047,999,1000,6,1.6,0
16:24:37,5819.24,998,1000,6,1.6,0
16:24:37,5819.447,996,1000,6,1.6,0
16:24:37,5819.641,995,1000,6,1.6,0
16:24:37,5819.834,994,1000,6,1.7,0
16:24:37,5820.043,998,1000,6,1.6,0
16:24:38,5820.237,997,1000,6,1.6,0
16:24:38,5820.431,996,1000,6,1.6,0
16:24:38,5820.638,995,1000,6,1.6,0
16:24:38,5820.832,994,1000,6,1.7,0
16:24:38,5821.04,996,1000,6,1.6,0
16:24:39,5821.233,997,1000,6,1.6,0
16:24:39,5821.427,996,1000,6,1.6,0
16:24:39,5821.636,995,1000,6,1.6,0
16:24:39,5821.829,994,1000,6,1.7,0
16:24:39,5822.038,998,1000,6,1.6,0
16:24:40,5822.23,1002,1000,6,1.6,0
16:24:40,5822.439,1006,1000,6,1.6,0
16:24:40,5822.638,1003,1000,6,1.6,0
16:24:40,5822.835,1001,1000,6,1.6,0
16:24:40,5823.043,999,1000,6,1.6,0
16:24:41,5823.224,997,1000,6,1.6,0
16:24:41,5823.43,996,1000,6,1.6,0
16:24:41,5823.637,995,1000,6,1.6,0
16:24:41,5823.827,994,1000,6,1.7,0
16:24:41,5824.035,997,1000,6,1.6,0
16:24:42,5824.226,1002,1000,6,1.6,0
16:24:42,5824.421,1006,1000,6,1.6,0
16:24:42,5824.626,1005,1000,6,1.6,0
16:24:42,5824.817,1003,1000,6,1.6,0
16:24:42,5825.023,1001,1000,6,1.6,0
16:24:43,5825.217,999,1000,6,1.6,0
16:24:43,5825.42,997,1000,6,1.6,0
16:24:43,5825.627,996,1000,6,1.6,0
16:24:43,5825.817,995,1000,6,1.6,0
16:24:43,5826.024,994,1000,6,1.7,0
16:24:44,5826.218,997,1000,6,1.6,0
16:24:44,5826.424,997,1000,6,1.6,0
16:24:44,5826.619,995,1000,6,1.6,0
16:24:44,5826.825,995,1000,6,1.6,0
16:24:44,5827.018,994,1000,6,1.7,0
16:24:45,5827.211,999,1000,6,1.6,0
16:24:45,5827.421,1003,1000,6,1.6,0
16:24:45,5827.612,1007,1000,6,1.5,0
16:24:45,5827.819,1005,1000,6,1.6,0
16:24:45,5828.01,1003,1000,6,1.6,0
16:24:46,5828.218,1001,1000,6,1.6,0
16:24:46,5828.412,999,1000,6,1.6,0
16:24:46,5828.622,998,1000,6,1.6,0
16:24:46,5828.815,996,1000,6,1.6,0
16:24:46,5829.007,996,1000,6,1.6,0
16:24:47,5829.217,995,1000,6,1.6,0
16:24:47,5829.411,994,1000,6,1.7,0
16:24:47,5829.604,996,1000,6,1.6,0
16:24:47,5829.812,996,1000,6,1.6,0
16:24:47,5830.005,996,1000,6,1.6,0
16:24:48,5830.214,995,1000,6,1.6,0
16:24:48,5830.407,994,1000,6,1.7,0
16:24:48,5830.6,999,1000,6,1.6,0
16:24:48,5830.809,1000,1000,6,1.6,0
16:24:48,5831.003,999,1000,6,1.6,0
16:24:49,5831.211,997,1000,6,1.6,0
16:24:49,5831.401,996,1000,6,1.6,0
16:24:49,5831.61,995,1000,6,1.6,0
16:24:49,5831.803,994,1000,6,1.7,0
16:24:49,5831.995,998,1000,6,1.6,0
16:24:50,5832.204,1002,1000,6,1.6,0
16:24:50,5832.397,1006,1000,6,1.6,0
16:24:50,5832.606,1005,1000,6,1.6,0
16:24:50,5832.799,1003,1000,6,1.6,0
16:24:50,5832.993,1000,1000,6,1.6,0
16:24:51,5833.202,999,1000,6,1.6,0
16:24:51,5833.395,997,1000,6,1.6,0
16:24:51,5833.604,996,1000,6,1.6,0
16:24:51,5833.797,995,1000,6,1.6,0
16:24:51,5833.99,994,1000,6,1.7,0
16:24:52,5834.198,996,1000,6,1.6,0
16:24:52,5834.391,996,1000,6,1.6,0
16:24:52,5834.6,995,1000,6,1.6,0
16:24:52,5834.794,994,1000,6,1.7,0
16:24:52,5834.987,998,1000,6,1.6,0
16:24:53,5835.196,1002,1000,6,1.6,0
16:24:53,5835.389,1005,1000,6,1.6,0
16:24:53,5835.599,1003,1000,6,1.6,0
16:24:53,5835.793,1001,1000,6,1.6,0
16:24:53,5835.986,999,1000,6,1.6,0
16:24:54,5836.194,997,1000,6,1.6,0
16:24:54,5836.388,996,1000,6,1.6,0
16:24:54,5836.596,995,1000,6,1.6,0
16:24:54,5836.788,994,1000,6,1.7,0
16:24:54,5836.997,995,1000,6,1.6,0
16:24:55,5837.191,1000,1000,6,1.6,0
16:24:55,5837.384,1004,1000,6,1.6,0
16:24:55,5837.592,1007,1000,6,1.5,0
16:24:55,5837.786,1005,1000,6,1.6,0
16:24:55,5837.979,1003,1000,6,1.6,0
16:24:56,5838.189,1001,1000,6,1.6,0
16:24:56,5838.381,999,1000,6,1.6,0
16:24:56,5838.589,997,1000,6,1.6,0
16:24:56,5838.783,996,1000,6,1.6,0
16:24:56,5838.976,995,1000,6,1.6,0
16:24:57,5839.183,994,1000,6,1.7,0
16:24:57,5839.376,996,1000,6,1.6,0
16:24:57,5839.585,996,1000,6,1.6,0
16:24:57,5839.778,995,1000,6,1.6,0
16:24:57,5839.988,994,1000,6,1.7,0
16:24:58,5840.18,998,1000,6,1.6,0
16:24:58,5840.374,1003,1000,6,1.6,0
16:24:58,5840.582,1006,1000,6,1.6,0
16:24:58,5840.774,1005,1000,6,1.6,0
16:24:58,5840.984,1002,1000,6,1.6,0
16:24:59,5841.176,1000,1000,6,1.6,0
16:24:59,5841.369,999,1000,6,1.6,0
16:24:59,5841.578,998,1000,6,1.6,0
16:24:59,5841.771,997,1000,6,1.6,0
16:24:59,5841.981,996,1000,6,1.6,0
16:25:00,5842.174,995,1000,6,1.6,0
16:25:00,5842.367,994,1000,6,1.7,0
16:25:00,5842.576,999,1000,6,1.6,0
16:25:00,5842.772,1001,1000,6,1.6,0
16:25:09,5851.738,999,1000,6,1.6,0
16:25:09,5851.742,997,1000,6,1.6,0
16:25:09,5851.745,996,1000,6,1.6,0
16:25:09,5851.749,995,1000,6,1.6,0
16:25:09,5851.753,994,1000,6,1.7,0
16:25:09,5851.759,996,1000,6,1.6,0
16:25:09,5851.763,995,1000,6,1.6,0
16:25:09,5851.765,994,1000,6,1.7,0
16:25:09,5851.769,997,1000,6,1.6,0
16:25:09,5851.769,1001,1000,6,1.6,0
16:25:09,5851.775,1004,1000,6,1.6,0
16:25:09,5851.777,1006,1000,6,1.6,0
16:25:09,5851.779,1004,1000,6,1.6,0
16:25:09,5851.784,1001,1000,6,1.6,0
16:25:09,5851.788,999,1000,6,1.6,0
16:25:09,5851.792,997,1000,6,1.6,0
16:25:09,5851.796,995,1000,6,1.6,0
16:25:09,5851.8,994,1000,6,1.7,0
16:25:09,5851.804,998,1000,6,1.6,0
16:25:09,5851.808,1002,1000,6,1.6,0
16:25:09,5851.812,1005,1000,6,1.6,0
16:25:09,5851.816,1003,1000,6,1.6,0
16:25:09,5851.82,1000,1000,6,1.6,0
16:25:09,5851.824,998,1000,6,1.6,0
16:25:09,5851.829,997,1000,6,1.6,0
16:25:09,5851.831,995,1000,6,1.6,0
16:25:09,5851.835,994,1000,6,1.7,0
16:25:09,5851.84,998,1000,6,1.6,0
16:25:09,5851.842,1002,1000,6,1.6,0
16:25:09,5851.844,1005,1000,6,1.6,0
16:25:09,5851.849,1003,1000,6,1.6,0
16:25:09,5851.851,1000,1000,6,1.6,0
16:25:09,5851.855,998,1000,6,1.6,0
16:25:09,5851.859,997,1000,6,1.6,0
16:25:09,5851.861,995,1000,6,1.6,0
16:25:09,5851.865,994,1000,6,1.7,0
16:25:09,5851.868,996,1000,6,1.6,0
16:25:09,5851.87,1000,1000,6,1.6,0
16:25:09,5851.876,1003,1000,6,1.6,0
16:25:09,5851.88,1007,1000,6,1.5,0
16:25:09,5851.884,1005,1000,6,1.6,0
16:25:09,5851.89,1002,1000,6,1.6,0
16:25:09,5851.902,1000,1000,6,1.6,0
16:25:09,5851.904,999,1000,6,1.6,0
16:25:09,5851.93,997,1000,6,1.6,0
16:25:09,5851.972,996,1000,6,1.6,0
16:25:09,5852.145,995,1000,6,1.6,0
16:25:10,5852.345,995,1000,6,1.6,0
16:25:10,5852.626,994,1000,6,1.7,0
16:25:10,5852.766,998,1000,6,1.6,0
16:25:10,5852.96,997,1000,6,1.6,0
16:25:10,5853.143,996,1000,6,1.6,0
16:25:11,5853.345,995,1000,6,1.6,0
16:25:11,5853.539,995,1000,6,1.6,0
16:25:11,5853.74,994,1000,6,1.7,0
16:25:11,5853.946,998,1000,6,1.6,0
16:25:11,5854.144,1002,1000,6,1.6,0
16:25:12,5854.342,1005,1000,6,1.6,0
16:25:12,5854.545,1004,1000,6,1.6,0
16:25:12,5854.738,1002,1000,6,1.6,0
16:25:12,5854.936,1000,1000,6,1.6,0
16:25:12,5855.136,999,1000,6,1.6,0
16:25:13,5855.34,997,1000,6,1.6,0
16:25:13,5855.541,996,1000,6,1.6,0
16:25:13,5855.742,996,1000,6,1.6,0
16:25:13,5855.934,995,1000,6,1.6,0
16:25:13,5856.132,995,1000,6,1.6,0
16:25:14,5856.333,994,1000,6,1.7,0
16:25:14,5856.533,997,1000,6,1.6,0
16:25:14,5856.736,1002,1000,6,1.6,0
16:25:14,5856.94,1005,1000,6,1.6,0
16:25:14,5857.129,1005,1000,6,1.6,0
16:25:15,5857.33,1003,1000,6,1.6,0
16:25:15,5857.534,1001,1000,6,1.6,0
16:25:15,5857.736,1000,1000,6,1.6,0
16:25:15,5857.928,999,1000,6,1.6,0
16:25:15,5858.122,998,1000,6,1.6,0
16:25:16,5858.329,997,1000,6,1.6,0
16:25:16,5858.524,996,1000,6,1.6,0
16:25:16,5858.727,996,1000,6,1.6,0
16:25:16,5858.919,995,1000,6,1.6,0
16:25:16,5859.127,995,1000,6,1.6,0
16:25:17,5859.318,995,1000,6,1.6,0
16:25:17,5859.526,995,1000,6,1.6,0
16:25:17,5859.717,994,1000,6,1.7,0
16:25:17,5859.924,997,1000,6,1.6,0
16:25:17,5860.115,998,1000,6,1.6,0
16:25:18,5860.322,997,1000,6,1.6,0
16:25:18,5860.514,997,1000,6,1.6,0
16:25:18,5860.72,998,1000,6,1.6,0
16:25:18,5860.911,998,1000,6,1.6,0
16:25:18,5861.119,998,1000,6,1.6,0
16:25:19,5861.311,998,1000,6,1.6,0
16:25:19,5861.519,998,1000,6,1.6,0
16:25:19,5861.711,999,1000,6,1.6,0
16:25:19,5861.918,999,1000,6,1.6,0
16:25:19,5862.11,999,1000,6,1.6,0
16:25:20,5862.316,998,1000,6,1.6,0
16:25:20,5862.51,998,1000,6,1.6,0
16:25:20,5862.714,998,1000,6,1.6,0
16:25:20,5862.923,997,1000,6,1.6,0
16:25:20,5863.11,997,1000,6,1.6,0
16:25:21,5863.318,997,1000,6,1.6,0
16:25:21,5863.509,997,1000,6,1.6,0
16:25:21,5863.716,997,1000,6,1.6,0
16:25:21,5863.906,997,1000,6,1.6,0
16:25:21,5864.113,997,1000,6,1.6,0
16:25:22,5864.305,997,1000,6,1.6,0
16:25:22,5864.512,998,1000,6,1.6,0
16:25:22,5864.702,998,1000,6,1.6,0
16:25:22,5864.91,998,1000,6,1.6,0
16:25:22,5865.102,998,1000,6,1.6,0
16:25:23,5865.309,998,1000,6,1.6,0
16:25:23,5865.5,998,1000,6,1.6,0
16:25:23,5865.708,998,1000,6,1.6,0
16:25:23,5865.9,999,1000,6,1.6,0
16:25:23,5866.108,999,1000,6,1.6,0
16:25:24,5866.298,999,1000,6,1.6,0
16:25:24,5866.505,999,1000,6,1.6,0
16:25:24,5866.697,1000,1000,6,1.6,0
16:25:24,5866.905,1000,1000,6,1.6,0
16:25:24,5867.097,1000,1000,6,1.6,0
16:25:25,5867.305,1000,1000,6,1.6,0
16:25:25,5867.498,1001,1000,6,1.6,0
16:25:25,5867.705,1001,1000,6,1.6,0
16:25:25,5867.897,1001,1000,6,1.6,0
16:25:25,5868.105,1002,1000,6,1.6,0
16:25:26,5868.295,1002,1000,6,1.6,0
16:25:26,5868.503,1003,1000,6,1.6,0
16:25:26,5868.694,1003,1000,6,1.6,0
16:25:26,5868.9,1003,1000,6,1.6,0
16:25:26,5869.093,1003,1000,6,1.6,0
16:25:27,5869.3,1003,1000,6,1.6,0
16:25:27,5869.494,1003,1000,6,1.6,0
16:25:27,5869.699,1003,1000,6,1.6,0
16:25:27,5869.891,1003,1000,6,1.6,0
16:25:27,5870.099,1004,1000,6,1.6,0
16:25:28,5870.29,1004,1000,6,1.6,0
16:25:28,5870.498,1004,1000,6,1.6,0
16:25:28,5870.69,1004,1000,6,1.6,0
16:25:28,5870.898,1004,1000,6,1.6,0
16:25:28,5871.09,1004,1000,6,1.6,0
16:25:29,5871.282,1004,1000,6,1.6,0
16:25:29,5871.489,1004,1000,6,1.6,0
16:25:29,5871.697,1005,1000,6,1.6,0
16:25:29,5871.887,1005,1000,6,1.6,0
16:25:29,5872.079,1005,1000,6,1.5,0
16:25:30,5872.287,1005,1000,6,1.5,0
16:25:30,5872.479,1005,1000,6,1.5,0
16:25:30,5872.686,1005,1000,6,1.5,0
16:25:30,5872.878,1006,1000,6,1.5,0
16:25:30,5873.087,1006,1000,6,1.5,0
16:25:31,5873.279,1003,1000,6,1.6,0
16:25:31,5873.488,1003,1000,6,1.6,0
16:25:31,5873.68,1003,1000,6,1.6,0
16:25:31,5873.886,1004,1000,6,1.6,0
16:25:31,5874.076,1004,1000,6,1.6,0
16:25:32,5874.285,1005,1000,6,1.5,0
16:25:32,5874.474,1004,1000,6,1.6,0
16:25:32,5874.682,1004,1000,6,1.6,0
16:25:32,5874.873,1005,1000,6,1.5,0
16:25:32,5875.08,1004,1000,6,1.6,0
16:25:33,5875.272,1004,1000,6,1.6,0
16:25:33,5875.48,1004,1000,6,1.6,0
16:25:33,5875.673,1005,1000,6,1.5,0
16:25:33,5875.881,1003,1000,6,1.6,0
16:25:33,5876.074,1004,1000,6,1.6,0
16:25:34,5876.281,1004,1000,6,1.6,0
16:25:34,5876.473,1005,1000,6,1.5,0
16:25:34,5876.68,1005,1000,6,1.5,0
16:25:34,5876.872,1002,1000,6,1.5,0
16:25:34,5877.065,1003,1000,6,1.5,0
16:25:35,5877.272,1003,1000,6,1.5,0
16:25:35,5877.463,1004,1000,6,1.5,0
16:25:35,5877.672,1005,1000,6,1.5,0
16:25:35,5877.864,1004,1000,6,1.5,0
16:25:35,5878.073,1004,1000,6,1.5,0
16:25:36,5878.264,1005,1000,6,1.5,0
16:25:36,5878.472,1004,1000,6,1.5,0
16:25:36,5878.664,1004,1000,6,1.5,0
16:25:36,5878.872,1005,1000,6,1.5,0
16:25:36,5879.064,1004,1000,6,1.5,0
16:25:37,5879.271,1004,1000,6,1.5,0
16:25:37,5879.463,1005,1000,6,1.5,0
16:25:37,5879.67,1004,1000,6,1.5,0
16:25:37,5879.861,1005,1000,6,1.5,0
16:25:37,5880.07,1004,1000,6,1.5,0
16:25:38,5880.261,1004,1000,6,1.5,0
16:25:38,5880.47,1005,1000,6,1.4,0
16:25:38,5880.662,1004,1000,6,1.5,0
16:25:38,5880.854,1002,1000,6,1.5,0
16:25:38,5881.062,1000,1000,6,1.5,0
16:25:39,5881.253,999,1000,6,1.5,0
16:25:39,5881.463,998,1000,6,1.5,0
16:25:39,5881.652,997,1000,6,1.5,0
16:25:39,5881.859,996,1000,6,1.5,0
16:25:39,5882.05,996,1000,6,1.5,0
16:25:40,5882.256,995,1000,6,1.5,0
16:25:40,5882.464,994,1000,6,1.6,0
16:25:40,5882.655,996,1000,6,1.5,0
16:25:40,5882.862,998,1000,6,1.5,0
16:25:40,5883.053,1000,1000,6,1.5,0
16:25:41,5883.262,1001,1000,6,1.5,0
16:25:41,5883.455,1003,1000,6,1.5,0
16:25:41,5883.646,1004,1000,6,1.5,0
16:25:41,5883.853,1005,1000,6,1.4,0
16:25:41,5884.045,1004,1000,6,1.5,0
16:25:42,5884.253,1002,1000,6,1.5,0
16:25:42,5884.445,1000,1000,6,1.5,0
16:25:42,5884.653,999,1000,6,1.5,0
16:25:42,5884.845,998,1000,6,1.5,0
16:25:42,5885.053,997,1000,6,1.5,0
16:25:43,5885.245,996,1000,6,1.5,0
16:25:43,5885.451,996,1000,6,1.5,0
16:25:43,5885.643,995,1000,6,1.5,0
16:25:43,5885.851,995,1000,6,1.5,0
16:25:43,5886.044,994,1000,6,1.6,0
16:25:44,5886.252,995,1000,6,1.5,0
16:25:44,5886.445,998,1000,6,1.5,0
16:25:44,5886.652,1000,1000,6,1.5,0
16:25:44,5886.844,1002,1000,6,1.5,0
16:25:44,5887.037,1003,1000,6,1.5,0
16:25:45,5887.244,1005,1000,6,1.4,0
16:25:45,5887.436,1004,1000,6,1.5,0
16:25:45,5887.644,1003,1000,6,1.5,0
16:25:45,5887.836,1001,1000,6,1.5,0
16:25:45,5888.044,1000,1000,6,1.5,0
16:25:46,5888.236,999,1000,6,1.5,0
16:25:46,5888.443,998,1000,6,1.5,0
16:25:46,5888.633,998,1000,6,1.5,0
16:25:46,5888.84,997,1000,6,1.5,0
16:25:46,5889.032,997,1000,6,1.5,0
16:25:47,5889.24,996,1000,6,1.5,0
16:25:47,5889.432,996,1000,6,1.5,0
16:25:47,5889.641,996,1000,6,1.5,0
16:25:47,5889.832,995,1000,6,1.5,0
16:25:47,5890.04,995,1000,6,1.5,0
16:25:48,5890.234,995,1000,6,1.5,0
16:25:48,5890.43,995,1000,6,1.5,0
16:25:48,5890.633,995,1000,6,1.5,0
16:25:48,5890.824,995,1000,6,1.5,0
16:25:48,5891.032,995,1000,6,1.5,0
16:25:49,5891.229,995,1000,6,1.5,0
16:25:49,5891.432,995,1000,6,1.5,0
16:25:49,5891.623,995,1000,6,1.5,0
16:25:49,5891.83,995,1000,6,1.5,0
16:25:49,5892.022,995,1000,6,1.5,0
16:25:50,5892.231,995,1000,6,1.5,0
16:25:50,5892.422,995,1000,6,1.5,0
16:25:50,5892.629,995,1000,6,1.5,0
16:25:50,5892.821,995,1000,6,1.5,0
16:25:50,5893.028,996,1000,6,1.5,0
16:25:51,5893.22,996,1000,6,1.5,0
16:25:51,5893.429,996,1000,6,1.5,0
16:25:51,5893.621,996,1000,6,1.5,0
16:25:51,5893.829,996,1000,6,1.5,0
16:25:51,5894.02,996,1000,6,1.5,0
16:25:52,5894.229,996,1000,6,1.5,0
16:25:52,5894.421,996,1000,6,1.5,0
16:25:52,5894.613,996,1000,6,1.5,0
16:25:52,5894.821,997,1000,6,1.5,0
16:25:52,5895.013,997,1000,6,1.5,0
16:25:53,5895.22,997,1000,6,1.5,0
16:25:53,5895.412,997,1000,6,1.5,0
16:25:53,5895.62,997,1000,6,1.5,0
16:25:53,5895.812,997,1000,6,1.5,0
16:25:53,5896.021,997,1000,6,1.5,0
16:25:54,5896.212,997,1000,6,1.5,0
16:25:54,5896.419,998,1000,6,1.5,0
16:25:54,5896.612,998,1000,6,1.5,0
16:25:54,5896.819,998,1000,6,1.5,0
16:25:54,5897.013,998,1000,6,1.5,0
16:25:55,5897.219,998,1000,6,1.5,0
16:25:55,5897.412,998,1000,6,1.5,0
16:25:55,5897.619,999,1000,6,1.5,0
16:25:55,5897.811,999,1000,6,1.5,0
16:25:55,5898.003,999,1000,6,1.5,0
16:25:56,5898.21,999,1000,6,1.5,0
16:25:56,5898.402,999,1000,6,1.5,0
16:25:56,5898.61,999,1000,6,1.5,0
16:25:56,5898.802,999,1000,6,1.5,0
16:25:56,5899.009,999,1000,6,1.5,0
16:25:57,5899.202,999,1000,6,1.5,0
16:25:57,5899.41,999,1000,6,1.5,0
16:25:57,5899.602,999,1000,6,1.5,0
16:25:57,5899.81,999,1000,6,1.5,0
16:25:57,5900.002,999,1000,6,1.5,0
16:25:58,5900.208,999,1000,6,1.5,0
16:25:58,5900.4,1000,1000,6,1.5,0
16:25:58,5900.608,1000,1000,6,1.5,0
16:25:58,5900.802,1000,1000,6,1.5,0
16:25:58,5901.01,1000,1000,6,1.5,0
16:25:59,5901.202,1000,1000,6,1.5,0
16:25:59,5901.394,1000,1000,6,1.5,0
16:25:59,5901.601,1000,1000,6,1.5,0
16:25:59,5901.808,1000,1000,6,1.5,0
16:25:59,5902,1000,1000,6,1.5,0
16:26:00,5902.191,1000,1000,6,1.5,0
16:26:00,5902.399,1000,1000,6,1.5,0
16:26:00,5902.591,1000,1000,6,1.5,0
16:26:00,5902.798,1001,1000,6,1.5,0
16:26:00,5902.99,1001,1000,6,1.5,0
16:26:01,5903.197,1001,1000,6,1.5,0
16:26:01,5903.389,1001,1000,6,1.5,0
16:26:01,5903.597,1001,1000,6,1.5,0
16:26:01,5903.789,1001,1000,6,1.5,0
16:26:01,5903.997,1001,1000,6,1.5,0
16:26:02,5904.189,1001,1000,6,1.5,0
16:26:02,5904.397,1001,1000,6,1.5,0
16:26:02,5904.588,1001,1000,6,1.5,0
16:26:02,5904.796,1001,1000,6,1.5,0
16:26:02,5904.988,1001,1000,6,1.5,0
16:26:03,5905.195,1001,1000,6,1.5,0
16:26:03,5905.388,1001,1000,6,1.5,0
16:26:03,5905.595,1001,1000,6,1.5,0
16:26:03,5905.786,1001,1000,6,1.5,0
16:26:03,5905.994,1002,1000,6,1.5,0
16:26:04,5906.186,1002,1000,6,1.5,0
16:26:04,5906.394,1002,1000,6,1.5,0
16:26:04,5906.585,1002,1000,6,1.5,0
16:26:04,5906.791,1002,1000,6,1.5,0
16:26:04,5906.983,1002,1000,6,1.5,0
16:26:05,5907.19,1002,1000,6,1.5,0
16:26:05,5907.383,1002,1000,6,1.5,0
16:26:05,5907.575,1003,1000,6,1.5,0
16:26:05,5907.782,1003,1000,6,1.5,0
16:26:05,5907.989,1003,1000,6,1.5,0
16:26:06,5908.179,1003,1000,6,1.5,0
16:26:06,5908.387,1003,1000,6,1.5,0
16:26:06,5908.579,1003,1000,6,1.5,0
16:26:06,5908.771,1003,1000,6,1.5,0
16:26:06,5908.979,1003,1000,6,1.5,0
16:26:07,5909.171,1003,1000,6,1.5,0
16:26:07,5909.377,1003,1000,6,1.5,0
16:26:07,5909.584,1003,1000,6,1.5,0
16:26:07,5909.775,1003,1000,6,1.5,0
16:26:07,5909.97,1003,1000,6,1.5,0
16:26:08,5910.176,1003,1000,6,1.5,0
16:26:08,5910.37,1003,1000,6,1.5,0
16:26:08,5910.575,1003,1000,6,1.5,0
16:26:08,5910.771,1003,1000,6,1.5,0
16:26:08,5910.975,1003,1000,6,1.5,0
16:26:09,5911.166,1003,1000,6,1.5,0
16:26:09,5911.373,1004,1000,6,1.5,0
16:26:09,5911.565,1004,1000,6,1.5,0
16:26:09,5911.773,1003,1000,6,1.5,0
16:26:09,5911.963,1003,1000,6,1.5,0
16:26:10,5912.169,1003,1000,6,1.5,0
16:26:10,5912.376,1003,1000,6,1.5,0
16:26:10,5912.565,1003,1000,6,1.5,0
16:26:10,5912.768,1003,1000,6,1.5,0
16:26:10,5912.965,1003,1000,6,1.5,0
16:26:11,5913.165,1003,1000,6,1.5,0
16:26:11,5913.373,1003,1000,6,1.5,0
16:26:11,5913.565,1003,1000,6,1.5,0
16:26:11,5913.772,1003,1000,6,1.5,0
16:26:11,5913.963,1003,1000,6,1.5,0
16:26:12,5914.169,1003,1000,6,1.5,0
16:26:12,5914.361,1003,1000,6,1.5,0
16:26:12,5914.568,1004,1000,6,1.5,0
16:26:12,5914.759,1004,1000,6,1.5,0
16:26:12,5914.959,1004,1000,6,1.5,0
16:26:12,5915.157,1004,1000,6,1.5,0
16:26:13,5915.364,1004,1000,6,1.5,0
16:26:13,5915.555,1004,1000,6,1.5,0
16:26:13,5915.763,1004,1000,6,1.5,0
16:26:13,5915.954,1004,1000,6,1.5,0
16:26:14,5916.16,1004,1000,6,1.5,0
16:26:14,5916.355,1004,1000,6,1.5,0
16:26:14,5916.558,1004,1000,6,1.5,0
16:26:14,5916.749,1004,1000,6,1.5,0
16:26:14,5916.956,1004,1000,6,1.5,0
16:26:14,5917.148,1004,1000,6,1.5,0
16:26:15,5917.355,1004,1000,6,1.5,0
16:26:15,5917.547,1004,1000,6,1.5,0
16:26:15,5917.754,1004,1000,6,1.5,0
16:26:15,5917.946,1004,1000,6,1.5,0
16:26:15,5918.153,1004,1000,6,1.5,0
16:26:16,5918.344,1004,1000,6,1.5,0
16:26:16,5918.551,1004,1000,6,1.5,0
16:26:16,5918.742,1004,1000,6,1.5,0
16:26:16,5918.95,1004,1000,6,1.5,0
16:26:16,5919.142,1004,1000,6,1.5,0
16:26:17,5919.35,1004,1000,6,1.5,0
16:26:17,5919.541,1004,1000,6,1.5,0
16:26:17,5919.748,1004,1000,6,1.5,0
16:26:17,5919.94,1004,1000,6,1.5,0
16:26:17,5920.148,1004,1000,6,1.5,0
16:26:18,5920.338,1004,1000,6,1.5,0
16:26:18,5920.545,1004,1000,6,1.5,0
16:26:18,5920.738,1004,1000,6,1.5,0
16:26:18,5920.946,1004,1000,6,1.5,0
16:26:18,5921.137,1004,1000,6,1.5,0
16:26:19,5921.345,1004,1000,6,1.5,0
16:26:19,5921.535,1004,1000,6,1.5,0
16:26:19,5921.741,1004,1000,6,1.5,0
16:26:19,5921.933,1004,1000,6,1.5,0
16:26:19,5922.14,1004,1000,6,1.5,0
16:26:20,5922.333,1004,1000,6,1.5,0
16:26:20,5922.541,1004,1000,6,1.5,0
16:26:20,5922.732,1004,1000,6,1.5,0
16:26:20,5922.941,1004,1000,6,1.5,0
16:26:20,5923.14,1004,1000,6,1.5,0
16:26:21,5923.331,1004,1000,6,1.5,0
16:26:21,5923.538,1004,1000,6,1.5,0
16:26:21,5923.73,1004,1000,6,1.5,0
16:26:21,5923.938,1004,1000,6,1.5,0
16:26:21,5924.13,1004,1000,6,1.5,0
16:26:22,5924.338,1004,1000,6,1.5,0
16:26:22,5924.53,1004,1000,6,1.5,0
16:26:22,5924.737,1004,1000,6,1.5,0
16:26:22,5924.928,1004,1000,6,1.5,0
16:26:22,5925.137,1004,1000,6,1.5,0
16:26:23,5925.329,1004,1000,6,1.5,0
16:26:23,5925.522,1004,1000,6,1.5,0
16:26:23,5925.73,1004,1000,6,1.5,0
16:26:23,5925.922,1004,1000,6,1.5,0
16:26:23,5926.13,1004,1000,6,1.5,0
16:26:24,5926.321,1004,1000,6,1.5,0
16:26:24,5926.528,1004,1000,6,1.5,0
16:26:24,5926.719,1004,1000,6,1.5,0
16:26:24,5926.926,1004,1000,6,1.5,0
16:26:24,5927.119,1004,1000,6,1.5,0
16:26:25,5927.327,1004,1000,6,1.5,0
16:26:25,5927.518,1004,1000,6,1.5,0
16:26:25,5927.726,1004,1000,6,1.5,0
16:26:25,5927.917,1004,1000,6,1.5,0
16:26:25,5928.126,1004,1000,6,1.5,0
16:26:26,5928.317,1004,1000,6,1.5,0
16:26:26,5928.526,1004,1000,6,1.5,0
16:26:26,5928.718,1004,1000,6,1.5,0
16:26:26,5928.926,1004,1000,6,1.5,0
16:26:26,5929.117,1004,1000,6,1.5,0
16:26:27,5929.325,1004,1000,6,1.5,0
16:26:27,5929.517,1005,1000,6,1.4,0
16:26:27,5929.709,1005,1000,6,1.4,0
16:26:27,5929.916,1005,1000,6,1.4,0
16:26:27,5930.107,1005,1000,6,1.4,0
16:26:28,5930.313,1005,1000,6,1.4,0
16:26:28,5930.507,1005,1000,6,1.4,0
16:26:28,5930.714,1005,1000,6,1.4,0
16:26:28,5930.907,1005,1000,6,1.4,0
16:26:28,5931.114,1005,1000,6,1.4,0
16:26:29,5931.308,1005,1000,6,1.4,0
16:26:29,5931.513,1003,1000,6,1.4,0
16:26:29,5931.708,1003,1000,6,1.4,0
16:26:29,5931.912,1003,1000,6,1.4,0
16:26:29,5932.109,1004,1000,6,1.4,0
16:26:30,5932.31,1004,1000,6,1.4,0
16:26:30,5932.501,1004,1000,6,1.4,0
16:26:30,5932.711,1004,1000,6,1.4,0
16:26:30,5932.9,1004,1000,6,1.4,0
16:26:30,5933.108,1004,1000,6,1.4,0
16:26:31,5933.299,1004,1000,6,1.4,0
16:26:31,5933.507,1004,1000,6,1.4,0
16:26:31,5933.701,1004,1000,6,1.4,0
16:26:31,5933.904,1004,1000,6,1.4,0
16:26:31,5934.113,1004,1000,6,1.4,0
16:26:32,5934.303,1004,1000,6,1.4,0
16:26:32,5934.496,1004,1000,6,1.4,0
16:26:32,5934.704,1004,1000,6,1.4,0
16:26:32,5934.896,1004,1000,6,1.4,0
16:26:32,5935.105,1004,1000,6,1.4,0
16:26:33,5935.296,1005,1000,5,1.4,0
16:26:33,5935.503,1002,1000,5,1.4,0
16:26:33,5935.694,1001,1000,5,1.4,0
16:26:33,5935.902,1002,1000,5,1.4,0
16:26:33,5936.093,1002,1000,5,1.4,0
16:26:34,5936.3,1003,1000,5,1.4,0
16:26:34,5936.492,1003,1000,5,1.4,0
16:26:34,5936.7,1003,1000,5,1.4,0
16:26:34,5936.892,1004,1000,5,1.4,0
16:26:34,5937.099,1004,1000,5,1.4,0
16:26:35,5937.291,1004,1000,5,1.4,0
16:26:35,5937.498,1004,1000,5,1.4,0
16:26:35,5937.689,1004,1000,5,1.4,0
16:26:35,5937.896,1004,1000,5,1.4,0
16:26:35,5938.088,1004,1000,5,1.4,0
16:26:36,5938.296,1004,1000,5,1.4,0
16:26:36,5938.488,1004,1000,5,1.4,0
16:26:36,5938.696,1004,1000,5,1.4,0
16:26:36,5938.886,1004,1000,5,1.4,0
16:26:36,5939.095,1004,1000,5,1.4,0
16:26:37,5939.287,1004,1000,5,1.4,0
16:26:37,5939.494,1004,1000,5,1.4,0
16:26:37,5939.686,1004,1000,5,1.4,0
16:26:37,5939.894,1004,1000,5,1.4,0
16:26:37,5940.084,1004,1000,5,1.4,0
16:26:38,5940.292,1004,1000,5,1.4,0
16:26:38,5940.483,1004,1000,5,1.4,0
16:26:38,5940.691,1003,1000,5,1.4,0
16:26:38,5940.883,1003,1000,5,1.4,0
16:26:38,5941.083,1003,1000,5,1.4,0
16:26:39,5941.274,1003,1000,5,1.4,0
16:26:39,5941.482,1003,1000,5,1.4,0
16:26:39,5941.673,1003,1000,5,1.4,0
16:26:39,5941.882,1003,1000,5,1.4,0
16:26:39,5942.087,1003,1000,5,1.4,0
16:26:40,5942.279,1003,1000,5,1.4,0
16:26:40,5942.47,1003,1000,5,1.4,0
16:26:40,5942.677,1003,1000,5,1.4,0
16:26:40,5942.883,1003,1000,5,1.4,0
16:26:40,5943.074,1003,1000,5,1.4,0
16:26:41,5943.281,1003,1000,5,1.4,0
16:26:41,5943.471,1003,1000,5,1.4,0
16:26:41,5943.679,1003,1000,5,1.4,0
16:26:41,5943.87,1003,1000,5,1.4,0
16:26:41,5944.079,1003,1000,5,1.4,0
16:26:42,5944.27,1003,1000,5,1.4,0
16:26:42,5944.477,1003,1000,5,1.4,0
16:26:42,5944.669,1003,1000,5,1.4,0
16:26:42,5944.877,1003,1000,5,1.4,0
16:26:42,5945.068,1003,1000,5,1.4,0
16:26:43,5945.275,1003,1000,5,1.4,0
16:26:43,5945.467,1003,1000,5,1.4,0
16:26:43,5945.674,1003,1000,5,1.4,0
16:26:43,5945.866,1002,1000,5,1.4,0
16:26:43,5946.074,1002,1000,5,1.4,0
16:26:44,5946.266,1002,1000,5,1.4,0
16:26:44,5946.474,1002,1000,5,1.4,0
16:26:44,5946.666,1002,1000,5,1.4,0
16:26:44,5946.857,1002,1000,5,1.4,0
16:26:44,5947.065,1002,1000,5,1.4,0
16:26:45,5947.272,1002,1000,5,1.4,0
16:26:45,5947.463,1002,1000,5,1.4,0
16:26:45,5947.655,1001,1000,5,1.4,0
16:26:45,5947.863,1001,1000,5,1.4,0
16:26:45,5948.062,1000,1000,5,1.4,0
16:26:46,5948.253,1000,1000,5,1.4,0
16:26:46,5948.462,999,1000,5,1.4,0
16:26:46,5948.667,998,1000,5,1.4,0
16:26:46,5948.857,996,1000,5,1.4,0
16:26:46,5949.064,994,1000,6,1.5,0
16:26:47,5949.256,993,1000,6,1.5,0
16:26:47,5949.463,993,1000,6,1.5,0
16:26:47,5949.657,994,1000,6,1.5,0
16:26:47,5949.863,994,1000,6,1.5,0
16:26:47,5950.055,995,1000,6,1.5,0
16:26:48,5950.261,995,1000,6,1.5,0
16:26:48,5950.452,993,1000,6,1.6,0
16:26:48,5950.661,994,1000,6,1.6,0
16:26:48,5950.854,994,1000,6,1.6,0
16:26:48,5951.06,995,1000,6,1.5,0
16:26:49,5951.252,993,1000,6,1.6,0
16:26:49,5951.459,993,1000,6,1.6,0
16:26:49,5951.651,994,1000,6,1.6,0
16:26:49,5951.842,995,1000,6,1.5,0
16:26:49,5952.051,995,1000,6,1.5,0
16:26:50,5952.242,996,1000,6,1.5,0
16:26:50,5952.45,996,1000,6,1.5,0
16:26:50,5952.642,997,1000,6,1.5,0
16:26:50,5952.85,997,1000,6,1.5,0
16:26:50,5953.042,997,1000,6,1.5,0
16:26:51,5953.248,997,1000,6,1.5,0
16:26:51,5953.439,997,1000,6,1.5,0
16:26:51,5953.648,997,1000,6,1.5,0
16:26:51,5953.839,997,1000,6,1.5,0
16:26:51,5954.049,998,1000,6,1.5,0
16:26:52,5954.24,998,1000,6,1.5,0
16:26:52,5954.449,998,1000,6,1.5,0
16:26:52,5954.641,998,1000,6,1.5,0
16:26:52,5954.849,999,1000,6,1.5,0
16:26:52,5955.041,999,1000,6,1.5,0
16:26:53,5955.248,999,1000,6,1.5,0
16:26:53,5955.44,998,1000,6,1.5,0
16:26:53,5955.631,998,1000,6,1.5,0
16:26:53,5955.838,998,1000,6,1.5,0
16:26:53,5956.03,998,1000,6,1.5,0
16:26:54,5956.236,998,1000,6,1.5,0
16:26:54,5956.443,998,1000,6,1.5,0
16:26:54,5956.634,998,1000,6,1.5,0
16:26:54,5956.841,999,1000,6,1.5,0
16:26:54,5957.032,999,1000,6,1.5,0
16:26:55,5957.24,1001,1000,6,1.5,0
16:26:55,5957.431,1003,1000,6,1.5,0
16:26:55,5957.638,1005,1000,6,1.4,0
16:26:55,5957.829,1006,1000,6,1.4,0
16:26:55,5958.037,1005,1000,6,1.4,0
16:26:56,5958.227,1004,1000,6,1.5,0
16:26:56,5958.435,1004,1000,6,1.5,0
16:26:56,5958.628,1003,1000,6,1.5,0
16:26:56,5958.835,1003,1000,6,1.5,0
16:26:56,5959.026,1003,1000,6,1.5,0
16:26:57,5959.233,1002,1000,6,1.5,0
16:26:57,5959.425,1002,1000,6,1.5,0
16:26:57,5959.631,1002,1000,6,1.5,0
16:26:57,5959.823,1001,1000,6,1.5,0
16:26:57,5960.03,1001,1000,6,1.5,0
16:26:58,5960.221,1001,1000,6,1.5,0
16:26:58,5960.428,1001,1000,6,1.5,0
16:26:58,5960.62,1001,1000,6,1.5,0
16:26:58,5960.828,1001,1000,6,1.5,0
16:26:58,5961.02,1001,1000,6,1.5,0
16:26:59,5961.226,1001,1000,6,1.5,0
16:26:59,5961.417,1001,1000,6,1.5,0
16:26:59,5961.625,1001,1000,6,1.5,0
16:26:59,5961.816,1001,1000,6,1.5,0
16:26:59,5962.024,1001,1000,6,1.5,0
16:27:00,5962.216,1001,1000,6,1.5,0
16:27:00,5962.422,1001,1000,6,1.5,0
16:27:00,5962.614,1000,1000,6,1.5,0
16:27:00,5962.822,1000,1000,6,1.5,0
16:27:00,5963.014,1001,1000,6,1.5,0
16:27:01,5963.222,1001,1000,6,1.5,0
16:27:01,5963.412,1001,1000,6,1.5,0
16:27:01,5963.619,1001,1000,6,1.5,0
16:27:01,5963.81,1001,1000,6,1.5,0
16:27:01,5964.018,1000,1000,6,1.5,0
16:27:02,5964.211,1001,1000,6,1.5,0
16:27:02,5964.418,1001,1000,6,1.5,0
16:27:02,5964.609,1001,1000,6,1.5,0
16:27:02,5964.815,1001,1000,6,1.5,0
16:27:02,5965.007,1001,1000,6,1.5,0
16:27:03,5965.214,1001,1000,6,1.5,0
16:27:03,5965.405,1000,1000,6,1.5,0
16:27:03,5965.613,1000,1000,6,1.5,0
16:27:03,5965.805,1000,1000,6,1.5,0
16:27:03,5966.012,1000,1000,6,1.5,0
16:27:04,5966.204,1000,1000,6,1.5,0
16:27:04,5966.41,1000,1000,6,1.5,0
16:27:04,5966.602,1000,1000,6,1.5,0
16:27:04,5966.81,1000,1000,6,1.5,0
16:27:04,5967.002,1000,1000,6,1.5,0
16:27:05,5967.209,1000,1000,6,1.5,0
16:27:05,5967.399,1000,1000,6,1.5,0
16:27:05,5967.607,1000,1000,6,1.5,0
16:27:05,5967.799,1000,1000,6,1.5,0
16:27:05,5968.006,1000,1000,6,1.5,0
16:27:06,5968.199,1000,1000,6,1.5,0
16:27:06,5968.404,1000,1000,6,1.5,0
16:27:06,5968.596,999,1000,6,1.5,0
16:27:06,5968.804,999,1000,6,1.5,0
16:27:06,5968.995,999,1000,6,1.5,0
16:27:07,5969.202,998,1000,6,1.5,0
16:27:07,5969.394,998,1000,6,1.5,0
16:27:07,5969.602,998,1000,6,1.5,0
16:27:07,5969.794,998,1000,6,1.5,0
16:27:07,5970,998,1000,6,1.5,0
16:27:08,5970.191,998,1000,6,1.5,0
16:27:08,5970.4,998,1000,6,1.5,0
16:27:08,5970.592,998,1000,6,1.5,0
16:27:08,5970.8,998,1000,6,1.5,0
16:27:08,5970.993,998,1000,6,1.5,0
16:27:09,5971.185,998,1000,6,1.5,0
16:27:09,5971.393,998,1000,6,1.5,0
16:27:09,5971.584,998,1000,6,1.5,0
16:27:09,5971.792,998,1000,6,1.5,0
16:27:09,5971.982,998,1000,6,1.5,0
16:27:10,5972.19,998,1000,6,1.5,0
16:27:10,5972.38,998,1000,6,1.5,0
16:27:10,5972.587,998,1000,6,1.5,0
16:27:10,5972.779,998,1000,6,1.5,0
16:27:10,5972.986,998,1000,6,1.5,0
16:27:11,5973.178,998,1000,6,1.5,0
16:27:11,5973.385,998,1000,6,1.5,0
16:27:11,5973.577,998,1000,6,1.5,0
16:27:11,5973.785,998,1000,6,1.5,0
16:27:11,5973.976,998,1000,6,1.5,0
16:27:12,5974.185,998,1000,6,1.5,0
16:27:12,5974.375,998,1000,6,1.5,0
16:27:12,5974.582,998,1000,6,1.5,0
16:27:12,5974.774,998,1000,6,1.5,0
16:27:12,5974.981,997,1000,6,1.5,0
16:27:13,5975.173,997,1000,6,1.5,0
16:27:13,5975.38,997,1000,6,1.5,0
16:27:13,5975.572,997,1000,6,1.5,0
16:27:13,5975.78,997,1000,6,1.5,0
16:27:13,5975.972,996,1000,6,1.5,0
16:27:14,5976.179,996,1000,6,1.5,0
16:27:14,5976.37,996,1000,6,1.5,0
16:27:14,5976.578,996,1000,6,1.5,0
16:27:14,5976.77,996,1000,6,1.5,0
16:27:14,5976.978,996,1000,6,1.5,0
16:27:15,5977.173,996,1000,6,1.5,0
16:27:15,5977.378,996,1000,6,1.5,0
16:27:15,5977.569,996,1000,6,1.5,0
16:27:15,5977.777,996,1000,6,1.5,0
16:27:15,5977.969,996,1000,6,1.5,0
16:27:16,5978.175,996,1000,6,1.5,0
16:27:16,5978.368,996,1000,6,1.5,0
16:27:16,5978.574,996,1000,6,1.5,0
16:27:16,5978.764,996,1000,6,1.5,0
16:27:16,5978.971,996,1000,6,1.5,0
16:27:17,5979.161,996,1000,6,1.5,0
16:27:17,5979.37,996,1000,6,1.5,0
16:27:17,5979.561,996,1000,6,1.5,0
16:27:17,5979.767,996,1000,6,1.5,0
16:27:17,5979.957,997,1000,6,1.5,0
16:27:18,5980.164,997,1000,6,1.5,0
16:27:18,5980.37,997,1000,6,1.5,0
16:27:18,5980.562,997,1000,6,1.5,0
16:27:18,5980.754,997,1000,6,1.5,0
16:27:18,5980.962,997,1000,6,1.5,0
16:27:19,5981.16,997,1000,6,1.5,0
16:27:19,5981.361,997,1000,6,1.5,0
16:27:19,5981.568,995,1000,6,1.5,0
16:27:19,5981.759,994,1000,6,1.6,0
16:27:19,5981.959,995,1000,6,1.5,0
16:27:20,5982.162,996,1000,6,1.5,0
16:27:20,5982.351,996,1000,6,1.5,0
16:27:20,5982.559,996,1000,6,1.5,0
16:27:20,5982.75,997,1000,6,1.5,0
16:27:20,5982.958,997,1000,6,1.5,0
16:27:20,5983.156,997,1000,6,1.5,0
16:27:21,5983.356,998,1000,6,1.5,0
16:27:21,5983.548,998,1000,6,1.5,0
16:27:21,5983.756,998,1000,6,1.5,0
16:27:21,5983.947,998,1000,6,1.5,0
16:27:21,5984.155,998,1000,6,1.5,0
16:27:22,5984.347,998,1000,6,1.5,0
16:27:22,5984.554,997,1000,6,1.5,0
16:27:22,5984.747,997,1000,6,1.5,0
16:27:22,5984.954,997,1000,6,1.5,0
16:27:22,5985.145,997,1000,6,1.5,0
16:27:23,5985.353,997,1000,6,1.5,0
16:27:23,5985.546,997,1000,6,1.5,0
16:27:23,5985.754,997,1000,6,1.5,0
16:27:23,5985.946,997,1000,6,1.5,0
16:27:23,5986.153,997,1000,6,1.5,0
16:27:24,5986.343,998,1000,6,1.5,0
16:27:24,5986.55,998,1000,6,1.5,0
16:27:24,5986.742,998,1000,6,1.5,0
16:27:24,5986.95,998,1000,6,1.5,0
16:27:24,5987.14,998,1000,6,1.5,0
16:27:25,5987.347,997,1000,6,1.5,0
16:27:25,5987.538,997,1000,6,1.5,0
16:27:25,5987.746,997,1000,6,1.5,0
16:27:25,5987.938,997,1000,6,1.5,0
16:27:25,5988.145,997,1000,6,1.5,0
16:27:26,5988.336,997,1000,6,1.5,0
16:27:26,5988.543,997,1000,6,1.5,0
16:27:26,5988.735,997,1000,6,1.5,0
16:27:26,5988.943,997,1000,6,1.5,0
16:27:26,5989.136,996,1000,6,1.5,0
16:27:27,5989.342,996,1000,6,1.5,0
16:27:27,5989.533,995,1000,6,1.5,0
16:27:27,5989.741,994,1000,6,1.6,0
16:27:27,5989.934,996,1000,6,1.5,0
16:27:27,5990.126,996,1000,6,1.5,0
16:27:28,5990.335,996,1000,6,1.5,0
16:27:28,5990.525,996,1000,6,1.5,0
16:27:28,5990.732,996,1000,6,1.5,0
16:27:28,5990.927,996,1000,6,1.5,0
16:27:28,5991.133,996,1000,6,1.5,0
16:27:29,5991.324,996,1000,6,1.5,0
16:27:29,5991.533,996,1000,6,1.5,0
16:27:29,5991.725,996,1000,6,1.5,0
16:27:29,5991.933,996,1000,6,1.5,0
16:27:29,5992.124,996,1000,6,1.5,0
16:27:30,5992.333,996,1000,6,1.5,0
16:27:30,5992.522,996,1000,6,1.5,0
16:27:30,5992.73,996,1000,6,1.5,0
16:27:30,5992.922,995,1000,6,1.5,0
16:27:30,5993.13,995,1000,6,1.5,0
16:27:31,5993.322,995,1000,6,1.5,0
16:27:31,5993.529,995,1000,6,1.5,0
16:27:31,5993.719,995,1000,6,1.5,0
16:27:31,5993.926,995,1000,6,1.5,0
16:27:31,5994.118,995,1000,6,1.5,0
16:27:32,5994.326,995,1000,6,1.5,0
16:27:32,5994.518,995,1000,6,1.5,0
16:27:32,5994.726,995,1000,6,1.5,0
16:27:32,5994.917,995,1000,6,1.5,0
16:27:32,5995.109,995,1000,6,1.5,0
16:27:33,5995.316,995,1000,6,1.5,0
16:27:33,5995.523,995,1000,6,1.5,0
16:27:33,5995.714,995,1000,6,1.5,0
16:27:33,5995.922,995,1000,6,1.5,0
16:27:33,5996.113,995,1000,6,1.5,0
16:27:34,5996.321,995,1000,6,1.5,0
16:27:34,5996.513,995,1000,6,1.5,0
16:27:34,5996.705,995,1000,6,1.5,0
16:27:34,5996.912,995,1000,6,1.5,0
16:27:34,5997.104,995,1000,6,1.5,0
16:27:35,5997.311,994,1000,6,1.6,0
16:27:35,5997.517,997,1000,6,1.5,0
16:27:35,5997.71,999,1000,6,1.5,0
16:27:35,5997.901,1001,1000,6,1.5,0
16:27:35,5998.109,1003,1000,6,1.5,0
16:27:36,5998.301,1004,1000,6,1.5,0
16:27:36,5998.509,1005,1000,6,1.4,0
16:27:36,5998.701,1003,1000,6,1.5,0
16:27:36,5998.909,1002,1000,6,1.5,0
16:27:36,5999.102,1000,1000,6,1.5,0
16:27:37,5999.309,999,1000,6,1.5,0
16:27:37,5999.501,998,1000,6,1.5,0
16:27:37,5999.709,996,1000,6,1.5,0
16:27:37,5999.9,996,1000,6,1.5,0
16:27:37,6000.108,995,1000,6,1.5,0
16:27:38,6000.299,995,1000,6,1.5,0
16:27:38,6000.507,994,1000,6,1.6,0
16:27:38,6000.7,996,1000,6,1.5,0
16:27:38,6000.908,998,1000,6,1.5,0
16:27:38,6001.1,1000,1000,6,1.5,0
16:27:39,6001.306,1002,1000,6,1.5,0
16:27:39,6001.498,1003,1000,6,1.5,0
16:27:39,6001.705,1004,1000,6,1.5,0
16:27:39,6001.897,1005,1000,6,1.4,0
16:27:39,6002.104,1003,1000,6,1.5,0
16:27:40,6002.294,1002,1000,6,1.5,0
16:27:40,6002.502,1000,1000,6,1.5,0
16:27:40,6002.693,999,1000,6,1.5,0
16:27:40,6002.898,998,1000,6,1.5,0
16:27:40,6003.092,997,1000,6,1.5,0
16:27:41,6003.297,996,1000,6,1.5,0
16:27:41,6003.488,996,1000,6,1.5,0
16:27:41,6003.696,995,1000,6,1.5,0
16:27:41,6003.888,995,1000,6,1.5,0
16:27:41,6004.095,994,1000,6,1.6,0
16:27:42,6004.286,997,1000,6,1.5,0
16:27:42,6004.493,999,1000,6,1.5,0
16:27:42,6004.684,1001,1000,6,1.5,0
16:27:42,6004.892,1002,1000,6,1.5,0
16:27:42,6005.084,1004,1000,6,1.5,0
16:27:43,6005.291,1004,1000,6,1.5,0
16:27:43,6005.484,1005,1000,6,1.4,0
16:27:43,6005.69,1004,1000,6,1.5,0
16:27:43,6005.883,1002,1000,6,1.5,0
16:27:43,6006.09,1001,1000,6,1.5,0
16:27:44,6006.28,999,1000,6,1.5,0
16:27:44,6006.488,998,1000,6,1.5,0
16:27:44,6006.679,997,1000,6,1.5,0
16:27:44,6006.888,997,1000,6,1.5,0
16:27:44,6007.079,996,1000,6,1.5,0
16:27:45,6007.287,996,1000,6,1.5,0
16:27:45,6007.478,996,1000,6,1.5,0
16:27:45,6007.685,996,1000,6,1.5,0
16:27:45,6007.877,995,1000,6,1.5,0
16:27:45,6008.086,995,1000,6,1.5,0
16:27:46,6008.278,995,1000,6,1.5,0
16:27:46,6008.488,995,1000,6,1.5,0
16:27:46,6008.677,995,1000,6,1.5,0
16:27:46,6008.871,995,1000,6,1.5,0
16:27:46,6009.076,995,1000,6,1.5,0
16:27:47,6009.282,995,1000,6,1.5,0
16:27:47,6009.474,995,1000,6,1.5,0
16:27:47,6009.681,995,1000,6,1.5,0
16:27:47,6009.873,995,1000,6,1.5,0
16:27:47,6010.079,995,1000,6,1.5,0
16:27:48,6010.269,995,1000,6,1.5,0
16:27:48,6010.478,995,1000,6,1.5,0
16:27:48,6010.668,995,1000,6,1.5,0
16:27:48,6010.875,995,1000,6,1.5,0
16:27:48,6011.067,995,1000,6,1.5,0
16:27:49,6011.274,994,1000,6,1.6,0
16:27:49,6011.464,997,1000,6,1.5,0
16:27:49,6011.673,999,1000,6,1.5,0
16:27:49,6011.864,1001,1000,6,1.5,0
16:27:49,6012.072,1003,1000,6,1.5,0
16:27:50,6012.263,1004,1000,6,1.5,0
16:27:50,6012.47,1005,1000,6,1.4,0
16:27:50,6012.66,1003,1000,6,1.5,0
16:27:50,6012.867,1002,1000,6,1.5,0
16:27:50,6013.058,1000,1000,6,1.5,0
16:27:51,6013.265,999,1000,6,1.5,0
16:27:51,6013.456,999,1000,6,1.5,0
16:27:51,6013.663,998,1000,6,1.5,0
16:27:51,6013.87,997,1000,6,1.5,0
16:27:51,6014.059,997,1000,6,1.5,0
16:27:52,6014.266,996,1000,6,1.5,0
16:27:52,6014.457,996,1000,6,1.5,0
16:27:52,6014.665,996,1000,6,1.5,0
16:27:52,6014.863,996,1000,6,1.5,0
16:27:52,6015.054,996,1000,6,1.5,0
16:27:53,6015.26,996,1000,6,1.5,0
16:27:53,6015.452,996,1000,6,1.5,0
16:27:53,6015.659,996,1000,6,1.5,0
16:27:53,6015.85,996,1000,6,1.5,0
16:27:53,6016.057,996,1000,6,1.5,0
16:27:54,6016.248,996,1000,6,1.5,0
16:27:54,6016.455,996,1000,6,1.5,0
16:27:54,6016.661,996,1000,6,1.5,0
16:27:54,6016.853,996,1000,6,1.5,0
16:27:54,6017.061,996,1000,6,1.5,0
16:27:55,6017.251,996,1000,6,1.5,0
16:27:55,6017.456,996,1000,6,1.5,0
16:27:55,6017.648,996,1000,6,1.5,0
16:27:55,6017.855,996,1000,6,1.5,0
16:27:55,6018.048,996,1000,6,1.5,0
16:27:56,6018.256,996,1000,6,1.5,0
16:27:56,6018.447,996,1000,6,1.5,0
16:27:56,6018.655,996,1000,6,1.5,0
16:27:56,6018.847,996,1000,6,1.5,0
16:27:56,6019.055,996,1000,6,1.5,0
16:27:57,6019.246,996,1000,6,1.5,0
16:27:57,6019.438,996,1000,6,1.5,0
16:27:57,6019.646,996,1000,6,1.5,0
16:27:57,6019.838,996,1000,6,1.5,0
16:27:57,6020.046,996,1000,6,1.5,0
16:27:58,6020.237,996,1000,6,1.5,0
16:27:58,6020.445,996,1000,6,1.5,0
16:27:58,6020.635,995,1000,6,1.5,0
16:27:58,6020.843,995,1000,6,1.5,0
16:27:58,6021.035,995,1000,6,1.5,0
16:27:59,6021.243,995,1000,6,1.5,0
16:27:59,6021.434,995,1000,6,1.5,0
16:27:59,6021.642,995,1000,6,1.5,0
16:27:59,6021.834,995,1000,6,1.5,0
16:27:59,6022.042,995,1000,6,1.5,0
16:28:00,6022.234,995,1000,6,1.5,0
16:28:00,6022.44,995,1000,6,1.5,0
16:28:00,6022.632,995,1000,6,1.5,0
16:28:00,6022.839,995,1000,6,1.5,0
16:28:00,6023.031,995,1000,6,1.5,0
16:28:01,6023.238,995,1000,6,1.5,0
16:28:01,6023.429,995,1000,6,1.5,0
16:28:01,6023.638,995,1000,6,1.5,0
16:28:01,6023.828,995,1000,6,1.5,0
16:28:01,6024.036,995,1000,6,1.5,0
16:28:02,6024.228,996,1000,6,1.5,0
16:28:02,6024.436,996,1000,6,1.5,0
16:28:02,6024.627,996,1000,6,1.5,0
16:28:02,6024.836,996,1000,6,1.5,0
16:28:02,6025.028,996,1000,6,1.5,0
16:28:03,6025.236,996,1000,6,1.5,0
16:28:03,6025.431,996,1000,6,1.5,0
16:28:03,6025.62,996,1000,6,1.5,0
16:28:03,6025.828,996,1000,6,1.5,0
16:28:03,6026.02,996,1000,6,1.5,0
16:28:04,6026.228,996,1000,6,1.5,0
16:28:04,6026.42,996,1000,6,1.5,0
16:28:04,6026.627,996,1000,6,1.5,0
16:28:04,6026.819,996,1000,6,1.5,0
16:28:04,6027.027,996,1000,6,1.5,0
16:28:05,6027.217,996,1000,6,1.5,0
16:28:05,6027.425,996,1000,6,1.5,0
16:28:05,6027.617,996,1000,6,1.5,0
16:28:05,6027.824,996,1000,6,1.5,0
16:28:05,6028.019,996,1000,6,1.5,0
16:28:06,6028.222,996,1000,6,1.5,0
16:28:06,6028.414,996,1000,6,1.5,0
16:28:06,6028.622,996,1000,6,1.5,0
16:28:06,6028.813,996,1000,6,1.5,0
16:28:06,6029.02,996,1000,6,1.5,0
16:28:07,6029.212,997,1000,6,1.5,0
16:28:07,6029.42,997,1000,6,1.5,0
16:28:07,6029.613,997,1000,6,1.5,0
16:28:07,6029.821,997,1000,6,1.5,0
16:28:07,6030.013,997,1000,6,1.5,0
16:28:08,6030.221,997,1000,6,1.5,0
16:28:08,6030.412,997,1000,6,1.5,0
16:28:08,6030.605,997,1000,6,1.5,0
16:28:08,6030.813,997,1000,6,1.5,0
16:28:08,6031.003,997,1000,6,1.5,0
16:28:09,6031.21,997,1000,6,1.5,0
16:28:09,6031.417,997,1000,6,1.5,0
16:28:09,6031.61,997,1000,6,1.5,0
16:28:09,6031.817,997,1000,6,1.5,0
16:28:09,6032.007,997,1000,6,1.5,0
16:28:10,6032.213,997,1000,6,1.5,0
16:28:10,6032.404,997,1000,6,1.5,0
16:28:10,6032.612,997,1000,6,1.5,0
16:28:10,6032.802,996,1000,6,1.5,0
16:28:10,6033.009,996,1000,6,1.5,0
16:28:11,6033.203,996,1000,6,1.5,0
16:28:11,6033.408,996,1000,6,1.5,0
16:28:11,6033.6,996,1000,6,1.5,0
16:28:11,6033.807,996,1000,6,1.5,0
16:28:11,6033.999,996,1000,6,1.5,0
16:28:12,6034.206,996,1000,6,1.5,0
16:28:12,6034.398,996,1000,6,1.5,0
16:28:12,6034.606,996,1000,6,1.5,0
16:28:12,6034.798,996,1000,6,1.5,0
16:28:12,6035.005,996,1000,6,1.5,0
16:28:13,6035.197,996,1000,6,1.5,0
16:28:13,6035.404,996,1000,6,1.5,0
16:28:13,6035.595,996,1000,6,1.5,0
16:28:13,6035.802,996,1000,6,1.5,0
16:28:13,6035.994,996,1000,6,1.5,0
16:28:14,6036.202,996,1000,6,1.5,0
16:28:14,6036.394,996,1000,6,1.5,0
16:28:14,6036.601,996,1000,6,1.5,0
16:28:14,6036.793,996,1000,6,1.5,0
16:28:14,6037.001,996,1000,6,1.5,0
16:28:15,6037.193,996,1000,6,1.5,0
16:28:15,6037.385,996,1000,6,1.5,0
16:28:15,6037.592,997,1000,6,1.5,0
16:28:15,6037.784,997,1000,6,1.5,0
16:28:15,6037.992,997,1000,6,1.5,0
16:28:16,6038.184,997,1000,6,1.5,0
16:28:16,6038.39,997,1000,6,1.5,0
16:28:16,6038.581,997,1000,6,1.5,0
16:28:16,6038.788,996,1000,6,1.5,0
16:28:16,6038.98,997,1000,6,1.5,0
16:28:17,6039.188,997,1000,6,1.5,0
16:28:17,6039.38,996,1000,6,1.5,0
16:28:17,6039.586,997,1000,6,1.5,0
16:28:17,6039.777,997,1000,6,1.5,0
16:28:17,6039.985,997,1000,6,1.5,0
16:28:18,6040.176,997,1000,6,1.5,0
16:28:18,6040.383,997,1000,6,1.5,0
16:28:18,6040.576,997,1000,6,1.5,0
16:28:18,6040.783,997,1000,6,1.5,0
16:28:18,6040.976,997,1000,6,1.5,0
16:28:19,6041.181,997,1000,6,1.5,0
16:28:19,6041.372,997,1000,6,1.5,0
16:28:19,6041.58,997,1000,6,1.5,0
16:28:19,6041.771,997,1000,6,1.5,0
16:28:19,6041.977,997,1000,6,1.5,0
16:28:20,6042.169,997,1000,6,1.5,0
16:28:20,6042.375,997,1000,6,1.5,0
16:28:20,6042.583,997,1000,6,1.5,0
16:28:20,6042.774,997,1000,6,1.5,0
16:28:20,6042.966,997,1000,6,1.5,0
16:28:21,6043.172,997,1000,6,1.5,0
16:28:21,6043.379,997,1000,6,1.5,0
16:28:21,6043.572,997,1000,6,1.5,0
16:28:21,6043.779,997,1000,6,1.5,0
16:28:21,6043.97,997,1000,6,1.5,0
16:28:22,6044.177,997,1000,6,1.5,0
16:28:22,6044.37,997,1000,6,1.5,0
16:28:22,6044.578,997,1000,6,1.5,0
16:28:22,6044.769,997,1000,6,1.5,0
16:28:22,6044.961,997,1000,6,1.5,0
16:28:23,6045.168,996,1000,6,1.5,0
16:28:23,6045.36,997,1000,6,1.5,0
16:28:23,6045.567,997,1000,6,1.5,0
16:28:23,6045.773,997,1000,6,1.5,0
16:28:23,6045.964,997,1000,6,1.5,0
16:28:24,6046.17,997,1000,6,1.5,0
16:28:24,6046.361,997,1000,6,1.5,0
16:28:24,6046.567,997,1000,6,1.5,0
16:28:24,6046.758,997,1000,6,1.5,0
16:28:24,6046.967,997,1000,6,1.5,0
16:28:25,6047.16,997,1000,6,1.5,0
16:28:25,6047.359,997,1000,6,1.5,0
16:28:25,6047.557,997,1000,6,1.5,0
16:28:25,6047.765,997,1000,6,1.5,0
16:28:25,6047.956,997,1000,6,1.5,0
16:28:26,6048.164,997,1000,6,1.5,0
16:28:26,6048.355,997,1000,6,1.5,0
16:28:26,6048.562,997,1000,6,1.5,0
16:28:26,6048.755,997,1000,6,1.5,0
16:28:26,6048.961,997,1000,6,1.5,0
16:28:26,6049.153,997,1000,6,1.5,0
16:28:27,6049.361,997,1000,6,1.5,0
16:28:27,6049.551,997,1000,6,1.5,0
16:28:27,6049.76,997,1000,6,1.5,0
16:28:27,6049.952,997,1000,6,1.5,0
16:28:28,6050.16,997,1000,6,1.5,0
16:28:28,6050.351,997,1000,6,1.5,0
16:28:28,6050.559,997,1000,6,1.5,0
16:28:28,6050.751,998,1000,6,1.5,0
16:28:28,6050.943,998,1000,6,1.5,0
16:28:28,6051.15,998,1000,6,1.5,0
16:28:29,6051.357,998,1000,6,1.5,0
16:28:29,6051.549,998,1000,6,1.5,0
16:28:29,6051.741,998,1000,6,1.5,0
16:28:29,6051.949,998,1000,6,1.5,0
16:28:29,6052.14,998,1000,6,1.5,0
16:28:30,6052.348,999,1000,6,1.5,0
16:28:30,6052.539,999,1000,6,1.5,0
16:28:30,6052.746,999,1000,6,1.5,0
16:28:30,6052.937,999,1000,6,1.5,0
16:28:30,6053.146,999,1000,6,1.5,0
16:28:31,6053.337,999,1000,6,1.5,0
16:28:31,6053.544,999,1000,6,1.5,0
16:28:31,6053.737,999,1000,6,1.5,0
16:28:31,6053.945,999,1000,6,1.5,0
16:28:31,6054.137,999,1000,6,1.5,0
16:28:32,6054.345,999,1000,6,1.5,0
16:28:32,6054.537,999,1000,6,1.5,0
16:28:32,6054.746,999,1000,6,1.5,0
16:28:32,6054.938,999,1000,6,1.5,0
16:28:32,6055.146,999,1000,6,1.5,0
16:28:33,6055.338,999,1000,6,1.5,0
16:28:33,6055.53,999,1000,6,1.5,0
16:28:33,6055.738,999,1000,6,1.5,0
16:28:33,6055.928,999,1000,6,1.5,0
16:28:33,6056.137,999,1000,6,1.5,0
16:28:34,6056.329,999,1000,6,1.5,0
16:28:34,6056.538,999,1000,6,1.5,0
16:28:34,6056.731,999,1000,6,1.5,0
16:28:34,6056.939,999,1000,6,1.5,0
16:28:34,6057.13,999,1000,6,1.5,0
16:28:35,6057.338,999,1000,6,1.5,0
16:28:35,6057.529,999,1000,6,1.5,0
16:28:35,6057.737,999,1000,6,1.5,0
16:28:35,6057.928,999,1000,6,1.5,0
16:28:35,6058.136,999,1000,6,1.5,0
16:28:36,6058.327,999,1000,6,1.5,0
16:28:36,6058.535,999,1000,6,1.5,0
16:28:36,6058.728,999,1000,6,1.5,0
16:28:36,6058.934,999,1000,6,1.5,0
16:28:36,6059.126,999,1000,6,1.5,0
16:28:37,6059.333,999,1000,6,1.5,0
16:28:37,6059.526,999,1000,6,1.5,0
16:28:37,6059.733,999,1000,6,1.5,0
16:28:37,6059.925,999,1000,6,1.5,0
16:28:37,6060.116,999,1000,6,1.5,0
16:28:38,6060.321,999,1000,6,1.5,0
16:28:38,6060.529,999,1000,6,1.5,0
16:28:38,6060.721,999,1000,6,1.5,0
16:28:38,6060.929,999,1000,6,1.5,0
16:28:38,6061.121,999,1000,6,1.5,0
16:28:39,6061.328,999,1000,6,1.5,0
16:28:39,6061.52,999,1000,6,1.5,0
16:28:39,6061.712,999,1000,6,1.5,0
16:28:39,6061.919,999,1000,6,1.5,0
16:28:39,6062.115,999,1000,6,1.5,0
16:28:40,6062.313,999,1000,6,1.5,0
16:28:40,6062.519,999,1000,6,1.5,0
16:28:40,6062.71,999,1000,6,1.5,0
16:28:40,6062.916,1000,1000,6,1.5,0
16:28:40,6063.107,1000,1000,6,1.5,0
16:28:41,6063.314,1000,1000,6,1.5,0
16:28:41,6063.521,1000,1000,6,1.5,0
16:28:41,6063.712,1000,1000,6,1.5,0
16:28:41,6063.92,1000,1000,6,1.5,0
16:28:41,6064.112,1000,1000,6,1.5,0
16:28:42,6064.319,1000,1000,6,1.5,0
16:28:42,6064.513,1001,1000,6,1.5,0
16:28:42,6064.704,1001,1000,6,1.5,0
16:28:42,6064.912,1001,1000,6,1.5,0
16:28:42,6065.104,1001,1000,6,1.5,0
16:28:43,6065.311,1001,1000,6,1.5,0
16:28:43,6065.501,1001,1000,6,1.5,0
16:28:43,6065.708,1001,1000,6,1.5,0
16:28:43,6065.914,1001,1000,6,1.5,0
16:28:43,6066.106,1001,1000,6,1.5,0
16:28:44,6066.313,1001,1000,6,1.5,0
16:28:44,6066.505,1001,1000,6,1.5,0
16:28:44,6066.713,1001,1000,6,1.5,0
16:28:44,6066.904,1001,1000,6,1.5,0
16:28:44,6067.112,1001,1000,6,1.5,0
16:28:45,6067.303,1001,1000,6,1.5,0
16:28:45,6067.511,1001,1000,6,1.5,0
16:28:45,6067.703,1001,1000,6,1.5,0
16:28:45,6067.898,1002,1000,6,1.5,0
16:28:45,6068.103,1002,1000,6,1.5,0
16:28:46,6068.298,1002,1000,6,1.5,0
16:28:46,6068.501,1002,1000,6,1.5,0
16:28:46,6068.699,1002,1000,6,1.5,0
16:28:46,6068.901,1002,1000,6,1.5,0
16:28:46,6069.093,1003,1000,6,1.5,0
16:28:47,6069.301,1003,1000,6,1.5,0
16:28:47,6069.494,1003,1000,6,1.5,0
16:28:47,6069.701,1003,1000,6,1.5,0
16:28:47,6069.894,1003,1000,6,1.5,0
16:28:47,6070.099,1003,1000,6,1.5,0
16:28:48,6070.289,1003,1000,6,1.5,0
16:28:48,6070.497,1003,1000,6,1.5,0
16:28:48,6070.688,1003,1000,6,1.5,0
16:28:48,6070.895,1003,1000,6,1.5,0
16:28:48,6071.087,1004,1000,6,1.5,0
16:28:49,6071.296,1004,1000,6,1.5,0
16:28:49,6071.486,1004,1000,6,1.5,0
16:28:49,6071.694,1004,1000,6,1.5,0
16:28:49,6071.886,1004,1000,6,1.5,0
16:28:49,6072.094,1004,1000,6,1.5,0
16:28:50,6072.284,1004,1000,6,1.5,0
16:28:50,6072.491,1004,1000,6,1.5,0
16:28:50,6072.682,1004,1000,6,1.5,0
16:28:50,6072.889,1004,1000,6,1.5,0
16:28:50,6073.092,1004,1000,6,1.5,0
16:28:51,6073.286,1004,1000,6,1.5,0
16:28:51,6073.487,1004,1000,6,1.5,0
16:28:51,6073.691,1004,1000,6,1.5,0
16:28:51,6073.879,1005,1000,6,1.4,0
16:28:51,6074.087,1005,1000,6,1.4,0
16:28:52,6074.279,1005,1000,6,1.4,0
16:28:52,6074.487,1005,1000,6,1.4,0
16:28:52,6074.679,1005,1000,6,1.4,0
16:28:52,6074.886,1005,1000,6,1.4,0
16:28:52,6075.077,1005,1000,6,1.4,0
16:28:53,6075.286,1005,1000,6,1.4,0
16:28:53,6075.477,1006,1000,6,1.4,0
16:28:53,6075.685,1004,1000,6,1.4,0
16:28:53,6075.876,1004,1000,6,1.4,0
16:28:53,6076.083,1005,1000,6,1.4,0
16:28:54,6076.276,1003,1000,6,1.4,0
16:28:54,6076.483,1003,1000,6,1.4,0
16:28:54,6076.674,1004,1000,6,1.4,0
16:28:54,6076.882,1004,1000,6,1.4,0
16:28:54,6077.073,1004,1000,6,1.4,0
16:28:55,6077.28,1004,1000,6,1.4,0
16:28:55,6077.471,1005,1000,5,1.4,0
16:28:55,6077.678,1004,1000,5,1.4,0
16:28:55,6077.869,1004,1000,5,1.4,0
16:28:55,6078.077,1004,1000,5,1.4,0
16:28:56,6078.267,1005,1000,5,1.4,0
16:28:56,6078.476,1003,1000,5,1.4,0
16:28:56,6078.668,1004,1000,5,1.4,0
16:28:56,6078.874,1004,1000,5,1.4,0
16:28:56,6079.064,1005,1000,5,1.4,0
16:28:57,6079.271,1003,1000,5,1.4,0
16:28:57,6079.463,1002,1000,5,1.4,0
16:28:57,6079.671,1003,1000,5,1.4,0
16:28:57,6079.861,1004,1000,5,1.4,0
16:28:57,6080.069,1004,1000,5,1.4,0
16:28:58,6080.261,1005,1000,5,1.4,0
16:28:58,6080.47,1003,1000,5,1.4,0
16:28:58,6080.661,1003,1000,5,1.4,0
16:28:58,6080.868,1004,1000,5,1.4,0
16:28:58,6081.06,1004,1000,5,1.4,0
16:28:59,6081.267,1005,1000,5,1.3,0
16:28:59,6081.458,1004,1000,5,1.4,0
16:28:59,6081.665,1003,1000,5,1.4,0
16:28:59,6081.857,1004,1000,5,1.4,0
16:28:59,6082.066,1005,1000,5,1.3,0
16:29:00,6082.257,1005,1000,5,1.3,0
16:29:00,6082.464,1003,1000,5,1.4,0
16:29:00,6082.656,1004,1000,5,1.4,0
16:29:00,6082.863,1005,1000,5,1.3,0
16:29:00,6083.055,1004,1000,5,1.4,0
16:29:01,6083.263,1005,1000,5,1.3,0
16:29:01,6083.454,1004,1000,5,1.4,0
16:29:01,6083.662,1005,1000,5,1.3,0
16:29:01,6083.855,1004,1000,5,1.4,0
16:29:01,6084.061,1003,1000,5,1.4,0
16:29:02,6084.252,1002,1000,5,1.4,0
16:29:02,6084.46,1001,1000,5,1.4,0
16:29:02,6084.652,1000,1000,5,1.4,0
16:29:02,6084.859,999,1000,5,1.4,0
16:29:02,6085.051,998,1000,5,1.4,0
16:29:03,6085.257,997,1000,5,1.4,0
16:29:03,6085.449,997,1000,5,1.4,0
16:29:03,6085.656,996,1000,5,1.4,0
16:29:03,6085.848,996,1000,5,1.4,0
16:29:03,6086.049,996,1000,5,1.4,0
16:29:04,6086.241,995,1000,5,1.4,0
16:29:04,6086.447,995,1000,5,1.4,0
16:29:04,6086.655,995,1000,5,1.4,0
16:29:04,6086.846,995,1000,5,1.4,0
16:29:04,6087.054,994,1000,5,1.4,0
16:29:05,6087.245,995,1000,5,1.4,0
16:29:05,6087.438,997,1000,5,1.4,0
16:29:05,6087.647,999,1000,5,1.4,0
16:29:05,6087.839,1001,1000,5,1.4,0
16:29:05,6088.046,1002,1000,5,1.4,0
16:29:06,6088.242,1003,1000,5,1.4,0
16:29:06,6088.446,1004,1000,5,1.4,0
16:29:06,6088.638,1005,1000,5,1.3,0
16:29:06,6088.846,1003,1000,5,1.4,0
16:29:06,6089.038,1002,1000,5,1.4,0
16:29:07,6089.246,1001,1000,5,1.4,0
16:29:07,6089.438,1000,1000,5,1.4,0
16:29:07,6089.645,999,1000,5,1.4,0
16:29:07,6089.838,998,1000,5,1.4,0
16:29:07,6090.044,998,1000,5,1.4,0
16:29:08,6090.235,997,1000,5,1.4,0
16:29:08,6090.443,997,1000,5,1.4,0
16:29:08,6090.635,997,1000,5,1.4,0
16:29:08,6090.842,997,1000,5,1.4,0
16:29:08,6091.034,997,1000,5,1.4,0
16:29:09,6091.241,997,1000,5,1.4,0
16:29:09,6091.433,997,1000,5,1.4,0
16:29:09,6091.641,997,1000,5,1.4,0
16:29:09,6091.831,997,1000,5,1.4,0
16:29:09,6092.04,997,1000,5,1.4,0
16:29:10,6092.228,997,1000,5,1.4,0
16:29:10,6092.435,997,1000,5,1.4,0
16:29:10,6092.627,997,1000,5,1.4,0
16:29:10,6092.834,997,1000,5,1.4,0
16:29:10,6093.025,997,1000,5,1.4,0
16:29:11,6093.232,997,1000,5,1.4,0
16:29:11,6093.423,998,1000,5,1.4,0
16:29:11,6093.631,998,1000,5,1.4,0
16:29:11,6093.822,998,1000,5,1.4,0
16:29:11,6094.028,998,1000,5,1.4,0
16:29:12,6094.218,998,1000,5,1.4,0
16:29:12,6094.426,998,1000,5,1.4,0
16:29:12,6094.617,998,1000,5,1.4,0
16:29:12,6094.825,998,1000,5,1.4,0
16:29:12,6095.017,999,1000,5,1.4,0
16:29:13,6095.225,999,1000,5,1.4,0
16:29:13,6095.418,999,1000,5,1.4,0
16:29:13,6095.626,999,1000,5,1.4,0
16:29:13,6095.818,999,1000,5,1.4,0
16:29:13,6096.026,1000,1000,5,1.4,0
16:29:14,6096.218,1000,1000,5,1.4,0
16:29:14,6096.425,1000,1000,5,1.4,0
16:29:14,6096.617,1000,1000,5,1.4,0
16:29:14,6096.81,1000,1000,5,1.4,0
16:29:14,6097.018,1000,1000,5,1.4,0
16:29:15,6097.209,1000,1000,5,1.4,0
16:29:15,6097.417,1001,1000,5,1.4,0
16:29:15,6097.608,1001,1000,5,1.4,0
16:29:15,6097.816,1001,1000,5,1.4,0
16:29:15,6098.01,1001,1000,5,1.4,0
16:29:16,6098.216,1001,1000,5,1.4,0
16:29:16,6098.407,1001,1000,5,1.4,0
16:29:16,6098.616,1001,1000,5,1.4,0
16:29:16,6098.81,1002,1000,5,1.4,0
16:29:16,6099.013,1002,1000,5,1.4,0
16:29:17,6099.218,1002,1000,5,1.4,0
16:29:17,6099.409,1002,1000,5,1.4,0
16:29:17,6099.615,1002,1000,5,1.4,0
16:29:17,6099.806,1002,1000,5,1.4,0
16:29:17,6100.013,1002,1000,5,1.4,0
16:29:18,6100.203,1003,1000,5,1.4,0
16:29:18,6100.411,1003,1000,5,1.4,0
16:29:18,6100.601,1003,1000,5,1.4,0
16:29:18,6100.809,1003,1000,5,1.4,0
16:29:18,6101.001,1003,1000,5,1.4,0
16:29:19,6101.208,1003,1000,5,1.4,0
16:29:19,6101.399,1003,1000,5,1.4,0
16:29:19,6101.606,1003,1000,5,1.4,0
16:29:19,6101.798,1004,1000,5,1.4,0
16:29:19,6102.006,1004,1000,5,1.4,0
16:29:20,6102.197,1004,1000,5,1.4,0
16:29:20,6102.405,1004,1000,5,1.4,0
16:29:20,6102.596,1004,1000,5,1.4,0
16:29:20,6102.802,1004,1000,5,1.4,0
16:29:20,6102.994,1005,1000,5,1.3,0
16:29:21,6103.201,1005,1000,5,1.3,0
16:29:21,6103.392,1005,1000,5,1.3,0
16:29:21,6103.6,1005,1000,5,1.3,0
16:29:21,6103.791,1006,1000,5,1.3,0
16:29:21,6103.999,1006,1000,5,1.3,0
16:29:22,6104.191,1006,1000,5,1.3,0
16:29:22,6104.399,1006,1000,5,1.2,0
16:29:22,6104.59,1004,1000,5,1.3,0
16:29:22,6104.798,1004,1000,5,1.3,0
16:29:22,6104.989,1004,1000,5,1.3,0
16:29:23,6105.199,1004,1000,5,1.3,0
16:29:23,6105.388,1005,1000,5,1.2,0
16:29:23,6105.596,1003,1000,5,1.3,0
16:29:23,6105.787,1002,1000,5,1.3,0
16:29:23,6105.995,1003,1000,5,1.3,0
16:29:24,6106.188,1004,1000,5,1.3,0
16:29:24,6106.395,1004,1000,5,1.3,0
16:29:24,6106.586,1005,1000,5,1.2,0
16:29:24,6106.794,1003,1000,5,1.3,0
16:29:24,6106.993,1002,1000,5,1.3,0
16:29:25,6107.194,1003,1000,5,1.3,0
16:29:25,6107.385,1004,1000,5,1.3,0
16:29:25,6107.577,1004,1000,5,1.3,0
16:29:25,6107.784,1005,1000,5,1.2,0
16:29:25,6107.991,1003,1000,5,1.3,0
16:29:26,6108.184,1002,1000,5,1.3,0
16:29:26,6108.377,1003,1000,5,1.3,0
16:29:26,6108.582,1004,1000,5,1.3,0
16:29:26,6108.778,1004,1000,5,1.3,0
16:29:26,6108.981,1004,1000,5,1.3,0
16:29:27,6109.179,1005,1000,5,1.2,0
16:29:27,6109.381,1003,1000,5,1.3,0
16:29:27,6109.572,1003,1000,5,1.3,0
16:29:27,6109.78,1004,1000,5,1.3,0
16:29:27,6109.972,1004,1000,5,1.3,0
16:29:28,6110.181,1004,1000,5,1.3,0
16:29:28,6110.371,1004,1000,5,1.3,0
16:29:28,6110.577,1005,1000,5,1.2,0
16:29:28,6110.77,1003,1000,5,1.3,0
16:29:28,6110.978,1002,1000,5,1.3,0
16:29:29,6111.171,1003,1000,5,1.3,0
16:29:29,6111.378,1004,1000,5,1.3,0
16:29:29,6111.569,1004,1000,5,1.3,0
16:29:29,6111.777,1004,1000,5,1.3,0
16:29:29,6111.969,1004,1000,5,1.3,0
16:29:30,6112.177,1005,1000,5,1.2,0
16:29:30,6112.367,1003,1000,5,1.3,0
16:29:30,6112.575,1002,1000,5,1.3,0
16:29:30,6112.766,1003,1000,5,1.3,0
16:29:30,6112.974,1003,1000,5,1.3,0
16:29:31,6113.167,1003,1000,5,1.3,0
16:29:31,6113.376,1003,1000,5,1.3,0
16:29:31,6113.566,1003,1000,5,1.3,0
16:29:31,6113.773,1003,1000,5,1.3,0
16:29:31,6113.965,1003,1000,5,1.3,0
16:29:31,6114.157,1003,1000,5,1.3,0
16:29:32,6114.364,1004,1000,5,1.3,0
16:29:32,6114.563,1004,1000,5,1.3,0
16:29:32,6114.764,1004,1000,5,1.3,0
16:29:32,6114.956,1004,1000,5,1.3,0
16:29:33,6115.162,1004,1000,5,1.3,0
16:29:33,6115.354,1004,1000,5,1.3,0
16:29:33,6115.562,1004,1000,5,1.3,0
16:29:33,6115.756,1004,1000,5,1.3,0
16:29:33,6115.965,1004,1000,5,1.3,0
16:29:33,6116.157,1004,1000,5,1.3,0
16:29:34,6116.364,1004,1000,5,1.3,0
16:29:34,6116.556,1004,1000,5,1.3,0
16:29:34,6116.764,1004,1000,5,1.3,0
16:29:34,6116.956,1004,1000,5,1.3,0
16:29:35,6117.165,1004,1000,5,1.3,0
16:29:35,6117.355,1004,1000,5,1.3,0
16:29:35,6117.562,1004,1000,5,1.3,0
16:29:35,6117.753,1004,1000,5,1.3,0
16:29:35,6117.96,1004,1000,5,1.3,0
16:29:35,6118.152,1004,1000,5,1.3,0
16:29:36,6118.359,1004,1000,5,1.3,0
16:29:36,6118.551,1004,1000,5,1.3,0
16:29:36,6118.759,1004,1000,5,1.3,0
16:29:36,6118.95,1004,1000,5,1.3,0
16:29:36,6119.157,1004,1000,5,1.3,0
16:29:37,6119.348,1004,1000,5,1.3,0
16:29:37,6119.556,1004,1000,5,1.3,0
16:29:37,6119.747,1004,1000,5,1.3,0
16:29:37,6119.955,1004,1000,5,1.3,0
16:29:37,6120.147,1004,1000,5,1.3,0
16:29:38,6120.353,1004,1000,5,1.3,0
16:29:38,6120.544,1004,1000,5,1.3,0
16:29:38,6120.752,1004,1000,5,1.3,0
16:29:38,6120.944,1004,1000,5,1.3,0
16:29:38,6121.151,1004,1000,5,1.3,0
16:29:39,6121.344,1004,1000,5,1.3,0
16:29:39,6121.552,1004,1000,5,1.3,0
16:29:39,6121.743,1004,1000,5,1.3,0
16:29:39,6121.935,1004,1000,5,1.3,0
16:29:39,6122.141,1004,1000,5,1.3,0
16:29:40,6122.347,1004,1000,5,1.3,0
16:29:40,6122.539,1004,1000,5,1.3,0
16:29:40,6122.746,1004,1000,5,1.3,0
16:29:40,6122.936,1004,1000,5,1.3,0
16:29:40,6123.143,1004,1000,5,1.3,0
16:29:41,6123.334,1004,1000,5,1.3,0
16:29:41,6123.543,1004,1000,5,1.3,0
16:29:41,6123.734,1004,1000,5,1.3,0
16:29:41,6123.942,1004,1000,5,1.3,0
16:29:41,6124.133,1003,1000,5,1.3,0
16:29:42,6124.341,1003,1000,5,1.3,0
16:29:42,6124.532,1003,1000,5,1.3,0
16:29:42,6124.739,1003,1000,5,1.3,0
16:29:42,6124.931,1003,1000,5,1.3,0
16:29:42,6125.139,1003,1000,5,1.3,0
16:29:43,6125.33,1003,1000,5,1.3,0
16:29:43,6125.537,1003,1000,5,1.3,0
16:29:43,6125.728,1003,1000,5,1.3,0
16:29:43,6125.936,1003,1000,5,1.3,0
16:29:43,6126.127,1003,1000,5,1.3,0
16:29:44,6126.334,1003,1000,5,1.3,0
16:29:44,6126.525,1003,1000,5,1.3,0
16:29:44,6126.736,1002,1000,5,1.3,0
16:29:44,6126.926,1003,1000,5,1.3,0
16:29:44,6127.133,1002,1000,5,1.3,0
16:29:45,6127.325,1002,1000,5,1.3,0
16:29:45,6127.533,1002,1000,5,1.3,0
16:29:45,6127.724,1002,1000,5,1.3,0
16:29:45,6127.932,1002,1000,5,1.3,0
16:29:45,6128.124,1002,1000,5,1.3,0
16:29:46,6128.321,1002,1000,5,1.3,0
16:29:46,6128.523,1002,1000,5,1.3,0
16:29:46,6128.721,1002,1000,5,1.3,0
16:29:46,6128.923,1002,1000,5,1.3,0
16:29:46,6129.116,1002,1000,5,1.3,0
16:29:47,6129.32,1002,1000,5,1.3,0
16:29:47,6129.512,1002,1000,5,1.3,0
16:29:47,6129.72,1002,1000,5,1.3,0
16:29:47,6129.912,1002,1000,5,1.3,0
16:29:47,6130.119,1002,1000,5,1.3,0
16:29:48,6130.31,1002,1000,5,1.3,0
16:29:48,6130.517,1002,1000,5,1.3,0
16:29:48,6130.709,1002,1000,5,1.3,0
16:29:48,6130.916,1002,1000,5,1.3,0
16:29:48,6131.107,1002,1000,5,1.3,0
16:29:49,6131.315,1002,1000,5,1.3,0
16:29:49,6131.507,1002,1000,5,1.3,0
16:29:49,6131.715,1002,1000,5,1.3,0
16:29:49,6131.907,1002,1000,5,1.3,0
16:29:49,6132.114,1002,1000,5,1.3,0
16:29:50,6132.306,1002,1000,5,1.3,0
16:29:50,6132.513,1002,1000,5,1.3,0
16:29:50,6132.705,1002,1000,5,1.3,0
16:29:50,6132.912,1001,1000,5,1.3,0
16:29:50,6133.104,1001,1000,5,1.3,0
16:29:51,6133.312,1001,1000,5,1.3,0
16:29:51,6133.505,1001,1000,5,1.3,0
16:29:51,6133.714,1001,1000,5,1.3,0
16:29:51,6133.905,1001,1000,5,1.3,0
16:29:51,6134.113,1001,1000,5,1.3,0
16:29:52,6134.305,1001,1000,5,1.3,0
16:29:52,6134.512,1001,1000,5,1.3,0
16:29:52,6134.704,1001,1000,5,1.3,0
16:29:52,6134.912,1001,1000,5,1.3,0
16:29:52,6135.104,1001,1000,5,1.3,0
16:29:53,6135.295,1001,1000,5,1.3,0
16:29:53,6135.502,1001,1000,5,1.3,0
16:29:53,6135.694,1001,1000,5,1.3,0
16:29:53,6135.902,1001,1000,5,1.3,0
16:29:53,6136.093,1001,1000,5,1.3,0
16:29:54,6136.3,1001,1000,5,1.3,0
16:29:54,6136.492,1001,1000,5,1.3,0
16:29:54,6136.7,1001,1000,5,1.3,0
16:29:54,6136.905,1001,1000,5,1.3,0
16:29:54,6137.097,1001,1000,5,1.3,0
16:29:55,6137.304,1001,1000,5,1.3,0
16:29:55,6137.496,1001,1000,5,1.3,0
16:29:55,6137.703,1001,1000,5,1.3,0
16:29:55,6137.894,1001,1000,5,1.3,0
16:29:55,6138.101,1001,1000,5,1.3,0
16:29:56,6138.292,1001,1000,5,1.3,0
16:29:56,6138.498,1001,1000,5,1.3,0
16:29:56,6138.689,1001,1000,5,1.3,0
16:29:56,6138.895,1001,1000,5,1.3,0
16:29:56,6139.085,1001,1000,5,1.3,0
16:29:57,6139.292,1001,1000,5,1.3,0
16:29:57,6139.484,1001,1000,5,1.3,0
16:29:57,6139.694,1001,1000,5,1.3,0
16:29:57,6139.886,1001,1000,5,1.3,0
16:29:57,6140.094,1001,1000,5,1.3,0
16:29:58,6140.287,1001,1000,5,1.3,0
16:29:58,6140.497,1001,1000,5,1.3,0
16:29:58,6140.689,1001,1000,5,1.3,0
16:29:58,6140.892,1001,1000,5,1.3,0
16:29:58,6141.083,1001,1000,5,1.3,0
16:29:59,6141.291,1001,1000,5,1.3,0
16:29:59,6141.482,1001,1000,5,1.3,0
16:29:59,6141.689,1001,1000,5,1.3,0
16:29:59,6141.881,1001,1000,5,1.3,0
16:29:59,6142.089,1001,1000,5,1.3,0
16:30:00,6142.279,1001,1000,5,1.3,0
16:30:00,6142.487,1001,1000,5,1.3,0
16:30:00,6142.679,1001,1000,5,1.3,0
16:30:00,6142.887,1001,1000,5,1.3,0
16:30:00,6143.079,1001,1000,5,1.3,0
16:30:01,6143.285,1001,1000,5,1.3,0
16:30:01,6143.476,1001,1000,5,1.3,0
16:30:01,6143.684,1001,1000,5,1.3,0
16:30:01,6143.876,1002,1000,5,1.3,0
16:30:01,6144.086,1002,1000,5,1.3,0
16:30:02,6144.277,1002,1000,5,1.3,0
16:30:02,6144.484,1002,1000,5,1.3,0
16:30:02,6144.676,1002,1000,5,1.3,0
16:30:02,6144.883,1002,1000,5,1.3,0
16:30:02,6145.076,1002,1000,5,1.3,0
16:30:03,6145.267,1002,1000,5,1.3,0
16:30:03,6145.476,1002,1000,5,1.3,0
16:30:03,6145.667,1002,1000,5,1.3,0
16:30:03,6145.875,1002,1000,5,1.3,0
16:30:03,6146.067,1002,1000,5,1.3,0
16:30:04,6146.275,1002,1000,5,1.3,0
16:30:04,6146.466,1002,1000,5,1.3,0
16:30:04,6146.673,1002,1000,5,1.3,0
16:30:04,6146.865,1002,1000,5,1.3,0
16:30:04,6147.072,1002,1000,5,1.3,0
16:30:05,6147.265,1002,1000,5,1.3,0
16:30:05,6147.471,1002,1000,5,1.3,0
16:30:05,6147.661,1002,1000,5,1.3,0
16:30:05,6147.869,1002,1000,5,1.3,0
16:30:05,6148.062,1002,1000,5,1.3,0
16:30:06,6148.269,1002,1000,5,1.3,0
16:30:06,6148.464,1003,1000,5,1.3,0
16:30:06,6148.669,1002,1000,5,1.3,0
16:30:06,6148.862,1003,1000,5,1.3,0
16:30:06,6149.071,1003,1000,5,1.3,0
16:30:07,6149.261,1003,1000,5,1.3,0
16:30:07,6149.469,1003,1000,5,1.3,0
16:30:07,6149.661,1003,1000,5,1.3,0
16:30:07,6149.854,1003,1000,5,1.3,0
16:30:07,6150.062,1003,1000,5,1.3,0
16:30:08,6150.253,1003,1000,5,1.3,0
16:30:08,6150.461,1003,1000,5,1.3,0
16:30:08,6150.653,1003,1000,5,1.3,0
16:30:08,6150.86,1003,1000,5,1.3,0
16:30:08,6151.054,1003,1000,5,1.3,0
16:30:09,6151.259,1003,1000,5,1.3,0
16:30:09,6151.45,1003,1000,5,1.3,0
16:30:09,6151.658,1003,1000,5,1.3,0
16:30:09,6151.85,1003,1000,5,1.3,0
16:30:09,6152.056,1003,1000,5,1.3,0
16:30:10,6152.246,1003,1000,5,1.3,0
16:30:10,6152.454,1002,1000,5,1.3,0
16:30:10,6152.645,1002,1000,5,1.3,0
16:30:10,6152.851,1002,1000,5,1.3,0
16:30:10,6153.043,1002,1000,5,1.3,0
16:30:11,6153.251,1002,1000,5,1.3,0
16:30:11,6153.442,1002,1000,5,1.3,0
16:30:11,6153.649,1002,1000,5,1.3,0
16:30:11,6153.841,1002,1000,5,1.3,0
16:30:11,6154.049,1002,1000,5,1.3,0
16:30:12,6154.24,1002,1000,5,1.3,0
16:30:12,6154.448,1003,1000,5,1.3,0
16:30:12,6154.639,1003,1000,5,1.3,0
16:30:12,6154.848,1003,1000,5,1.3,0
16:30:12,6155.04,1002,1000,5,1.3,0
16:30:13,6155.247,1002,1000,5,1.3,0
16:30:13,6155.438,1002,1000,5,1.3,0
16:30:13,6155.644,1002,1000,5,1.3,0
16:30:13,6155.836,1002,1000,5,1.3,0
16:30:13,6156.043,1002,1000,5,1.3,0
16:30:14,6156.235,1001,1000,5,1.3,0
16:30:14,6156.443,1001,1000,5,1.3,0
16:30:14,6156.635,1000,1000,5,1.3,0
16:30:14,6156.844,1000,1000,5,1.3,0
16:30:14,6157.039,999,1000,5,1.3,0
16:30:15,6157.245,998,1000,5,1.3,0
16:30:15,6157.437,997,1000,5,1.3,0
16:30:15,6157.644,996,1000,5,1.3,0
16:30:15,6157.835,995,1000,5,1.3,0
16:30:15,6158.043,994,1000,5,1.4,0
16:30:16,6158.235,992,1000,5,1.4,0
16:30:16,6158.442,993,1000,5,1.4,0
16:30:16,6158.634,993,1000,5,1.4,0
16:30:16,6158.842,993,1000,5,1.4,0
16:30:16,6159.033,992,1000,5,1.4,0
16:30:17,6159.24,991,1000,5,1.4,0
16:30:17,6159.432,990,1000,5,1.5,0
16:30:17,6159.638,989,1000,5,1.5,0
16:30:17,6159.829,987,1000,5,1.5,0
16:30:17,6160.035,987,1000,5,1.5,0
16:30:18,6160.228,988,1000,5,1.6,0
16:30:18,6160.431,988,1000,5,1.6,0
16:30:18,6160.627,987,1000,5,1.6,0
16:30:18,6160.835,986,1000,6,1.6,0
16:30:18,6161.025,985,1000,6,1.6,0
16:30:19,6161.232,989,1000,6,1.6,0
16:30:19,6161.424,991,1000,6,1.6,0
16:30:19,6161.632,988,1000,6,1.6,0
16:30:19,6161.823,991,1000,6,1.6,0
16:30:19,6162.031,991,1000,6,1.6,0
16:30:20,6162.223,988,1000,6,1.7,0
16:30:20,6162.43,990,1000,6,1.7,0
16:30:20,6162.621,992,1000,6,1.6,0
16:30:20,6162.828,994,1000,6,1.6,0
16:30:20,6163.021,990,1000,6,1.7,0
16:30:21,6163.228,989,1000,6,1.7,0
16:30:21,6163.419,991,1000,6,1.7,0
16:30:21,6163.626,992,1000,6,1.7,0
16:30:21,6163.817,992,1000,6,1.7,0
16:30:21,6164.025,992,1000,6,1.7,0
16:30:22,6164.219,992,1000,6,1.7,0
16:30:22,6164.424,992,1000,6,1.7,0
16:30:22,6164.615,991,1000,6,1.8,0
16:30:22,6164.824,990,1000,6,1.8,0
16:30:22,6165.015,992,1000,6,1.8,0
16:30:23,6165.221,992,1000,7,1.8,0
16:30:23,6165.413,992,1000,7,1.8,0
16:30:23,6165.62,995,1000,7,1.7,0
16:30:23,6165.809,993,1000,7,1.8,0
16:30:23,6166.017,993,1000,7,1.8,0
16:30:24,6166.209,995,1000,7,1.7,0
16:30:24,6166.415,994,1000,7,1.8,0
16:30:24,6166.607,994,1000,7,1.8,0
16:30:24,6166.814,996,1000,7,1.7,0
16:30:24,6167.005,994,1000,7,1.8,0
16:30:25,6167.211,994,1000,7,1.8,0
16:30:25,6167.402,996,1000,7,1.7,0
16:30:25,6167.609,994,1000,7,1.8,0
16:30:25,6167.801,994,1000,7,1.8,0
16:30:25,6168.007,996,1000,7,1.8,0
16:30:26,6168.21,997,1000,7,1.8,0
16:30:26,6168.402,995,1000,7,1.8,0
16:30:26,6168.609,992,1000,7,1.8,0
16:30:26,6168.802,992,1000,7,1.9,0
16:30:26,6169.01,994,1000,7,1.8,0
16:30:27,6169.202,996,1000,7,1.8,0
16:30:27,6169.408,998,1000,7,1.8,0
16:30:27,6169.597,1000,1000,7,1.8,0
16:30:27,6169.805,1001,1000,7,1.8,0
16:30:27,6169.996,1003,1000,7,1.8,0
16:30:28,6170.204,1004,1000,7,1.8,0
16:30:28,6170.394,1005,1000,7,1.7,0
16:30:28,6170.602,1005,1000,7,1.7,0
16:30:28,6170.794,1002,1000,7,1.8,0
16:30:28,6171.001,1000,1000,7,1.8,0
16:30:29,6171.193,1000,1000,7,1.8,0
16:30:29,6171.4,1000,1000,7,1.8,0
16:30:29,6171.593,1000,1000,7,1.8,0
16:30:29,6171.8,1000,1000,7,1.8,0
16:30:29,6171.993,1001,1000,7,1.8,0
16:30:30,6172.2,1002,1000,7,1.8,0
16:30:30,6172.392,1004,1000,7,1.8,0
16:30:30,6172.6,1006,1000,7,1.7,0
16:30:30,6172.792,1007,1000,7,1.6,0
16:30:30,6172.984,1009,1000,7,1.6,0
16:30:31,6173.192,1006,1000,7,1.6,0
16:30:31,6173.384,1006,1000,7,1.6,0
16:30:31,6173.59,1009,1000,7,1.6,0
16:30:31,6173.784,1007,1000,7,1.6,0
16:30:31,6173.99,1005,1000,7,1.6,0
16:30:32,6174.182,1003,1000,7,1.7,0
16:30:32,6174.39,1006,1000,7,1.6,0
16:30:32,6174.582,1006,1000,6,1.6,0
16:30:32,6174.79,1005,1000,6,1.6,0
16:30:32,6174.982,1003,1000,6,1.7,0
16:30:33,6175.19,1005,1000,6,1.6,0
16:30:33,6175.382,1004,1000,6,1.7,0
16:30:33,6175.59,1005,1000,6,1.6,0
16:30:33,6175.782,1005,1000,6,1.6,0
16:30:33,6175.99,1004,1000,6,1.6,0
16:30:34,6176.182,1005,1000,6,1.6,0
16:30:34,6176.389,1005,1000,6,1.6,0
16:30:34,6176.582,1004,1000,6,1.6,0
16:30:34,6176.774,1003,1000,6,1.6,0
16:30:34,6176.982,1002,1000,6,1.6,0
16:30:35,6177.173,1001,1000,6,1.6,0
16:30:35,6177.382,1000,1000,6,1.6,0
16:30:35,6177.571,999,1000,6,1.6,0
16:30:35,6177.778,999,1000,6,1.6,0
16:30:35,6177.985,999,1000,6,1.6,0
16:30:36,6178.177,998,1000,6,1.6,0
16:30:36,6178.368,998,1000,6,1.6,0
16:30:36,6178.576,998,1000,6,1.6,0
16:30:36,6178.768,998,1000,6,1.6,0
16:30:36,6178.977,998,1000,6,1.6,0
16:30:37,6179.168,998,1000,6,1.6,0
16:30:37,6179.375,999,1000,6,1.6,0
16:30:37,6179.567,999,1000,6,1.6,0
16:30:37,6179.776,1000,1000,6,1.6,0
16:30:37,6179.966,1001,1000,6,1.6,0
16:30:38,6180.174,1002,1000,6,1.6,0
16:30:38,6180.366,1003,1000,6,1.6,0
16:30:38,6180.574,1004,1000,6,1.6,0
16:30:38,6180.765,1005,1000,6,1.6,0
16:30:38,6180.973,1006,1000,6,1.5,0
16:30:39,6181.166,1008,1000,6,1.5,0
16:30:39,6181.372,1009,1000,6,1.5,0
16:30:39,6181.563,1008,1000,6,1.5,0
16:30:39,6181.771,1007,1000,6,1.5,0
16:30:39,6181.961,1007,1000,6,1.5,0
16:30:40,6182.168,1007,1000,6,1.5,0
16:30:40,6182.36,1007,1000,6,1.5,0
16:30:40,6182.568,1008,1000,6,1.4,0
16:30:40,6182.758,1009,1000,6,1.4,0
16:30:40,6182.966,1009,1000,6,1.4,0
16:30:40,6183.157,1010,1000,6,1.4,0
16:30:41,6183.365,1009,1000,6,1.4,0
16:30:41,6183.555,1008,1000,6,1.4,0
16:30:41,6183.764,1008,1000,6,1.4,0
16:30:41,6183.956,1007,1000,6,1.4,0
16:30:42,6184.163,1007,1000,6,1.4,0
16:30:42,6184.355,1006,1000,6,1.4,0
16:30:42,6184.562,1006,1000,6,1.4,0
16:30:42,6184.753,1006,1000,5,1.4,0
16:30:42,6184.961,1006,1000,5,1.3,0
16:30:42,6185.153,1006,1000,5,1.3,0
16:30:43,6185.362,1006,1000,5,1.3,0
16:30:43,6185.553,1006,1000,5,1.3,0
16:30:43,6185.745,1006,1000,5,1.3,0
16:30:43,6185.952,1006,1000,5,1.3,0
16:30:44,6186.16,1006,1000,5,1.3,0
16:30:44,6186.352,1005,1000,5,1.3,0
16:30:44,6186.544,1005,1000,5,1.3,0
16:30:44,6186.752,1005,1000,5,1.3,0
16:30:44,6186.943,1004,1000,5,1.4,0
16:30:44,6187.151,1004,1000,5,1.4,0
16:30:45,6187.343,1004,1000,5,1.4,0
16:30:45,6187.55,1003,1000,5,1.4,0
16:30:45,6187.742,1003,1000,5,1.4,0
16:30:45,6187.949,1002,1000,5,1.4,0
16:30:45,6188.14,1002,1000,5,1.4,0
16:30:46,6188.347,1002,1000,5,1.4,0
16:30:46,6188.541,1002,1000,5,1.4,0
16:30:46,6188.746,1001,1000,5,1.4,0
16:30:46,6188.942,1001,1000,5,1.4,0
16:30:46,6189.145,1001,1000,5,1.4,0
16:30:47,6189.342,1001,1000,5,1.4,0
16:30:47,6189.544,1001,1000,5,1.4,0
16:30:47,6189.735,1001,1000,5,1.4,0
16:30:47,6189.944,1001,1000,5,1.4,0
16:30:47,6190.134,1002,1000,5,1.4,0
16:30:48,6190.341,1002,1000,5,1.4,0
16:30:48,6190.533,1002,1000,5,1.4,0
16:30:48,6190.741,1002,1000,5,1.4,0
16:30:48,6190.932,1002,1000,5,1.4,0
16:30:48,6191.14,1003,1000,5,1.4,0
16:30:49,6191.332,1003,1000,5,1.4,0
16:30:49,6191.539,1003,1000,5,1.4,0
16:30:49,6191.73,1003,1000,5,1.4,0
16:30:49,6191.939,1004,1000,5,1.4,0
16:30:49,6192.13,1004,1000,5,1.4,0
16:30:50,6192.337,1004,1000,5,1.4,0
16:30:50,6192.529,1004,1000,5,1.4,0
16:30:50,6192.738,1005,1000,5,1.3,0
16:30:50,6192.929,1005,1000,5,1.3,0
16:30:50,6193.136,1005,1000,5,1.3,0
16:30:51,6193.327,1005,1000,5,1.3,0
16:30:51,6193.536,1005,1000,5,1.3,0
16:30:51,6193.727,1005,1000,5,1.2,0
16:30:51,6193.935,1004,1000,5,1.3,0
16:30:51,6194.13,1003,1000,5,1.3,0
16:30:52,6194.321,1003,1000,5,1.3,0
16:30:52,6194.528,1004,1000,5,1.3,0
16:30:52,6194.734,1004,1000,5,1.3,0
16:30:52,6194.925,1004,1000,5,1.3,0
16:30:52,6195.118,1004,1000,5,1.3,0
16:30:53,6195.326,1005,1000,5,1.3,0
16:30:53,6195.518,1005,1000,5,1.2,0
16:30:53,6195.727,1003,1000,5,1.3,0
16:30:53,6195.919,1002,1000,5,1.3,0
16:30:53,6196.126,1002,1000,5,1.3,0
16:30:54,6196.318,1003,1000,5,1.3,0
16:30:54,6196.525,1003,1000,5,1.3,0
16:30:54,6196.717,1003,1000,5,1.3,0
16:30:54,6196.925,1004,1000,5,1.3,0
16:30:54,6197.117,1004,1000,5,1.3,0
16:30:55,6197.325,1004,1000,5,1.3,0
16:30:55,6197.517,1004,1000,5,1.3,0
16:30:55,6197.724,1004,1000,5,1.3,0
16:30:55,6197.916,1004,1000,5,1.3,0
16:30:55,6198.124,1004,1000,5,1.3,0
16:30:56,6198.315,1005,1000,5,1.2,0
16:30:56,6198.522,1003,1000,5,1.3,0
16:30:56,6198.715,1002,1000,5,1.3,0
16:30:56,6198.906,1003,1000,5,1.3,0
16:30:56,6199.117,1003,1000,5,1.3,0
16:30:57,6199.306,1004,1000,5,1.3,0
16:30:57,6199.513,1004,1000,5,1.3,0
16:30:57,6199.705,1004,1000,5,1.3,0
16:30:57,6199.914,1004,1000,5,1.3,0
16:30:57,6200.105,1004,1000,5,1.3,0
16:30:58,6200.313,1004,1000,5,1.3,0
16:30:58,6200.505,1004,1000,5,1.3,0
16:30:58,6200.713,1004,1000,5,1.3,0
16:30:58,6200.906,1003,1000,5,1.3,0
16:30:58,6201.112,1002,1000,5,1.3,0
16:30:59,6201.303,1001,1000,5,1.3,0
16:30:59,6201.511,1000,1000,5,1.3,0
16:30:59,6201.703,999,1000,5,1.3,0
16:30:59,6201.911,998,1000,5,1.3,0
16:30:59,6202.102,996,1000,5,1.3,0
16:31:00,6202.31,995,1000,5,1.3,0
16:31:00,6202.502,993,1000,5,1.4,0
16:31:00,6202.709,993,1000,5,1.4,0
16:31:00,6202.902,993,1000,5,1.4,0
16:31:00,6203.11,993,1000,5,1.4,0
16:31:01,6203.301,993,1000,5,1.4,0
16:31:01,6203.493,992,1000,5,1.4,0
16:31:01,6203.701,991,1000,5,1.5,0
16:31:01,6203.894,990,1000,5,1.5,0
16:31:01,6204.102,989,1000,5,1.5,0
16:31:02,6204.293,988,1000,5,1.5,0
16:31:02,6204.501,988,1000,5,1.5,0
16:31:02,6204.692,989,1000,5,1.5,0
16:31:02,6204.9,990,1000,5,1.5,0
16:31:02,6205.092,990,1000,6,1.6,0
16:31:03,6205.299,990,1000,6,1.6,0
16:31:03,6205.49,990,1000,6,1.6,0
16:31:03,6205.698,990,1000,6,1.6,0
16:31:03,6205.89,989,1000,6,1.6,0
16:31:03,6206.098,988,1000,6,1.6,0
16:31:04,6206.29,992,1000,6,1.6,0
16:31:04,6206.497,991,1000,6,1.6,0
16:31:04,6206.689,990,1000,6,1.6,0
16:31:04,6206.897,994,1000,6,1.6,0
16:31:04,6207.089,996,1000,6,1.5,0
16:31:05,6207.297,993,1000,6,1.6,0
16:31:05,6207.489,991,1000,6,1.7,0
16:31:05,6207.696,991,1000,6,1.7,0
16:31:05,6207.888,994,1000,6,1.6,0
16:31:05,6208.095,992,1000,6,1.7,0
16:31:06,6208.286,993,1000,6,1.7,0
16:31:06,6208.492,996,1000,6,1.6,0
16:31:06,6208.686,993,1000,6,1.7,0
16:31:06,6208.893,993,1000,6,1.7,0
16:31:06,6209.087,996,1000,6,1.6,0
16:31:07,6209.277,993,1000,6,1.7,0
16:31:07,6209.484,993,1000,6,1.7,0
16:31:07,6209.675,996,1000,6,1.6,0
16:31:07,6209.885,993,1000,6,1.7,0
16:31:07,6210.074,993,1000,6,1.7,0
16:31:08,6210.282,996,1000,6,1.6,0
16:31:08,6210.473,996,1000,6,1.6,0
16:31:08,6210.68,993,1000,6,1.7,0
16:31:08,6210.873,995,1000,6,1.6,0
16:31:08,6211.08,997,1000,6,1.6,0
16:31:09,6211.271,1000,1000,6,1.6,0
16:31:09,6211.48,1002,1000,6,1.6,0
16:31:09,6211.672,1004,1000,6,1.6,0
16:31:09,6211.88,1005,1000,6,1.6,0
16:31:09,6212.07,1002,1000,6,1.6,0
16:31:10,6212.275,1002,1000,6,1.6,0
16:31:10,6212.467,1004,1000,6,1.6,0
16:31:10,6212.674,1007,1000,6,1.5,0
16:31:10,6212.88,1007,1000,6,1.5,0
16:31:10,6213.072,1004,1000,6,1.6,0
16:31:11,6213.28,1002,1000,6,1.6,0
16:31:11,6213.471,1000,1000,6,1.6,0
16:31:11,6213.678,1000,1000,6,1.6,0
16:31:11,6213.869,999,1000,6,1.6,0
16:31:11,6214.077,999,1000,6,1.6,0
16:31:12,6214.269,999,1000,6,1.6,0
16:31:12,6214.479,999,1000,6,1.6,0
16:31:12,6214.668,999,1000,6,1.6,0
16:31:12,6214.875,999,1000,6,1.6,0
16:31:12,6215.066,999,1000,6,1.6,0
16:31:13,6215.274,999,1000,6,1.6,0
16:31:13,6215.466,998,1000,6,1.6,0
16:31:13,6215.657,998,1000,6,1.6,0
16:31:13,6215.864,996,1000,6,1.6,0
16:31:13,6216.071,995,1000,6,1.6,0
16:31:14,6216.262,994,1000,6,1.7,0
16:31:14,6216.469,997,1000,6,1.6,0
16:31:14,6216.661,994,1000,6,1.7,0
16:31:14,6216.869,996,1000,6,1.6,0
16:31:14,6217.061,994,1000,6,1.7,0
16:31:15,6217.253,993,1000,6,1.7,0
16:31:15,6217.462,996,1000,6,1.6,0
16:31:15,6217.652,998,1000,6,1.6,0
16:31:15,6217.86,999,1000,6,1.6,0
16:31:15,6218.052,1000,1000,6,1.6,0
16:31:16,6218.259,1001,1000,6,1.6,0
16:31:16,6218.451,1001,1000,6,1.6,0
16:31:16,6218.658,1001,1000,6,1.6,0
16:31:16,6218.849,1001,1000,6,1.6,0
16:31:16,6219.057,1001,1000,6,1.6,0
16:31:17,6219.249,1001,1000,6,1.6,0
16:31:17,6219.457,1000,1000,6,1.6,0
16:31:17,6219.647,1000,1000,6,1.6,0
16:31:17,6219.855,999,1000,6,1.6,0
16:31:17,6220.048,999,1000,6,1.6,0
16:31:18,6220.256,999,1000,6,1.6,0
16:31:18,6220.448,998,1000,6,1.6,0
16:31:18,6220.655,998,1000,6,1.6,0
16:31:18,6220.846,998,1000,6,1.6,0
16:31:18,6221.058,998,1000,6,1.6,0
16:31:19,6221.246,998,1000,6,1.6,0
16:31:19,6221.454,998,1000,6,1.6,0
16:31:19,6221.645,998,1000,6,1.6,0
16:31:19,6221.853,998,1000,6,1.6,0
16:31:19,6222.043,998,1000,6,1.6,0
16:31:20,6222.252,998,1000,6,1.6,0
16:31:20,6222.442,999,1000,6,1.6,0
16:31:20,6222.649,999,1000,6,1.6,0
16:31:20,6222.84,1000,1000,6,1.6,0
16:31:20,6223.047,1000,1000,6,1.6,0
16:31:21,6223.239,1000,1000,6,1.6,0
16:31:21,6223.447,1000,1000,6,1.6,0
16:31:21,6223.638,1001,1000,6,1.6,0
16:31:21,6223.847,1002,1000,6,1.6,0
16:31:21,6224.038,1003,1000,6,1.6,0
16:31:22,6224.245,1004,1000,6,1.6,0
16:31:22,6224.437,1005,1000,6,1.6,0
16:31:22,6224.644,1004,1000,6,1.6,0
16:31:22,6224.836,1004,1000,6,1.6,0
16:31:22,6225.046,1006,1000,6,1.6,0
16:31:23,6225.236,1006,1000,6,1.6,0
16:31:23,6225.442,1003,1000,6,1.6,0
16:31:23,6225.634,1001,1000,6,1.6,0
16:31:23,6225.842,999,1000,6,1.6,0
16:31:23,6226.033,999,1000,6,1.6,0
16:31:24,6226.225,999,1000,6,1.6,0
16:31:24,6226.431,1000,1000,6,1.6,0
16:31:24,6226.637,1001,1000,6,1.6,0
16:31:24,6226.83,1002,1000,6,1.6,0
16:31:24,6227.038,1003,1000,6,1.6,0
16:31:25,6227.231,1005,1000,6,1.6,0
16:31:25,6227.424,1006,1000,6,1.5,0
16:31:25,6227.632,1008,1000,6,1.5,0
16:31:25,6227.823,1007,1000,6,1.5,0
16:31:25,6228.032,1006,1000,6,1.5,0
16:31:26,6228.223,1007,1000,6,1.5,0
16:31:26,6228.43,1005,1000,6,1.5,0
16:31:26,6228.624,1004,1000,6,1.6,0
16:31:26,6228.829,1006,1000,6,1.5,0
16:31:26,6229.021,1004,1000,6,1.6,0
16:31:27,6229.227,1004,1000,6,1.6,0
16:31:27,6229.417,1005,1000,6,1.5,0
16:31:27,6229.626,1003,1000,6,1.6,0
16:31:27,6229.817,1003,1000,6,1.6,0
16:31:27,6230.024,1003,1000,6,1.6,0
16:31:28,6230.215,1004,1000,6,1.6,0
16:31:28,6230.423,1004,1000,6,1.6,0
16:31:28,6230.615,1003,1000,6,1.6,0
16:31:28,6230.822,1003,1000,6,1.6,0
16:31:28,6231.014,1002,1000,6,1.6,0
16:31:29,6231.222,1001,1000,6,1.6,0
16:31:29,6231.414,1000,1000,6,1.6,0
16:31:29,6231.622,1000,1000,6,1.6,0
16:31:29,6231.815,999,1000,6,1.6,0
16:31:29,6232.023,999,1000,6,1.6,0
16:31:30,6232.215,998,1000,6,1.6,0
16:31:30,6232.408,997,1000,6,1.6,0
16:31:30,6232.615,996,1000,6,1.6,0
16:31:30,6232.807,996,1000,6,1.6,0
16:31:30,6233.014,995,1000,6,1.6,0
16:31:31,6233.206,994,1000,6,1.6,0
16:31:31,6233.414,994,1000,6,1.6,0
16:31:31,6233.605,994,1000,6,1.6,0
16:31:31,6233.813,997,1000,6,1.6,0
16:31:31,6234.005,997,1000,6,1.6,0
16:31:32,6234.213,996,1000,6,1.6,0
16:31:32,6234.404,995,1000,6,1.6,0
16:31:32,6234.612,994,1000,6,1.7,0
16:31:32,6234.804,995,1000,6,1.6,0
16:31:32,6235.011,995,1000,6,1.6,0
16:31:33,6235.205,994,1000,6,1.7,0
16:31:33,6235.41,995,1000,6,1.6,0
16:31:33,6235.602,995,1000,6,1.6,0
16:31:33,6235.81,993,1000,6,1.7,0
16:31:33,6236.002,996,1000,6,1.6,0
16:31:34,6236.21,995,1000,6,1.6,0
16:31:34,6236.401,994,1000,6,1.7,0
16:31:34,6236.609,996,1000,6,1.6,0
16:31:34,6236.8,995,1000,6,1.6,0
16:31:34,6236.993,994,1000,6,1.7,0
16:31:35,6237.2,996,1000,6,1.6,0
16:31:35,6237.394,996,1000,6,1.6,0
16:31:35,6237.598,995,1000,6,1.6,0
16:31:35,6237.806,994,1000,6,1.7,0
16:31:35,6237.999,998,1000,6,1.6,0
16:31:36,6238.19,1000,1000,6,1.6,0
16:31:36,6238.398,998,1000,6,1.6,0
16:31:36,6238.589,997,1000,6,1.6,0
16:31:36,6238.798,996,1000,6,1.6,0
16:31:36,6238.989,995,1000,6,1.6,0
16:31:37,6239.197,995,1000,6,1.6,0
16:31:37,6239.389,994,1000,6,1.7,0
16:31:37,6239.597,998,1000,6,1.6,0
16:31:37,6239.788,998,1000,6,1.6,0
16:31:37,6239.996,997,1000,6,1.6,0
16:31:38,6240.187,997,1000,6,1.6,0
16:31:38,6240.394,997,1000,6,1.6,0
16:31:38,6240.586,997,1000,6,1.6,0
16:31:38,6240.794,997,1000,6,1.6,0
16:31:38,6240.987,997,1000,6,1.6,0
16:31:39,6241.195,997,1000,6,1.6,0
16:31:39,6241.386,997,1000,6,1.6,0
16:31:39,6241.594,997,1000,6,1.6,0
16:31:39,6241.786,998,1000,6,1.6,0
16:31:39,6241.993,998,1000,6,1.6,0
16:31:40,6242.186,998,1000,6,1.6,0
16:31:40,6242.391,999,1000,6,1.6,0
16:31:40,6242.582,999,1000,6,1.6,0
16:31:40,6242.788,999,1000,6,1.6,0
16:31:40,6242.979,999,1000,6,1.6,0
16:31:41,6243.186,999,1000,6,1.6,0
16:31:41,6243.378,999,1000,6,1.6,0
16:31:41,6243.587,999,1000,6,1.6,0
16:31:41,6243.779,999,1000,6,1.6,0
16:31:41,6243.986,999,1000,6,1.6,0
16:31:42,6244.178,999,1000,6,1.6,0
16:31:42,6244.385,999,1000,6,1.6,0
16:31:42,6244.577,999,1000,6,1.6,0
16:31:42,6244.784,999,1000,6,1.6,0
16:31:42,6244.977,999,1000,6,1.6,0
16:31:43,6245.168,999,1000,6,1.6,0
16:31:43,6245.374,999,1000,6,1.6,0
16:31:43,6245.582,999,1000,6,1.6,0
16:31:43,6245.774,999,1000,6,1.6,0
16:31:43,6245.977,999,1000,6,1.6,0
16:31:44,6246.179,999,1000,6,1.6,0
16:31:44,6246.37,999,1000,6,1.6,0
16:31:44,6246.578,998,1000,6,1.6,0
16:31:44,6246.77,998,1000,6,1.6,0
16:31:44,6246.978,998,1000,6,1.6,0
16:31:45,6247.17,998,1000,6,1.6,0
16:31:45,6247.377,998,1000,6,1.6,0
16:31:45,6247.568,998,1000,6,1.6,0
16:31:45,6247.775,998,1000,6,1.6,0
16:31:45,6247.967,998,1000,6,1.6,0
16:31:46,6248.174,998,1000,6,1.6,0
16:31:46,6248.368,998,1000,6,1.6,0
16:31:46,6248.575,998,1000,6,1.6,0
16:31:46,6248.769,998,1000,6,1.6,0
16:31:46,6248.959,998,1000,6,1.6,0
16:31:47,6249.168,998,1000,6,1.6,0
16:31:47,6249.359,998,1000,6,1.6,0
16:31:47,6249.567,998,1000,6,1.6,0
16:31:47,6249.758,998,1000,6,1.6,0
16:31:47,6249.966,998,1000,6,1.6,0
16:31:48,6250.159,998,1000,6,1.6,0
16:31:48,6250.367,998,1000,6,1.6,0
16:31:48,6250.558,998,1000,6,1.6,0
16:31:48,6250.766,997,1000,6,1.6,0
16:31:48,6250.958,997,1000,6,1.6,0
16:31:48,6251.154,997,1000,6,1.6,0
16:31:49,6251.359,997,1000,6,1.6,0
16:31:49,6251.566,997,1000,6,1.6,0
16:31:49,6251.758,997,1000,6,1.6,0
16:31:49,6251.95,997,1000,6,1.6,0
16:31:49,6252.157,997,1000,6,1.6,0
16:31:50,6252.363,997,1000,6,1.6,0
16:31:50,6252.561,997,1000,6,1.6,0
16:31:50,6252.762,997,1000,6,1.6,0
16:31:50,6252.956,998,1000,6,1.6,0
16:31:50,6253.157,998,1000,6,1.6,0
16:31:51,6253.368,998,1000,6,1.6,0
16:31:51,6253.559,998,1000,6,1.6,0
16:31:51,6253.751,998,1000,6,1.6,0
16:31:51,6253.956,998,1000,6,1.6,0
16:31:51,6254.154,999,1000,6,1.6,0
16:31:52,6254.352,999,1000,6,1.6,0
16:31:52,6254.544,1000,1000,6,1.6,0
16:31:52,6254.766,1000,1000,6,1.6,0
16:31:52,6254.948,1000,1000,6,1.6,0
16:31:53,6255.165,1001,1000,6,1.6,0
16:31:53,6255.349,1001,1000,6,1.6,0
16:31:53,6255.545,1001,1000,6,1.6,0
16:31:53,6255.745,1001,1000,6,1.6,0
16:31:53,6255.944,1002,1000,6,1.6,0
16:31:53,6256.153,1002,1000,6,1.6,0
16:31:54,6256.355,1002,1000,6,1.6,0
16:31:54,6256.554,1002,1000,6,1.6,0
16:31:54,6256.741,1002,1000,6,1.6,0
16:31:54,6256.943,1002,1000,6,1.6,0
16:31:54,6257.145,1002,1000,6,1.6,0
16:31:55,6257.345,1001,1000,6,1.6,0
16:31:55,6257.539,1002,1000,6,1.6,0
16:31:55,6257.741,1002,1000,6,1.6,0
16:31:55,6257.938,1002,1000,6,1.6,0
16:31:55,6258.137,1003,1000,6,1.6,0
16:31:56,6258.337,1003,1000,6,1.6,0
16:31:56,6258.537,1004,1000,6,1.6,0
16:31:56,6258.744,1005,1000,6,1.6,0
16:31:56,6258.945,1005,1000,6,1.5,0
16:31:56,6259.137,1006,1000,6,1.5,0
16:31:57,6259.334,1007,1000,6,1.5,0
16:31:57,6259.54,1005,1000,6,1.5,0
16:31:57,6259.734,1005,1000,6,1.5,0
16:31:57,6259.944,1005,1000,6,1.5,0
16:31:57,6260.14,1005,1000,6,1.5,0
16:31:58,6260.339,1005,1000,6,1.5,0
16:31:58,6260.53,1004,1000,6,1.6,0
16:31:58,6260.744,1005,1000,6,1.5,0
16:31:58,6260.937,1005,1000,6,1.5,0
16:31:58,6261.14,1004,1000,6,1.6,0
16:31:59,6261.333,1005,1000,6,1.5,0
16:31:59,6261.533,1005,1000,6,1.5,0
16:31:59,6261.736,1004,1000,6,1.5,0
16:31:59,6261.927,1005,1000,6,1.5,0
16:31:59,6262.126,1005,1000,6,1.5,0
16:32:00,6262.327,1004,1000,6,1.5,0
16:32:00,6262.525,1005,1000,6,1.4,0
16:32:00,6262.724,1005,1000,6,1.4,0
16:32:00,6262.924,1004,1000,6,1.5,0
16:32:00,6263.125,1005,1000,6,1.4,0
16:32:01,6263.322,1005,1000,6,1.4,0
16:32:01,6263.527,1005,1000,6,1.4,0
16:32:01,6263.727,1004,1000,6,1.5,0
16:32:01,6263.923,1004,1000,6,1.5,0
16:32:01,6264.12,1004,1000,6,1.5,0
16:32:02,6264.318,1003,1000,6,1.5,0
16:32:02,6264.521,1003,1000,6,1.5,0
16:32:02,6264.721,1003,1000,6,1.5,0
16:32:02,6264.917,1003,1000,6,1.5,0
16:32:02,6265.124,1003,1000,6,1.5,0
16:32:03,6265.325,1003,1000,6,1.5,0
16:32:03,6265.521,1003,1000,6,1.5,0
16:32:03,6265.717,1002,1000,6,1.5,0
16:32:03,6265.914,1002,1000,6,1.5,0
16:32:03,6266.112,1002,1000,6,1.5,0
16:32:04,6266.317,1002,1000,6,1.5,0
16:32:04,6266.518,1002,1000,6,1.5,0
16:32:04,6266.714,1002,1000,6,1.5,0
16:32:04,6266.923,1001,1000,6,1.5,0
16:32:04,6267.118,1001,1000,6,1.5,0
16:32:05,6267.318,1001,1000,6,1.5,0
16:32:05,6267.509,1001,1000,6,1.5,0
16:32:05,6267.708,1001,1000,6,1.5,0
16:32:05,6267.909,1001,1000,6,1.5,0
16:32:05,6268.107,1001,1000,6,1.5,0
16:32:06,6268.306,1001,1000,6,1.5,0
16:32:06,6268.511,1001,1000,6,1.5,0
16:32:06,6268.705,1001,1000,6,1.5,0
16:32:06,6268.898,1001,1000,6,1.5,0
16:32:06,6269.113,1001,1000,6,1.5,0
16:32:07,6269.31,1001,1000,6,1.5,0
16:32:07,6269.507,1000,1000,6,1.5,0
16:32:07,6269.712,1000,1000,6,1.5,0
16:32:07,6269.901,1000,1000,6,1.5,0
16:32:07,6270.101,1000,1000,6,1.5,0
16:32:08,6270.3,1000,1000,6,1.5,0
16:32:08,6270.515,1000,1000,6,1.5,0
16:32:08,6270.709,1000,1000,6,1.5,0
16:32:08,6270.903,1000,1000,6,1.5,0
16:32:08,6271.102,1000,1000,6,1.5,0
16:32:09,6271.291,1000,1000,6,1.5,0
16:32:09,6271.497,1000,1000,6,1.5,0
16:32:09,6271.704,999,1000,6,1.5,0
16:32:09,6271.896,999,1000,6,1.5,0
16:32:09,6272.112,999,1000,6,1.5,0
16:32:10,6272.294,999,1000,6,1.5,0
16:32:10,6272.498,999,1000,6,1.5,0
16:32:10,6272.697,999,1000,6,1.5,0
16:32:10,6272.905,999,1000,6,1.5,0
16:32:10,6273.091,999,1000,6,1.5,0
16:32:11,6273.298,998,1000,6,1.5,0
16:32:11,6273.495,998,1000,6,1.5,0
16:32:11,6273.688,998,1000,6,1.5,0
16:32:11,6273.891,998,1000,6,1.5,0
16:32:11,6274.094,998,1000,6,1.5,0
16:32:12,6274.297,998,1000,6,1.5,0
16:32:12,6274.495,998,1000,6,1.5,0
16:32:12,6274.694,998,1000,6,1.5,0
16:32:12,6274.89,998,1000,6,1.5,0
16:32:12,6275.085,998,1000,6,1.5,0
16:32:13,6275.288,997,1000,6,1.5,0
16:32:13,6275.483,997,1000,6,1.5,0
16:32:13,6275.687,997,1000,6,1.5,0
16:32:13,6275.886,996,1000,6,1.5,0
16:32:13,6276.083,996,1000,6,1.5,0
16:32:14,6276.28,996,1000,6,1.5,0
16:32:14,6276.483,995,1000,6,1.5,0
16:32:14,6276.69,995,1000,6,1.5,0
16:32:14,6276.88,994,1000,6,1.6,0
16:32:14,6277.081,994,1000,6,1.6,0
16:32:15,6277.28,996,1000,6,1.5,0
16:32:15,6277.479,995,1000,6,1.5,0
16:32:15,6277.677,994,1000,6,1.6,0
16:32:15,6277.885,994,1000,6,1.6,0
16:32:15,6278.081,996,1000,6,1.5,0
16:32:16,6278.286,996,1000,6,1.5,0
16:32:16,6278.475,997,1000,6,1.5,0
16:32:16,6278.674,998,1000,6,1.5,0
16:32:16,6278.882,998,1000,6,1.5,0
16:32:16,6279.085,999,1000,6,1.5,0
16:32:17,6279.277,999,1000,6,1.5,0
16:32:17,6279.475,999,1000,6,1.5,0
16:32:17,6279.671,999,1000,6,1.5,0
16:32:17,6279.869,999,1000,6,1.5,0
16:32:17,6280.079,999,1000,6,1.5,0
16:32:18,6280.271,999,1000,6,1.5,0
16:32:18,6280.47,999,1000,6,1.5,0
16:32:18,6280.671,999,1000,6,1.5,0
16:32:18,6280.88,999,1000,6,1.5,0
16:32:18,6281.079,999,1000,6,1.5,0
16:32:19,6281.269,999,1000,6,1.5,0
16:32:19,6281.471,999,1000,6,1.5,0
16:32:19,6281.67,998,1000,6,1.5,0
16:32:19,6281.876,998,1000,6,1.5,0
16:32:19,6282.067,998,1000,6,1.5,0
16:32:20,6282.262,998,1000,6,1.5,0
16:32:20,6282.468,997,1000,6,1.5,0
16:32:20,6282.662,997,1000,6,1.5,0
16:32:20,6282.861,997,1000,6,1.5,0
16:32:20,6283.068,997,1000,6,1.5,0
16:32:21,6283.275,997,1000,6,1.5,0
16:32:21,6283.461,997,1000,6,1.5,0
16:32:21,6283.668,997,1000,6,1.5,0
16:32:21,6283.858,997,1000,6,1.5,0
16:32:21,6284.067,996,1000,6,1.5,0
16:32:22,6284.257,997,1000,6,1.5,0
16:32:22,6284.457,997,1000,6,1.5,0
16:32:22,6284.657,997,1000,6,1.5,0
16:32:22,6284.861,996,1000,6,1.5,0
16:32:22,6285.061,996,1000,6,1.5,0
16:32:23,6285.255,996,1000,6,1.5,0
16:32:23,6285.463,996,1000,6,1.5,0
16:32:23,6285.655,996,1000,6,1.5,0
16:32:23,6285.859,996,1000,6,1.5,0
16:32:23,6286.053,997,1000,6,1.5,0
16:32:24,6286.251,997,1000,6,1.5,0
16:32:24,6286.45,997,1000,6,1.5,0
16:32:24,6286.661,997,1000,6,1.5,0
16:32:24,6286.852,998,1000,6,1.5,0
16:32:24,6287.048,998,1000,6,1.5,0
16:32:25,6287.253,999,1000,6,1.5,0
16:32:25,6287.46,999,1000,6,1.5,0
16:32:25,6287.655,1000,1000,6,1.5,0
16:32:25,6287.862,1000,1000,6,1.5,0
16:32:25,6288.058,1001,1000,6,1.5,0
16:32:26,6288.252,1001,1000,6,1.5,0
16:32:26,6288.447,1002,1000,6,1.5,0
16:32:26,6288.643,1002,1000,6,1.5,0
16:32:26,6288.856,1003,1000,6,1.5,0
16:32:26,6289.052,1003,1000,6,1.5,0
16:32:27,6289.244,1003,1000,6,1.5,0
16:32:27,6289.453,1004,1000,6,1.5,0
16:32:27,6289.654,1004,1000,6,1.5,0
16:32:27,6289.846,1005,1000,6,1.4,0
16:32:27,6290.051,1004,1000,6,1.5,0
16:32:28,6290.241,1002,1000,6,1.5,0
16:32:28,6290.438,1000,1000,6,1.5,0
16:32:28,6290.639,999,1000,6,1.5,0
16:32:28,6290.837,997,1000,6,1.5,0
16:32:28,6291.041,996,1000,6,1.5,0
16:32:29,6291.237,995,1000,6,1.5,0
16:32:29,6291.435,995,1000,6,1.5,0
16:32:29,6291.64,994,1000,6,1.6,0
16:32:29,6291.838,995,1000,6,1.5,0
16:32:29,6292.034,997,1000,6,1.5,0
16:32:30,6292.233,998,1000,6,1.5,0
16:32:30,6292.434,999,1000,6,1.5,0
16:32:30,6292.641,1000,1000,6,1.5,0
16:32:30,6292.831,1000,1000,6,1.5,0
16:32:30,6293.032,1000,1000,6,1.5,0
16:32:31,6293.237,1000,1000,6,1.5,0
16:32:31,6293.438,1000,1000,6,1.5,0
16:32:31,6293.629,999,1000,6,1.5,0
16:32:31,6293.829,998,1000,6,1.5,0
16:32:31,6294.028,997,1000,6,1.5,0
16:32:32,6294.233,996,1000,6,1.5,0
16:32:32,6294.431,994,1000,6,1.6,0
16:32:32,6294.626,993,1000,6,1.6,0
16:32:32,6294.828,991,1000,6,1.6,0
16:32:32,6295.034,994,1000,6,1.6,0
16:32:33,6295.225,993,1000,6,1.6,0
16:32:33,6295.423,990,1000,6,1.7,0
16:32:33,6295.629,991,1000,6,1.7,0
16:32:33,6295.822,992,1000,6,1.7,0
16:32:33,6296.024,993,1000,6,1.7,0
16:32:34,6296.225,993,1000,6,1.7,0
16:32:34,6296.427,993,1000,6,1.7,0
16:32:34,6296.62,992,1000,6,1.7,0
16:32:34,6296.824,991,1000,6,1.7,0
16:32:34,6297.019,990,1000,6,1.7,0
16:32:35,6297.218,989,1000,6,1.8,0
16:32:35,6297.422,990,1000,6,1.8,0
16:32:35,6297.621,993,1000,6,1.7,0
16:32:35,6297.823,992,1000,7,1.8,0
16:32:35,6298.024,992,1000,7,1.8,0
16:32:36,6298.215,995,1000,7,1.7,0
16:32:36,6298.42,992,1000,7,1.8,0
16:32:36,6298.613,993,1000,7,1.8,0
16:32:36,6298.813,995,1000,7,1.7,0
16:32:36,6299.015,992,1000,7,1.8,0
16:32:37,6299.217,992,1000,7,1.8,0
16:32:37,6299.42,994,1000,7,1.8,0
16:32:37,6299.612,995,1000,7,1.7,0
16:32:37,6299.813,992,1000,7,1.8,0
16:32:37,6300.017,993,1000,7,1.8,0
16:32:38,6300.209,994,1000,7,1.8,0
16:32:38,6300.411,995,1000,7,1.8,0
16:32:38,6300.616,991,1000,7,1.9,0
16:32:38,6300.816,991,1000,7,1.9,0
16:32:38,6301.007,993,1000,7,1.9,0
16:32:39,6301.21,995,1000,7,1.8,0
16:32:39,6301.412,997,1000,7,1.8,0
16:32:39,6301.606,998,1000,7,1.8,0
16:32:39,6301.805,998,1000,7,1.8,0
16:32:39,6302.007,999,1000,7,1.8,0
16:32:40,6302.211,999,1000,7,1.8,0
16:32:40,6302.403,999,1000,7,1.8,0
16:32:40,6302.609,999,1000,7,1.8,0
16:32:40,6302.801,999,1000,7,1.8,0
16:32:40,6303.003,999,1000,7,1.8,0
16:32:41,6303.207,998,1000,7,1.8,0
16:32:41,6303.406,998,1000,7,1.8,0
16:32:41,6303.608,998,1000,7,1.8,0
16:32:41,6303.8,998,1000,7,1.8,0
16:32:41,6304.001,998,1000,7,1.8,0
16:32:42,6304.197,998,1000,7,1.8,0
16:32:42,6304.397,998,1000,7,1.8,0
16:32:42,6304.599,998,1000,7,1.8,0
16:32:42,6304.799,998,1000,7,1.8,0
16:32:42,6304.996,998,1000,7,1.8,0
16:32:43,6305.196,998,1000,7,1.8,0
16:32:43,6305.395,998,1000,7,1.8,0
16:32:43,6305.601,998,1000,7,1.8,0
16:32:43,6305.793,999,1000,7,1.8,0
16:32:43,6305.993,999,1000,7,1.8,0
16:32:44,6306.198,999,1000,7,1.8,0
16:32:44,6306.402,999,1000,7,1.8,0
16:32:44,6306.59,999,1000,7,1.8,0
16:32:44,6306.793,999,1000,7,1.8,0
16:32:44,6306.996,999,1000,7,1.8,0
16:32:45,6307.19,999,1000,7,1.8,0
16:32:45,6307.388,1000,1000,7,1.8,0
16:32:45,6307.598,1000,1000,7,1.8,0
16:32:45,6307.793,1000,1000,7,1.8,0
16:32:45,6307.994,1000,1000,7,1.8,0
16:32:46,6308.186,1001,1000,7,1.8,0
16:32:46,6308.388,1001,1000,7,1.8,0
16:32:46,6308.591,1001,1000,7,1.8,0
16:32:46,6308.785,1002,1000,7,1.8,0
16:32:46,6308.984,1002,1000,7,1.8,0
16:32:47,6309.186,1003,1000,7,1.8,0
16:32:47,6309.391,1004,1000,7,1.8,0
16:32:47,6309.582,1004,1000,7,1.8,0
16:32:47,6309.787,1005,1000,7,1.7,0
16:32:47,6309.989,1003,1000,7,1.8,0
16:32:48,6310.184,1004,1000,7,1.8,0
16:32:48,6310.381,1005,1000,7,1.7,0
16:32:48,6310.584,1004,1000,7,1.8,0
16:32:48,6310.779,1002,1000,7,1.8,0
16:32:48,6310.978,1000,1000,7,1.8,0
16:32:49,6311.182,999,1000,7,1.8,0
16:32:49,6311.387,998,1000,7,1.8,0
16:32:49,6311.576,997,1000,7,1.8,0
16:32:49,6311.786,997,1000,7,1.8,0
16:32:49,6311.974,997,1000,7,1.8,0
16:32:50,6312.176,996,1000,7,1.8,0
16:32:50,6312.383,996,1000,7,1.8,0
16:32:50,6312.572,996,1000,7,1.8,0
16:32:50,6312.777,996,1000,7,1.8,0
16:32:50,6312.976,997,1000,7,1.8,0
16:32:51,6313.176,997,1000,7,1.8,0
16:32:51,6313.372,997,1000,7,1.8,0
16:32:51,6313.569,998,1000,7,1.8,0
16:32:51,6313.769,998,1000,7,1.8,0
16:32:51,6313.97,999,1000,7,1.8,0
16:32:52,6314.169,999,1000,7,1.8,0
16:32:52,6314.373,999,1000,7,1.8,0
16:32:52,6314.575,999,1000,7,1.8,0
16:32:52,6314.766,999,1000,7,1.8,0
16:32:52,6314.968,1000,1000,7,1.8,0
16:32:53,6315.173,1000,1000,7,1.8,0
16:32:53,6315.373,1000,1000,7,1.8,0
16:32:53,6315.563,1000,1000,7,1.8,0
16:32:53,6315.765,1000,1000,7,1.8,0
16:32:53,6315.965,1000,1000,7,1.8,0
16:32:54,6316.164,1000,1000,7,1.8,0
16:32:54,6316.361,1000,1000,7,1.8,0
16:32:54,6316.568,1000,1000,7,1.8,0
16:32:54,6316.767,1000,1000,7,1.8,0
16:32:54,6316.959,999,1000,7,1.8,0
16:32:55,6317.158,999,1000,7,1.8,0
16:32:55,6317.359,1000,1000,7,1.8,0
16:32:55,6317.564,1000,1000,7,1.8,0
16:32:55,6317.756,1001,1000,7,1.8,0
16:32:55,6317.967,1001,1000,7,1.8,0
16:32:55,6318.156,1001,1000,7,1.8,0
16:32:56,6318.363,1001,1000,7,1.8,0
16:32:56,6318.557,1001,1000,7,1.8,0
16:32:56,6318.758,1002,1000,7,1.8,0
16:32:56,6318.957,1003,1000,7,1.8,0
16:32:56,6319.156,1003,1000,7,1.8,0
16:32:57,6319.352,1004,1000,7,1.8,0
16:32:57,6319.555,1004,1000,7,1.8,0
16:32:57,6319.751,1005,1000,7,1.7,0
16:32:57,6319.954,1006,1000,7,1.7,0
16:32:57,6320.149,1006,1000,7,1.7,0
16:32:58,6320.351,1006,1000,7,1.7,0
16:32:58,6320.554,1007,1000,7,1.6,0
16:32:58,6320.748,1003,1000,7,1.7,0
16:32:58,6320.955,1004,1000,7,1.7,0
16:32:58,6321.148,1005,1000,7,1.7,0
16:32:59,6321.35,1006,1000,7,1.6,0
16:32:59,6321.554,1005,1000,7,1.6,0
16:32:59,6321.745,1001,1000,7,1.7,0
16:32:59,6321.944,1002,1000,7,1.7,0
16:32:59,6322.144,1003,1000,7,1.7,0
16:33:00,6322.346,1005,1000,7,1.6,0
16:33:00,6322.556,1006,1000,7,1.6,0
16:33:00,6322.744,1005,1000,7,1.6,0
16:33:00,6322.941,1001,1000,7,1.7,0
16:33:00,6323.143,1002,1000,7,1.7,0
16:33:01,6323.343,1004,1000,7,1.7,0
16:33:01,6323.55,1006,1000,7,1.6,0
16:33:01,6323.739,1003,1000,7,1.7,0
16:33:01,6323.942,1003,1000,7,1.7,0
16:33:01,6324.138,1006,1000,6,1.6,0
16:33:02,6324.348,1004,1000,6,1.7,0
16:33:02,6324.537,1004,1000,6,1.7,0
16:33:02,6324.744,1007,1000,6,1.6,0
16:33:02,6324.938,1008,1000,6,1.6,0
16:33:02,6325.141,1005,1000,6,1.6,0
16:33:03,6325.337,1003,1000,6,1.6,0
16:33:03,6325.543,1003,1000,6,1.6,0
16:33:03,6325.735,1007,1000,6,1.6,0
16:33:03,6325.943,1005,1000,6,1.6,0
16:33:03,6326.133,1004,1000,6,1.6,0
16:33:04,6326.331,1002,1000,6,1.6,0
16:33:04,6326.535,1001,1000,6,1.6,0
16:33:04,6326.743,1001,1000,6,1.6,0
16:33:04,6326.932,1000,1000,6,1.6,0
16:33:04,6327.137,1000,1000,6,1.6,0
16:33:05,6327.333,1000,1000,6,1.6,0
16:33:05,6327.527,1001,1000,6,1.6,0
16:33:05,6327.733,1001,1000,6,1.6,0
16:33:05,6327.926,1002,1000,6,1.6,0
16:33:05,6328.133,1002,1000,6,1.6,0
16:33:06,6328.326,1003,1000,6,1.6,0
16:33:06,6328.533,1004,1000,6,1.6,0
16:33:06,6328.724,1004,1000,6,1.6,0
16:33:06,6328.93,1005,1000,6,1.6,0
16:33:06,6329.134,1005,1000,6,1.5,0
16:33:07,6329.323,1006,1000,6,1.5,0
16:33:07,6329.526,1007,1000,6,1.5,0
16:33:07,6329.729,1007,1000,6,1.5,0
16:33:07,6329.932,1005,1000,6,1.5,0
16:33:07,6330.119,1005,1000,6,1.5,0
16:33:08,6330.328,1004,1000,6,1.6,0
16:33:08,6330.521,1005,1000,6,1.5,0
16:33:08,6330.728,1005,1000,6,1.5,0
16:33:08,6330.922,1003,1000,6,1.6,0
16:33:08,6331.122,1005,1000,6,1.5,0
16:33:09,6331.316,1005,1000,6,1.5,0
16:33:09,6331.528,1003,1000,6,1.6,0
16:33:09,6331.716,1004,1000,6,1.6,0
16:33:09,6331.915,1006,1000,6,1.5,0
16:33:09,6332.114,1005,1000,6,1.5,0
16:33:10,6332.326,1004,1000,6,1.5,0
16:33:10,6332.518,1006,1000,6,1.5,0
16:33:10,6332.711,1005,1000,6,1.5,0
16:33:10,6332.914,1004,1000,6,1.5,0
16:33:10,6333.111,1006,1000,6,1.4,0
16:33:11,6333.31,1005,1000,6,1.4,0
16:33:11,6333.509,1004,1000,6,1.5,0
16:33:11,6333.721,1006,1000,6,1.4,0
16:33:11,6333.912,1005,1000,6,1.4,0
16:33:11,6334.108,1005,1000,6,1.4,0
16:33:12,6334.337,1004,1000,6,1.5,0
16:33:12,6334.519,1003,1000,6,1.5,0
16:33:12,6334.709,1003,1000,6,1.5,0
16:33:12,6334.913,1002,1000,6,1.5,0
16:33:12,6335.11,1002,1000,6,1.5,0
16:33:13,6335.304,1002,1000,6,1.5,0
16:33:13,6335.509,1002,1000,6,1.5,0
16:33:13,6335.703,1002,1000,6,1.5,0
16:33:13,6335.91,1002,1000,6,1.5,0
16:33:13,6336.102,1002,1000,6,1.5,0
16:33:14,6336.307,1003,1000,6,1.5,0
16:33:14,6336.501,1003,1000,6,1.5,0
16:33:14,6336.7,1003,1000,6,1.5,0
16:33:14,6336.899,1003,1000,6,1.5,0
16:33:14,6337.108,1004,1000,6,1.5,0
16:33:15,6337.308,1004,1000,6,1.5,0
16:33:15,6337.501,1004,1000,6,1.5,0
16:33:15,6337.709,1005,1000,6,1.4,0
16:33:15,6337.9,1005,1000,6,1.4,0
16:33:15,6338.104,1005,1000,6,1.4,0
16:33:16,6338.299,1006,1000,6,1.4,0
16:33:16,6338.495,1006,1000,6,1.4,0
16:33:16,6338.694,1005,1000,6,1.4,0
16:33:16,6338.904,1005,1000,6,1.4,0
16:33:16,6339.095,1005,1000,5,1.4,0
16:33:17,6339.296,1003,1000,5,1.4,0
16:33:17,6339.493,1004,1000,5,1.4,0
16:33:17,6339.691,1004,1000,5,1.4,0
16:33:17,6339.894,1005,1000,5,1.4,0
16:33:17,6340.086,1004,1000,5,1.4,0
16:33:18,6340.297,1004,1000,5,1.4,0
16:33:18,6340.491,1005,1000,5,1.4,0
16:33:18,6340.691,1005,1000,5,1.4,0
16:33:18,6340.89,1003,1000,5,1.4,0
16:33:18,6341.088,1004,1000,5,1.4,0
16:33:19,6341.293,1005,1000,5,1.3,0
16:33:19,6341.489,1004,1000,5,1.4,0
16:33:19,6341.685,1004,1000,5,1.4,0
16:33:19,6341.889,1005,1000,5,1.3,0
16:33:19,6342.094,1003,1000,5,1.4,0
16:33:20,6342.289,1004,1000,5,1.4,0
16:33:20,6342.486,1005,1000,5,1.3,0
16:33:20,6342.688,1003,1000,5,1.4,0
16:33:20,6342.886,1003,1000,5,1.4,0
16:33:20,6343.087,1004,1000,5,1.4,0
16:33:21,6343.287,1004,1000,5,1.4,0
16:33:21,6343.481,1004,1000,5,1.4,0
16:33:21,6343.68,1004,1000,5,1.4,0
16:33:21,6343.879,1004,1000,5,1.4,0
16:33:21,6344.081,1004,1000,5,1.4,0
16:33:22,6344.282,1003,1000,5,1.4,0
16:33:22,6344.482,1003,1000,5,1.4,0
16:33:22,6344.677,1002,1000,5,1.4,0
16:33:22,6344.88,1002,1000,5,1.4,0
16:33:22,6345.077,1001,1000,5,1.4,0
16:33:23,6345.284,1001,1000,5,1.4,0
16:33:23,6345.485,1000,1000,5,1.4,0
16:33:23,6345.678,999,1000,5,1.4,0
16:33:23,6345.872,998,1000,5,1.4,0
16:33:23,6346.08,998,1000,5,1.4,0
16:33:24,6346.277,997,1000,5,1.4,0
16:33:24,6346.479,996,1000,5,1.4,0
16:33:24,6346.679,995,1000,5,1.4,0
16:33:24,6346.871,994,1000,5,1.5,0
16:33:24,6347.081,992,1000,5,1.5,0
16:33:25,6347.276,991,1000,5,1.5,0
16:33:25,6347.471,991,1000,5,1.5,0
16:33:25,6347.675,992,1000,6,1.5,0
16:33:25,6347.867,993,1000,6,1.5,0
16:33:25,6348.07,994,1000,6,1.5,0
16:33:26,6348.277,995,1000,6,1.5,0
16:33:26,6348.471,993,1000,6,1.5,0
16:33:26,6348.675,993,1000,6,1.6,0
16:33:26,6348.876,994,1000,6,1.6,0
16:33:26,6349.069,994,1000,6,1.6,0
16:33:27,6349.273,994,1000,6,1.6,0
16:33:27,6349.467,993,1000,6,1.6,0
16:33:27,6349.664,992,1000,6,1.6,0
16:33:27,6349.865,992,1000,6,1.6,0
16:33:27,6350.071,991,1000,6,1.6,0
16:33:28,6350.261,991,1000,6,1.6,0
16:33:28,6350.471,994,1000,6,1.6,0
16:33:28,6350.663,994,1000,6,1.6,0
16:33:28,6350.859,994,1000,6,1.6,0
16:33:28,6351.057,993,1000,6,1.6,0
16:33:29,6351.269,998,1000,6,1.6,0
16:33:29,6351.457,1000,1000,6,1.6,0
16:33:29,6351.658,998,1000,6,1.6,0
16:33:29,6351.874,996,1000,6,1.6,0
16:33:29,6352.069,995,1000,6,1.6,0
16:33:30,6352.258,994,1000,6,1.6,0
16:33:30,6352.472,993,1000,6,1.7,0
16:33:30,6352.663,996,1000,6,1.6,0
16:33:30,6352.868,996,1000,6,1.6,0
16:33:30,6353.067,996,1000,6,1.6,0
16:33:31,6353.269,995,1000,6,1.6,0
16:33:31,6353.454,995,1000,6,1.6,0
16:33:31,6353.667,995,1000,6,1.6,0
16:33:31,6353.847,995,1000,6,1.6,0
16:33:31,6354.051,996,1000,6,1.6,0
16:33:32,6354.256,996,1000,6,1.6,0
16:33:32,6354.45,996,1000,6,1.6,0
16:33:32,6354.65,997,1000,6,1.6,0
16:33:32,6354.849,997,1000,6,1.6,0
16:33:32,6355.056,997,1000,6,1.6,0
16:33:33,6355.249,998,1000,6,1.6,0
16:33:33,6355.448,998,1000,6,1.6,0
16:33:33,6355.646,998,1000,6,1.6,0
16:33:33,6355.845,998,1000,6,1.6,0
16:33:33,6356.046,997,1000,6,1.6,0
16:33:34,6356.247,997,1000,6,1.6,0
16:33:34,6356.462,996,1000,6,1.6,0
16:33:34,6356.645,996,1000,6,1.6,0
16:33:34,6356.844,995,1000,6,1.6,0
16:33:34,6357.043,994,1000,6,1.7,0
16:33:35,6357.25,996,1000,6,1.6,0
16:33:35,6357.452,995,1000,6,1.6,0
16:33:35,6357.643,994,1000,6,1.7,0
16:33:35,6357.841,996,1000,6,1.6,0
16:33:35,6358.044,995,1000,6,1.6,0
16:33:36,6358.253,993,1000,6,1.7,0
16:33:36,6358.437,995,1000,6,1.6,0
16:33:36,6358.65,993,1000,6,1.7,0
16:33:36,6358.849,994,1000,6,1.7,0
16:33:36,6359.048,998,1000,6,1.6,0
16:33:37,6359.239,996,1000,6,1.6,0
16:33:37,6359.448,994,1000,6,1.7,0
16:33:37,6359.636,996,1000,6,1.6,0
16:33:37,6359.837,995,1000,6,1.6,0
16:33:37,6360.041,993,1000,6,1.7,0
16:33:38,6360.234,996,1000,6,1.6,0
16:33:38,6360.445,994,1000,6,1.7,0
16:33:38,6360.646,995,1000,6,1.6,0
16:33:38,6360.837,994,1000,6,1.7,0
16:33:38,6361.026,998,1000,6,1.6,0
16:33:39,6361.238,1000,1000,6,1.6,0
16:33:39,6361.444,1002,1000,6,1.6,0
16:33:39,6361.636,1004,1000,6,1.6,0
16:33:39,6361.83,1006,1000,6,1.6,0
16:33:39,6362.033,1004,1000,6,1.6,0
16:33:40,6362.229,1002,1000,6,1.6,0
16:33:40,6362.427,1000,1000,6,1.6,0
16:33:40,6362.628,998,1000,6,1.6,0
16:33:40,6362.826,998,1000,6,1.6,0
16:33:40,6363.027,997,1000,6,1.6,0
16:33:41,6363.226,997,1000,6,1.6,0
16:33:41,6363.433,997,1000,6,1.6,0
16:33:41,6363.634,997,1000,6,1.6,0
16:33:41,6363.825,998,1000,6,1.6,0
16:33:41,6364.029,998,1000,6,1.6,0
16:33:42,6364.223,998,1000,6,1.6,0
16:33:42,6364.439,999,1000,6,1.6,0
16:33:42,6364.622,999,1000,6,1.6,0
16:33:42,6364.829,999,1000,6,1.6,0
16:33:42,6365.027,1000,1000,6,1.6,0
16:33:43,6365.22,1000,1000,6,1.6,0
16:33:43,6365.42,1000,1000,6,1.6,0
16:33:43,6365.632,1001,1000,6,1.6,0
16:33:43,6365.821,1001,1000,6,1.6,0
16:33:43,6366.029,1002,1000,6,1.6,0
16:33:44,6366.219,1002,1000,6,1.6,0
16:33:44,6366.423,1002,1000,6,1.6,0
16:33:44,6366.625,1002,1000,6,1.6,0
16:33:44,6366.828,1002,1000,6,1.6,0
16:33:44,6367.015,1002,1000,6,1.6,0
16:33:45,6367.219,1001,1000,6,1.6,0
16:33:45,6367.424,1001,1000,6,1.6,0
16:33:45,6367.613,1001,1000,6,1.6,0
16:33:45,6367.821,1000,1000,6,1.6,0
16:33:45,6368.018,1000,1000,6,1.6,0
16:33:46,6368.228,999,1000,6,1.6,0
16:33:46,6368.413,998,1000,6,1.6,0
16:33:46,6368.618,997,1000,6,1.6,0
16:33:46,6368.813,997,1000,6,1.6,0
16:33:46,6369.009,996,1000,6,1.6,0
16:33:47,6369.212,995,1000,6,1.6,0
16:33:47,6369.408,995,1000,6,1.6,0
16:33:47,6369.622,995,1000,6,1.6,0
16:33:47,6369.807,995,1000,6,1.6,0
16:33:47,6370.013,996,1000,6,1.6,0
16:33:48,6370.208,996,1000,6,1.6,0
16:33:48,6370.408,997,1000,6,1.6,0
16:33:48,6370.604,998,1000,6,1.6,0
16:33:48,6370.806,998,1000,6,1.6,0
16:33:48,6371.004,998,1000,6,1.6,0
16:33:49,6371.207,999,1000,6,1.6,0
16:33:49,6371.426,999,1000,6,1.6,0
16:33:49,6371.601,999,1000,6,1.6,0
16:33:49,6371.802,999,1000,6,1.6,0
16:33:49,6372.019,1000,1000,6,1.6,0
16:33:50,6372.2,1000,1000,6,1.6,0
16:33:50,6372.407,1000,1000,6,1.6,0
16:33:50,6372.598,1000,1000,6,1.6,0
16:33:50,6372.805,1000,1000,6,1.6,0
16:33:50,6372.998,1001,1000,6,1.6,0
16:33:51,6373.203,1001,1000,6,1.6,0
16:33:51,6373.398,1001,1000,6,1.6,0
16:33:51,6373.606,1001,1000,6,1.6,0
16:33:51,6373.814,1001,1000,6,1.6,0
16:33:51,6374.002,1002,1000,6,1.6,0
16:33:52,6374.195,1002,1000,6,1.6,0
16:33:52,6374.403,1002,1000,6,1.6,0
16:33:52,6374.594,1002,1000,6,1.6,0
16:33:52,6374.801,1002,1000,6,1.6,0
16:33:52,6374.991,1002,1000,6,1.6,0
16:33:53,6375.192,1002,1000,6,1.6,0
16:33:53,6375.39,1003,1000,6,1.6,0
16:33:53,6375.599,1003,1000,6,1.6,0
16:33:53,6375.793,1004,1000,6,1.6,0
16:33:53,6375.99,1004,1000,6,1.6,0
16:33:54,6376.188,1005,1000,6,1.6,0
16:33:54,6376.397,1005,1000,6,1.6,0
16:33:54,6376.594,1006,1000,6,1.5,0
16:33:54,6376.787,1006,1000,6,1.5,0
16:33:54,6376.986,1007,1000,6,1.5,0
16:33:55,6377.19,1006,1000,6,1.5,0
16:33:55,6377.388,1007,1000,6,1.5,0
16:33:55,6377.585,1006,1000,6,1.5,0
16:33:55,6377.788,1005,1000,6,1.5,0
16:33:55,6377.992,1004,1000,6,1.6,0
16:33:56,6378.199,1005,1000,6,1.5,0
16:33:56,6378.382,1005,1000,6,1.5,0
16:33:56,6378.587,1005,1000,6,1.5,0
16:33:56,6378.78,1005,1000,6,1.5,0
16:33:56,6378.998,1005,1000,6,1.5,0
16:33:57,6379.18,1006,1000,6,1.5,0
16:33:57,6379.387,1006,1000,6,1.4,0
16:33:57,6379.578,1007,1000,6,1.4,0
16:33:57,6379.786,1007,1000,6,1.4,0
16:33:57,6379.978,1008,1000,6,1.4,0
16:33:58,6380.183,1009,1000,6,1.4,0
16:33:58,6380.374,1008,1000,6,1.4,0
16:33:58,6380.584,1006,1000,6,1.4,0
16:33:58,6380.776,1005,1000,6,1.4,0
16:33:58,6380.974,1006,1000,6,1.4,0
16:33:59,6381.175,1005,1000,5,1.4,0
16:33:59,6381.374,1004,1000,5,1.4,0
16:33:59,6381.573,1005,1000,5,1.4,0
16:33:59,6381.772,1005,1000,5,1.4,0
16:33:59,6381.97,1004,1000,5,1.4,0
16:34:00,6382.18,1005,1000,5,1.4,0
16:34:00,6382.374,1004,1000,5,1.4,0
16:34:00,6382.575,1005,1000,5,1.3,0
16:34:00,6382.774,1005,1000,5,1.3,0
16:34:00,6382.979,1004,1000,5,1.4,0
16:34:01,6383.17,1005,1000,5,1.3,0
16:34:01,6383.374,1005,1000,5,1.3,0
16:34:01,6383.574,1004,1000,5,1.4,0
16:34:01,6383.778,1005,1000,5,1.3,0
16:34:01,6383.972,1004,1000,5,1.4,0
16:34:02,6384.163,1005,1000,5,1.3,0
16:34:02,6384.368,1005,1000,5,1.3,0
16:34:02,6384.576,1004,1000,5,1.4,0
16:34:02,6384.767,1004,1000,5,1.4,0
16:34:02,6384.976,1004,1000,5,1.4,0
16:34:03,6385.165,1004,1000,5,1.4,0
16:34:03,6385.374,1003,1000,5,1.4,0
16:34:03,6385.565,1003,1000,5,1.4,0
16:34:03,6385.759,1003,1000,5,1.4,0
16:34:03,6385.967,1003,1000,5,1.4,0
16:34:04,6386.166,1003,1000,5,1.4,0
16:34:04,6386.365,1004,1000,5,1.4,0
16:34:04,6386.569,1004,1000,5,1.4,0
16:34:04,6386.757,1004,1000,5,1.4,0
16:34:04,6386.959,1004,1000,5,1.4,0
16:34:05,6387.166,1004,1000,5,1.4,0
16:34:05,6387.355,1004,1000,5,1.4,0
16:34:05,6387.562,1005,1000,5,1.3,0
16:34:05,6387.754,1005,1000,5,1.3,0
16:34:05,6387.954,1005,1000,5,1.3,0
16:34:05,6388.155,1005,1000,5,1.3,0
16:34:06,6388.364,1005,1000,5,1.3,0
16:34:06,6388.552,1005,1000,5,1.3,0
16:34:06,6388.759,1005,1000,5,1.3,0
16:34:06,6388.956,1005,1000,5,1.3,0
16:34:07,6389.162,1006,1000,5,1.2,0
16:34:07,6389.35,1004,1000,5,1.3,0
16:34:07,6389.549,1004,1000,5,1.3,0
16:34:07,6389.75,1004,1000,5,1.3,0
16:34:07,6389.948,1004,1000,5,1.3,0
16:34:07,6390.149,1005,1000,5,1.2,0
16:34:08,6390.347,1004,1000,5,1.3,0
16:34:08,6390.549,1003,1000,5,1.3,0
16:34:08,6390.757,1004,1000,5,1.3,0
16:34:08,6390.95,1004,1000,5,1.3,0
16:34:08,6391.149,1004,1000,5,1.3,0
16:34:09,6391.354,1005,1000,5,1.2,0
16:34:09,6391.544,1003,1000,5,1.3,0
16:34:09,6391.749,1003,1000,5,1.3,0
16:34:09,6391.948,1004,1000,5,1.3,0
16:34:09,6392.143,1004,1000,5,1.3,0
16:34:10,6392.355,1005,1000,5,1.2,0
16:34:10,6392.546,1004,1000,5,1.3,0
16:34:10,6392.739,1004,1000,5,1.3,0
16:34:10,6392.943,1004,1000,5,1.3,0
16:34:10,6393.135,1005,1000,5,1.2,0
16:34:11,6393.342,1003,1000,5,1.3,0
16:34:11,6393.535,1003,1000,5,1.3,0
16:34:11,6393.743,1003,1000,5,1.3,0
16:34:11,6393.951,1003,1000,5,1.3,0
16:34:11,6394.145,1004,1000,5,1.3,0
16:34:12,6394.349,1004,1000,5,1.3,0
16:34:12,6394.542,1005,1000,5,1.2,0
16:34:12,6394.734,1003,1000,5,1.3,0
16:34:12,6394.939,1003,1000,5,1.3,0
16:34:12,6395.138,1004,1000,5,1.3,0
16:34:13,6395.332,1005,1000,5,1.2,0
16:34:13,6395.533,1004,1000,5,1.3,0
16:34:13,6395.74,1004,1000,5,1.3,0
16:34:13,6395.932,1005,1000,5,1.2,0
16:34:13,6396.131,1004,1000,5,1.3,0
16:34:14,6396.338,1004,1000,5,1.3,0
16:34:14,6396.529,1004,1000,5,1.3,0
16:34:14,6396.729,1005,1000,5,1.2,0
16:34:14,6396.938,1003,1000,5,1.3,0
16:34:14,6397.136,1002,1000,5,1.3,0
16:34:15,6397.326,1003,1000,5,1.3,0
16:34:15,6397.529,1004,1000,5,1.3,0
16:34:15,6397.736,1005,1000,5,1.2,0
16:34:15,6397.926,1002,1000,5,1.3,0
16:34:15,6398.124,1002,1000,5,1.3,0
16:34:16,6398.325,1003,1000,5,1.3,0
16:34:16,6398.529,1003,1000,5,1.3,0
16:34:16,6398.728,1004,1000,5,1.3,0
16:34:16,6398.924,1004,1000,5,1.3,0
16:34:16,6399.121,1005,1000,5,1.2,0
16:34:17,6399.321,1004,1000,5,1.3,0
16:34:17,6399.528,1003,1000,5,1.3,0
16:34:17,6399.719,1003,1000,5,1.3,0
16:34:17,6399.923,1004,1000,5,1.3,0
16:34:17,6400.119,1004,1000,5,1.3,0
16:34:18,6400.322,1005,1000,5,1.2,0
16:34:18,6400.511,1003,1000,5,1.2,0
16:34:18,6400.719,1000,1000,5,1.2,0
16:34:18,6400.917,999,1000,5,1.2,0
16:34:18,6401.118,997,1000,5,1.2,0
16:34:19,6401.315,996,1000,5,1.2,0
16:34:19,6401.515,995,1000,5,1.2,0
16:34:19,6401.712,994,1000,5,1.3,0
16:34:19,6401.924,995,1000,5,1.3,0
16:34:19,6402.113,997,1000,5,1.3,0
16:34:20,6402.318,998,1000,5,1.3,0
16:34:20,6402.512,999,1000,5,1.3,0
16:34:20,6402.716,1000,1000,5,1.3,0
16:34:20,6402.924,1001,1000,5,1.3,0
16:34:20,6403.116,1001,1000,5,1.3,0
16:34:21,6403.311,1002,1000,5,1.3,0
16:34:21,6403.514,1002,1000,5,1.3,0
16:34:21,6403.708,1003,1000,5,1.3,0
16:34:21,6403.914,1003,1000,5,1.3,0
16:34:21,6404.114,1004,1000,5,1.3,0
16:34:22,6404.313,1004,1000,5,1.3,0
16:34:22,6404.507,1004,1000,5,1.3,0
16:34:22,6404.713,1004,1000,5,1.3,0
16:34:22,6404.912,1004,1000,5,1.3,0
16:34:22,6405.105,1004,1000,5,1.3,0
16:34:23,6405.307,1004,1000,5,1.3,0
16:34:23,6405.513,1004,1000,5,1.3,0
16:34:23,6405.721,1004,1000,5,1.3,0
16:34:23,6405.902,1004,1000,5,1.3,0
16:34:23,6406.114,1005,1000,5,1.2,0
16:34:24,6406.312,1002,1000,5,1.2,0
16:34:24,6406.502,1000,1000,5,1.2,0
16:34:24,6406.7,998,1000,5,1.2,0
16:34:24,6406.908,997,1000,5,1.2,0
16:34:24,6407.096,996,1000,5,1.2,0
16:34:25,6407.299,995,1000,5,1.2,0
16:34:25,6407.496,994,1000,5,1.3,0
16:34:25,6407.701,995,1000,5,1.3,0
16:34:25,6407.895,997,1000,5,1.3,0
16:34:25,6408.102,998,1000,5,1.3,0
16:34:26,6408.295,999,1000,5,1.3,0
16:34:26,6408.498,1000,1000,5,1.3,0
16:34:26,6408.694,1001,1000,5,1.3,0
16:34:26,6408.9,1001,1000,5,1.3,0
16:34:26,6409.099,1002,1000,5,1.3,0
16:34:27,6409.3,1003,1000,5,1.3,0
16:34:27,6409.493,1003,1000,5,1.3,0
16:34:27,6409.7,1004,1000,5,1.3,0
16:34:27,6409.892,1004,1000,5,1.3,0
16:34:27,6410.09,1004,1000,5,1.3,0
16:34:28,6410.291,1004,1000,5,1.3,0
16:34:28,6410.492,1005,1000,5,1.2,0
16:34:28,6410.688,1002,1000,5,1.2,0
16:34:28,6410.894,1000,1000,5,1.2,0
16:34:28,6411.086,998,1000,5,1.2,0
16:34:29,6411.295,997,1000,5,1.2,0
16:34:29,6411.489,996,1000,5,1.2,0
16:34:29,6411.688,995,1000,5,1.2,0
16:34:29,6411.885,994,1000,5,1.3,0
16:34:29,6412.085,995,1000,5,1.3,0
16:34:30,6412.295,997,1000,5,1.3,0
16:34:30,6412.49,998,1000,5,1.3,0
16:34:30,6412.683,999,1000,5,1.3,0
16:34:30,6412.885,1000,1000,5,1.3,0
16:34:30,6413.087,1001,1000,5,1.3,0
16:34:31,6413.281,1002,1000,5,1.3,0
16:34:31,6413.482,1002,1000,5,1.3,0
16:34:31,6413.684,1003,1000,5,1.3,0
16:34:31,6413.878,1003,1000,5,1.3,0
16:34:31,6414.086,1003,1000,5,1.3,0
16:34:32,6414.274,1004,1000,5,1.3,0
16:34:32,6414.483,1004,1000,5,1.3,0
16:34:32,6414.683,1004,1000,5,1.3,0
16:34:32,6414.877,1004,1000,5,1.3,0
16:34:32,6415.082,1005,1000,5,1.2,0
16:34:33,6415.274,1002,1000,5,1.2,0
16:34:33,6415.479,1000,1000,5,1.2,0
16:34:33,6415.675,998,1000,5,1.2,0
16:34:33,6415.879,997,1000,5,1.2,0
16:34:33,6416.075,996,1000,5,1.2,0
16:34:34,6416.287,995,1000,5,1.2,0
16:34:34,6416.479,995,1000,5,1.2,0
16:34:34,6416.672,994,1000,5,1.3,0
16:34:34,6416.877,995,1000,5,1.3,0
16:34:34,6417.077,997,1000,5,1.3,0
16:34:35,6417.272,999,1000,5,1.3,0
16:34:35,6417.47,1001,1000,5,1.3,0
16:34:35,6417.67,1002,1000,5,1.3,0
16:34:35,6417.868,1003,1000,5,1.3,0
16:34:35,6418.071,1004,1000,5,1.3,0
16:34:36,6418.271,1004,1000,5,1.3,0
16:34:36,6418.476,1004,1000,5,1.3,0
16:34:36,6418.676,1004,1000,5,1.3,0
16:34:36,6418.871,1005,1000,5,1.2,0
16:34:36,6419.065,1003,1000,5,1.2,0
16:34:37,6419.266,1001,1000,5,1.2,0
16:34:37,6419.465,999,1000,5,1.2,0
16:34:37,6419.665,997,1000,5,1.2,0
16:34:37,6419.865,996,1000,5,1.2,0
16:34:37,6420.07,995,1000,5,1.2,0
16:34:38,6420.269,995,1000,5,1.2,0
16:34:38,6420.462,994,1000,5,1.3,0
16:34:38,6420.664,996,1000,5,1.3,0
16:34:38,6420.865,997,1000,5,1.3,0
16:34:38,6421.069,999,1000,5,1.3,0
16:34:39,6421.268,1000,1000,5,1.3,0
16:34:39,6421.465,1001,1000,5,1.3,0
16:34:39,6421.658,1002,1000,5,1.3,0
16:34:39,6421.857,1002,1000,5,1.3,0
16:34:39,6422.059,1003,1000,5,1.3,0
16:34:40,6422.262,1003,1000,5,1.3,0
16:34:40,6422.464,1004,1000,5,1.3,0
16:34:40,6422.656,1004,1000,5,1.3,0
16:34:40,6422.855,1004,1000,5,1.3,0
16:34:40,6423.055,1004,1000,5,1.3,0
16:34:41,6423.255,1005,1000,5,1.2,0
16:34:41,6423.453,1001,1000,5,1.2,0
16:34:41,6423.657,998,1000,5,1.2,0
16:34:41,6423.852,997,1000,5,1.2,0
16:34:41,6424.053,995,1000,5,1.2,0
16:34:42,6424.254,995,1000,5,1.2,0
16:34:42,6424.451,994,1000,5,1.3,0
16:34:42,6424.666,994,1000,5,1.3,0
16:34:42,6424.853,996,1000,5,1.3,0
16:34:42,6425.057,997,1000,5,1.3,0
16:34:43,6425.253,998,1000,5,1.3,0
16:34:43,6425.448,999,1000,5,1.3,0
16:34:43,6425.649,999,1000,5,1.3,0
16:34:43,6425.842,1000,1000,5,1.3,0
16:34:43,6426.05,1000,1000,5,1.3,0
16:34:44,6426.246,1000,1000,5,1.3,0
16:34:44,6426.45,1000,1000,5,1.3,0
16:34:44,6426.644,1000,1000,5,1.3,0
16:34:44,6426.852,1000,1000,5,1.3,0
16:34:44,6427.043,1000,1000,5,1.3,0
16:34:45,6427.248,1000,1000,5,1.3,0
16:34:45,6427.442,1000,1000,5,1.3,0
16:34:45,6427.641,1000,1000,5,1.3,0
16:34:45,6427.849,1000,1000,5,1.3,0
16:34:45,6428.036,999,1000,5,1.3,0
16:34:46,6428.243,999,1000,5,1.3,0
16:34:46,6428.433,999,1000,5,1.3,0
16:34:46,6428.64,999,1000,5,1.3,0
16:34:46,6428.847,998,1000,5,1.3,0
16:34:46,6429.038,998,1000,5,1.3,0
16:34:47,6429.229,998,1000,5,1.3,0
16:34:47,6429.441,998,1000,5,1.3,0
16:34:47,6429.628,998,1000,5,1.3,0
16:34:47,6429.835,998,1000,5,1.3,0
16:34:47,6430.027,998,1000,5,1.3,0
16:34:48,6430.235,998,1000,5,1.3,0
16:34:48,6430.442,998,1000,5,1.3,0
16:34:48,6430.633,997,1000,5,1.3,0
16:34:48,6430.84,998,1000,5,1.3,0
16:34:48,6431.03,998,1000,5,1.3,0
16:34:49,6431.237,998,1000,5,1.3,0
16:34:49,6431.427,998,1000,5,1.3,0
16:34:49,6431.633,998,1000,5,1.3,0
16:34:49,6431.825,998,1000,5,1.3,0
16:34:49,6432.032,997,1000,5,1.3,0
16:34:50,6432.224,997,1000,5,1.3,0
16:34:50,6432.431,997,1000,5,1.3,0
16:34:50,6432.628,997,1000,5,1.3,0
16:34:50,6432.821,997,1000,5,1.3,0
16:34:50,6433.028,997,1000,5,1.3,0
16:34:51,6433.219,997,1000,5,1.3,0
16:34:51,6433.425,997,1000,5,1.3,0
16:34:51,6433.631,997,1000,5,1.3,0
16:34:51,6433.822,997,1000,5,1.3,0
16:34:51,6434.03,997,1000,5,1.3,0
16:34:52,6434.222,997,1000,5,1.3,0
16:34:52,6434.43,997,1000,5,1.3,0
16:34:52,6434.62,997,1000,5,1.3,0
16:34:52,6434.827,997,1000,5,1.3,0
16:34:52,6435.018,997,1000,5,1.3,0
16:34:53,6435.225,997,1000,5,1.3,0
16:34:53,6435.416,998,1000,5,1.3,0
16:34:53,6435.625,998,1000,5,1.3,0
16:34:53,6435.813,998,1000,5,1.3,0
16:34:53,6436.017,998,1000,5,1.3,0
16:34:54,6436.223,998,1000,5,1.3,0
16:34:54,6436.414,998,1000,5,1.3,0
16:34:54,6436.619,998,1000,5,1.3,0
16:34:54,6436.815,998,1000,5,1.3,0
16:34:54,6437.018,998,1000,5,1.3,0
16:34:55,6437.213,998,1000,5,1.3,0
16:34:55,6437.416,998,1000,5,1.3,0
16:34:55,6437.607,998,1000,5,1.3,0
16:34:55,6437.815,998,1000,5,1.3,0
16:34:55,6438.009,998,1000,5,1.3,0
16:34:56,6438.213,998,1000,5,1.3,0
16:34:56,6438.405,998,1000,5,1.3,0
16:34:56,6438.612,998,1000,5,1.3,0
16:34:56,6438.809,998,1000,5,1.3,0
16:34:56,6439.01,998,1000,5,1.3,0
16:34:57,6439.202,998,1000,5,1.3,0
16:34:57,6439.411,998,1000,5,1.3,0
16:34:57,6439.6,998,1000,5,1.3,0
16:34:57,6439.807,997,1000,5,1.3,0
16:34:57,6440.014,998,1000,5,1.3,0
16:34:58,6440.204,997,1000,5,1.3,0
16:34:58,6440.41,998,1000,5,1.3,0
16:34:58,6440.602,998,1000,5,1.3,0
16:34:58,6440.81,998,1000,5,1.3,0
16:34:58,6441.004,998,1000,5,1.3,0
16:34:59,6441.206,998,1000,5,1.3,0
16:34:59,6441.402,998,1000,5,1.3,0
16:34:59,6441.609,998,1000,5,1.3,0
16:34:59,6441.804,998,1000,5,1.3,0
16:34:59,6441.997,998,1000,5,1.3,0
16:35:00,6442.194,998,1000,5,1.3,0
16:35:00,6442.409,998,1000,5,1.3,0
16:35:00,6442.601,998,1000,5,1.3,0
16:35:00,6442.798,998,1000,5,1.3,0
16:35:00,6443.007,998,1000,5,1.3,0
16:35:01,6443.198,998,1000,5,1.3,0
16:35:01,6443.4,998,1000,5,1.3,0
16:35:01,6443.603,998,1000,5,1.3,0
16:35:01,6443.811,998,1000,5,1.3,0
16:35:01,6443.996,998,1000,5,1.3,0
16:35:02,6444.193,998,1000,5,1.3,0
16:35:02,6444.402,998,1000,5,1.3,0
16:35:02,6444.595,998,1000,5,1.3,0
16:35:02,6444.793,998,1000,5,1.3,0
16:35:02,6445.001,998,1000,5,1.3,0
16:35:03,6445.191,999,1000,5,1.3,0
16:35:03,6445.393,999,1000,5,1.3,0
16:35:03,6445.59,999,1000,5,1.3,0
16:35:03,6445.789,999,1000,5,1.3,0
16:35:03,6445.987,999,1000,5,1.3,0
16:35:04,6446.185,999,1000,5,1.3,0
16:35:04,6446.393,999,1000,5,1.3,0
16:35:04,6446.592,999,1000,5,1.3,0
16:35:04,6446.787,999,1000,5,1.3,0
16:35:04,6446.984,999,1000,5,1.3,0
16:35:05,6447.19,999,1000,5,1.3,0
16:35:05,6447.385,999,1000,5,1.3,0
16:35:05,6447.587,999,1000,5,1.3,0
16:35:05,6447.781,999,1000,5,1.3,0
16:35:05,6447.988,999,1000,5,1.3,0
16:35:06,6448.193,999,1000,5,1.3,0
16:35:06,6448.382,999,1000,5,1.3,0
16:35:06,6448.587,999,1000,5,1.3,0
16:35:06,6448.785,999,1000,5,1.3,0
16:35:06,6448.98,999,1000,5,1.3,0
16:35:07,6449.183,999,1000,5,1.3,0
16:35:07,6449.378,999,1000,5,1.3,0
16:35:07,6449.579,999,1000,5,1.3,0
16:35:07,6449.781,999,1000,5,1.3,0
16:35:07,6449.977,999,1000,5,1.3,0
16:35:08,6450.183,999,1000,5,1.3,0
16:35:08,6450.379,999,1000,5,1.3,0
16:35:08,6450.579,999,1000,5,1.3,0
16:35:08,6450.774,999,1000,5,1.3,0
16:35:08,6450.974,999,1000,5,1.3,0
16:35:09,6451.175,999,1000,5,1.3,0
16:35:09,6451.374,999,1000,5,1.3,0
16:35:09,6451.572,999,1000,5,1.3,0
16:35:09,6451.771,999,1000,5,1.3,0
16:35:09,6451.965,999,1000,5,1.3,0
16:35:10,6452.181,999,1000,5,1.3,0
16:35:10,6452.374,999,1000,5,1.3,0
16:35:10,6452.576,998,1000,5,1.3,0
16:35:10,6452.782,998,1000,5,1.3,0
16:35:10,6452.97,998,1000,5,1.3,0
16:35:11,6453.169,998,1000,5,1.3,0
16:35:11,6453.37,998,1000,5,1.3,0
16:35:11,6453.577,998,1000,5,1.3,0
16:35:11,6453.767,998,1000,5,1.3,0
16:35:11,6453.966,998,1000,5,1.3,0
16:35:12,6454.166,998,1000,5,1.3,0
16:35:12,6454.368,998,1000,5,1.3,0
16:35:12,6454.571,998,1000,5,1.3,0
16:35:12,6454.763,999,1000,5,1.3,0
16:35:12,6454.963,999,1000,5,1.3,0
16:35:13,6455.164,999,1000,5,1.3,0
16:35:13,6455.363,999,1000,5,1.3,0
16:35:13,6455.565,999,1000,5,1.3,0
16:35:13,6455.766,999,1000,5,1.3,0
16:35:13,6455.967,999,1000,5,1.3,0
16:35:14,6456.166,1000,1000,5,1.3,0
16:35:14,6456.359,1000,1000,5,1.3,0
16:35:14,6456.558,1000,1000,5,1.3,0
16:35:14,6456.758,1000,1000,5,1.3,0
16:35:14,6456.96,1000,1000,5,1.3,0
16:35:15,6457.165,1000,1000,5,1.3,0
16:35:15,6457.356,1000,1000,5,1.3,0
16:35:15,6457.556,1000,1000,5,1.3,0
16:35:15,6457.758,1000,1000,5,1.3,0
16:35:15,6457.961,1000,1000,5,1.3,0
16:35:16,6458.162,1000,1000,5,1.3,0
16:35:16,6458.352,1000,1000,5,1.3,0
16:35:16,6458.552,1001,1000,5,1.3,0
16:35:16,6458.756,1001,1000,5,1.3,0
16:35:16,6458.949,1001,1000,5,1.3,0
16:35:16,6459.15,1001,1000,5,1.3,0
16:35:17,6459.356,1001,1000,5,1.3,0
16:35:17,6459.555,1001,1000,5,1.3,0
16:35:17,6459.745,1001,1000,5,1.3,0
16:35:17,6459.947,1001,1000,5,1.3,0
16:35:17,6460.156,1001,1000,5,1.3,0
16:35:18,6460.349,1002,1000,5,1.3,0
16:35:18,6460.546,1002,1000,5,1.3,0
16:35:18,6460.739,1002,1000,5,1.3,0
16:35:18,6460.947,1002,1000,5,1.3,0
16:35:18,6461.14,1002,1000,5,1.3,0
16:35:19,6461.349,1002,1000,5,1.3,0
16:35:19,6461.545,1003,1000,5,1.3,0
16:35:19,6461.739,1003,1000,5,1.3,0
16:35:19,6461.947,1003,1000,5,1.3,0
16:35:19,6462.14,1003,1000,5,1.3,0
16:35:20,6462.342,1003,1000,5,1.3,0
16:35:20,6462.545,1003,1000,5,1.3,0
16:35:20,6462.74,1003,1000,5,1.3,0
16:35:20,6462.947,1003,1000,5,1.3,0
16:35:20,6463.139,1003,1000,5,1.3,0
16:35:21,6463.343,1003,1000,5,1.3,0
16:35:21,6463.536,1003,1000,5,1.3,0
16:35:21,6463.739,1003,1000,5,1.3,0
16:35:21,6463.936,1003,1000,5,1.3,0
16:35:21,6464.14,1003,1000,5,1.3,0
16:35:22,6464.336,1003,1000,5,1.3,0
16:35:22,6464.538,1003,1000,5,1.3,0
16:35:22,6464.732,1003,1000,5,1.3,0
16:35:22,6464.94,1003,1000,5,1.3,0
16:35:22,6465.132,1004,1000,5,1.3,0
16:35:23,6465.332,1004,1000,5,1.3,0
16:35:23,6465.538,1004,1000,5,1.3,0
16:35:23,6465.734,1003,1000,5,1.3,0
16:35:23,6465.926,1003,1000,5,1.3,0
16:35:23,6466.133,1003,1000,5,1.3,0
16:35:24,6466.329,1003,1000,5,1.3,0
16:35:24,6466.523,1003,1000,5,1.3,0
16:35:24,6466.732,1003,1000,5,1.3,0
16:35:24,6466.926,1003,1000,5,1.3,0
16:35:24,6467.127,1003,1000,5,1.3,0
16:35:25,6467.33,1002,1000,5,1.3,0
16:35:25,6467.524,1002,1000,5,1.3,0
16:35:25,6467.732,1002,1000,5,1.3,0
16:35:25,6467.926,1001,1000,5,1.3,0
16:35:25,6468.125,1001,1000,5,1.3,0
16:35:26,6468.329,1000,1000,5,1.3,0
16:35:26,6468.524,1000,1000,5,1.3,0
16:35:26,6468.717,999,1000,5,1.3,0
16:35:26,6468.926,999,1000,5,1.3,0
16:35:26,6469.123,998,1000,5,1.3,0
16:35:27,6469.321,998,1000,5,1.3,0
16:35:27,6469.524,997,1000,5,1.3,0
16:35:27,6469.716,996,1000,5,1.3,0
16:35:27,6469.927,996,1000,5,1.3,0
16:35:27,6470.121,995,1000,5,1.3,0
16:35:28,6470.315,994,1000,5,1.3,0
16:35:28,6470.524,994,1000,5,1.3,0
16:35:28,6470.716,993,1000,5,1.4,0
16:35:28,6470.915,993,1000,5,1.4,0
16:35:28,6471.121,992,1000,5,1.4,0
16:35:29,6471.316,995,1000,5,1.3,0
16:35:29,6471.508,995,1000,5,1.3,0
16:35:29,6471.717,995,1000,5,1.3,0
16:35:29,6471.913,994,1000,5,1.4,0
16:35:29,6472.121,993,1000,5,1.4,0
16:35:30,6472.315,995,1000,5,1.3,0
16:35:30,6472.511,994,1000,5,1.4,0
16:35:30,6472.718,995,1000,5,1.3,0
16:35:30,6472.912,994,1000,5,1.4,0
16:35:30,6473.109,993,1000,5,1.4,0
16:35:31,6473.316,995,1000,5,1.3,0
16:35:31,6473.509,994,1000,5,1.4,0
16:35:31,6473.703,993,1000,5,1.4,0
16:35:31,6473.912,994,1000,5,1.4,0
16:35:31,6474.108,995,1000,5,1.4,0
16:35:32,6474.301,995,1000,5,1.4,0
16:35:32,6474.51,993,1000,5,1.4,0
16:35:32,6474.703,994,1000,5,1.4,0
16:35:32,6474.912,995,1000,5,1.4,0
16:35:32,6475.109,994,1000,5,1.4,0
16:35:33,6475.301,994,1000,5,1.4,0
16:35:33,6475.51,995,1000,5,1.4,0
16:35:33,6475.702,996,1000,5,1.4,0
16:35:33,6475.901,997,1000,5,1.4,0
16:35:33,6476.108,997,1000,5,1.4,0
16:35:34,6476.301,997,1000,5,1.4,0
16:35:34,6476.495,998,1000,5,1.4,0
16:35:34,6476.702,998,1000,5,1.4,0
16:35:34,6476.899,998,1000,5,1.4,0
16:35:34,6477.098,998,1000,5,1.4,0
16:35:35,6477.301,998,1000,5,1.4,0
16:35:35,6477.51,997,1000,5,1.4,0
16:35:35,6477.702,997,1000,5,1.4,0
16:35:35,6477.906,997,1000,5,1.4,0
16:35:35,6478.092,997,1000,5,1.4,0
16:35:36,6478.301,997,1000,5,1.4,0
16:35:36,6478.494,997,1000,5,1.4,0
16:35:36,6478.693,996,1000,5,1.4,0
16:35:36,6478.898,996,1000,5,1.4,0
16:35:36,6479.093,995,1000,5,1.4,0
16:35:37,6479.286,995,1000,5,1.4,0
16:35:37,6479.494,994,1000,5,1.5,0
16:35:37,6479.69,994,1000,5,1.5,0
16:35:37,6479.89,993,1000,5,1.5,0
16:35:37,6480.093,992,1000,5,1.5,0
16:35:38,6480.287,992,1000,5,1.5,0
16:35:38,6480.495,992,1000,5,1.5,0
16:35:38,6480.688,993,1000,5,1.5,0
16:35:38,6480.887,995,1000,5,1.4,0
16:35:38,6481.088,995,1000,5,1.4,0
16:35:39,6481.286,994,1000,6,1.5,0
16:35:39,6481.487,993,1000,6,1.5,0
16:35:39,6481.685,993,1000,6,1.5,0
16:35:39,6481.883,995,1000,6,1.5,0
16:35:39,6482.097,993,1000,6,1.5,0
16:35:40,6482.292,994,1000,6,1.5,0
16:35:40,6482.492,995,1000,6,1.5,0
16:35:40,6482.683,994,1000,6,1.6,0
16:35:40,6482.881,994,1000,6,1.6,0
16:35:40,6483.082,995,1000,6,1.5,0
16:35:41,6483.284,996,1000,6,1.5,0
16:35:41,6483.48,994,1000,6,1.6,0
16:35:41,6483.679,995,1000,6,1.5,0
16:35:41,6483.885,995,1000,6,1.5,0
16:35:41,6484.072,993,1000,6,1.6,0
16:35:42,6484.277,995,1000,6,1.5,0
16:35:42,6484.485,995,1000,6,1.5,0
16:35:42,6484.675,993,1000,6,1.6,0
16:35:42,6484.876,994,1000,6,1.6,0
16:35:42,6485.075,995,1000,6,1.5,0
16:35:43,6485.282,996,1000,6,1.5,0
16:35:43,6485.472,997,1000,6,1.5,0
16:35:43,6485.674,997,1000,6,1.5,0
16:35:43,6485.874,998,1000,6,1.5,0
16:35:43,6486.067,998,1000,6,1.5,0
16:35:44,6486.273,998,1000,6,1.5,0
16:35:44,6486.465,998,1000,6,1.5,0
16:35:44,6486.671,998,1000,6,1.5,0
16:35:44,6486.875,998,1000,6,1.5,0
16:35:44,6487.066,998,1000,6,1.5,0
16:35:45,6487.278,997,1000,6,1.5,0
16:35:45,6487.469,997,1000,6,1.5,0
16:35:45,6487.676,996,1000,6,1.5,0
16:35:45,6487.866,996,1000,6,1.5,0
16:35:45,6488.074,995,1000,6,1.5,0
16:35:46,6488.265,995,1000,6,1.5,0
16:35:46,6488.473,994,1000,6,1.6,0
16:35:46,6488.664,994,1000,6,1.6,0
16:35:46,6488.865,993,1000,6,1.6,0
16:35:46,6489.072,992,1000,6,1.6,0
16:35:47,6489.262,992,1000,6,1.6,0
16:35:47,6489.469,998,1000,6,1.6,0
16:35:47,6489.661,1000,1000,6,1.6,0
16:35:47,6489.865,999,1000,6,1.6,0
16:35:47,6490.055,997,1000,6,1.6,0
16:35:48,6490.262,996,1000,6,1.6,0
16:35:48,6490.468,995,1000,6,1.6,0
16:35:48,6490.661,994,1000,6,1.6,0
16:35:48,6490.866,993,1000,6,1.6,0
16:35:48,6491.056,998,1000,6,1.6,0
16:35:49,6491.259,1000,1000,6,1.6,0
16:35:49,6491.466,999,1000,6,1.6,0
16:35:49,6491.657,997,1000,6,1.6,0
16:35:49,6491.864,996,1000,6,1.6,0
16:35:49,6492.051,994,1000,6,1.6,0
16:35:50,6492.261,994,1000,6,1.7,0
16:35:50,6492.461,995,1000,6,1.6,0
16:35:50,6492.655,996,1000,6,1.6,0
16:35:50,6492.859,995,1000,6,1.6,0
16:35:50,6493.057,994,1000,6,1.6,0
16:35:51,6493.259,999,1000,6,1.6,0
16:35:51,6493.461,998,1000,6,1.6,0
16:35:51,6493.656,997,1000,6,1.6,0
16:35:51,6493.851,996,1000,6,1.6,0
16:35:51,6494.077,995,1000,6,1.6,0
16:35:52,6494.252,995,1000,6,1.6,0
16:35:52,6494.454,995,1000,6,1.6,0
16:35:52,6494.656,994,1000,6,1.7,0
16:35:52,6494.849,997,1000,6,1.6,0
16:35:52,6495.048,997,1000,6,1.6,0
16:35:53,6495.253,997,1000,6,1.6,0
16:35:53,6495.448,996,1000,6,1.6,0
16:35:53,6495.648,996,1000,6,1.6,0
16:35:53,6495.852,995,1000,6,1.6,0
16:35:53,6496.045,995,1000,6,1.6,0
16:35:54,6496.239,995,1000,6,1.6,0
16:35:54,6496.447,995,1000,6,1.6,0
16:35:54,6496.648,995,1000,6,1.6,0
16:35:54,6496.84,995,1000,6,1.6,0
16:35:54,6497.041,994,1000,6,1.7,0
16:35:55,6497.248,999,1000,6,1.6,0
16:35:55,6497.437,999,1000,6,1.6,0
16:35:55,6497.644,998,1000,6,1.6,0
16:35:55,6497.836,997,1000,6,1.6,0
16:35:55,6498.043,997,1000,6,1.6,0
16:35:56,6498.235,996,1000,6,1.6,0
16:35:56,6498.443,996,1000,6,1.6,0
16:35:56,6498.634,995,1000,6,1.6,0
16:35:56,6498.835,995,1000,6,1.6,0
16:35:56,6499.042,995,1000,6,1.6,0
16:35:57,6499.233,995,1000,6,1.6,0
16:35:57,6499.44,995,1000,6,1.6,0
16:35:57,6499.631,995,1000,6,1.6,0
16:35:57,6499.839,995,1000,6,1.6,0
16:35:57,6500.029,995,1000,6,1.6,0
16:35:58,6500.234,995,1000,6,1.6,0
16:35:58,6500.444,995,1000,6,1.6,0
16:35:58,6500.632,995,1000,6,1.6,0
16:35:58,6500.838,996,1000,6,1.6,0
16:35:58,6501.03,996,1000,6,1.6,0
16:35:59,6501.237,996,1000,6,1.6,0
16:35:59,6501.428,997,1000,6,1.6,0
16:35:59,6501.634,997,1000,6,1.6,0
16:35:59,6501.826,997,1000,6,1.6,0
16:35:59,6502.034,998,1000,6,1.6,0
16:36:00,6502.225,998,1000,6,1.6,0
16:36:00,6502.432,998,1000,6,1.6,0
16:36:00,6502.624,999,1000,6,1.6,0
16:36:00,6502.83,999,1000,6,1.6,0
16:36:00,6503.022,999,1000,6,1.6,0
16:36:01,6503.226,999,1000,6,1.6,0
16:36:01,6503.433,999,1000,6,1.6,0
16:36:01,6503.623,1000,1000,6,1.6,0
16:36:01,6503.831,1000,1000,6,1.6,0
16:36:01,6504.024,1000,1000,6,1.6,0
16:36:02,6504.23,1000,1000,6,1.6,0
16:36:02,6504.421,1000,1000,6,1.6,0
16:36:02,6504.629,1001,1000,6,1.6,0
16:36:02,6504.821,1001,1000,6,1.6,0
16:36:02,6505.027,1001,1000,6,1.6,0
16:36:03,6505.217,1001,1000,6,1.6,0
16:36:03,6505.426,1001,1000,6,1.6,0
16:36:03,6505.617,1001,1000,6,1.6,0
16:36:03,6505.824,1001,1000,6,1.6,0
16:36:03,6506.016,1001,1000,6,1.6,0
16:36:04,6506.223,1001,1000,6,1.6,0
16:36:04,6506.415,1001,1000,6,1.6,0
16:36:04,6506.623,1001,1000,6,1.6,0
16:36:04,6506.815,1001,1000,6,1.6,0
16:36:04,6507.023,1001,1000,6,1.6,0
16:36:05,6507.216,1001,1000,6,1.6,0
16:36:05,6507.422,1001,1000,6,1.6,0
16:36:05,6507.613,1002,1000,6,1.6,0
16:36:05,6507.811,1002,1000,6,1.6,0
16:36:05,6508.018,1002,1000,6,1.6,0
16:36:06,6508.209,1002,1000,6,1.6,0
16:36:06,6508.418,1003,1000,6,1.6,0
16:36:06,6508.619,1003,1000,6,1.6,0
16:36:06,6508.812,1003,1000,6,1.6,0
16:36:06,6509.019,1003,1000,6,1.6,0
16:36:07,6509.211,1004,1000,6,1.6,0
16:36:07,6509.418,1004,1000,6,1.6,0
16:36:07,6509.608,1005,1000,6,1.5,0
16:36:07,6509.817,1005,1000,6,1.5,0
16:36:07,6510.007,1006,1000,6,1.5,0
16:36:08,6510.21,1004,1000,6,1.6,0
16:36:08,6510.4,1004,1000,6,1.6,0
16:36:08,6510.606,1005,1000,6,1.5,0
16:36:08,6510.812,1004,1000,6,1.6,0
16:36:08,6511.002,1005,1000,6,1.5,0
16:36:09,6511.209,1004,1000,6,1.6,0
16:36:09,6511.4,1005,1000,6,1.5,0
16:36:09,6511.606,1006,1000,6,1.5,0
16:36:09,6511.797,1004,1000,6,1.6,0
16:36:09,6512.004,1006,1000,6,1.5,0
16:36:10,6512.194,1007,1000,6,1.4,0
16:36:10,6512.402,1006,1000,6,1.5,0
16:36:10,6512.606,1006,1000,6,1.4,0
16:36:10,6512.797,1006,1000,6,1.4,0
16:36:10,6513.004,1006,1000,6,1.4,0
16:36:11,6513.194,1007,1000,6,1.4,0
16:36:11,6513.401,1007,1000,6,1.4,0
16:36:11,6513.591,1009,1000,6,1.4,0
16:36:11,6513.797,1008,1000,6,1.4,0
16:36:11,6514.005,1007,1000,6,1.4,0
16:36:12,6514.197,1006,1000,6,1.4,0
16:36:12,6514.402,1006,1000,6,1.4,0
16:36:12,6514.593,1006,1000,5,1.4,0
16:36:12,6514.801,1006,1000,5,1.3,0
16:36:12,6514.993,1007,1000,5,1.3,0
16:36:13,6515.202,1007,1000,5,1.3,0
16:36:13,6515.392,1007,1000,5,1.3,0
16:36:13,6515.598,1008,1000,5,1.3,0
16:36:13,6515.789,1008,1000,5,1.3,0
16:36:13,6515.995,1008,1000,5,1.3,0
16:36:14,6516.186,1007,1000,5,1.3,0
16:36:14,6516.392,1007,1000,5,1.3,0
16:36:14,6516.584,1006,1000,5,1.3,0
16:36:14,6516.79,1005,1000,5,1.3,0
16:36:14,6516.984,1004,1000,5,1.3,0
16:36:15,6517.19,1003,1000,5,1.3,0
16:36:15,6517.386,1001,1000,5,1.3,0
16:36:15,6517.591,1000,1000,5,1.3,0
16:36:15,6517.786,998,1000,5,1.3,0
16:36:15,6517.988,995,1000,5,1.3,0
16:36:16,6518.179,993,1000,5,1.4,0
16:36:16,6518.385,992,1000,5,1.4,0
16:36:16,6518.591,992,1000,5,1.5,0
16:36:16,6518.782,991,1000,5,1.5,0
16:36:16,6518.988,990,1000,5,1.5,0
16:36:17,6519.178,990,1000,5,1.5,0
16:36:17,6519.384,991,1000,5,1.5,0
16:36:17,6519.59,991,1000,5,1.5,0
16:36:17,6519.78,992,1000,5,1.5,0
16:36:17,6519.986,992,1000,5,1.5,0
16:36:18,6520.176,993,1000,6,1.5,0
16:36:18,6520.384,993,1000,6,1.5,0
16:36:18,6520.575,994,1000,6,1.5,0
16:36:18,6520.782,994,1000,6,1.5,0
16:36:18,6520.973,994,1000,6,1.5,0
16:36:19,6521.177,994,1000,6,1.5,0
16:36:19,6521.377,994,1000,6,1.5,0
16:36:19,6521.575,994,1000,6,1.5,0
16:36:19,6521.773,995,1000,6,1.5,0
16:36:19,6521.974,993,1000,6,1.6,0
16:36:20,6522.175,993,1000,6,1.6,0
16:36:20,6522.38,993,1000,6,1.6,0
16:36:20,6522.57,993,1000,6,1.6,0
16:36:20,6522.78,994,1000,6,1.6,0
16:36:20,6522.973,994,1000,6,1.6,0
16:36:21,6523.168,994,1000,6,1.6,0
16:36:21,6523.371,994,1000,6,1.6,0
16:36:21,6523.571,995,1000,6,1.5,0
16:36:21,6523.773,995,1000,6,1.5,0
16:36:21,6523.97,995,1000,6,1.5,0
16:36:22,6524.179,995,1000,6,1.5,0
16:36:22,6524.377,995,1000,6,1.5,0
16:36:22,6524.571,995,1000,6,1.5,0
16:36:22,6524.767,995,1000,6,1.5,0
16:36:22,6524.975,995,1000,6,1.5,0
16:36:23,6525.17,995,1000,6,1.5,0
16:36:23,6525.366,995,1000,6,1.5,0
16:36:23,6525.578,996,1000,6,1.5,0
16:36:23,6525.766,996,1000,6,1.5,0
16:36:23,6525.961,996,1000,6,1.5,0
16:36:24,6526.161,996,1000,6,1.5,0
16:36:24,6526.368,997,1000,6,1.5,0
16:36:24,6526.558,997,1000,6,1.5,0
16:36:24,6526.766,997,1000,6,1.5,0
16:36:24,6526.956,998,1000,6,1.5,0
16:36:25,6527.162,998,1000,6,1.5,0
16:36:25,6527.369,998,1000,6,1.5,0
16:36:25,6527.56,999,1000,6,1.5,0
16:36:25,6527.768,999,1000,6,1.5,0
16:36:25,6527.96,999,1000,6,1.5,0
16:36:26,6528.167,1000,1000,6,1.5,0
16:36:26,6528.358,1000,1000,6,1.5,0
16:36:26,6528.564,1000,1000,6,1.5,0
16:36:26,6528.755,1000,1000,6,1.5,0
16:36:26,6528.962,1000,1000,6,1.5,0
16:36:26,6529.153,1000,1000,6,1.5,0
16:36:27,6529.362,1001,1000,6,1.5,0
16:36:27,6529.553,1001,1000,6,1.5,0
16:36:27,6529.76,1001,1000,6,1.5,0
16:36:27,6529.951,1001,1000,6,1.5,0
16:36:28,6530.158,1001,1000,6,1.5,0
16:36:28,6530.349,1001,1000,6,1.5,0
16:36:28,6530.557,1001,1000,6,1.5,0
16:36:28,6530.748,1001,1000,6,1.5,0
16:36:28,6530.954,1001,1000,6,1.5,0
16:36:28,6531.145,1001,1000,6,1.5,0
16:36:29,6531.352,1001,1000,6,1.5,0
16:36:29,6531.542,1001,1000,6,1.5,0
16:36:29,6531.75,1001,1000,6,1.5,0
16:36:29,6531.943,1001,1000,6,1.5,0
16:36:29,6532.15,1002,1000,6,1.5,0
16:36:30,6532.341,1002,1000,6,1.5,0
16:36:30,6532.548,1002,1000,6,1.5,0
16:36:30,6532.753,1002,1000,6,1.5,0
16:36:30,6532.946,1003,1000,6,1.5,0
16:36:30,6533.15,1003,1000,6,1.5,0
16:36:31,6533.343,1003,1000,6,1.5,0
16:36:31,6533.549,1004,1000,6,1.5,0
16:36:31,6533.74,1004,1000,6,1.5,0
16:36:31,6533.948,1004,1000,6,1.5,0
16:36:31,6534.139,1004,1000,6,1.5,0
16:36:32,6534.346,1004,1000,6,1.5,0
16:36:32,6534.536,1004,1000,6,1.5,0
16:36:32,6534.744,1004,1000,6,1.5,0
16:36:32,6534.935,1005,1000,6,1.5,0
16:36:32,6535.142,1002,1000,6,1.5,0
16:36:33,6535.333,1001,1000,6,1.5,0
16:36:33,6535.539,1002,1000,6,1.5,0
16:36:33,6535.745,1002,1000,6,1.5,0
16:36:33,6535.935,1003,1000,6,1.5,0
16:36:33,6536.142,1003,1000,6,1.5,0
16:36:34,6536.331,1004,1000,6,1.5,0
16:36:34,6536.539,1004,1000,6,1.5,0
16:36:34,6536.731,1004,1000,6,1.5,0
16:36:34,6536.939,1004,1000,6,1.5,0
16:36:34,6537.131,1004,1000,6,1.5,0
16:36:35,6537.34,1004,1000,6,1.5,0
16:36:35,6537.532,1004,1000,6,1.5,0
16:36:35,6537.738,1004,1000,6,1.5,0
16:36:35,6537.928,1004,1000,6,1.5,0
16:36:35,6538.135,1004,1000,6,1.5,0
16:36:36,6538.325,1003,1000,6,1.5,0
16:36:36,6538.532,1003,1000,6,1.5,0
16:36:36,6538.739,1003,1000,6,1.5,0
16:36:36,6538.931,1002,1000,6,1.5,0
16:36:36,6539.122,1002,1000,6,1.5,0
16:36:37,6539.329,1002,1000,6,1.5,0
16:36:37,6539.521,1002,1000,6,1.5,0
16:36:37,6539.73,1001,1000,6,1.5,0
16:36:37,6539.935,1001,1000,6,1.5,0
16:36:37,6540.134,1001,1000,6,1.5,0
16:36:38,6540.325,1001,1000,6,1.5,0
16:36:38,6540.532,1000,1000,6,1.5,0
16:36:38,6540.731,1000,1000,6,1.5,0
16:36:38,6540.921,1000,1000,6,1.5,0
16:36:38,6541.121,1000,1000,6,1.5,0
16:36:39,6541.327,1000,1000,6,1.5,0
16:36:39,6541.529,1000,1000,6,1.5,0
16:36:39,6541.722,1000,1000,6,1.5,0
16:36:39,6541.921,1000,1000,6,1.5,0
16:36:39,6542.121,1000,1000,6,1.5,0
16:36:40,6542.322,1000,1000,6,1.5,0
16:36:40,6542.521,1000,1000,6,1.5,0
16:36:40,6542.719,1000,1000,6,1.5,0
16:36:40,6542.919,1000,1000,6,1.5,0
16:36:40,6543.12,1000,1000,6,1.5,0
16:36:41,6543.318,1000,1000,6,1.5,0
16:36:41,6543.517,1000,1000,6,1.5,0
16:36:41,6543.717,1000,1000,6,1.5,0
16:36:41,6543.916,1001,1000,6,1.5,0
16:36:41,6544.116,1001,1000,6,1.5,0
16:36:42,6544.315,1001,1000,6,1.5,0
16:36:42,6544.515,1001,1000,6,1.5,0
16:36:42,6544.714,1002,1000,6,1.5,0
16:36:42,6544.919,1002,1000,6,1.5,0
16:36:42,6545.119,1002,1000,6,1.5,0
16:36:43,6545.322,1002,1000,6,1.5,0
16:36:43,6545.522,1002,1000,6,1.5,0
16:36:43,6545.709,1003,1000,6,1.5,0
16:36:43,6545.918,1003,1000,6,1.5,0
16:36:43,6546.113,1003,1000,6,1.5,0
16:36:44,6546.309,1003,1000,6,1.5,0
16:36:44,6546.51,1003,1000,6,1.5,0
16:36:44,6546.709,1003,1000,6,1.5,0
16:36:44,6546.917,1002,1000,6,1.5,0
16:36:44,6547.107,1002,1000,6,1.5,0
16:36:45,6547.313,1002,1000,6,1.5,0
16:36:45,6547.504,1002,1000,6,1.5,0
16:36:45,6547.711,1001,1000,6,1.5,0
16:36:45,6547.902,1001,1000,6,1.5,0
16:36:45,6548.109,1001,1000,6,1.5,0
16:36:46,6548.3,1000,1000,6,1.5,0
16:36:46,6548.507,1000,1000,6,1.5,0
16:36:46,6548.699,1000,1000,6,1.5,0
16:36:46,6548.907,1000,1000,6,1.5,0
16:36:46,6549.099,1000,1000,6,1.5,0
16:36:47,6549.306,999,1000,6,1.5,0
16:36:47,6549.497,1000,1000,6,1.5,0
16:36:47,6549.703,1000,1000,6,1.5,0
16:36:47,6549.895,1000,1000,6,1.5,0
16:36:47,6550.1,1001,1000,6,1.5,0
16:36:48,6550.308,1001,1000,6,1.5,0
16:36:48,6550.499,1002,1000,6,1.5,0
16:36:48,6550.707,1003,1000,6,1.5,0
16:36:48,6550.897,1004,1000,6,1.5,0
16:36:48,6551.105,1005,1000,6,1.5,0
16:36:49,6551.296,1004,1000,6,1.5,0
16:36:49,6551.502,1006,1000,6,1.4,0
16:36:49,6551.692,1006,1000,6,1.4,0
16:36:49,6551.899,1005,1000,6,1.4,0
16:36:49,6552.089,1005,1000,6,1.4,0
16:36:50,6552.296,1005,1000,6,1.4,0
16:36:50,6552.487,1005,1000,6,1.4,0
16:36:50,6552.693,1005,1000,6,1.4,0
16:36:50,6552.9,1005,1000,6,1.4,0
16:36:50,6553.091,1006,1000,6,1.4,0
16:36:51,6553.298,1006,1000,6,1.4,0
16:36:51,6553.489,1005,1000,6,1.4,0
16:36:51,6553.695,1006,1000,6,1.4,0
16:36:51,6553.886,1006,1000,5,1.4,0
16:36:51,6554.094,1004,1000,5,1.4,0
16:36:52,6554.285,1006,1000,5,1.4,0
16:36:52,6554.492,1006,1000,5,1.3,0
16:36:52,6554.683,1005,1000,5,1.4,0
16:36:52,6554.89,1004,1000,5,1.4,0
16:36:52,6555.08,1004,1000,5,1.4,0
16:36:53,6555.287,1006,1000,5,1.3,0
16:36:53,6555.478,1005,1000,5,1.3,0
16:36:53,6555.685,1004,1000,5,1.4,0
16:36:53,6555.877,1006,1000,5,1.3,0
16:36:53,6556.084,1006,1000,5,1.3,0
16:36:54,6556.291,1005,1000,5,1.3,0
16:36:54,6556.483,1004,1000,5,1.4,0
16:36:54,6556.69,1003,1000,5,1.4,0
16:36:54,6556.881,1002,1000,5,1.4,0
16:36:54,6557.073,1001,1000,5,1.4,0
16:36:55,6557.282,1000,1000,5,1.4,0
16:36:55,6557.472,1000,1000,5,1.4,0
16:36:55,6557.679,999,1000,5,1.4,0
16:36:55,6557.871,998,1000,5,1.4,0
16:36:55,6558.078,997,1000,5,1.4,0
16:36:56,6558.27,997,1000,5,1.4,0
16:36:56,6558.477,996,1000,5,1.4,0
16:36:56,6558.669,995,1000,5,1.4,0
16:36:56,6558.877,995,1000,5,1.4,0
16:36:56,6559.068,994,1000,5,1.4,0
16:36:57,6559.277,996,1000,5,1.4,0
16:36:57,6559.468,997,1000,5,1.4,0
16:36:57,6559.677,999,1000,5,1.4,0
16:36:57,6559.867,1000,1000,5,1.4,0
16:36:57,6560.073,1001,1000,5,1.4,0
16:36:58,6560.28,1001,1000,5,1.4,0
16:36:58,6560.471,1002,1000,5,1.4,0
16:36:58,6560.663,1002,1000,5,1.4,0
16:36:58,6560.869,1002,1000,5,1.4,0
16:36:58,6561.076,1002,1000,5,1.4,0
16:36:59,6561.266,1003,1000,5,1.4,0
16:36:59,6561.473,1003,1000,5,1.4,0
16:36:59,6561.664,1003,1000,5,1.4,0
16:36:59,6561.87,1003,1000,5,1.4,0
16:36:59,6562.06,1003,1000,5,1.4,0
16:37:00,6562.269,1003,1000,5,1.4,0
16:37:00,6562.467,1003,1000,5,1.4,0
16:37:00,6562.666,1003,1000,5,1.4,0
16:37:00,6562.858,1003,1000,5,1.4,0
16:37:00,6563.066,1003,1000,5,1.4,0
16:37:01,6563.258,1003,1000,5,1.4,0
16:37:01,6563.466,1003,1000,5,1.4,0
16:37:01,6563.658,1003,1000,5,1.4,0
16:37:01,6563.865,1003,1000,5,1.4,0
16:37:01,6564.057,1003,1000,5,1.4,0
16:37:02,6564.26,1003,1000,5,1.4,0
16:37:02,6564.466,1003,1000,5,1.4,0
16:37:02,6564.658,1003,1000,5,1.4,0
16:37:02,6564.863,1003,1000,5,1.4,0
16:37:02,6565.059,1003,1000,5,1.4,0
16:37:03,6565.258,1003,1000,5,1.4,0
16:37:03,6565.464,1004,1000,5,1.4,0
16:37:03,6565.656,1004,1000,5,1.4,0
16:37:03,6565.86,1004,1000,5,1.4,0
16:37:03,6566.056,1005,1000,5,1.3,0
16:37:04,6566.262,1004,1000,5,1.4,0
16:37:04,6566.453,1002,1000,5,1.4,0
16:37:04,6566.661,1001,1000,5,1.4,0
16:37:04,6566.85,1000,1000,5,1.4,0
16:37:04,6567.057,1000,1000,5,1.4,0
16:37:05,6567.25,1000,1000,5,1.4,0
16:37:05,6567.455,1000,1000,5,1.4,0
16:37:05,6567.648,1000,1000,5,1.4,0
16:37:05,6567.857,1001,1000,5,1.4,0
16:37:05,6568.047,1002,1000,5,1.4,0
16:37:06,6568.253,1003,1000,5,1.4,0
16:37:06,6568.457,1003,1000,5,1.4,0
16:37:06,6568.651,1004,1000,5,1.4,0
16:37:06,6568.855,1005,1000,5,1.3,0
16:37:06,6569.047,1006,1000,5,1.3,0
16:37:07,6569.255,1007,1000,5,1.3,0
16:37:07,6569.447,1007,1000,5,1.3,0
16:37:07,6569.639,1008,1000,5,1.2,0
16:37:07,6569.846,1007,1000,5,1.2,0
16:37:07,6570.037,1005,1000,5,1.3,0
16:37:08,6570.247,1004,1000,5,1.3,0
16:37:08,6570.451,1005,1000,5,1.2,0
16:37:08,6570.639,1004,1000,5,1.3,0
16:37:08,6570.844,1004,1000,5,1.3,0
16:37:08,6571.035,1005,1000,5,1.2,0
16:37:09,6571.242,1004,1000,5,1.3,0
16:37:09,6571.434,1004,1000,5,1.3,0
16:37:09,6571.641,1005,1000,5,1.2,0
16:37:09,6571.847,1005,1000,5,1.2,0
16:37:09,6572.037,1004,1000,5,1.3,0
16:37:10,6572.243,1004,1000,5,1.3,0
16:37:10,6572.433,1005,1000,5,1.2,0
16:37:10,6572.639,1005,1000,5,1.2,0
16:37:10,6572.83,1003,1000,5,1.3,0
16:37:10,6573.037,1003,1000,5,1.3,0
16:37:11,6573.243,1005,1000,5,1.2,0
16:37:11,6573.433,1004,1000,5,1.3,0
16:37:11,6573.641,1004,1000,5,1.3,0
16:37:11,6573.832,1005,1000,5,1.2,0
16:37:11,6574.038,1002,1000,5,1.3,0
16:37:12,6574.229,1002,1000,5,1.3,0
16:37:12,6574.436,1003,1000,5,1.3,0
16:37:12,6574.628,1004,1000,5,1.3,0
16:37:12,6574.835,1005,1000,5,1.2,0
16:37:12,6575.026,1003,1000,5,1.3,0
16:37:13,6575.233,1001,1000,5,1.3,0
16:37:13,6575.423,1001,1000,5,1.3,0
16:37:13,6575.63,1001,1000,5,1.3,0
16:37:13,6575.822,1000,1000,5,1.3,0
16:37:13,6576.028,1000,1000,5,1.3,0
16:37:14,6576.221,998,1000,5,1.3,0
16:37:14,6576.427,997,1000,5,1.3,0
16:37:14,6576.635,996,1000,5,1.3,0
16:37:14,6576.826,994,1000,5,1.3,0
16:37:14,6577.032,993,1000,5,1.4,0
16:37:15,6577.223,991,1000,5,1.4,0
16:37:15,6577.43,992,1000,5,1.4,0
16:37:15,6577.621,993,1000,5,1.4,0
16:37:15,6577.828,993,1000,5,1.4,0
16:37:15,6578.02,994,1000,5,1.4,0
16:37:16,6578.226,994,1000,5,1.4,0
16:37:16,6578.418,994,1000,5,1.4,0
16:37:16,6578.626,994,1000,5,1.4,0
16:37:16,6578.816,993,1000,5,1.4,0
16:37:16,6579.023,993,1000,5,1.4,0
16:37:17,6579.214,992,1000,5,1.4,0
16:37:17,6579.421,992,1000,5,1.5,0
16:37:17,6579.611,991,1000,5,1.5,0
16:37:17,6579.817,991,1000,5,1.5,0
16:37:17,6580.024,990,1000,5,1.5,0
16:37:18,6580.215,992,1000,5,1.5,0
16:37:18,6580.422,992,1000,5,1.5,0
16:37:18,6580.612,991,1000,5,1.5,0
16:37:18,6580.822,992,1000,5,1.5,0
16:37:18,6581.013,994,1000,6,1.5,0
16:37:19,6581.218,995,1000,6,1.4,0
16:37:19,6581.409,992,1000,6,1.5,0
16:37:19,6581.618,992,1000,6,1.6,0
16:37:19,6581.808,993,1000,6,1.6,0
16:37:19,6582.014,994,1000,6,1.6,0
16:37:20,6582.205,994,1000,6,1.6,0
16:37:20,6582.412,994,1000,6,1.6,0
16:37:20,6582.604,994,1000,6,1.6,0
16:37:20,6582.812,994,1000,6,1.6,0
16:37:20,6583.002,994,1000,6,1.6,0
16:37:21,6583.209,994,1000,6,1.6,0
16:37:21,6583.415,995,1000,6,1.5,0
16:37:21,6583.605,995,1000,6,1.5,0
16:37:21,6583.814,995,1000,6,1.5,0
16:37:21,6584.005,995,1000,6,1.5,0
16:37:22,6584.212,996,1000,6,1.5,0
16:37:22,6584.403,996,1000,6,1.5,0
16:37:22,6584.609,996,1000,6,1.5,0
16:37:22,6584.801,996,1000,6,1.5,0
16:37:22,6585.008,996,1000,6,1.5,0
16:37:23,6585.198,997,1000,6,1.5,0
16:37:23,6585.404,997,1000,6,1.5,0
16:37:23,6585.596,997,1000,6,1.5,0
16:37:23,6585.802,997,1000,6,1.5,0
16:37:23,6585.993,998,1000,6,1.5,0
16:37:24,6586.2,998,1000,6,1.5,0
16:37:24,6586.408,998,1000,6,1.5,0
16:37:24,6586.598,999,1000,6,1.5,0
16:37:24,6586.805,999,1000,6,1.5,0
16:37:24,6586.997,999,1000,6,1.5,0
16:37:25,6587.203,1000,1000,6,1.5,0
16:37:25,6587.394,1000,1000,6,1.5,0
16:37:25,6587.6,1000,1000,6,1.5,0
16:37:25,6587.792,1001,1000,6,1.5,0
16:37:25,6587.999,1001,1000,6,1.5,0
16:37:26,6588.191,1002,1000,6,1.5,0
16:37:26,6588.398,1002,1000,6,1.5,0
16:37:26,6588.592,1003,1000,6,1.5,0
16:37:26,6588.799,1003,1000,6,1.5,0
16:37:26,6588.99,1004,1000,6,1.5,0
16:37:27,6589.184,1004,1000,6,1.5,0
16:37:27,6589.39,1004,1000,6,1.5,0
16:37:27,6589.597,1004,1000,6,1.5,0
16:37:27,6589.788,1005,1000,6,1.5,0
16:37:27,6589.997,1003,1000,6,1.5,0
16:37:28,6590.186,1003,1000,6,1.5,0
16:37:28,6590.392,1003,1000,6,1.5,0
16:37:28,6590.583,1004,1000,6,1.5,0
16:37:28,6590.789,1004,1000,6,1.5,0
16:37:28,6590.979,1003,1000,6,1.5,0
16:37:29,6591.186,1003,1000,6,1.5,0
16:37:29,6591.393,1003,1000,6,1.5,0
16:37:29,6591.585,1003,1000,6,1.5,0
16:37:29,6591.777,1002,1000,6,1.5,0
16:37:29,6591.985,1001,1000,6,1.5,0
16:37:30,6592.177,1001,1000,6,1.5,0
16:37:30,6592.384,1000,1000,6,1.5,0
16:37:30,6592.575,1000,1000,6,1.5,0
16:37:30,6592.784,999,1000,6,1.5,0
16:37:30,6592.976,998,1000,6,1.5,0
16:37:31,6593.183,998,1000,6,1.5,0
16:37:31,6593.374,997,1000,6,1.5,0
16:37:31,6593.581,997,1000,6,1.5,0
16:37:31,6593.772,996,1000,6,1.5,0
16:37:31,6593.979,996,1000,6,1.5,0
16:37:32,6594.171,996,1000,6,1.5,0
16:37:32,6594.377,996,1000,6,1.5,0
16:37:32,6594.584,996,1000,6,1.5,0
16:37:32,6594.775,995,1000,6,1.5,0
16:37:32,6594.982,995,1000,6,1.5,0
16:37:33,6595.173,995,1000,6,1.5,0
16:37:33,6595.382,996,1000,6,1.5,0
16:37:33,6595.571,996,1000,6,1.5,0
16:37:33,6595.778,996,1000,6,1.5,0
16:37:33,6595.968,996,1000,6,1.5,0
16:37:34,6596.175,997,1000,6,1.5,0
16:37:34,6596.366,997,1000,6,1.5,0
16:37:34,6596.572,997,1000,6,1.5,0
16:37:34,6596.763,997,1000,6,1.5,0
16:37:34,6596.97,998,1000,6,1.5,0
16:37:35,6597.161,998,1000,6,1.5,0
16:37:35,6597.367,998,1000,6,1.5,0
16:37:35,6597.573,998,1000,6,1.5,0
16:37:35,6597.764,998,1000,6,1.5,0
16:37:35,6597.972,998,1000,6,1.5,0
16:37:36,6598.163,998,1000,6,1.5,0
16:37:36,6598.369,998,1000,6,1.5,0
16:37:36,6598.561,998,1000,6,1.5,0
16:37:36,6598.769,999,1000,6,1.5,0
16:37:36,6598.96,999,1000,6,1.5,0
16:37:37,6599.167,999,1000,6,1.5,0
16:37:37,6599.358,999,1000,6,1.5,0
16:37:37,6599.565,999,1000,6,1.5,0
16:37:37,6599.755,1000,1000,6,1.5,0
16:37:37,6599.961,1000,1000,6,1.5,0
16:37:38,6600.167,1000,1000,6,1.5,0
16:37:38,6600.358,1001,1000,6,1.5,0
16:37:38,6600.566,1001,1000,6,1.5,0
16:37:38,6600.758,1001,1000,6,1.5,0
16:37:38,6600.965,1002,1000,6,1.5,0
16:37:38,6601.156,1002,1000,6,1.5,0
16:37:39,6601.361,1003,1000,6,1.5,0
16:37:39,6601.551,1004,1000,6,1.5,0
16:37:39,6601.757,1004,1000,6,1.5,0
16:37:39,6601.963,1005,1000,6,1.4,0
16:37:39,6602.153,1003,1000,6,1.5,0
16:37:40,6602.36,1001,1000,6,1.5,0
16:37:40,6602.551,1000,1000,6,1.5,0
16:37:40,6602.757,999,1000,6,1.5,0
16:37:40,6602.951,998,1000,6,1.5,0
16:37:40,6603.156,997,1000,6,1.5,0
16:37:41,6603.346,997,1000,6,1.5,0
16:37:41,6603.555,997,1000,6,1.5,0
16:37:41,6603.748,996,1000,6,1.5,0
16:37:41,6603.954,996,1000,6,1.5,0
16:37:41,6604.145,996,1000,6,1.5,0
16:37:42,6604.351,996,1000,6,1.5,0
16:37:42,6604.543,996,1000,6,1.5,0
16:37:42,6604.75,997,1000,6,1.5,0
16:37:42,6604.942,997,1000,6,1.5,0
16:37:42,6605.149,997,1000,6,1.5,0
16:37:43,6605.34,997,1000,6,1.5,0
16:37:43,6605.547,997,1000,6,1.5,0
16:37:43,6605.739,997,1000,6,1.5,0
16:37:43,6605.946,997,1000,6,1.5,0
16:37:43,6606.137,997,1000,6,1.5,0
16:37:44,6606.343,998,1000,6,1.5,0
16:37:44,6606.534,998,1000,6,1.5,0
16:37:44,6606.742,998,1000,6,1.5,0
16:37:44,6606.948,998,1000,6,1.5,0
16:37:44,6607.139,998,1000,6,1.5,0
16:37:45,6607.346,998,1000,6,1.5,0
16:37:45,6607.537,998,1000,6,1.5,0
16:37:45,6607.743,998,1000,6,1.5,0
16:37:45,6607.934,998,1000,6,1.5,0
16:37:45,6608.141,998,1000,6,1.5,0
16:37:46,6608.331,997,1000,6,1.5,0
16:37:46,6608.538,997,1000,6,1.5,0
16:37:46,6608.735,997,1000,6,1.5,0
16:37:46,6608.933,996,1000,6,1.5,0
16:37:46,6609.135,996,1000,6,1.5,0
16:37:47,6609.335,996,1000,6,1.5,0
16:37:47,6609.529,996,1000,6,1.5,0
16:37:47,6609.74,996,1000,6,1.5,0
16:37:47,6609.93,995,1000,6,1.5,0
16:37:47,6610.136,995,1000,6,1.5,0
16:37:48,6610.327,995,1000,6,1.5,0
16:37:48,6610.533,995,1000,6,1.5,0
16:37:48,6610.739,995,1000,6,1.5,0
16:37:48,6610.934,995,1000,6,1.5,0
16:37:48,6611.141,995,1000,6,1.5,0
16:37:49,6611.32,996,1000,6,1.5,0
16:37:49,6611.532,996,1000,6,1.5,0
16:37:49,6611.725,997,1000,6,1.5,0
16:37:49,6611.923,997,1000,6,1.5,0
16:37:49,6612.118,997,1000,6,1.5,0
16:37:50,6612.33,998,1000,6,1.5,0
16:37:50,6612.53,998,1000,6,1.5,0
16:37:50,6612.717,999,1000,6,1.5,0
16:37:50,6612.924,1000,1000,6,1.5,0
16:37:50,6613.121,1000,1000,6,1.5,0
16:37:51,6613.315,1001,1000,6,1.5,0
16:37:51,6613.529,1001,1000,6,1.5,0
16:37:51,6613.72,1002,1000,6,1.5,0
16:37:51,6613.925,1002,1000,6,1.5,0
16:37:51,6614.122,1002,1000,6,1.5,0
16:37:52,6614.32,1002,1000,6,1.5,0
16:37:52,6614.514,1002,1000,6,1.5,0
16:37:52,6614.713,1002,1000,6,1.5,0
16:37:52,6614.92,1001,1000,6,1.5,0
16:37:52,6615.11,1001,1000,6,1.5,0
16:37:53,6615.316,1001,1000,6,1.5,0
16:37:53,6615.508,1001,1000,6,1.5,0
16:37:53,6615.709,1000,1000,6,1.5,0
16:37:53,6615.907,1000,1000,6,1.5,0
16:37:53,6616.115,999,1000,6,1.5,0
16:37:54,6616.321,999,1000,6,1.5,0
16:37:54,6616.515,998,1000,6,1.5,0
16:37:54,6616.719,998,1000,6,1.5,0
16:37:54,6616.917,997,1000,6,1.5,0
16:37:54,6617.118,997,1000,6,1.5,0
16:37:55,6617.307,996,1000,6,1.5,0
16:37:55,6617.51,996,1000,6,1.5,0
16:37:55,6617.702,995,1000,6,1.5,0
16:37:55,6617.909,995,1000,6,1.5,0
16:37:55,6618.111,994,1000,6,1.6,0
16:37:56,6618.303,996,1000,6,1.5,0
16:37:56,6618.499,998,1000,6,1.5,0
16:37:56,6618.707,1000,1000,6,1.5,0
16:37:56,6618.908,1002,1000,6,1.5,0
16:37:56,6619.1,1003,1000,6,1.5,0
16:37:57,6619.307,1005,1000,6,1.4,0
16:37:57,6619.505,1003,1000,6,1.5,0
16:37:57,6619.697,1002,1000,6,1.5,0
16:37:57,6619.896,1001,1000,6,1.5,0
16:37:57,6620.105,1000,1000,6,1.5,0
16:37:58,6620.3,1000,1000,6,1.5,0
16:37:58,6620.501,1000,1000,6,1.5,0
16:37:58,6620.706,1000,1000,6,1.5,0
16:37:58,6620.892,1000,1000,6,1.5,0
16:37:58,6621.113,1001,1000,6,1.5,0
16:37:59,6621.292,1002,1000,6,1.5,0
16:37:59,6621.496,1002,1000,6,1.5,0
16:37:59,6621.695,1003,1000,6,1.5,0
16:37:59,6621.905,1004,1000,6,1.5,0
16:37:59,6622.091,1005,1000,6,1.4,0
16:38:00,6622.303,1006,1000,6,1.4,0
16:38:00,6622.494,1008,1000,6,1.4,0
16:38:00,6622.691,1008,1000,6,1.4,0
16:38:00,6622.892,1007,1000,6,1.4,0
16:38:00,6623.097,1006,1000,6,1.4,0
16:38:01,6623.293,1004,1000,6,1.5,0
16:38:01,6623.486,1005,1000,6,1.4,0
16:38:01,6623.69,1004,1000,6,1.4,0
16:38:01,6623.892,1004,1000,6,1.4,0
16:38:01,6624.093,1005,1000,5,1.4,0
16:38:02,6624.291,1005,1000,5,1.4,0
16:38:02,6624.488,1003,1000,5,1.4,0
16:38:02,6624.686,1003,1000,5,1.4,0
16:38:02,6624.894,1004,1000,5,1.4,0
16:38:02,6625.086,1004,1000,5,1.4,0
16:38:03,6625.293,1004,1000,5,1.4,0
16:38:03,6625.485,1004,1000,5,1.4,0
16:38:03,6625.687,1003,1000,5,1.4,0
16:38:03,6625.884,1003,1000,5,1.4,0
16:38:03,6626.1,1003,1000,5,1.4,0
16:38:04,6626.284,1002,1000,5,1.4,0
16:38:04,6626.488,1002,1000,5,1.4,0
16:38:04,6626.681,1001,1000,5,1.4,0
16:38:04,6626.881,1001,1000,5,1.4,0
16:38:04,6627.078,1001,1000,5,1.4,0
16:38:05,6627.286,1001,1000,5,1.4,0
16:38:05,6627.477,1001,1000,5,1.4,0
16:38:05,6627.683,1001,1000,5,1.4,0
16:38:05,6627.887,1001,1000,5,1.4,0
16:38:05,6628.077,1002,1000,5,1.4,0
16:38:06,6628.284,1002,1000,5,1.4,0
16:38:06,6628.479,1003,1000,5,1.4,0
16:38:06,6628.683,1003,1000,5,1.4,0
16:38:06,6628.875,1004,1000,5,1.4,0
16:38:06,6629.074,1004,1000,5,1.4,0
16:38:07,6629.281,1004,1000,5,1.4,0
16:38:07,6629.473,1004,1000,5,1.4,0
16:38:07,6629.673,1004,1000,5,1.4,0
16:38:07,6629.88,1004,1000,5,1.4,0
16:38:07,6630.072,1004,1000,5,1.4,0
16:38:08,6630.279,1004,1000,5,1.4,0
16:38:08,6630.475,1003,1000,5,1.4,0
16:38:08,6630.666,1003,1000,5,1.4,0
16:38:08,6630.874,1002,1000,5,1.4,0
16:38:08,6631.068,1002,1000,5,1.4,0
16:38:09,6631.275,1001,1000,5,1.4,0
16:38:09,6631.478,1000,1000,5,1.4,0
16:38:09,6631.668,999,1000,5,1.4,0
16:38:09,6631.876,999,1000,5,1.4,0
16:38:09,6632.067,998,1000,5,1.4,0
16:38:10,6632.273,997,1000,5,1.4,0
16:38:10,6632.464,997,1000,5,1.4,0
16:38:10,6632.67,996,1000,5,1.4,0
16:38:10,6632.86,995,1000,5,1.4,0
16:38:10,6633.067,994,1000,5,1.5,0
16:38:11,6633.258,993,1000,6,1.5,0
16:38:11,6633.464,994,1000,6,1.5,0
16:38:11,6633.659,996,1000,6,1.5,0
16:38:11,6633.867,996,1000,6,1.5,0
16:38:11,6634.058,995,1000,6,1.5,0
16:38:12,6634.266,993,1000,6,1.5,0
16:38:12,6634.459,993,1000,6,1.6,0
16:38:12,6634.654,994,1000,6,1.5,0
16:38:12,6634.862,995,1000,6,1.5,0
16:38:12,6635.053,994,1000,6,1.5,0
16:38:13,6635.261,994,1000,6,1.6,0
16:38:13,6635.459,994,1000,6,1.6,0
16:38:13,6635.652,994,1000,6,1.6,0
16:38:13,6635.857,994,1000,6,1.6,0
16:38:13,6636.063,993,1000,6,1.6,0
16:38:14,6636.258,993,1000,6,1.6,0
16:38:14,6636.463,992,1000,6,1.6,0
16:38:14,6636.653,992,1000,6,1.6,0
16:38:14,6636.853,991,1000,6,1.7,0
16:38:14,6637.048,996,1000,6,1.6,0
16:38:15,6637.25,999,1000,6,1.6,0
16:38:15,6637.458,997,1000,6,1.6,0
16:38:15,6637.65,995,1000,6,1.6,0
16:38:15,6637.85,993,1000,6,1.6,0
16:38:15,6638.049,996,1000,6,1.6,0
16:38:16,6638.259,994,1000,6,1.6,0
16:38:16,6638.447,993,1000,6,1.7,0
16:38:16,6638.658,996,1000,6,1.6,0
16:38:16,6638.846,994,1000,6,1.6,0
16:38:16,6639.051,995,1000,6,1.6,0
16:38:17,6639.238,994,1000,6,1.7,0
16:38:17,6639.44,998,1000,6,1.6,0
16:38:17,6639.641,998,1000,6,1.6,0
16:38:17,6639.843,995,1000,6,1.6,0
16:38:17,6640.044,992,1000,6,1.7,0
16:38:18,6640.243,994,1000,6,1.7,0
16:38:18,6640.446,997,1000,6,1.6,0
16:38:18,6640.641,995,1000,6,1.6,0
16:38:18,6640.849,992,1000,6,1.7,0
16:38:18,6641.05,995,1000,6,1.6,0
16:38:19,6641.237,996,1000,6,1.6,0
16:38:19,6641.444,993,1000,6,1.7,0
16:38:19,6641.638,996,1000,6,1.6,0
16:38:19,6641.84,996,1000,6,1.6,0
16:38:19,6642.043,993,1000,6,1.7,0
16:38:20,6642.245,996,1000,6,1.6,0
16:38:20,6642.438,996,1000,6,1.6,0
16:38:20,6642.64,993,1000,6,1.7,0
16:38:20,6642.834,996,1000,6,1.6,0
16:38:20,6643.029,995,1000,6,1.6,0
16:38:21,6643.231,992,1000,6,1.7,0
16:38:21,6643.432,995,1000,6,1.6,0
16:38:21,6643.634,998,1000,6,1.6,0
16:38:21,6643.829,1001,1000,6,1.6,0
16:38:21,6644.03,1003,1000,6,1.6,0
16:38:22,6644.232,1005,1000,6,1.6,0
16:38:22,6644.432,1002,1000,6,1.6,0
16:38:22,6644.633,998,1000,6,1.6,0
16:38:22,6644.828,995,1000,6,1.6,0
16:38:22,6645.032,992,1000,6,1.7,0
16:38:23,6645.231,992,1000,6,1.7,0
16:38:23,6645.433,996,1000,6,1.7,0
16:38:23,6645.634,1000,1000,6,1.7,0
16:38:23,6645.829,1003,1000,6,1.7,0
16:38:23,6646.029,1005,1000,6,1.6,0
16:38:24,6646.218,1002,1000,6,1.7,0
16:38:24,6646.43,1001,1000,6,1.7,0
16:38:24,6646.617,1004,1000,6,1.7,0
16:38:24,6646.83,1006,1000,6,1.6,0
16:38:24,6647.022,1005,1000,6,1.6,0
16:38:25,6647.223,1001,1000,6,1.6,0
16:38:25,6647.425,997,1000,6,1.6,0
16:38:25,6647.62,994,1000,6,1.7,0
16:38:25,6647.82,996,1000,6,1.6,0
16:38:25,6648.021,999,1000,6,1.6,0
16:38:26,6648.218,1002,1000,6,1.6,0
16:38:26,6648.416,1004,1000,6,1.6,0
16:38:26,6648.622,1005,1000,6,1.6,0
16:38:26,6648.817,1002,1000,6,1.6,0
16:38:26,6649.019,998,1000,6,1.6,0
16:38:27,6649.224,994,1000,6,1.7,0
16:38:27,6649.415,994,1000,6,1.7,0
16:38:27,6649.613,996,1000,6,1.6,0
16:38:27,6649.813,998,1000,6,1.6,0
16:38:27,6650.012,999,1000,6,1.6,0
16:38:28,6650.214,1000,1000,6,1.6,0
16:38:28,6650.411,1001,1000,6,1.6,0
16:38:28,6650.61,1002,1000,6,1.6,0
16:38:28,6650.81,1002,1000,6,1.6,0
16:38:28,6651.014,1002,1000,6,1.6,0
16:38:29,6651.215,1002,1000,6,1.6,0
16:38:29,6651.417,1003,1000,6,1.6,0
16:38:29,6651.608,1003,1000,6,1.6,0
16:38:29,6651.807,1002,1000,6,1.6,0
16:38:29,6652.007,1002,1000,6,1.6,0
16:38:30,6652.207,1002,1000,6,1.6,0
16:38:30,6652.417,1002,1000,6,1.6,0
16:38:30,6652.605,1002,1000,6,1.6,0
16:38:30,6652.814,1002,1000,6,1.6,0
16:38:30,6653.009,1001,1000,6,1.6,0
16:38:31,6653.209,1002,1000,6,1.6,0
16:38:31,6653.403,1001,1000,6,1.6,0
16:38:31,6653.616,1001,1000,6,1.6,0
16:38:31,6653.802,1001,1000,6,1.6,0
16:38:31,6654.001,1001,1000,6,1.6,0
16:38:32,6654.21,1001,1000,6,1.6,0
16:38:32,6654.4,1001,1000,6,1.6,0
16:38:32,6654.614,1001,1000,6,1.6,0
16:38:32,6654.803,1001,1000,6,1.6,0
16:38:32,6655.002,1001,1000,6,1.6,0
16:38:33,6655.197,1001,1000,6,1.6,0
16:38:33,6655.396,1001,1000,6,1.6,0
16:38:33,6655.598,1000,1000,6,1.6,0
16:38:33,6655.795,1000,1000,6,1.6,0
16:38:33,6656.001,1000,1000,6,1.6,0
16:38:34,6656.2,1000,1000,6,1.6,0
16:38:34,6656.397,1000,1000,6,1.6,0
16:38:34,6656.593,1000,1000,6,1.6,0
16:38:34,6656.793,1000,1000,6,1.6,0
16:38:34,6656.992,1000,1000,6,1.6,0
16:38:35,6657.193,1000,1000,6,1.6,0
16:38:35,6657.396,1000,1000,6,1.6,0
16:38:35,6657.591,999,1000,6,1.6,0
16:38:35,6657.793,999,1000,6,1.6,0
16:38:35,6657.989,999,1000,6,1.6,0
16:38:36,6658.189,999,1000,6,1.6,0
16:38:36,6658.395,999,1000,6,1.6,0
16:38:36,6658.591,999,1000,6,1.6,0
16:38:36,6658.788,999,1000,6,1.6,0
16:38:36,6658.993,999,1000,6,1.6,0
16:38:37,6659.184,999,1000,6,1.6,0
16:38:37,6659.389,999,1000,6,1.6,0
16:38:37,6659.591,999,1000,6,1.6,0
16:38:37,6659.784,999,1000,6,1.6,0
16:38:37,6659.987,999,1000,6,1.6,0
16:38:38,6660.183,999,1000,6,1.6,0
16:38:38,6660.392,1000,1000,6,1.6,0
16:38:38,6660.589,1000,1000,6,1.6,0
16:38:38,6660.785,1000,1000,6,1.6,0
16:38:38,6660.986,1000,1000,6,1.6,0
16:38:39,6661.18,1000,1000,6,1.6,0
16:38:39,6661.38,1000,1000,6,1.6,0
16:38:39,6661.583,1000,1000,6,1.6,0
16:38:39,6661.781,1000,1000,6,1.6,0
16:38:39,6661.978,1000,1000,6,1.6,0
16:38:40,6662.179,1000,1000,6,1.6,0
16:38:40,6662.377,1001,1000,6,1.6,0
16:38:40,6662.588,1000,1000,6,1.6,0
16:38:40,6662.776,1000,1000,6,1.6,0
16:38:40,6662.975,1000,1000,6,1.6,0
16:38:41,6663.175,1000,1000,6,1.6,0
16:38:41,6663.376,1000,1000,6,1.6,0
16:38:41,6663.578,999,1000,6,1.6,0
16:38:41,6663.776,999,1000,6,1.6,0
16:38:41,6663.972,998,1000,6,1.6,0
16:38:42,6664.177,998,1000,6,1.6,0
16:38:42,6664.375,998,1000,6,1.6,0
16:38:42,6664.573,997,1000,6,1.6,0
16:38:42,6664.772,997,1000,6,1.6,0
16:38:42,6664.969,996,1000,6,1.6,0
16:38:43,6665.169,996,1000,6,1.6,0
16:38:43,6665.367,995,1000,6,1.6,0
16:38:43,6665.567,995,1000,6,1.6,0
16:38:43,6665.772,994,1000,6,1.7,0
16:38:43,6665.966,994,1000,6,1.7,0
16:38:44,6666.165,994,1000,6,1.7,0
16:38:44,6666.366,993,1000,6,1.8,0
16:38:44,6666.565,993,1000,7,1.8,0
16:38:44,6666.772,992,1000,7,1.8,0
16:38:44,6666.972,995,1000,7,1.7,0
16:38:45,6667.163,994,1000,7,1.8,0
16:38:45,6667.362,994,1000,7,1.8,0
16:38:45,6667.575,996,1000,7,1.7,0
16:38:45,6667.765,995,1000,7,1.7,0
16:38:45,6667.965,994,1000,7,1.8,0
16:38:46,6668.167,996,1000,7,1.7,0
16:38:46,6668.362,997,1000,7,1.7,0
16:38:46,6668.562,995,1000,7,1.7,0
16:38:46,6668.758,993,1000,7,1.8,0
16:38:46,6668.958,992,1000,7,1.8,0
16:38:46,6669.157,995,1000,7,1.7,0
16:38:47,6669.357,993,1000,7,1.8,0
16:38:47,6669.563,993,1000,7,1.8,0
16:38:47,6669.76,995,1000,7,1.7,0
16:38:47,6669.954,994,1000,7,1.8,0
16:38:48,6670.161,994,1000,7,1.8,0
16:38:48,6670.358,996,1000,7,1.8,0
16:38:48,6670.554,994,1000,7,1.8,0
16:38:48,6670.753,994,1000,7,1.8,0
16:38:48,6670.958,996,1000,7,1.8,0
16:38:48,6671.158,998,1000,7,1.8,0
16:38:49,6671.353,999,1000,7,1.8,0
16:38:49,6671.547,1000,1000,7,1.8,0
16:38:49,6671.766,1001,1000,7,1.8,0
16:38:49,6671.949,1002,1000,7,1.8,0
16:38:49,6672.152,1003,1000,7,1.8,0
16:38:50,6672.359,1003,1000,7,1.8,0
16:38:50,6672.556,1004,1000,7,1.8,0
16:38:50,6672.749,1004,1000,7,1.8,0
16:38:50,6672.956,1004,1000,7,1.8,0
16:38:50,6673.145,1005,1000,7,1.7,0
16:38:51,6673.343,1001,1000,7,1.8,0
16:38:51,6673.548,998,1000,7,1.8,0
16:38:51,6673.744,995,1000,7,1.8,0
16:38:51,6673.948,993,1000,7,1.9,0
16:38:51,6674.143,993,1000,7,1.9,0
16:38:52,6674.34,995,1000,7,1.8,0
16:38:52,6674.545,996,1000,7,1.8,0
16:38:52,6674.753,998,1000,7,1.8,0
16:38:52,6674.94,999,1000,7,1.8,0
16:38:52,6675.144,999,1000,7,1.8,0
16:38:53,6675.348,1000,1000,7,1.8,0
16:38:53,6675.538,1001,1000,7,1.8,0
16:38:53,6675.738,1002,1000,7,1.8,0
16:38:53,6675.941,1003,1000,7,1.8,0
16:38:53,6676.147,1005,1000,7,1.7,0
16:38:54,6676.335,1004,1000,7,1.8,0
16:38:54,6676.541,1005,1000,7,1.7,0
16:38:54,6676.736,1002,1000,7,1.8,0
16:38:54,6676.934,999,1000,7,1.8,0
16:38:54,6677.131,996,1000,7,1.8,0
16:38:55,6677.334,993,1000,7,1.9,0
16:38:55,6677.529,992,1000,7,1.9,0
16:38:55,6677.735,994,1000,7,1.9,0
16:38:55,6677.94,995,1000,7,1.8,0
16:38:55,6678.131,997,1000,7,1.8,0
16:38:56,6678.34,998,1000,7,1.8,0
16:38:56,6678.541,999,1000,7,1.8,0
16:38:56,6678.729,1000,1000,7,1.8,0
16:38:56,6678.929,1000,1000,7,1.8,0
16:38:56,6679.127,1001,1000,7,1.8,0
16:38:57,6679.334,1001,1000,7,1.8,0
16:38:57,6679.526,1001,1000,7,1.8,0
16:38:57,6679.73,1001,1000,7,1.8,0
16:38:57,6679.926,1002,1000,7,1.8,0
16:38:57,6680.131,1002,1000,7,1.8,0
16:38:58,6680.326,1002,1000,7,1.8,0
16:38:58,6680.538,1002,1000,7,1.8,0
16:38:58,6680.723,1002,1000,7,1.8,0
16:38:58,6680.923,1003,1000,7,1.8,0
16:38:58,6681.121,1003,1000,7,1.8,0
16:38:59,6681.322,1003,1000,7,1.8,0
16:38:59,6681.527,1003,1000,7,1.8,0
16:38:59,6681.721,1003,1000,7,1.8,0
16:38:59,6681.925,1003,1000,7,1.8,0
16:38:59,6682.119,1003,1000,7,1.8,0
16:39:00,6682.326,1002,1000,7,1.8,0
16:39:00,6682.518,1003,1000,7,1.8,0
16:39:00,6682.724,1003,1000,7,1.8,0
16:39:00,6682.918,1003,1000,7,1.8,0
16:39:00,6683.118,1003,1000,7,1.8,0
16:39:01,6683.316,1003,1000,7,1.8,0
16:39:01,6683.522,1003,1000,7,1.8,0
16:39:01,6683.715,1002,1000,7,1.8,0
16:39:01,6683.917,1002,1000,7,1.8,0
16:39:01,6684.118,1002,1000,7,1.8,0
16:39:02,6684.313,1002,1000,7,1.8,0
16:39:02,6684.514,1002,1000,7,1.8,0
16:39:02,6684.714,1002,1000,7,1.8,0
16:39:02,6684.912,1002,1000,7,1.8,0
16:39:02,6685.111,1002,1000,7,1.8,0
16:39:03,6685.316,1002,1000,7,1.8,0
16:39:03,6685.513,1002,1000,7,1.8,0
16:39:03,6685.707,1002,1000,7,1.8,0
16:39:03,6685.917,1001,1000,7,1.8,0
16:39:03,6686.113,1001,1000,7,1.8,0
16:39:04,6686.305,1001,1000,7,1.8,0
16:39:04,6686.515,1001,1000,7,1.8,0
16:39:04,6686.708,1001,1000,7,1.8,0
16:39:04,6686.918,1001,1000,7,1.8,0
16:39:04,6687.112,1000,1000,7,1.8,0
16:39:05,6687.307,1000,1000,7,1.8,0
16:39:05,6687.505,1001,1000,7,1.8,0
16:39:05,6687.709,1000,1000,7,1.8,0
16:39:05,6687.907,1000,1000,7,1.8,0
16:39:05,6688.103,1000,1000,7,1.8,0
16:39:06,6688.301,1000,1000,7,1.8,0
16:39:06,6688.508,1000,1000,7,1.8,0
16:39:06,6688.7,1000,1000,7,1.8,0
16:39:06,6688.897,1000,1000,7,1.8,0
16:39:06,6689.102,1000,1000,7,1.8,0
16:39:07,6689.301,1000,1000,7,1.8,0
16:39:07,6689.506,999,1000,7,1.8,0
16:39:07,6689.702,999,1000,7,1.8,0
16:39:07,6689.905,999,1000,7,1.8,0
16:39:07,6690.096,999,1000,7,1.8,0
16:39:08,6690.296,999,1000,7,1.8,0
16:39:08,6690.495,999,1000,7,1.8,0
16:39:08,6690.696,999,1000,7,1.8,0
16:39:08,6690.895,999,1000,7,1.8,0
16:39:08,6691.103,999,1000,7,1.8,0
16:39:09,6691.301,999,1000,7,1.8,0
16:39:09,6691.492,998,1000,7,1.8,0
16:39:09,6691.692,998,1000,7,1.8,0
16:39:09,6691.891,998,1000,7,1.8,0
16:39:09,6692.091,998,1000,7,1.8,0
16:39:10,6692.291,997,1000,7,1.8,0
16:39:10,6692.494,997,1000,7,1.8,0
16:39:10,6692.685,997,1000,7,1.8,0
16:39:10,6692.889,997,1000,7,1.8,0
16:39:10,6693.09,997,1000,7,1.8,0
16:39:11,6693.297,996,1000,7,1.8,0
16:39:11,6693.488,996,1000,7,1.8,0
16:39:11,6693.688,996,1000,7,1.8,0
16:39:11,6693.895,996,1000,7,1.8,0
16:39:11,6694.083,996,1000,7,1.8,0
16:39:12,6694.291,995,1000,7,1.8,0
16:39:12,6694.491,995,1000,7,1.8,0
16:39:12,6694.685,995,1000,7,1.8,0
16:39:12,6694.881,995,1000,7,1.8,0
16:39:12,6695.082,994,1000,7,1.9,0
16:39:13,6695.292,994,1000,7,1.9,0
16:39:13,6695.483,993,1000,7,1.9,0
16:39:13,6695.681,993,1000,7,1.9,0
16:39:13,6695.88,996,1000,7,1.8,0
16:39:13,6696.08,997,1000,7,1.8,0
16:39:14,6696.28,997,1000,7,1.8,0
16:39:14,6696.48,997,1000,7,1.8,0
16:39:14,6696.678,996,1000,7,1.8,0
16:39:14,6696.878,996,1000,7,1.8,0
16:39:14,6697.078,996,1000,7,1.8,0
16:39:15,6697.276,996,1000,7,1.8,0
16:39:15,6697.483,995,1000,7,1.8,0
16:39:15,6697.678,995,1000,7,1.8,0
16:39:15,6697.877,995,1000,7,1.8,0
16:39:15,6698.083,995,1000,7,1.8,0
16:39:16,6698.281,995,1000,7,1.8,0
16:39:16,6698.483,995,1000,7,1.8,0
16:39:16,6698.673,995,1000,7,1.8,0
16:39:16,6698.874,995,1000,7,1.8,0
16:39:16,6699.072,995,1000,7,1.8,0
16:39:17,6699.27,995,1000,7,1.8,0
16:39:17,6699.471,994,1000,7,1.9,0
16:39:17,6699.673,994,1000,7,1.9,0
16:39:17,6699.868,998,1000,7,1.8,0
16:39:17,6700.07,999,1000,7,1.8,0
16:39:18,6700.268,998,1000,7,1.8,0
16:39:18,6700.467,997,1000,7,1.8,0
16:39:18,6700.674,997,1000,7,1.8,0
16:39:18,6700.866,996,1000,7,1.8,0
16:39:18,6701.077,996,1000,7,1.8,0
16:39:19,6701.279,995,1000,7,1.8,0
16:39:19,6701.465,995,1000,7,1.8,0
16:39:19,6701.666,994,1000,7,1.9,0
16:39:19,6701.863,997,1000,7,1.8,0
16:39:19,6702.069,996,1000,7,1.8,0
16:39:20,6702.263,996,1000,7,1.8,0
16:39:20,6702.465,995,1000,7,1.8,0
16:39:20,6702.661,994,1000,7,1.9,0
16:39:20,6702.861,996,1000,7,1.8,0
16:39:20,6703.059,996,1000,7,1.8,0
16:39:21,6703.264,995,1000,7,1.8,0
16:39:21,6703.457,995,1000,7,1.8,0
16:39:21,6703.659,994,1000,7,1.9,0
16:39:21,6703.858,997,1000,7,1.9,0
16:39:21,6704.065,998,1000,7,1.9,0
16:39:22,6704.258,996,1000,7,1.9,0
16:39:22,6704.457,995,1000,7,1.9,0
16:39:22,6704.659,994,1000,7,1.9,0
16:39:22,6704.861,997,1000,7,1.9,0
16:39:22,6705.062,998,1000,7,1.9,0
16:39:23,6705.257,996,1000,7,1.9,0
16:39:23,6705.453,995,1000,7,1.9,0
16:39:23,6705.659,994,1000,7,1.9,0
16:39:23,6705.85,996,1000,7,1.9,0
16:39:23,6706.051,995,1000,7,1.9,0
16:39:24,6706.248,994,1000,7,1.9,0
16:39:24,6706.458,996,1000,7,1.9,0
16:39:24,6706.649,995,1000,7,1.9,0
16:39:24,6706.853,994,1000,7,1.9,0
16:39:24,6707.049,997,1000,7,1.9,0
16:39:25,6707.244,995,1000,7,1.9,0
16:39:25,6707.451,994,1000,7,1.9,0
16:39:25,6707.644,997,1000,7,1.9,0
16:39:25,6707.85,995,1000,7,1.9,0
16:39:25,6708.048,994,1000,7,2,0
16:39:26,6708.246,997,1000,7,1.9,0
16:39:26,6708.451,998,1000,7,1.9,0
16:39:26,6708.647,996,1000,7,1.9,0
16:39:26,6708.847,995,1000,7,1.9,0
16:39:26,6709.053,994,1000,7,2,0
16:39:27,6709.244,995,1000,7,1.9,0
16:39:27,6709.436,994,1000,7,2,0
16:39:27,6709.644,995,1000,7,1.9,0
16:39:27,6709.835,997,1000,7,1.9,0
16:39:27,6710.048,999,1000,7,1.9,0
16:39:28,6710.248,1001,1000,7,1.9,0
16:39:28,6710.436,1003,1000,7,1.9,0
16:39:28,6710.645,1004,1000,7,1.9,0
16:39:28,6710.84,1005,1000,7,1.8,0
16:39:28,6711.039,1002,1000,7,1.9,0
16:39:29,6711.236,1000,1000,7,1.9,0
16:39:29,6711.451,997,1000,7,1.9,0
16:39:29,6711.636,996,1000,7,1.9,0
16:39:29,6711.836,995,1000,7,1.9,0
16:39:29,6712.034,994,1000,7,2,0
16:39:30,6712.229,997,1000,7,1.9,0
16:39:30,6712.441,1000,1000,7,1.9,0
16:39:30,6712.632,1003,1000,7,1.9,0
16:39:30,6712.834,1005,1000,7,1.8,0
16:39:30,6713.046,1005,1000,7,1.8,0
16:39:31,6713.238,1003,1000,7,1.9,0
16:39:31,6713.431,1001,1000,7,1.9,0
16:39:31,6713.635,999,1000,7,1.9,0
16:39:31,6713.829,998,1000,7,1.9,0
16:39:31,6714.034,997,1000,7,1.9,0
16:39:32,6714.228,996,1000,7,1.9,0
16:39:32,6714.444,995,1000,7,1.9,0
16:39:32,6714.626,994,1000,7,2,0
16:39:32,6714.832,996,1000,7,1.9,0
16:39:32,6715.033,995,1000,7,1.9,0
16:39:33,6715.231,995,1000,7,1.9,0
16:39:33,6715.425,994,1000,7,2,0
16:39:33,6715.626,997,1000,7,1.9,0
16:39:33,6715.823,999,1000,7,1.9,0
16:39:33,6716.028,1002,1000,7,1.9,0
16:39:34,6716.228,1004,1000,7,1.9,0
16:39:34,6716.43,1005,1000,7,1.8,0
16:39:34,6716.624,1003,1000,7,1.9,0
16:39:34,6716.816,1001,1000,7,1.9,0
16:39:34,6717.026,999,1000,7,1.9,0
16:39:35,6717.22,997,1000,7,1.9,0
16:39:35,6717.424,996,1000,7,1.9,0
16:39:35,6717.618,994,1000,7,2,0
16:39:35,6717.819,997,1000,7,1.9,0
16:39:35,6718.024,1000,1000,7,1.9,0
16:39:36,6718.218,1002,1000,7,1.9,0
16:39:36,6718.423,1004,1000,7,1.9,0
16:39:36,6718.616,1005,1000,7,1.8,0
16:39:36,6718.818,1004,1000,7,1.9,0
16:39:36,6719.021,1001,1000,7,1.9,0
16:39:37,6719.214,999,1000,7,1.9,0
16:39:37,6719.416,997,1000,7,1.9,0
16:39:37,6719.619,995,1000,7,1.9,0
16:39:37,6719.819,994,1000,7,2,0
16:39:37,6720.013,997,1000,7,1.9,0
16:39:38,6720.212,1000,1000,7,1.9,0
16:39:38,6720.411,1003,1000,7,1.9,0
16:39:38,6720.615,1005,1000,7,1.8,0
16:39:38,6720.806,1004,1000,7,1.9,0
16:39:38,6721.014,1003,1000,7,1.9,0
16:39:39,6721.207,1002,1000,7,1.9,0
16:39:39,6721.413,1001,1000,7,1.9,0
16:39:39,6721.607,1001,1000,7,1.9,0
16:39:39,6721.812,1000,1000,7,1.9,0
16:39:39,6722.008,1000,1000,7,1.9,0
16:39:40,6722.21,999,1000,7,1.9,0
16:39:40,6722.418,998,1000,7,1.9,0
16:39:40,6722.614,997,1000,7,1.9,0
16:39:40,6722.805,996,1000,7,1.9,0
16:39:40,6723.002,994,1000,7,2,0
16:39:41,6723.209,994,1000,7,2,0
16:39:41,6723.399,996,1000,7,1.9,0
16:39:41,6723.606,998,1000,7,1.9,0
16:39:41,6723.806,1000,1000,7,1.9,0
16:39:41,6724.007,1001,1000,7,1.9,0
16:39:42,6724.203,1003,1000,7,1.9,0
16:39:42,6724.402,1004,1000,7,1.9,0
16:39:42,6724.604,1004,1000,7,1.9,0
16:39:42,6724.805,1005,1000,7,1.8,0
16:39:42,6724.992,1003,1000,7,1.9,0
16:39:43,6725.2,1004,1000,7,1.9,0
16:39:43,6725.402,1005,1000,7,1.8,0
16:39:43,6725.604,1003,1000,7,1.9,0
16:39:43,6725.807,1000,1000,7,1.9,0
16:39:43,6726,998,1000,7,1.9,0
16:39:44,6726.207,996,1000,7,1.9,0
16:39:44,6726.396,994,1000,7,2,0
16:39:44,6726.596,994,1000,7,2,0
16:39:44,6726.801,997,1000,7,1.9,0
16:39:44,6726.992,999,1000,7,1.9,0
16:39:45,6727.193,1000,1000,7,1.9,0
16:39:45,6727.396,1002,1000,7,1.9,0
16:39:45,6727.6,1003,1000,7,1.9,0
16:39:45,6727.786,1004,1000,7,1.9,0
16:39:45,6727.985,1005,1000,7,1.8,0
16:39:46,6728.19,1002,1000,7,1.9,0
16:39:46,6728.389,1001,1000,7,1.9,0
16:39:46,6728.595,1002,1000,7,1.9,0
16:39:46,6728.788,1003,1000,7,1.9,0
16:39:46,6728.992,1004,1000,7,1.9,0
16:39:47,6729.186,1005,1000,7,1.8,0
16:39:47,6729.38,1003,1000,7,1.9,0
16:39:47,6729.587,1000,1000,7,1.9,0
16:39:47,6729.784,997,1000,7,1.9,0
16:39:47,6729.99,995,1000,7,1.9,0
16:39:48,6730.181,993,1000,7,2,0
16:39:48,6730.379,995,1000,7,1.9,0
16:39:48,6730.586,997,1000,7,1.9,0
16:39:48,6730.777,999,1000,7,1.9,0
16:39:48,6730.986,1000,1000,7,1.9,0
16:39:49,6731.176,1001,1000,7,1.9,0
16:39:49,6731.387,1002,1000,7,1.9,0
16:39:49,6731.577,1002,1000,7,1.9,0
16:39:49,6731.785,1003,1000,7,1.9,0
16:39:49,6731.976,1004,1000,7,1.9,0
16:39:50,6732.173,1004,1000,7,1.9,0
16:39:50,6732.379,1005,1000,7,1.8,0
16:39:50,6732.586,1001,1000,7,1.9,0
16:39:50,6732.778,998,1000,7,1.9,0
16:39:50,6732.969,995,1000,7,1.9,0
16:39:51,6733.178,993,1000,7,2,0
16:39:51,6733.369,993,1000,7,2,0
16:39:51,6733.576,995,1000,7,1.9,0
16:39:51,6733.768,997,1000,7,1.9,0
16:39:51,6733.976,999,1000,7,1.9,0
16:39:52,6734.168,1000,1000,7,1.9,0
16:39:52,6734.376,1001,1000,7,1.9,0
16:39:52,6734.566,1002,1000,7,1.9,0
16:39:52,6734.773,1003,1000,7,1.9,0
16:39:52,6734.98,1004,1000,7,1.9,0
16:39:53,6735.172,1004,1000,7,1.9,0
16:39:53,6735.376,1005,1000,7,1.8,0
16:39:53,6735.571,1004,1000,7,1.9,0
16:39:53,6735.762,1003,1000,7,1.9,0
16:39:53,6735.977,1004,1000,7,1.9,0
16:39:54,6736.169,1004,1000,7,1.9,0
16:39:54,6736.373,1005,1000,7,1.8,0
16:39:54,6736.575,1001,1000,7,1.9,0
16:39:54,6736.766,1000,1000,7,1.9,0
16:39:54,6736.964,1001,1000,7,1.9,0
16:39:55,6737.165,1002,1000,7,1.9,0
16:39:55,6737.361,1003,1000,7,1.9,0
16:39:55,6737.569,1004,1000,7,1.9,0
16:39:55,6737.763,1004,1000,7,1.9,0
16:39:55,6737.965,1005,1000,7,1.8,0
16:39:56,6738.16,1001,1000,7,1.9,0
16:39:56,6738.362,998,1000,7,1.9,0
16:39:56,6738.568,996,1000,7,1.9,0
16:39:56,6738.763,994,1000,7,2,0
16:39:56,6738.962,994,1000,7,2,0
16:39:57,6739.158,997,1000,7,1.9,0
16:39:57,6739.36,999,1000,7,1.9,0
16:39:57,6739.555,1001,1000,7,1.9,0
16:39:57,6739.756,1002,1000,7,1.9,0
16:39:57,6739.957,1004,1000,7,1.9,0
16:39:58,6740.16,1005,1000,7,1.8,0
16:39:58,6740.36,1002,1000,7,1.9,0
16:39:58,6740.554,1003,1000,7,1.9,0
16:39:58,6740.756,1004,1000,7,1.9,0
16:39:58,6740.956,1005,1000,7,1.8,0
16:39:59,6741.165,1004,1000,7,1.9,0
16:39:59,6741.36,1001,1000,7,1.9,0
16:39:59,6741.552,998,1000,7,1.9,0
16:39:59,6741.749,996,1000,7,1.9,0
16:39:59,6741.952,995,1000,7,1.9,0
16:40:00,6742.159,994,1000,7,2,0
16:40:00,6742.355,995,1000,7,1.9,0
16:40:00,6742.545,998,1000,7,1.9,0
16:40:00,6742.751,1001,1000,7,1.9,0
16:40:00,6742.956,1003,1000,7,1.9,0
16:40:00,6743.149,1004,1000,7,1.9,0
16:40:01,6743.354,1006,1000,7,1.8,0
16:40:01,6743.547,1004,1000,7,1.9,0
16:40:01,6743.749,1002,1000,7,1.9,0
16:40:01,6743.939,999,1000,7,1.9,0
16:40:01,6744.149,997,1000,7,1.9,0
16:40:02,6744.347,996,1000,7,1.9,0
16:40:02,6744.543,994,1000,7,2,0
16:40:02,6744.742,996,1000,7,1.9,0
16:40:02,6744.943,998,1000,7,1.9,0
16:40:02,6745.15,1000,1000,7,1.9,0
16:40:03,6745.34,1002,1000,7,1.9,0
16:40:03,6745.547,1004,1000,7,1.9,0
16:40:03,6745.739,1005,1000,7,1.8,0
16:40:03,6745.941,1003,1000,7,1.9,0
16:40:03,6746.139,1001,1000,7,1.9,0
16:40:04,6746.348,998,1000,7,1.9,0
16:40:04,6746.538,997,1000,7,1.9,0
16:40:04,6746.748,995,1000,7,1.9,0
16:40:04,6746.935,994,1000,7,2,0
16:40:04,6747.13,996,1000,7,1.9,0
16:40:05,6747.332,999,1000,7,1.9,0
16:40:05,6747.54,1001,1000,7,1.9,0
16:40:05,6747.737,1002,1000,7,1.9,0
16:40:05,6747.935,1004,1000,7,1.9,0
16:40:05,6748.134,1005,1000,7,1.8,0
16:40:06,6748.341,1003,1000,7,1.9,0
16:40:06,6748.543,1000,1000,7,1.9,0
16:40:06,6748.733,998,1000,7,1.9,0
16:40:06,6748.937,996,1000,7,1.9,0
16:40:06,6749.131,995,1000,7,1.9,0
16:40:07,6749.333,994,1000,7,2,0
16:40:07,6749.533,996,1000,7,1.9,0
16:40:07,6749.743,999,1000,7,1.9,0
16:40:07,6749.938,1001,1000,7,1.9,0
16:40:07,6750.135,1002,1000,7,1.9,0
16:40:08,6750.332,1004,1000,7,1.9,0
16:40:08,6750.527,1005,1000,7,1.8,0
16:40:08,6750.725,1003,1000,7,1.9,0
16:40:08,6750.925,1000,1000,7,1.9,0
16:40:08,6751.146,998,1000,7,1.9,0
16:40:09,6751.332,997,1000,7,1.9,0
16:40:09,6751.525,995,1000,7,1.9,0
16:40:09,6751.718,994,1000,7,2,0
16:40:09,6751.924,995,1000,7,1.9,0
16:40:09,6752.131,998,1000,7,1.9,0
16:40:10,6752.321,1000,1000,7,1.9,0
16:40:10,6752.524,1002,1000,7,1.9,0
16:40:10,6752.721,1004,1000,7,1.9,0
16:40:10,6752.929,1006,1000,7,1.8,0
16:40:10,6753.119,1005,1000,7,1.8,0
16:40:11,6753.32,1002,1000,7,1.9,0
16:40:11,6753.528,1000,1000,7,1.9,0
16:40:11,6753.716,998,1000,7,1.9,0
16:40:11,6753.918,996,1000,7,1.9,0
16:40:11,6754.12,995,1000,7,1.9,0
16:40:12,6754.324,993,1000,7,2,0
16:40:12,6754.516,996,1000,7,1.9,0
16:40:12,6754.722,997,1000,7,1.9,0
16:40:12,6754.915,996,1000,7,1.9,0
16:40:12,6755.115,994,1000,7,2,0
16:40:13,6755.316,995,1000,7,1.9,0
16:40:13,6755.517,998,1000,7,1.9,0
16:40:13,6755.716,1000,1000,7,1.9,0
16:40:13,6755.913,1002,1000,7,1.9,0
16:40:13,6756.116,1004,1000,7,1.9,0
16:40:14,6756.322,1005,1000,7,1.8,0
16:40:14,6756.512,1004,1000,7,1.9,0
16:40:14,6756.716,1002,1000,7,1.9,0
16:40:14,6756.907,999,1000,7,1.9,0
16:40:14,6757.116,997,1000,7,1.9,0
16:40:15,6757.309,996,1000,7,1.9,0
16:40:15,6757.511,995,1000,7,1.9,0
16:40:15,6757.701,994,1000,7,2,0
16:40:15,6757.907,996,1000,7,1.9,0
16:40:15,6758.114,998,1000,7,1.9,0
16:40:16,6758.304,1001,1000,7,1.9,0
16:40:16,6758.511,1003,1000,7,1.9,0
16:40:16,6758.701,1004,1000,7,1.9,0
16:40:16,6758.907,1006,1000,7,1.8,0
16:40:16,6759.097,1003,1000,7,1.9,0
16:40:17,6759.305,1001,1000,7,1.9,0
16:40:17,6759.498,998,1000,7,1.9,0
16:40:17,6759.707,997,1000,7,1.9,0
16:40:17,6759.899,995,1000,7,1.9,0
16:40:17,6760.102,994,1000,7,2,0
16:40:18,6760.309,997,1000,7,1.9,0
16:40:18,6760.499,1000,1000,7,1.9,0
16:40:18,6760.701,1002,1000,7,1.9,0
16:40:18,6760.909,1003,1000,7,1.9,0
16:40:18,6761.111,1005,1000,7,1.8,0
16:40:19,6761.306,1003,1000,7,1.9,0
16:40:19,6761.5,1000,1000,7,1.9,0
16:40:19,6761.696,998,1000,7,1.9,0
16:40:19,6761.897,996,1000,7,1.9,0
16:40:19,6762.111,995,1000,7,1.9,0
16:40:20,6762.296,993,1000,7,2,0
16:40:20,6762.495,996,1000,7,1.9,0
16:40:20,6762.701,998,1000,7,1.9,0
16:40:20,6762.902,1000,1000,7,1.9,0
16:40:20,6763.097,1002,1000,7,1.9,0
16:40:21,6763.292,1003,1000,7,1.9,0
16:40:21,6763.494,1004,1000,7,1.9,0
16:40:21,6763.694,1005,1000,7,1.8,0
16:40:21,6763.891,1004,1000,7,1.9,0
16:40:21,6764.097,1001,1000,7,1.9,0
16:40:22,6764.298,999,1000,7,1.9,0
16:40:22,6764.492,997,1000,7,1.9,0
16:40:22,6764.688,995,1000,7,1.9,0
16:40:22,6764.895,994,1000,7,2,0
16:40:22,6765.089,996,1000,7,1.9,0
16:40:23,6765.296,998,1000,7,1.9,0
16:40:23,6765.494,1000,1000,7,1.9,0
16:40:23,6765.697,1002,1000,7,1.9,0
16:40:23,6765.885,1004,1000,7,1.9,0
16:40:23,6766.089,1005,1000,7,1.8,0
16:40:24,6766.291,1003,1000,7,1.9,0
16:40:24,6766.485,1000,1000,7,1.9,0
16:40:24,6766.686,998,1000,7,1.9,0
16:40:24,6766.887,996,1000,7,1.9,0
16:40:24,6767.079,994,1000,7,2,0
16:40:25,6767.281,995,1000,7,1.9,0
16:40:25,6767.481,998,1000,7,1.9,0
16:40:25,6767.688,1000,1000,7,1.9,0
16:40:25,6767.881,1002,1000,7,1.9,0
16:40:25,6768.086,1003,1000,7,1.9,0
16:40:26,6768.279,1005,1000,7,1.8,0
16:40:26,6768.484,1003,1000,7,1.9,0
16:40:26,6768.676,1000,1000,7,1.9,0
16:40:26,6768.869,998,1000,7,1.9,0
16:40:26,6769.077,997,1000,7,1.9,0
16:40:27,6769.269,995,1000,7,1.9,0
16:40:27,6769.476,994,1000,7,2,0
16:40:27,6769.668,996,1000,7,1.9,0
16:40:27,6769.877,999,1000,7,1.9,0
16:40:27,6770.068,1001,1000,7,1.9,0
16:40:28,6770.276,1003,1000,7,1.9,0
16:40:28,6770.467,1005,1000,7,1.8,0
16:40:28,6770.675,1003,1000,7,1.9,0
16:40:28,6770.87,1001,1000,7,1.9,0
16:40:28,6771.082,999,1000,7,1.9,0
16:40:29,6771.269,997,1000,7,1.9,0
16:40:29,6771.471,995,1000,7,1.9,0
16:40:29,6771.667,994,1000,7,2,0
16:40:29,6771.88,997,1000,7,1.9,0
16:40:29,6772.068,999,1000,7,1.9,0
16:40:30,6772.266,1001,1000,7,1.9,0
16:40:30,6772.471,1003,1000,7,1.9,0
16:40:30,6772.665,1005,1000,7,1.8,0
16:40:30,6772.864,1004,1000,7,1.9,0
16:40:30,6773.064,1001,1000,7,1.9,0
16:40:31,6773.269,999,1000,7,1.9,0
16:40:31,6773.462,997,1000,7,1.9,0
16:40:31,6773.661,996,1000,7,1.9,0
16:40:31,6773.867,995,1000,7,1.9,0
16:40:31,6774.075,994,1000,7,2,0
16:40:32,6774.271,997,1000,7,1.9,0
16:40:32,6774.464,999,1000,7,1.9,0
16:40:32,6774.659,1002,1000,7,1.9,0
16:40:32,6774.86,1003,1000,7,1.9,0
16:40:32,6775.058,1005,1000,7,1.8,0
16:40:33,6775.257,1003,1000,7,1.9,0
16:40:33,6775.464,1001,1000,7,1.9,0
16:40:33,6775.658,998,1000,7,1.9,0
16:40:33,6775.86,997,1000,7,1.9,0
16:40:33,6776.063,995,1000,7,1.9,0
16:40:34,6776.255,994,1000,7,2,0
16:40:34,6776.454,996,1000,7,1.9,0
16:40:34,6776.658,999,1000,7,1.9,0
16:40:34,6776.856,1001,1000,7,1.9,0
16:40:34,6777.046,1003,1000,7,1.9,0
16:40:35,6777.253,1004,1000,7,1.9,0
16:40:35,6777.451,1006,1000,7,1.8,0
16:40:35,6777.651,1003,1000,7,1.9,0
16:40:35,6777.849,1001,1000,7,1.9,0
16:40:35,6778.048,999,1000,7,1.9,0
16:40:36,6778.248,997,1000,7,1.9,0
16:40:36,6778.451,996,1000,7,1.9,0
16:40:36,6778.646,995,1000,7,1.9,0
16:40:36,6778.854,994,1000,7,2,0
16:40:36,6779.045,995,1000,7,1.9,0
16:40:37,6779.251,998,1000,7,1.9,0
16:40:37,6779.442,1000,1000,7,1.9,0
16:40:37,6779.65,1002,1000,7,1.9,0
16:40:37,6779.842,1004,1000,7,1.9,0
16:40:37,6780.051,1006,1000,7,1.8,0
16:40:38,6780.243,1005,1000,7,1.8,0
16:40:38,6780.435,1002,1000,7,1.9,0
16:40:38,6780.644,1000,1000,7,1.9,0
16:40:38,6780.837,998,1000,7,1.9,0
16:40:38,6781.045,997,1000,7,1.9,0
16:40:39,6781.237,996,1000,7,1.9,0
16:40:39,6781.444,995,1000,7,1.9,0
16:40:39,6781.637,994,1000,7,2,0
16:40:39,6781.845,996,1000,7,1.9,0
16:40:39,6782.036,996,1000,7,1.9,0
16:40:40,6782.243,995,1000,7,1.9,0
16:40:40,6782.434,994,1000,7,2,0
16:40:40,6782.64,997,1000,7,1.9,0
16:40:40,6782.835,1000,1000,7,1.9,0
16:40:40,6783.039,1002,1000,7,1.9,0
16:40:41,6783.23,1004,1000,7,1.9,0
16:40:41,6783.439,1006,1000,7,1.8,0
16:40:41,6783.631,1005,1000,7,1.8,0
16:40:41,6783.832,1002,1000,7,1.9,0
16:40:41,6784.031,1000,1000,7,1.9,0
16:40:42,6784.23,998,1000,7,1.9,0
16:40:42,6784.43,997,1000,7,1.9,0
16:40:42,6784.629,996,1000,7,1.9,0
16:40:42,6784.832,995,1000,7,1.9,0
16:40:42,6785.028,994,1000,7,2,0
16:40:43,6785.235,996,1000,7,1.9,0
16:40:43,6785.426,996,1000,7,1.9,0
16:40:43,6785.634,995,1000,7,1.9,0
16:40:43,6785.826,994,1000,7,2,0
16:40:43,6786.032,997,1000,7,1.9,0
16:40:44,6786.225,1000,1000,7,1.9,0
16:40:44,6786.432,1003,1000,7,1.9,0
16:40:44,6786.623,1005,1000,7,1.8,0
16:40:44,6786.831,1003,1000,7,1.9,0
16:40:44,6787.025,1001,1000,7,1.9,0
16:40:45,6787.219,1000,1000,7,1.9,0
16:40:45,6787.423,998,1000,7,1.9,0
16:40:45,6787.615,997,1000,7,1.9,0
16:40:45,6787.823,996,1000,7,1.9,0
16:40:45,6788.015,996,1000,7,1.9,0
16:40:46,6788.223,995,1000,7,1.9,0
16:40:46,6788.415,995,1000,7,1.9,0
16:40:46,6788.624,994,1000,7,2,0
16:40:46,6788.815,997,1000,7,1.9,0
16:40:46,6789.024,1000,1000,7,1.9,0
16:40:47,6789.216,1003,1000,7,1.9,0
16:40:47,6789.423,1005,1000,7,1.8,0
16:40:47,6789.615,1003,1000,7,1.9,0
16:40:47,6789.814,1001,1000,7,1.9,0
16:40:47,6790.02,1000,1000,7,1.9,0
16:40:48,6790.214,998,1000,7,1.9,0
16:40:48,6790.406,997,1000,7,1.9,0
16:40:48,6790.613,997,1000,7,1.9,0
16:40:48,6790.805,997,1000,7,1.9,0
16:40:48,6791.012,996,1000,7,1.9,0
16:40:49,6791.218,996,1000,7,1.9,0
16:40:49,6791.407,996,1000,7,1.9,0
16:40:49,6791.61,995,1000,7,1.9,0
16:40:49,6791.804,996,1000,7,1.9,0
16:40:49,6792.012,995,1000,7,1.9,0
16:40:50,6792.213,995,1000,7,1.9,0
16:40:50,6792.408,995,1000,7,1.9,0
16:40:50,6792.606,995,1000,7,1.9,0
16:40:50,6792.811,995,1000,7,1.9,0
16:40:50,6793.005,995,1000,7,1.9,0
16:40:51,6793.204,995,1000,7,1.9,0
16:40:51,6793.404,995,1000,7,1.9,0
16:40:51,6793.61,995,1000,7,1.9,0
16:40:51,6793.811,995,1000,7,1.9,0
16:40:51,6794.001,995,1000,7,1.9,0
16:40:52,6794.202,995,1000,7,1.9,0
16:40:52,6794.401,995,1000,7,1.9,0
16:40:52,6794.601,996,1000,7,1.9,0
16:40:52,6794.804,996,1000,7,1.9,0
16:40:52,6794.999,996,1000,7,1.9,0
16:40:53,6795.205,996,1000,7,1.9,0
16:40:53,6795.401,995,1000,7,1.9,0
16:40:53,6795.604,995,1000,7,1.9,0
16:40:53,6795.796,995,1000,7,1.9,0
16:40:53,6796.002,996,1000,7,1.9,0
16:40:54,6796.194,996,1000,7,1.9,0
16:40:54,6796.402,996,1000,7,1.9,0
16:40:54,6796.593,996,1000,7,1.9,0
16:40:54,6796.801,996,1000,7,1.9,0
16:40:54,6796.992,996,1000,7,1.9,0
16:40:55,6797.2,996,1000,7,1.9,0
16:40:55,6797.392,996,1000,7,1.9,0
16:40:55,6797.6,997,1000,7,1.9,0
16:40:55,6797.791,996,1000,7,1.9,0
16:40:55,6797.999,997,1000,7,1.9,0
16:40:56,6798.192,997,1000,7,1.9,0
16:40:56,6798.386,997,1000,7,1.9,0
16:40:56,6798.591,997,1000,7,1.9,0
16:40:56,6798.799,998,1000,7,1.9,0
16:40:56,6798.991,998,1000,7,1.9,0
16:40:57,6799.193,998,1000,7,1.9,0
16:40:57,6799.388,998,1000,7,1.9,0
16:40:57,6799.587,998,1000,7,1.9,0
16:40:57,6799.797,998,1000,7,1.9,0
16:40:57,6799.989,998,1000,7,1.9,0
16:40:58,6800.18,998,1000,7,1.9,0
16:40:58,6800.388,998,1000,7,1.9,0
16:40:58,6800.581,999,1000,7,1.9,0
16:40:58,6800.788,999,1000,7,1.9,0
16:40:58,6800.978,999,1000,7,1.9,0
16:40:59,6801.187,999,1000,7,1.9,0
16:40:59,6801.38,999,1000,7,1.9,0
16:40:59,6801.586,999,1000,7,1.9,0
16:40:59,6801.777,1000,1000,7,1.9,0
16:40:59,6801.984,999,1000,7,1.9,0
16:41:00,6802.178,999,1000,7,1.9,0
16:41:00,6802.387,999,1000,7,1.9,0
16:41:00,6802.575,999,1000,7,1.9,0
16:41:00,6802.786,1000,1000,7,1.9,0
16:41:00,6802.978,1000,1000,7,1.9,0
16:41:01,6803.172,1000,1000,7,1.9,0
16:41:01,6803.373,1000,1000,7,1.9,0
16:41:01,6803.581,1000,1000,7,1.9,0
16:41:01,6803.776,1000,1000,7,1.9,0
16:41:01,6803.974,1000,1000,7,1.9,0
16:41:02,6804.18,1001,1000,7,1.9,0
16:41:02,6804.372,1001,1000,7,1.9,0
16:41:02,6804.58,1001,1000,7,1.9,0
16:41:02,6804.772,1001,1000,7,1.9,0
16:41:02,6804.98,1001,1000,7,1.9,0
16:41:03,6805.172,1001,1000,7,1.9,0
16:41:03,6805.379,1001,1000,7,1.9,0
16:41:03,6805.57,1001,1000,7,1.9,0
16:41:03,6805.778,1001,1000,7,1.9,0
16:41:03,6805.968,1001,1000,7,1.9,0
16:41:04,6806.175,1001,1000,7,1.9,0
16:41:04,6806.367,1001,1000,7,1.9,0
16:41:04,6806.574,1001,1000,7,1.9,0
16:41:04,6806.771,1001,1000,7,1.9,0
16:41:04,6806.97,1001,1000,7,1.9,0
16:41:05,6807.172,1002,1000,7,1.9,0
16:41:05,6807.366,1002,1000,7,1.9,0
16:41:05,6807.564,1002,1000,7,1.9,0
16:41:05,6807.764,1001,1000,7,1.9,0
16:41:05,6807.963,1002,1000,7,1.9,0
16:41:06,6808.165,1002,1000,7,1.9,0
16:41:06,6808.362,1002,1000,7,1.9,0
16:41:06,6808.555,1002,1000,7,1.9,0
16:41:06,6808.762,1002,1000,7,1.9,0
16:41:06,6808.964,1002,1000,7,1.9,0
16:41:07,6809.16,1003,1000,7,1.9,0
16:41:07,6809.366,1003,1000,7,1.9,0
16:41:07,6809.558,1003,1000,7,1.9,0
16:41:07,6809.762,1003,1000,7,1.9,0
16:41:07,6809.957,1003,1000,7,1.9,0
16:41:08,6810.158,1004,1000,7,1.9,0
16:41:08,6810.359,1004,1000,7,1.9,0
16:41:08,6810.556,1004,1000,7,1.9,0
16:41:08,6810.763,1004,1000,7,1.9,0
16:41:08,6810.957,1004,1000,7,1.9,0
16:41:08,6811.158,1004,1000,7,1.9,0
16:41:09,6811.359,1004,1000,7,1.9,0
16:41:09,6811.553,1004,1000,7,1.9,0
16:41:09,6811.752,1004,1000,7,1.9,0
16:41:09,6811.952,1004,1000,7,1.9,0
16:41:09,6812.158,1004,1000,7,1.9,0
16:41:10,6812.352,1004,1000,7,1.9,0
16:41:10,6812.549,1004,1000,7,1.9,0
16:41:10,6812.756,1004,1000,7,1.9,0
16:41:10,6812.948,1004,1000,7,1.9,0
16:41:10,6813.152,1004,1000,7,1.9,0
16:41:11,6813.352,1004,1000,7,1.9,0
16:41:11,6813.555,1004,1000,7,1.9,0
16:41:11,6813.748,1004,1000,7,1.9,0
16:41:11,6813.949,1004,1000,7,1.9,0
16:41:11,6814.154,1004,1000,7,1.9,0
16:41:12,6814.345,1004,1000,7,1.9,0
16:41:12,6814.547,1004,1000,7,1.9,0
16:41:12,6814.748,1005,1000,7,1.8,0
16:41:12,6814.949,1005,1000,7,1.8,0
16:41:12,6815.152,1005,1000,7,1.8,0
16:41:13,6815.345,1005,1000,7,1.8,0
16:41:13,6815.539,1005,1000,7,1.8,0
16:41:13,6815.756,1005,1000,7,1.8,0
16:41:13,6815.941,1005,1000,7,1.8,0
16:41:13,6816.137,1005,1000,7,1.8,0
16:41:14,6816.344,1005,1000,7,1.8,0
16:41:14,6816.54,1001,1000,7,1.8,0
16:41:14,6816.74,999,1000,7,1.8,0
16:41:14,6816.942,1000,1000,7,1.8,0
16:41:14,6817.139,1001,1000,7,1.8,0
16:41:15,6817.338,1002,1000,7,1.8,0
16:41:15,6817.537,1002,1000,7,1.8,0
16:41:15,6817.736,1003,1000,7,1.8,0
16:41:15,6817.942,1004,1000,7,1.8,0
16:41:15,6818.137,1004,1000,7,1.8,0
16:41:16,6818.338,1004,1000,7,1.8,0
16:41:16,6818.541,1004,1000,7,1.8,0
16:41:16,6818.741,1004,1000,7,1.8,0
16:41:16,6818.936,1005,1000,7,1.8,0
16:41:16,6819.138,1003,1000,7,1.8,0
16:41:17,6819.34,1002,1000,7,1.8,0
16:41:17,6819.536,1003,1000,7,1.8,0
16:41:17,6819.733,1003,1000,7,1.8,0
16:41:17,6819.928,1004,1000,7,1.8,0
16:41:17,6820.138,1004,1000,7,1.8,0
16:41:18,6820.324,1004,1000,7,1.8,0
16:41:18,6820.533,1004,1000,7,1.8,0
16:41:18,6820.726,1004,1000,7,1.8,0
16:41:18,6820.936,1005,1000,7,1.8,0
16:41:18,6821.127,1000,1000,7,1.8,0
16:41:19,6821.328,999,1000,7,1.8,0
16:41:19,6821.533,1000,1000,7,1.8,0
16:41:19,6821.726,1001,1000,7,1.8,0
16:41:19,6821.93,1002,1000,7,1.8,0
16:41:19,6822.14,1003,1000,7,1.8,0
16:41:20,6822.333,1004,1000,7,1.8,0
16:41:20,6822.523,1004,1000,7,1.8,0
16:41:20,6822.728,1005,1000,7,1.8,0
16:41:20,6822.931,1004,1000,7,1.8,0
16:41:20,6823.123,1003,1000,7,1.8,0
16:41:21,6823.326,1003,1000,7,1.8,0
16:41:21,6823.526,1004,1000,7,1.8,0
16:41:21,6823.72,1004,1000,7,1.8,0
16:41:21,6823.922,1005,1000,7,1.7,0
16:41:21,6824.12,1004,1000,7,1.8,0
16:41:22,6824.319,1003,1000,7,1.8,0
16:41:22,6824.519,1004,1000,7,1.8,0
16:41:22,6824.721,1004,1000,7,1.8,0
16:41:22,6824.918,1005,1000,7,1.7,0
16:41:22,6825.123,1002,1000,7,1.8,0
16:41:23,6825.328,1001,1000,7,1.8,0
16:41:23,6825.516,1002,1000,7,1.8,0
16:41:23,6825.715,1003,1000,7,1.8,0
16:41:23,6825.921,1004,1000,7,1.8,0
16:41:23,6826.114,1004,1000,7,1.8,0
16:41:24,6826.313,1005,1000,7,1.7,0
16:41:24,6826.512,1003,1000,7,1.8,0
16:41:24,6826.713,1004,1000,7,1.8,0
16:41:24,6826.912,1004,1000,7,1.8,0
16:41:24,6827.112,1005,1000,7,1.7,0
16:41:25,6827.31,1001,1000,7,1.8,0
16:41:25,6827.512,1000,1000,7,1.8,0
16:41:25,6827.71,1002,1000,7,1.8,0
16:41:25,6827.915,1003,1000,7,1.8,0
16:41:25,6828.109,1004,1000,7,1.8,0
16:41:26,6828.309,1005,1000,7,1.7,0
16:41:26,6828.507,1001,1000,7,1.8,0
16:41:26,6828.714,1000,1000,7,1.8,0
16:41:26,6828.913,1001,1000,7,1.8,0
16:41:26,6829.107,1003,1000,7,1.8,0
16:41:27,6829.305,1004,1000,7,1.8,0
16:41:27,6829.513,1005,1000,7,1.7,0
16:41:27,6829.709,1004,1000,7,1.8,0
16:41:27,6829.904,1004,1000,7,1.8,0
16:41:27,6830.11,1005,1000,7,1.7,0
16:41:28,6830.313,1004,1000,7,1.8,0
16:41:28,6830.505,1001,1000,7,1.8,0
16:41:28,6830.706,999,1000,7,1.8,0
16:41:28,6830.902,997,1000,7,1.8,0
16:41:28,6831.101,995,1000,7,1.8,0
16:41:29,6831.3,993,1000,7,1.9,0
16:41:29,6831.499,994,1000,7,1.8,0
16:41:29,6831.707,997,1000,7,1.8,0
16:41:29,6831.899,999,1000,7,1.8,0
16:41:29,6832.098,1001,1000,7,1.8,0
16:41:30,6832.297,1003,1000,7,1.8,0
16:41:30,6832.505,1005,1000,7,1.7,0
16:41:30,6832.706,1003,1000,7,1.8,0
16:41:30,6832.896,1004,1000,7,1.8,0
16:41:30,6833.104,1006,1000,7,1.7,0
16:41:31,6833.295,1004,1000,7,1.8,0
16:41:31,6833.503,1001,1000,7,1.8,0
16:41:31,6833.694,998,1000,7,1.8,0
16:41:31,6833.887,997,1000,7,1.8,0
16:41:31,6834.095,995,1000,7,1.8,0
16:41:32,6834.285,993,1000,7,1.9,0
16:41:32,6834.491,995,1000,7,1.8,0
16:41:32,6834.684,998,1000,7,1.8,0
16:41:32,6834.893,1001,1000,7,1.8,0
16:41:32,6835.095,1003,1000,7,1.8,0
16:41:33,6835.296,1005,1000,7,1.7,0
16:41:33,6835.491,1003,1000,7,1.8,0
16:41:33,6835.682,1004,1000,7,1.8,0
16:41:33,6835.891,1005,1000,7,1.7,0
16:41:33,6836.083,1004,1000,7,1.8,0
16:41:34,6836.29,1001,1000,7,1.8,0
16:41:34,6836.482,999,1000,7,1.8,0
16:41:34,6836.689,997,1000,7,1.8,0
16:41:34,6836.881,996,1000,7,1.8,0
16:41:34,6837.089,995,1000,7,1.8,0
16:41:35,6837.28,994,1000,7,1.8,0
16:41:35,6837.487,997,1000,7,1.8,0
16:41:35,6837.679,999,1000,7,1.8,0
16:41:35,6837.887,1002,1000,7,1.8,0
16:41:35,6838.078,1004,1000,7,1.8,0
16:41:36,6838.285,1005,1000,7,1.7,0
16:41:36,6838.478,1003,1000,7,1.8,0
16:41:36,6838.686,1001,1000,7,1.8,0
16:41:36,6838.878,999,1000,7,1.8,0
16:41:36,6839.086,997,1000,7,1.8,0
16:41:37,6839.277,996,1000,7,1.8,0
16:41:37,6839.485,995,1000,7,1.8,0
16:41:37,6839.677,994,1000,7,1.8,0
16:41:37,6839.884,996,1000,7,1.8,0
16:41:37,6840.075,996,1000,7,1.8,0
16:41:38,6840.283,994,1000,7,1.8,0
16:41:38,6840.475,995,1000,7,1.8,0
16:41:38,6840.683,998,1000,7,1.8,0
16:41:38,6840.872,1001,1000,7,1.8,0
16:41:38,6841.079,1003,1000,7,1.8,0
16:41:39,6841.269,1005,1000,7,1.7,0
16:41:39,6841.477,1003,1000,7,1.8,0
16:41:39,6841.678,1001,1000,7,1.8,0
16:41:39,6841.88,999,1000,7,1.8,0
16:41:39,6842.072,997,1000,7,1.8,0
16:41:40,6842.279,996,1000,7,1.8,0
16:41:40,6842.47,995,1000,7,1.8,0
16:41:40,6842.677,995,1000,7,1.8,0
16:41:40,6842.867,994,1000,7,1.8,0
16:41:40,6843.074,997,1000,7,1.8,0
16:41:41,6843.266,1000,1000,7,1.8,0
16:41:41,6843.473,1003,1000,7,1.8,0
16:41:41,6843.665,1005,1000,7,1.7,0
16:41:41,6843.873,1005,1000,7,1.7,0
16:41:41,6844.064,1002,1000,7,1.8,0
16:41:42,6844.271,1000,1000,7,1.8,0
16:41:42,6844.461,998,1000,7,1.8,0
16:41:42,6844.668,997,1000,7,1.8,0
16:41:42,6844.864,995,1000,7,1.8,0
16:41:42,6845.066,995,1000,7,1.8,0
16:41:43,6845.257,994,1000,7,1.8,0
16:41:43,6845.464,998,1000,7,1.8,0
16:41:43,6845.658,998,1000,7,1.8,0
16:41:43,6845.864,997,1000,7,1.8,0
16:41:43,6846.055,996,1000,7,1.8,0
16:41:44,6846.263,996,1000,7,1.8,0
16:41:44,6846.455,995,1000,7,1.8,0
16:41:44,6846.662,994,1000,7,1.8,0
16:41:44,6846.854,996,1000,7,1.8,0
16:41:44,6847.062,1000,1000,7,1.8,0
16:41:45,6847.254,1002,1000,7,1.8,0
16:41:45,6847.46,1004,1000,7,1.8,0
16:41:45,6847.651,1006,1000,7,1.7,0
16:41:45,6847.859,1006,1000,7,1.7,0
16:41:45,6848.052,1003,1000,7,1.8,0
16:41:46,6848.259,1001,1000,7,1.8,0
16:41:46,6848.449,1000,1000,7,1.8,0
16:41:46,6848.656,998,1000,7,1.8,0
16:41:46,6848.846,997,1000,7,1.8,0
16:41:46,6849.06,996,1000,7,1.8,0
16:41:47,6849.251,995,1000,7,1.8,0
16:41:47,6849.451,994,1000,7,1.8,0
16:41:47,6849.657,996,1000,7,1.8,0
16:41:47,6849.859,996,1000,7,1.8,0
16:41:47,6850.054,995,1000,7,1.8,0
16:41:48,6850.249,994,1000,7,1.8,0
16:41:48,6850.456,997,1000,7,1.8,0
16:41:48,6850.651,1001,1000,7,1.8,0
16:41:48,6850.847,1003,1000,7,1.8,0
16:41:48,6851.053,1006,1000,7,1.7,0
16:41:49,6851.248,1006,1000,7,1.7,0
16:41:49,6851.449,1004,1000,7,1.8,0
16:41:49,6851.645,1002,1000,7,1.8,0
16:41:49,6851.853,1000,1000,7,1.8,0
16:41:49,6852.045,999,1000,7,1.8,0
16:41:50,6852.244,998,1000,7,1.8,0
16:41:50,6852.443,998,1000,7,1.8,0
16:41:50,6852.643,996,1000,7,1.8,0
16:41:50,6852.845,996,1000,7,1.8,0
16:41:50,6853.041,995,1000,7,1.8,0
16:41:51,6853.241,995,1000,7,1.8,0
16:41:51,6853.44,995,1000,7,1.8,0
16:41:51,6853.64,995,1000,7,1.8,0
16:41:51,6853.839,995,1000,7,1.8,0
16:41:51,6854.046,995,1000,7,1.8,0
16:41:52,6854.238,995,1000,7,1.8,0
16:41:52,6854.442,995,1000,7,1.8,0
16:41:52,6854.637,995,1000,7,1.8,0
16:41:52,6854.837,994,1000,7,1.8,0
16:41:52,6855.037,998,1000,7,1.8,0
16:41:53,6855.236,1000,1000,7,1.8,0
16:41:53,6855.435,999,1000,7,1.8,0
16:41:53,6855.634,999,1000,7,1.8,0
16:41:53,6855.838,998,1000,7,1.8,0
16:41:53,6856.04,997,1000,7,1.8,0
16:41:54,6856.232,997,1000,7,1.8,0
16:41:54,6856.435,996,1000,7,1.8,0
16:41:54,6856.63,995,1000,7,1.8,0
16:41:54,6856.839,995,1000,7,1.8,0
16:41:54,6857.032,995,1000,7,1.8,0
16:41:55,6857.235,994,1000,7,1.8,0
16:41:55,6857.429,998,1000,7,1.8,0
16:41:55,6857.629,998,1000,7,1.8,0
16:41:55,6857.831,997,1000,7,1.8,0
16:41:55,6858.028,997,1000,7,1.8,0
16:41:56,6858.234,995,1000,7,1.8,0
16:41:56,6858.435,994,1000,7,1.8,0
16:41:56,6858.626,995,1000,7,1.8,0
16:41:56,6858.827,998,1000,7,1.8,0
16:41:56,6859.033,1001,1000,7,1.8,0
16:41:57,6859.227,1003,1000,7,1.8,0
16:41:57,6859.425,1005,1000,7,1.7,0
16:41:57,6859.619,1003,1000,7,1.8,0
16:41:57,6859.824,1001,1000,7,1.8,0
16:41:57,6860.016,1000,1000,7,1.8,0
16:41:58,6860.235,999,1000,7,1.8,0
16:41:58,6860.428,998,1000,7,1.8,0
16:41:58,6860.621,998,1000,7,1.8,0
16:41:58,6860.824,997,1000,7,1.8,0
16:41:58,6861.015,997,1000,7,1.8,0
16:41:59,6861.222,997,1000,7,1.8,0
16:41:59,6861.414,996,1000,7,1.8,0
16:41:59,6861.622,996,1000,7,1.8,0
16:41:59,6861.813,996,1000,7,1.8,0
16:41:59,6862.02,995,1000,7,1.8,0
16:42:00,6862.213,994,1000,7,1.8,0
16:42:00,6862.419,998,1000,7,1.8,0
16:42:00,6862.614,1002,1000,7,1.8,0
16:42:00,6862.816,1004,1000,7,1.8,0
16:42:00,6863.014,1007,1000,7,1.7,0
16:42:01,6863.214,1007,1000,7,1.7,0
16:42:01,6863.421,1004,1000,7,1.8,0
16:42:01,6863.613,1002,1000,7,1.8,0
16:42:01,6863.806,1001,1000,7,1.8,0
16:42:01,6864.014,1001,1000,7,1.8,0
16:42:02,6864.205,1000,1000,7,1.8,0
16:42:02,6864.409,1000,1000,7,1.8,0
16:42:02,6864.608,999,1000,7,1.8,0
16:42:02,6864.809,998,1000,7,1.8,0
16:42:02,6865.011,998,1000,7,1.8,0
16:42:03,6865.207,998,1000,7,1.8,0
16:42:03,6865.407,997,1000,7,1.8,0
16:42:03,6865.607,996,1000,7,1.8,0
16:42:03,6865.806,996,1000,7,1.8,0
16:42:03,6866.011,995,1000,7,1.8,0
16:42:04,6866.206,994,1000,7,1.8,0
16:42:04,6866.407,998,1000,7,1.8,0
16:42:04,6866.604,1000,1000,7,1.8,0
16:42:04,6866.804,999,1000,7,1.8,0
16:42:04,6867.011,998,1000,7,1.8,0
16:42:05,6867.203,997,1000,7,1.8,0
16:42:05,6867.402,996,1000,7,1.8,0
16:42:05,6867.602,996,1000,7,1.8,0
16:42:05,6867.8,996,1000,7,1.8,0
16:42:05,6868.005,995,1000,7,1.8,0
16:42:06,6868.206,996,1000,7,1.8,0
16:42:06,6868.4,995,1000,7,1.8,0
16:42:06,6868.599,995,1000,7,1.8,0
16:42:06,6868.803,995,1000,7,1.8,0
16:42:06,6869.004,994,1000,7,1.8,0
16:42:07,6869.2,998,1000,7,1.8,0
16:42:07,6869.397,1002,1000,7,1.8,0
16:42:07,6869.597,1004,1000,7,1.8,0
16:42:07,6869.805,1007,1000,7,1.7,0
16:42:07,6869.996,1008,1000,7,1.7,0
16:42:08,6870.197,1006,1000,7,1.7,0
16:42:08,6870.393,1004,1000,7,1.7,0
16:42:08,6870.604,1003,1000,7,1.7,0
16:42:08,6870.795,1002,1000,7,1.7,0
16:42:08,6871.002,1001,1000,7,1.7,0
16:42:09,6871.188,1000,1000,7,1.7,0
16:42:09,6871.393,999,1000,7,1.7,0
16:42:09,6871.609,998,1000,7,1.7,0
16:42:09,6871.797,998,1000,7,1.7,0
16:42:09,6872.01,997,1000,7,1.7,0
16:42:10,6872.196,997,1000,7,1.7,0
16:42:10,6872.398,996,1000,7,1.7,0
16:42:10,6872.581,996,1000,7,1.7,0
16:42:10,6872.787,995,1000,7,1.7,0
16:42:10,6872.993,996,1000,7,1.7,0
16:42:11,6873.183,996,1000,7,1.7,0
16:42:11,6873.394,995,1000,7,1.7,0
16:42:11,6873.58,996,1000,7,1.7,0
16:42:11,6873.786,996,1000,7,1.7,0
16:42:11,6873.993,997,1000,7,1.7,0
16:42:12,6874.185,998,1000,7,1.7,0
16:42:12,6874.385,999,1000,7,1.7,0
16:42:12,6874.59,1000,1000,7,1.7,0
16:42:12,6874.783,1001,1000,7,1.7,0
16:42:12,6874.992,1003,1000,7,1.7,0
16:42:13,6875.183,1004,1000,7,1.7,0
16:42:13,6875.381,1006,1000,7,1.7,0
16:42:13,6875.58,1007,1000,7,1.6,0
16:42:13,6875.782,1006,1000,7,1.6,0
16:42:13,6875.983,1007,1000,7,1.6,0
16:42:14,6876.179,1005,1000,7,1.6,0
16:42:14,6876.381,1005,1000,7,1.6,0
16:42:14,6876.572,1004,1000,7,1.7,0
16:42:14,6876.778,1003,1000,7,1.7,0
16:42:14,6876.976,1005,1000,7,1.6,0
16:42:15,6877.17,1004,1000,7,1.7,0
16:42:15,6877.376,1003,1000,7,1.7,0
16:42:15,6877.583,1005,1000,7,1.6,0
16:42:15,6877.775,1003,1000,7,1.7,0
16:42:15,6877.976,1003,1000,7,1.7,0
16:42:16,6878.17,1005,1000,6,1.6,0
16:42:16,6878.381,1002,1000,6,1.7,0
16:42:16,6878.573,1002,1000,6,1.7,0
16:42:16,6878.775,1004,1000,6,1.7,0
16:42:16,6878.979,1006,1000,6,1.6,0
16:42:17,6879.179,1005,1000,6,1.6,0
16:42:17,6879.373,1002,1000,6,1.7,0
16:42:17,6879.569,1004,1000,6,1.7,0
16:42:17,6879.768,1006,1000,6,1.6,0
16:42:17,6879.97,1004,1000,6,1.7,0
16:42:18,6880.173,1003,1000,6,1.7,0
16:42:18,6880.371,1005,1000,6,1.6,0
16:42:18,6880.575,1003,1000,6,1.6,0
16:42:18,6880.769,1002,1000,6,1.6,0
16:42:18,6880.962,1004,1000,6,1.6,0
16:42:19,6881.163,1006,1000,6,1.6,0
16:42:19,6881.365,1006,1000,6,1.6,0
16:42:19,6881.566,1004,1000,6,1.6,0
16:42:19,6881.762,1002,1000,6,1.6,0
16:42:19,6881.964,1001,1000,6,1.6,0
16:42:20,6882.162,999,1000,6,1.6,0
16:42:20,6882.36,998,1000,6,1.6,0
16:42:20,6882.561,997,1000,6,1.6,0
16:42:20,6882.762,996,1000,6,1.6,0
16:42:20,6882.964,995,1000,6,1.6,0
16:42:20,6883.155,995,1000,6,1.6,0
16:42:21,6883.362,994,1000,6,1.7,0
16:42:21,6883.553,997,1000,6,1.6,0
16:42:21,6883.762,997,1000,6,1.6,0
16:42:21,6883.952,996,1000,6,1.6,0
16:42:22,6884.159,995,1000,6,1.6,0
16:42:22,6884.35,994,1000,6,1.7,0
16:42:22,6884.558,998,1000,6,1.6,0
16:42:22,6884.749,1000,1000,6,1.6,0
16:42:22,6884.956,1003,1000,6,1.6,0
16:42:23,6885.163,1005,1000,6,1.6,0
16:42:23,6885.354,1005,1000,6,1.6,0
16:42:23,6885.561,1002,1000,6,1.6,0
16:42:23,6885.752,1000,1000,6,1.6,0
16:42:23,6885.944,998,1000,6,1.6,0
16:42:23,6886.152,996,1000,6,1.6,0
16:42:24,6886.345,994,1000,6,1.7,0
16:42:24,6886.552,995,1000,6,1.6,0
16:42:24,6886.743,994,1000,6,1.7,0
16:42:24,6886.95,997,1000,6,1.6,0
16:42:24,6887.142,1000,1000,6,1.6,0
16:42:25,6887.348,1002,1000,6,1.6,0
16:42:25,6887.555,1004,1000,6,1.6,0
16:42:25,6887.747,1006,1000,6,1.6,0
16:42:25,6887.955,1003,1000,6,1.6,0
16:42:25,6888.147,1001,1000,6,1.6,0
16:42:26,6888.338,999,1000,6,1.6,0
16:42:26,6888.546,998,1000,6,1.6,0
16:42:26,6888.738,996,1000,6,1.6,0
16:42:26,6888.945,995,1000,6,1.6,0
16:42:26,6889.153,995,1000,6,1.6,0
16:42:27,6889.343,993,1000,6,1.7,0
16:42:27,6889.541,996,1000,6,1.6,0
16:42:27,6889.741,999,1000,6,1.6,0
16:42:27,6889.942,1001,1000,6,1.6,0
16:42:27,6890.141,1003,1000,6,1.6,0
16:42:28,6890.339,1003,1000,6,1.6,0
16:42:28,6890.546,1003,1000,6,1.6,0
16:42:28,6890.739,1002,1000,6,1.6,0
16:42:28,6890.941,1001,1000,6,1.6,0
16:42:28,6891.138,1000,1000,6,1.6,0
16:42:29,6891.346,999,1000,6,1.6,0
16:42:29,6891.536,998,1000,6,1.6,0
16:42:29,6891.736,997,1000,6,1.6,0
16:42:29,6891.936,996,1000,6,1.6,0
16:42:29,6892.136,995,1000,6,1.6,0
16:42:30,6892.335,995,1000,6,1.6,0
16:42:30,6892.534,994,1000,6,1.7,0
16:42:30,6892.733,994,1000,6,1.7,0
16:42:30,6892.933,994,1000,6,1.7,0
16:42:30,6893.136,994,1000,6,1.7,0
16:42:31,6893.332,995,1000,6,1.7,0
16:42:31,6893.532,995,1000,6,1.7,0
16:42:31,6893.733,995,1000,6,1.7,0
16:42:31,6893.935,995,1000,6,1.7,0
16:42:31,6894.129,995,1000,6,1.7,0
16:42:32,6894.337,996,1000,6,1.7,0
16:42:32,6894.535,996,1000,6,1.7,0
16:42:32,6894.728,996,1000,6,1.7,0
16:42:32,6894.929,996,1000,6,1.7,0
16:42:32,6895.128,997,1000,6,1.7,0
16:42:33,6895.322,996,1000,6,1.7,0
16:42:33,6895.526,997,1000,6,1.7,0
16:42:33,6895.736,997,1000,6,1.7,0
16:42:33,6895.928,997,1000,6,1.7,0
16:42:33,6896.129,998,1000,6,1.7,0
16:42:34,6896.33,999,1000,6,1.7,0
16:42:34,6896.532,999,1000,6,1.7,0
16:42:34,6896.725,1000,1000,6,1.7,0
16:42:34,6896.929,1000,1000,6,1.7,0
16:42:34,6897.127,1001,1000,6,1.7,0
16:42:35,6897.318,1001,1000,6,1.7,0
16:42:35,6897.526,1001,1000,6,1.7,0
16:42:35,6897.715,1001,1000,6,1.7,0
16:42:35,6897.922,1001,1000,6,1.7,0
16:42:35,6898.128,1001,1000,6,1.7,0
16:42:36,6898.32,1001,1000,6,1.7,0
16:42:36,6898.525,1001,1000,6,1.7,0
16:42:36,6898.716,1001,1000,6,1.7,0
16:42:36,6898.922,1001,1000,6,1.7,0
16:42:36,6899.113,1001,1000,6,1.7,0
16:42:37,6899.32,1002,1000,6,1.7,0
16:42:37,6899.51,1002,1000,6,1.7,0
16:42:37,6899.717,1002,1000,6,1.7,0
16:42:37,6899.923,1001,1000,6,1.7,0
16:42:37,6900.114,1002,1000,6,1.7,0
16:42:38,6900.32,1002,1000,6,1.7,0
16:42:38,6900.511,1002,1000,6,1.7,0
16:42:38,6900.717,1003,1000,6,1.7,0
16:42:38,6900.907,1003,1000,6,1.7,0
16:42:38,6901.115,1003,1000,6,1.7,0
16:42:39,6901.304,1003,1000,6,1.7,0
16:42:39,6901.511,1003,1000,6,1.7,0
16:42:39,6901.717,1003,1000,6,1.7,0
16:42:39,6901.907,1003,1000,6,1.7,0
16:42:39,6902.114,1003,1000,6,1.7,0
16:42:40,6902.305,1003,1000,6,1.7,0
16:42:40,6902.512,1003,1000,6,1.7,0
16:42:40,6902.704,1003,1000,6,1.7,0
16:42:40,6902.911,1004,1000,6,1.7,0
16:42:40,6903.101,1004,1000,6,1.7,0
16:42:41,6903.308,1004,1000,6,1.7,0
16:42:41,6903.499,1004,1000,6,1.7,0
16:42:41,6903.705,1004,1000,6,1.7,0
16:42:41,6903.912,1004,1000,6,1.7,0
16:42:41,6904.102,1004,1000,6,1.7,0
16:42:42,6904.308,1004,1000,6,1.7,0
16:42:42,6904.499,1004,1000,6,1.7,0
16:42:42,6904.705,1004,1000,6,1.7,0
16:42:42,6904.895,1004,1000,6,1.7,0
16:42:42,6905.102,1004,1000,6,1.7,0
16:42:43,6905.308,1004,1000,6,1.7,0
16:42:43,6905.499,1004,1000,6,1.7,0
16:42:43,6905.705,1004,1000,6,1.7,0
16:42:43,6905.896,1004,1000,6,1.7,0
16:42:43,6906.103,1004,1000,6,1.7,0
16:42:44,6906.294,1004,1000,6,1.7,0
16:42:44,6906.501,1004,1000,6,1.7,0
16:42:44,6906.691,1004,1000,6,1.7,0
16:42:44,6906.897,1004,1000,6,1.7,0
16:42:44,6907.103,1005,1000,6,1.6,0
16:42:45,6907.293,1002,1000,6,1.7,0
16:42:45,6907.499,1001,1000,6,1.7,0
16:42:45,6907.69,1002,1000,6,1.7,0
16:42:45,6907.897,1002,1000,6,1.7,0
16:42:45,6908.087,1002,1000,6,1.7,0
16:42:46,6908.295,1002,1000,6,1.7,0
16:42:46,6908.485,1002,1000,6,1.7,0
16:42:46,6908.692,1003,1000,6,1.7,0
16:42:46,6908.898,1003,1000,6,1.7,0
16:42:46,6909.09,1003,1000,6,1.7,0
16:42:47,6909.297,1004,1000,6,1.7,0
16:42:47,6909.488,1004,1000,6,1.7,0
16:42:47,6909.692,1004,1000,6,1.7,0
16:42:47,6909.881,1004,1000,6,1.7,0
16:42:47,6910.087,1004,1000,6,1.7,0
16:42:48,6910.286,1003,1000,6,1.7,0
16:42:48,6910.482,1004,1000,6,1.7,0
16:42:48,6910.687,1004,1000,6,1.7,0
16:42:48,6910.892,1004,1000,6,1.7,0
16:42:48,6911.077,1004,1000,6,1.7,0
16:42:49,6911.283,1004,1000,6,1.7,0
16:42:49,6911.486,1005,1000,6,1.6,0
16:42:49,6911.684,999,1000,6,1.7,0
16:42:49,6911.886,997,1000,6,1.7,0
16:42:49,6912.08,998,1000,6,1.7,0
16:42:50,6912.281,999,1000,6,1.7,0
16:42:50,6912.476,1000,1000,6,1.7,0
16:42:50,6912.678,1001,1000,6,1.7,0
16:42:50,6912.875,1002,1000,6,1.7,0
16:42:50,6913.08,1002,1000,6,1.7,0
16:42:51,6913.276,1003,1000,6,1.7,0
16:42:51,6913.484,1004,1000,6,1.7,0
16:42:51,6913.687,1004,1000,6,1.7,0
16:42:51,6913.882,1005,1000,6,1.6,0
16:42:51,6914.079,1002,1000,6,1.7,0
16:42:52,6914.273,1001,1000,6,1.7,0
16:42:52,6914.48,1002,1000,6,1.7,0
16:42:52,6914.678,1003,1000,6,1.7,0
16:42:52,6914.872,1004,1000,6,1.7,0
16:42:52,6915.073,1004,1000,6,1.7,0
16:42:53,6915.267,1004,1000,6,1.7,0
16:42:53,6915.476,1005,1000,6,1.6,0
16:42:53,6915.687,1000,1000,6,1.6,0
16:42:53,6915.872,998,1000,6,1.6,0
16:42:53,6916.066,999,1000,6,1.6,0
16:42:54,6916.274,1000,1000,6,1.6,0
16:42:54,6916.467,1001,1000,6,1.6,0
16:42:54,6916.669,1002,1000,6,1.6,0
16:42:54,6916.876,1002,1000,6,1.6,0
16:42:54,6917.063,1003,1000,6,1.6,0
16:42:55,6917.273,1003,1000,6,1.6,0
16:42:55,6917.463,1004,1000,6,1.6,0
16:42:55,6917.669,1005,1000,6,1.6,0
16:42:55,6917.861,1000,1000,6,1.6,0
16:42:55,6918.069,998,1000,6,1.6,0
16:42:56,6918.262,999,1000,6,1.6,0
16:42:56,6918.465,1000,1000,6,1.6,0
16:42:56,6918.657,1001,1000,6,1.6,0
16:42:56,6918.861,1002,1000,6,1.6,0
16:42:56,6919.06,1002,1000,6,1.6,0
16:42:57,6919.261,1002,1000,6,1.6,0
16:42:57,6919.459,1002,1000,6,1.6,0
16:42:57,6919.659,1003,1000,6,1.6,0
16:42:57,6919.865,1003,1000,6,1.6,0
16:42:57,6920.06,1003,1000,6,1.6,0
16:42:58,6920.257,1003,1000,6,1.6,0
16:42:58,6920.462,1004,1000,6,1.6,0
16:42:58,6920.653,1004,1000,6,1.6,0
16:42:58,6920.856,1005,1000,6,1.6,0
16:42:58,6921.049,1001,1000,6,1.6,0
16:42:59,6921.258,996,1000,6,1.6,0
16:42:59,6921.458,991,1000,6,1.7,0
16:42:59,6921.654,993,1000,6,1.7,0
16:42:59,6921.858,995,1000,6,1.7,0
16:42:59,6922.058,997,1000,6,1.7,0
16:43:00,6922.256,999,1000,6,1.7,0
16:43:00,6922.45,1000,1000,6,1.7,0
16:43:00,6922.665,1001,1000,6,1.7,0
16:43:00,6922.854,1003,1000,6,1.7,0
16:43:00,6923.052,1003,1000,6,1.7,0
16:43:01,6923.25,1003,1000,6,1.7,0
16:43:01,6923.464,1003,1000,6,1.7,0
16:43:01,6923.653,1003,1000,6,1.7,0
16:43:01,6923.851,1004,1000,6,1.7,0
16:43:01,6924.047,1004,1000,6,1.7,0
16:43:02,6924.253,1005,1000,6,1.6,0
16:43:02,6924.451,1001,1000,6,1.6,0
16:43:02,6924.641,1001,1000,6,1.6,0
16:43:02,6924.848,1001,1000,6,1.6,0
16:43:02,6925.039,1002,1000,6,1.6,0
16:43:03,6925.244,1002,1000,6,1.6,0
16:43:03,6925.449,1002,1000,6,1.6,0
16:43:03,6925.649,1003,1000,6,1.6,0
16:43:03,6925.838,1003,1000,6,1.6,0
16:43:03,6926.039,1004,1000,6,1.6,0
16:43:04,6926.242,1003,1000,6,1.6,0
16:43:04,6926.442,1004,1000,6,1.6,0
16:43:04,6926.65,1004,1000,6,1.6,0
16:43:04,6926.845,1004,1000,6,1.6,0
16:43:04,6927.04,1005,1000,6,1.6,0
16:43:05,6927.252,1001,1000,6,1.6,0
16:43:05,6927.44,996,1000,6,1.6,0
16:43:05,6927.643,992,1000,6,1.7,0
16:43:05,6927.839,994,1000,6,1.7,0
16:43:05,6928.045,996,1000,6,1.7,0
16:43:06,6928.233,999,1000,6,1.7,0
16:43:06,6928.439,1001,1000,6,1.7,0
16:43:06,6928.636,1003,1000,6,1.7,0
16:43:06,6928.837,1004,1000,6,1.7,0
16:43:06,6929.03,1005,1000,6,1.6,0
16:43:07,6929.231,1004,1000,6,1.6,0
16:43:07,6929.435,1004,1000,6,1.6,0
16:43:07,6929.636,1005,1000,6,1.6,0
16:43:07,6929.837,1004,1000,6,1.6,0
16:43:07,6930.038,1003,1000,6,1.6,0
16:43:08,6930.23,1004,1000,6,1.6,0
16:43:08,6930.432,1006,1000,6,1.6,0
16:43:08,6930.636,1001,1000,6,1.6,0
16:43:08,6930.828,997,1000,6,1.6,0
16:43:08,6931.036,993,1000,6,1.7,0
16:43:09,6931.23,995,1000,6,1.6,0
16:43:09,6931.428,998,1000,6,1.6,0
16:43:09,6931.625,1000,1000,6,1.6,0
16:43:09,6931.831,1002,1000,6,1.6,0
16:43:09,6932.025,1004,1000,6,1.6,0
16:43:10,6932.225,1005,1000,6,1.6,0
16:43:10,6932.425,1001,1000,6,1.6,0
16:43:10,6932.623,997,1000,6,1.6,0
16:43:10,6932.834,993,1000,6,1.7,0
16:43:10,6933.028,996,1000,6,1.6,0
16:43:11,6933.228,998,1000,6,1.6,0
16:43:11,6933.428,1001,1000,6,1.6,0
16:43:11,6933.62,1003,1000,6,1.6,0
16:43:11,6933.82,1005,1000,6,1.6,0
16:43:11,6934.025,1001,1000,6,1.6,0
16:43:12,6934.227,997,1000,6,1.6,0
16:43:12,6934.418,994,1000,6,1.7,0
16:43:12,6934.619,996,1000,6,1.6,0
16:43:12,6934.825,999,1000,6,1.6,0
16:43:12,6935.01,1001,1000,6,1.6,0
16:43:13,6935.221,1004,1000,6,1.6,0
16:43:13,6935.415,1005,1000,6,1.6,0
16:43:13,6935.621,1002,1000,6,1.6,0
16:43:13,6935.824,998,1000,6,1.6,0
16:43:13,6936.01,994,1000,6,1.7,0
16:43:14,6936.211,995,1000,6,1.6,0
16:43:14,6936.419,998,1000,6,1.6,0
16:43:14,6936.614,1001,1000,6,1.6,0
16:43:14,6936.819,1003,1000,6,1.6,0
16:43:14,6937.01,1005,1000,6,1.6,0
16:43:15,6937.212,1003,1000,6,1.6,0
16:43:15,6937.409,998,1000,6,1.6,0
16:43:15,6937.611,994,1000,6,1.7,0
16:43:15,6937.813,994,1000,6,1.7,0
16:43:15,6938.006,997,1000,6,1.6,0
16:43:16,6938.206,1000,1000,6,1.6,0
16:43:16,6938.413,1003,1000,6,1.6,0
16:43:16,6938.603,1005,1000,6,1.6,0
16:43:16,6938.804,1004,1000,6,1.6,0
16:43:16,6939.011,1003,1000,6,1.6,0
16:43:17,6939.205,1004,1000,6,1.6,0
16:43:17,6939.403,1006,1000,6,1.6,0
16:43:17,6939.602,1003,1000,6,1.6,0
16:43:17,6939.801,998,1000,6,1.6,0
16:43:17,6940.007,995,1000,6,1.6,0
16:43:18,6940.2,992,1000,6,1.7,0
16:43:18,6940.402,995,1000,6,1.6,0
16:43:18,6940.594,998,1000,6,1.6,0
16:43:18,6940.806,1001,1000,6,1.6,0
16:43:18,6941.001,1003,1000,6,1.6,0
16:43:19,6941.199,1004,1000,6,1.6,0
16:43:19,6941.406,1006,1000,6,1.6,0
16:43:19,6941.595,1005,1000,6,1.6,0
16:43:19,6941.803,1000,1000,6,1.6,0
16:43:19,6941.994,996,1000,6,1.6,0
16:43:20,6942.205,992,1000,6,1.7,0
16:43:20,6942.399,993,1000,6,1.7,0
16:43:20,6942.593,997,1000,6,1.6,0
16:43:20,6942.788,999,1000,6,1.6,0
16:43:20,6942.992,1001,1000,6,1.6,0
16:43:21,6943.191,1003,1000,6,1.6,0
16:43:21,6943.392,1004,1000,6,1.6,0
16:43:21,6943.594,1005,1000,6,1.6,0
16:43:21,6943.79,1001,1000,6,1.6,0
16:43:21,6943.997,1000,1000,6,1.6,0
16:43:22,6944.189,1003,1000,6,1.6,0
16:43:22,6944.388,1004,1000,6,1.6,0
16:43:22,6944.584,1006,1000,6,1.6,0
16:43:22,6944.788,1002,1000,6,1.6,0
16:43:22,6944.987,998,1000,6,1.6,0
16:43:23,6945.192,994,1000,6,1.7,0
16:43:23,6945.392,997,1000,6,1.6,0
16:43:23,6945.585,997,1000,6,1.6,0
16:43:23,6945.782,994,1000,6,1.7,0
16:43:23,6945.992,996,1000,6,1.6,0
16:43:24,6946.184,999,1000,6,1.6,0
16:43:24,6946.378,1002,1000,6,1.6,0
16:43:24,6946.581,1004,1000,6,1.6,0
16:43:24,6946.78,1006,1000,6,1.6,0
16:43:24,6946.976,1002,1000,6,1.6,0
16:43:25,6947.186,998,1000,6,1.6,0
16:43:25,6947.381,995,1000,6,1.6,0
16:43:25,6947.58,992,1000,6,1.7,0
16:43:25,6947.781,995,1000,6,1.6,0
16:43:25,6947.978,998,1000,6,1.6,0
16:43:26,6948.177,1001,1000,6,1.6,0
16:43:26,6948.374,1004,1000,6,1.6,0
16:43:26,6948.583,1005,1000,6,1.6,0
16:43:26,6948.782,1002,1000,6,1.6,0
16:43:26,6948.972,1000,1000,6,1.6,0
16:43:27,6949.179,1002,1000,6,1.6,0
16:43:27,6949.379,1004,1000,6,1.6,0
16:43:27,6949.583,1006,1000,6,1.6,0
16:43:27,6949.772,1003,1000,6,1.6,0
16:43:27,6949.972,998,1000,6,1.6,0
16:43:28,6950.172,994,1000,6,1.7,0
16:43:28,6950.372,996,1000,6,1.6,0
16:43:28,6950.571,1000,1000,6,1.6,0
16:43:28,6950.771,1003,1000,6,1.6,0
16:43:28,6950.974,1006,1000,6,1.6,0
16:43:29,6951.169,1002,1000,6,1.6,0
16:43:29,6951.378,1000,1000,6,1.6,0
16:43:29,6951.568,996,1000,6,1.6,0
16:43:29,6951.766,993,1000,6,1.7,0
16:43:29,6951.97,994,1000,6,1.7,0
16:43:30,6952.174,997,1000,6,1.6,0
16:43:30,6952.363,999,1000,6,1.6,0
16:43:30,6952.57,1001,1000,6,1.6,0
16:43:30,6952.76,1003,1000,6,1.6,0
16:43:30,6952.963,1005,1000,6,1.6,0
16:43:31,6953.164,1002,1000,6,1.6,0
16:43:31,6953.361,1004,1000,6,1.6,0
16:43:31,6953.565,1005,1000,6,1.6,0
16:43:31,6953.755,1003,1000,6,1.6,0
16:43:31,6953.962,998,1000,6,1.6,0
16:43:32,6954.169,995,1000,6,1.6,0
16:43:32,6954.359,992,1000,6,1.7,0
16:43:32,6954.565,995,1000,6,1.6,0
16:43:32,6954.755,999,1000,6,1.6,0
16:43:32,6954.96,1001,1000,6,1.6,0
16:43:32,6955.157,1004,1000,6,1.6,0
16:43:33,6955.364,1006,1000,6,1.6,0
16:43:33,6955.556,1002,1000,6,1.6,0
16:43:33,6955.764,998,1000,6,1.6,0
16:43:33,6955.956,995,1000,6,1.6,0
16:43:33,6956.155,992,1000,6,1.7,0
16:43:34,6956.366,996,1000,6,1.6,0
16:43:34,6956.565,999,1000,6,1.6,0
16:43:34,6956.754,1001,1000,6,1.6,0
16:43:34,6956.948,1003,1000,6,1.6,0
16:43:35,6957.159,1005,1000,6,1.6,0
16:43:35,6957.351,1002,1000,6,1.6,0
16:43:35,6957.545,998,1000,6,1.6,0
16:43:35,6957.751,995,1000,6,1.6,0
16:43:35,6957.949,992,1000,6,1.7,0
16:43:35,6958.145,993,1000,6,1.7,0
16:43:36,6958.352,997,1000,6,1.7,0
16:43:36,6958.552,1000,1000,6,1.7,0
16:43:36,6958.746,1003,1000,6,1.7,0
16:43:36,6958.947,1005,1000,6,1.6,0
16:43:36,6959.151,1002,1000,6,1.6,0
16:43:37,6959.351,1001,1000,6,1.6,0
16:43:37,6959.547,1004,1000,6,1.6,0
16:43:37,6959.744,1006,1000,6,1.6,0
16:43:37,6959.95,1005,1000,6,1.6,0
16:43:37,6960.143,1001,1000,6,1.6,0
16:43:38,6960.343,997,1000,6,1.6,0
16:43:38,6960.541,994,1000,6,1.7,0
16:43:38,6960.747,997,1000,6,1.6,0
16:43:38,6960.942,995,1000,6,1.6,0
16:43:38,6961.144,992,1000,6,1.7,0
16:43:39,6961.335,996,1000,6,1.6,0
16:43:39,6961.548,999,1000,6,1.6,0
16:43:39,6961.745,1002,1000,6,1.6,0
16:43:39,6961.941,1005,1000,6,1.6,0
16:43:39,6962.146,1005,1000,6,1.6,0
16:43:40,6962.358,1001,1000,6,1.6,0
16:43:40,6962.537,998,1000,6,1.6,0
16:43:40,6962.737,995,1000,6,1.6,0
16:43:40,6962.937,992,1000,6,1.7,0
16:43:40,6963.139,996,1000,6,1.6,0
16:43:41,6963.334,999,1000,6,1.6,0
16:43:41,6963.534,1002,1000,6,1.6,0
16:43:41,6963.736,1005,1000,6,1.6,0
16:43:41,6963.943,1004,1000,6,1.6,0
16:43:41,6964.136,1000,1000,6,1.6,0
16:43:42,6964.332,997,1000,6,1.6,0
16:43:42,6964.531,994,1000,6,1.7,0
16:43:42,6964.736,996,1000,6,1.6,0
16:43:42,6964.926,998,1000,6,1.6,0
16:43:42,6965.132,1001,1000,6,1.6,0
16:43:43,6965.327,1003,1000,6,1.6,0
16:43:43,6965.535,1006,1000,6,1.6,0
16:43:43,6965.725,1004,1000,6,1.6,0
16:43:43,6965.931,1000,1000,6,1.6,0
16:43:43,6966.121,997,1000,6,1.6,0
16:43:44,6966.328,994,1000,6,1.7,0
16:43:44,6966.52,997,1000,6,1.6,0
16:43:44,6966.726,1000,1000,6,1.6,0
16:43:44,6966.918,1003,1000,6,1.6,0
16:43:44,6967.123,1005,1000,6,1.6,0
16:43:45,6967.322,1005,1000,6,1.6,0
16:43:45,6967.522,1001,1000,6,1.6,0
16:43:45,6967.727,998,1000,6,1.6,0
16:43:45,6967.935,995,1000,6,1.6,0
16:43:45,6968.123,993,1000,6,1.7,0
16:43:46,6968.317,996,1000,6,1.6,0
16:43:46,6968.519,997,1000,6,1.6,0
16:43:46,6968.728,995,1000,6,1.6,0
16:43:46,6968.923,993,1000,6,1.7,0
16:43:46,6969.121,994,1000,6,1.7,0
16:43:47,6969.315,998,1000,6,1.7,0
16:43:47,6969.517,1002,1000,6,1.7,0
16:43:47,6969.719,1004,1000,6,1.7,0
16:43:47,6969.916,1007,1000,6,1.6,0
16:43:47,6970.116,1003,1000,6,1.6,0
16:43:48,6970.314,1004,1000,6,1.6,0
16:43:48,6970.513,1006,1000,6,1.6,0
16:43:48,6970.718,1003,1000,6,1.6,0
16:43:48,6970.912,1000,1000,6,1.6,0
16:43:48,6971.109,997,1000,6,1.6,0
16:43:49,6971.316,994,1000,6,1.7,0
16:43:49,6971.517,997,1000,6,1.6,0
16:43:49,6971.712,1000,1000,6,1.6,0
16:43:49,6971.905,1003,1000,6,1.6,0
16:43:49,6972.114,1006,1000,6,1.6,0
16:43:50,6972.309,1003,1000,6,1.6,0
16:43:50,6972.503,1000,1000,6,1.6,0
16:43:50,6972.712,997,1000,6,1.6,0
16:43:50,6972.904,995,1000,6,1.6,0
16:43:50,6973.105,993,1000,6,1.7,0
16:43:51,6973.309,996,1000,6,1.6,0
16:43:51,6973.503,999,1000,6,1.6,0
16:43:51,6973.711,1002,1000,6,1.6,0
16:43:51,6973.904,1006,1000,6,1.6,0
16:43:51,6974.102,1003,1000,6,1.6,0
16:43:52,6974.301,1000,1000,6,1.6,0
16:43:52,6974.503,997,1000,6,1.6,0
16:43:52,6974.696,995,1000,6,1.6,0
16:43:52,6974.905,993,1000,6,1.7,0
16:43:52,6975.102,997,1000,6,1.6,0
16:43:53,6975.294,1001,1000,6,1.6,0
16:43:53,6975.503,1004,1000,6,1.6,0
16:43:53,6975.696,1007,1000,6,1.5,0
16:43:53,6975.897,1004,1000,6,1.6,0
16:43:53,6976.1,1001,1000,6,1.6,0
16:43:54,6976.295,998,1000,6,1.6,0
16:43:54,6976.503,996,1000,6,1.6,0
16:43:54,6976.696,994,1000,6,1.7,0
16:43:54,6976.893,998,1000,6,1.6,0
16:43:54,6977.101,999,1000,6,1.6,0
16:43:55,6977.295,997,1000,6,1.6,0
16:43:55,6977.495,995,1000,6,1.6,0
16:43:55,6977.698,993,1000,6,1.7,0
16:43:55,6977.891,996,1000,6,1.6,0
16:43:55,6978.091,1001,1000,6,1.6,0
16:43:56,6978.295,1005,1000,6,1.6,0
16:43:56,6978.492,1004,1000,6,1.6,0
16:43:56,6978.685,1006,1000,6,1.6,0
16:43:56,6978.891,1006,1000,6,1.5,0
16:43:56,6979.087,1003,1000,6,1.6,0
16:43:57,6979.286,1000,1000,6,1.6,0
16:43:57,6979.491,998,1000,6,1.6,0
16:43:57,6979.682,996,1000,6,1.6,0
16:43:57,6979.884,994,1000,6,1.7,0
16:43:57,6980.087,996,1000,6,1.6,0
16:43:58,6980.281,995,1000,6,1.6,0
16:43:58,6980.492,994,1000,6,1.7,0
16:43:58,6980.682,997,1000,6,1.6,0
16:43:58,6980.881,995,1000,6,1.6,0
16:43:58,6981.088,994,1000,6,1.7,0
16:43:59,6981.281,996,1000,6,1.6,0
16:43:59,6981.474,1000,1000,6,1.6,0
16:43:59,6981.682,1004,1000,6,1.6,0
16:43:59,6981.878,1007,1000,6,1.6,0
16:43:59,6982.073,1004,1000,6,1.6,0
16:44:00,6982.281,1001,1000,6,1.6,0
16:44:00,6982.474,999,1000,6,1.6,0
16:44:00,6982.675,997,1000,6,1.6,0
16:44:00,6982.879,995,1000,6,1.6,0
16:44:00,6983.073,994,1000,6,1.7,0
16:44:01,6983.281,999,1000,6,1.6,0
16:44:01,6983.474,1003,1000,6,1.6,0
16:44:01,6983.671,1007,1000,6,1.5,0
16:44:01,6983.871,1005,1000,6,1.6,0
16:44:01,6984.072,1003,1000,6,1.6,0
16:44:02,6984.265,1000,1000,6,1.6,0
16:44:02,6984.474,999,1000,6,1.6,0
16:44:02,6984.67,997,1000,6,1.6,0
16:44:02,6984.864,996,1000,6,1.6,0
16:44:02,6985.073,995,1000,6,1.6,0
16:44:03,6985.266,994,1000,6,1.7,0
16:44:03,6985.475,999,1000,6,1.6,0
16:44:03,6985.668,1002,1000,6,1.6,0
16:44:03,6985.865,1000,1000,6,1.6,0
16:44:03,6986.059,998,1000,6,1.6,0
16:44:04,6986.267,997,1000,6,1.6,0
16:44:04,6986.46,996,1000,6,1.6,0
16:44:04,6986.66,995,1000,6,1.6,0
16:44:04,6986.864,994,1000,6,1.7,0
16:44:04,6987.059,999,1000,6,1.6,0
16:44:05,6987.267,1004,1000,6,1.6,0
16:44:05,6987.46,1008,1000,6,1.5,0
16:44:05,6987.657,1006,1000,6,1.5,0
16:44:05,6987.856,1004,1000,6,1.6,0
16:44:05,6988.059,1002,1000,6,1.6,0
16:44:06,6988.252,1000,1000,6,1.6,0
16:44:06,6988.476,999,1000,6,1.6,0
16:44:06,6988.656,997,1000,6,1.6,0
16:44:06,6988.851,996,1000,6,1.6,0
16:44:06,6989.059,995,1000,6,1.6,0
16:44:07,6989.251,995,1000,6,1.6,0
16:44:07,6989.455,994,1000,6,1.7,0
16:44:07,6989.657,996,1000,6,1.6,0
16:44:07,6989.851,997,1000,6,1.6,0
16:44:07,6990.059,997,1000,6,1.6,0
16:44:08,6990.252,996,1000,6,1.6,0
16:44:08,6990.449,996,1000,6,1.6,0
16:44:08,6990.656,995,1000,6,1.6,0
16:44:08,6990.851,995,1000,6,1.6,0
16:44:08,6991.047,995,1000,6,1.6,0
16:44:09,6991.252,994,1000,6,1.7,0
16:44:09,6991.448,997,1000,6,1.6,0
16:44:09,6991.642,998,1000,6,1.6,0
16:44:09,6991.852,997,1000,6,1.6,0
16:44:09,6992.043,997,1000,6,1.6,0
16:44:10,6992.243,996,1000,6,1.6,0
16:44:10,6992.448,996,1000,6,1.6,0
16:44:10,6992.642,996,1000,6,1.6,0
16:44:10,6992.85,996,1000,6,1.6,0
16:44:10,6993.043,995,1000,6,1.6,0
16:44:11,6993.241,995,1000,6,1.6,0
16:44:11,6993.446,995,1000,6,1.6,0
16:44:11,6993.642,995,1000,6,1.6,0
16:44:11,6993.837,995,1000,6,1.6,0
16:44:11,6994.045,995,1000,6,1.6,0
16:44:12,6994.238,995,1000,6,1.6,0
16:44:12,6994.437,995,1000,6,1.6,0
16:44:12,6994.642,995,1000,6,1.6,0
16:44:12,6994.836,995,1000,6,1.6,0
16:44:12,6995.029,995,1000,6,1.6,0
16:44:13,6995.238,995,1000,6,1.6,0
16:44:13,6995.435,995,1000,6,1.6,0
16:44:13,6995.634,995,1000,6,1.6,0
16:44:13,6995.837,995,1000,6,1.6,0
16:44:13,6996.029,995,1000,6,1.6,0
16:44:14,6996.238,995,1000,6,1.6,0
16:44:14,6996.434,995,1000,6,1.6,0
16:44:14,6996.628,995,1000,6,1.6,0
16:44:14,6996.837,995,1000,6,1.6,0
16:44:14,6997.029,995,1000,6,1.6,0
16:44:15,6997.23,995,1000,6,1.6,0
16:44:15,6997.434,995,1000,6,1.6,0
16:44:15,6997.628,995,1000,6,1.6,0
16:44:15,6997.837,995,1000,6,1.6,0
16:44:15,6998.03,995,1000,6,1.6,0
16:44:16,6998.226,995,1000,6,1.6,0
16:44:16,6998.425,995,1000,6,1.6,0
16:44:16,6998.628,995,1000,6,1.6,0
16:44:16,6998.825,995,1000,6,1.6,0
16:44:16,6999.029,996,1000,6,1.6,0
16:44:17,6999.225,999,1000,6,1.6,0
16:44:17,6999.42,1001,1000,6,1.6,0
16:44:17,6999.628,1003,1000,6,1.6,0
16:44:17,6999.837,1005,1000,6,1.6,0
16:44:17,7000.023,1007,1000,6,1.5,0
16:44:18,7000.226,1007,1000,6,1.5,0
16:44:18,7000.419,1008,1000,6,1.5,0
16:44:18,7000.628,1005,1000,6,1.5,0
16:44:18,7000.821,1004,1000,6,1.6,0
16:44:18,7001.02,1003,1000,6,1.6,0
16:44:19,7001.226,1002,1000,6,1.6,0
16:44:19,7001.421,1001,1000,6,1.6,0
16:44:19,7001.613,1001,1000,6,1.6,0
16:44:19,7001.826,1001,1000,6,1.6,0
16:44:19,7002.02,1001,1000,6,1.6,0
16:44:20,7002.212,1000,1000,6,1.6,0
16:44:20,7002.419,1000,1000,6,1.6,0
16:44:20,7002.611,1000,1000,6,1.6,0
16:44:20,7002.809,1000,1000,6,1.6,0
16:44:20,7003.02,1000,1000,6,1.6,0
16:44:21,7003.212,1000,1000,6,1.6,0
16:44:21,7003.42,1000,1000,6,1.6,0
16:44:21,7003.613,1000,1000,6,1.6,0
16:44:21,7003.81,1000,1000,6,1.6,0
16:44:21,7004.019,1000,1000,6,1.6,0
16:44:22,7004.213,1000,1000,6,1.6,0
16:44:22,7004.411,1000,1000,6,1.6,0
16:44:22,7004.607,1001,1000,6,1.6,0
16:44:22,7004.81,1001,1000,6,1.6,0
16:44:22,7005.006,1001,1000,6,1.6,0
16:44:23,7005.212,1001,1000,6,1.6,0
16:44:23,7005.404,1001,1000,6,1.6,0
16:44:23,7005.612,1001,1000,6,1.6,0
16:44:23,7005.81,1001,1000,6,1.6,0
16:44:23,7006.005,1001,1000,6,1.6,0
16:44:24,7006.212,1002,1000,6,1.6,0
16:44:24,7006.404,1002,1000,6,1.6,0
16:44:24,7006.612,1002,1000,6,1.6,0
16:44:24,7006.81,1002,1000,6,1.6,0
16:44:24,7007.004,1002,1000,6,1.6,0
16:44:25,7007.212,1002,1000,6,1.6,0
16:44:25,7007.403,1002,1000,6,1.6,0
16:44:25,7007.595,1002,1000,6,1.6,0
16:44:25,7007.794,1002,1000,6,1.6,0
16:44:25,7008.005,1003,1000,6,1.6,0
16:44:26,7008.197,1003,1000,6,1.6,0
16:44:26,7008.405,1003,1000,6,1.6,0
16:44:26,7008.596,1003,1000,6,1.6,0
16:44:26,7008.81,1003,1000,6,1.6,0
16:44:26,7009.003,1004,1000,6,1.6,0
16:44:27,7009.197,1004,1000,6,1.6,0
16:44:27,7009.396,1005,1000,6,1.5,0
16:44:27,7009.593,1005,1000,6,1.5,0
16:44:27,7009.794,1005,1000,6,1.5,0
16:44:27,7010.004,1004,1000,6,1.6,0
16:44:28,7010.193,1004,1000,6,1.6,0
16:44:28,7010.386,1004,1000,6,1.6,0
16:44:28,7010.594,1004,1000,6,1.6,0
16:44:28,7010.794,1004,1000,6,1.6,0
16:44:28,7010.988,1004,1000,6,1.6,0
16:44:29,7011.193,1004,1000,6,1.6,0
16:44:29,7011.388,1004,1000,6,1.6,0
16:44:29,7011.595,1005,1000,6,1.5,0
16:44:29,7011.794,1003,1000,6,1.6,0
16:44:29,7011.987,1003,1000,6,1.6,0
16:44:30,7012.193,1003,1000,6,1.6,0
16:44:30,7012.386,1003,1000,6,1.6,0
16:44:30,7012.594,1004,1000,6,1.6,0
16:44:30,7012.78,1004,1000,6,1.6,0
16:44:30,7012.985,1004,1000,6,1.6,0
16:44:31,7013.192,1004,1000,6,1.6,0
16:44:31,7013.385,1004,1000,6,1.6,0
16:44:31,7013.591,1005,1000,6,1.5,0
16:44:31,7013.78,1002,1000,6,1.6,0
16:44:31,7013.988,1001,1000,6,1.6,0
16:44:32,7014.179,1001,1000,6,1.6,0
16:44:32,7014.385,1002,1000,6,1.6,0
16:44:32,7014.579,1003,1000,6,1.6,0
16:44:32,7014.78,1004,1000,6,1.6,0
16:44:32,7014.988,1004,1000,6,1.6,0
16:44:33,7015.177,1004,1000,6,1.6,0
16:44:33,7015.384,1005,1000,6,1.5,0
16:44:33,7015.576,1004,1000,6,1.6,0
16:44:33,7015.78,1003,1000,6,1.6,0
16:44:33,7015.974,1004,1000,6,1.6,0
16:44:34,7016.177,1004,1000,6,1.6,0
16:44:34,7016.371,1004,1000,6,1.6,0
16:44:34,7016.578,1005,1000,6,1.5,0
16:44:34,7016.78,1004,1000,6,1.6,0
16:44:34,7016.971,1003,1000,6,1.6,0
16:44:35,7017.176,1004,1000,6,1.6,0
16:44:35,7017.37,1004,1000,6,1.6,0
16:44:35,7017.578,1005,1000,6,1.5,0
16:44:35,7017.766,1002,1000,6,1.5,0
16:44:35,7017.97,1002,1000,6,1.5,0
16:44:36,7018.177,1002,1000,6,1.5,0
16:44:36,7018.371,1003,1000,6,1.5,0
16:44:36,7018.563,1004,1000,6,1.5,0
16:44:36,7018.766,1004,1000,6,1.5,0
16:44:36,7018.968,1005,1000,6,1.5,0
16:44:37,7019.174,1003,1000,6,1.5,0
16:44:37,7019.374,1003,1000,6,1.5,0
16:44:37,7019.569,1004,1000,6,1.5,0
16:44:37,7019.766,1004,1000,6,1.5,0
16:44:37,7019.969,1005,1000,6,1.5,0
16:44:38,7020.161,1003,1000,6,1.5,0
16:44:38,7020.371,1004,1000,6,1.5,0
16:44:38,7020.563,1004,1000,6,1.5,0
16:44:38,7020.766,1005,1000,6,1.5,0
16:44:38,7020.969,1003,1000,6,1.5,0
16:44:39,7021.162,1003,1000,6,1.5,0
16:44:39,7021.371,1004,1000,6,1.5,0
16:44:39,7021.564,1005,1000,6,1.5,0
16:44:39,7021.759,1004,1000,6,1.5,0
16:44:39,7021.969,1004,1000,6,1.5,0
16:44:40,7022.163,1005,1000,6,1.4,0
16:44:40,7022.354,1004,1000,6,1.5,0
16:44:40,7022.561,1004,1000,6,1.5,0
16:44:40,7022.758,1004,1000,6,1.5,0
16:44:40,7022.953,1005,1000,6,1.4,0
16:44:41,7023.16,1003,1000,6,1.5,0
16:44:41,7023.354,1001,1000,6,1.5,0
16:44:41,7023.563,999,1000,6,1.5,0
16:44:41,7023.755,998,1000,6,1.5,0
16:44:41,7023.956,997,1000,6,1.5,0
16:44:42,7024.163,995,1000,6,1.5,0
16:44:42,7024.364,994,1000,6,1.6,0
16:44:42,7024.56,996,1000,6,1.5,0
16:44:42,7024.751,998,1000,6,1.5,0
16:44:42,7024.953,1000,1000,6,1.5,0
16:44:43,7025.16,1002,1000,6,1.5,0
16:44:43,7025.354,1003,1000,6,1.5,0
16:44:43,7025.546,1004,1000,6,1.5,0
16:44:43,7025.754,1005,1000,6,1.4,0
16:44:43,7025.954,1003,1000,6,1.5,0
16:44:43,7026.144,1001,1000,6,1.5,0
16:44:44,7026.354,999,1000,6,1.5,0
16:44:44,7026.545,998,1000,6,1.5,0
16:44:44,7026.753,996,1000,6,1.5,0
16:44:44,7026.947,995,1000,6,1.5,0
16:44:44,7027.144,994,1000,6,1.6,0
16:44:45,7027.34,996,1000,6,1.5,0
16:44:45,7027.549,998,1000,6,1.5,0
16:44:45,7027.741,999,1000,6,1.5,0
16:44:45,7027.947,1000,1000,6,1.5,0
16:44:45,7028.144,1001,1000,6,1.5,0
16:44:46,7028.342,1003,1000,6,1.5,0
16:44:46,7028.545,1004,1000,6,1.5,0
16:44:46,7028.736,1005,1000,6,1.4,0
16:44:46,7028.94,1003,1000,6,1.5,0
16:44:46,7029.146,1002,1000,6,1.5,0
16:44:47,7029.335,1000,1000,6,1.5,0
16:44:47,7029.545,998,1000,6,1.5,0
16:44:47,7029.737,997,1000,6,1.5,0
16:44:47,7029.94,996,1000,6,1.5,0
16:44:47,7030.146,995,1000,6,1.5,0
16:44:48,7030.337,994,1000,6,1.6,0
16:44:48,7030.545,996,1000,6,1.5,0
16:44:48,7030.737,998,1000,6,1.5,0
16:44:48,7030.932,1000,1000,6,1.5,0
16:44:48,7031.134,1002,1000,6,1.5,0
16:44:49,7031.34,1003,1000,6,1.5,0
16:44:49,7031.535,1004,1000,6,1.5,0
16:44:49,7031.739,1006,1000,6,1.4,0
16:44:49,7031.94,1005,1000,6,1.4,0
16:44:49,7032.128,1004,1000,6,1.5,0
16:44:50,7032.339,1002,1000,6,1.5,0
16:44:50,7032.529,1001,1000,6,1.5,0
16:44:50,7032.735,1000,1000,6,1.5,0
16:44:50,7032.926,1000,1000,6,1.5,0
16:44:50,7033.128,999,1000,6,1.5,0
16:44:51,7033.338,999,1000,6,1.5,0
16:44:51,7033.529,999,1000,6,1.5,0
16:44:51,7033.735,999,1000,6,1.5,0
16:44:51,7033.928,998,1000,6,1.5,0
16:44:51,7034.134,998,1000,6,1.5,0
16:44:52,7034.328,998,1000,6,1.5,0
16:44:52,7034.528,998,1000,6,1.5,0
16:44:52,7034.72,999,1000,6,1.5,0
16:44:52,7034.926,999,1000,6,1.5,0
16:44:52,7035.128,999,1000,6,1.5,0
16:44:53,7035.323,999,1000,6,1.5,0
16:44:53,7035.531,999,1000,6,1.5,0
16:44:53,7035.723,999,1000,6,1.5,0
16:44:53,7035.919,1000,1000,6,1.5,0
16:44:53,7036.13,1000,1000,6,1.5,0
16:44:54,7036.315,1000,1000,6,1.5,0
16:44:54,7036.522,1000,1000,6,1.5,0
16:44:54,7036.729,1000,1000,6,1.5,0
16:44:54,7036.918,1001,1000,6,1.5,0
16:44:54,7037.128,1001,1000,6,1.5,0
16:44:55,7037.321,1001,1000,6,1.5,0
16:44:55,7037.527,1002,1000,6,1.5,0
16:44:55,7037.718,1002,1000,6,1.5,0
16:44:55,7037.911,1002,1000,6,1.5,0
16:44:55,7038.113,1003,1000,6,1.5,0
16:44:56,7038.324,1003,1000,6,1.5,0
16:44:56,7038.516,1003,1000,6,1.5,0
16:44:56,7038.708,1004,1000,6,1.5,0
16:44:56,7038.911,1004,1000,6,1.5,0
16:44:56,7039.116,1005,1000,6,1.4,0
16:44:57,7039.316,1005,1000,6,1.4,0
16:44:57,7039.513,1006,1000,6,1.4,0
16:44:57,7039.718,1006,1000,6,1.4,0
16:44:57,7039.911,1007,1000,6,1.4,0
16:44:57,7040.113,1005,1000,6,1.4,0
16:44:58,7040.309,1006,1000,6,1.4,0
16:44:58,7040.516,1005,1000,5,1.4,0
16:44:58,7040.707,1003,1000,5,1.4,0
16:44:58,7040.908,1002,1000,5,1.4,0
16:44:58,7041.106,1003,1000,5,1.4,0
16:44:59,7041.308,1004,1000,5,1.4,0
16:44:59,7041.5,1005,1000,5,1.4,0
16:44:59,7041.708,1004,1000,5,1.4,0
16:44:59,7041.908,1005,1000,5,1.4,0
16:44:59,7042.106,1004,1000,5,1.4,0
16:45:00,7042.304,1004,1000,5,1.4,0
16:45:00,7042.51,1005,1000,5,1.4,0
16:45:00,7042.699,1004,1000,5,1.4,0
16:45:00,7042.911,1004,1000,5,1.4,0
16:45:00,7043.099,1004,1000,5,1.4,0
16:45:01,7043.306,1004,1000,5,1.4,0
16:45:01,7043.496,1004,1000,5,1.4,0
16:45:01,7043.703,1004,1000,5,1.4,0
16:45:01,7043.908,1003,1000,5,1.4,0
16:45:01,7044.096,1003,1000,5,1.4,0
16:45:02,7044.306,1003,1000,5,1.4,0
16:45:02,7044.505,1003,1000,5,1.4,0
16:45:02,7044.694,1003,1000,5,1.4,0
16:45:02,7044.893,1002,1000,5,1.4,0
16:45:02,7045.092,1002,1000,5,1.4,0
16:45:03,7045.304,1002,1000,5,1.4,0
16:45:03,7045.493,1001,1000,5,1.4,0
16:45:03,7045.697,1001,1000,5,1.4,0
16:45:03,7045.891,1001,1000,5,1.4,0
16:45:03,7046.091,1000,1000,5,1.4,0
16:45:04,7046.289,1000,1000,5,1.4,0
16:45:04,7046.494,1000,1000,5,1.4,0
16:45:04,7046.699,1000,1000,5,1.4,0
16:45:04,7046.894,1000,1000,5,1.4,0
16:45:04,7047.085,999,1000,5,1.4,0
16:45:05,7047.29,999,1000,5,1.4,0
16:45:05,7047.495,999,1000,5,1.4,0
16:45:05,7047.683,999,1000,5,1.4,0
16:45:05,7047.893,999,1000,5,1.4,0
16:45:05,7048.085,999,1000,5,1.4,0
16:45:06,7048.29,999,1000,5,1.4,0
16:45:06,7048.494,999,1000,5,1.4,0
16:45:06,7048.683,999,1000,5,1.4,0
16:45:06,7048.892,999,1000,5,1.4,0
16:45:06,7049.08,999,1000,5,1.4,0
16:45:07,7049.291,998,1000,5,1.4,0
16:45:07,7049.48,998,1000,5,1.4,0
16:45:07,7049.69,998,1000,5,1.4,0
16:45:07,7049.88,998,1000,5,1.4,0
16:45:07,7050.085,998,1000,5,1.4,0
16:45:08,7050.281,998,1000,5,1.4,0
16:45:08,7050.485,998,1000,5,1.4,0
16:45:08,7050.676,997,1000,5,1.4,0
16:45:08,7050.877,997,1000,5,1.4,0
16:45:08,7051.078,997,1000,5,1.4,0
16:45:09,7051.277,997,1000,5,1.4,0
16:45:09,7051.488,997,1000,5,1.4,0
16:45:09,7051.677,997,1000,5,1.4,0
16:45:09,7051.876,996,1000,5,1.4,0
16:45:09,7052.078,996,1000,5,1.4,0
16:45:10,7052.275,996,1000,5,1.4,0
16:45:10,7052.471,996,1000,5,1.4,0
16:45:10,7052.678,996,1000,5,1.4,0
16:45:10,7052.872,996,1000,5,1.4,0
16:45:10,7053.074,996,1000,5,1.4,0
16:45:11,7053.273,996,1000,5,1.4,0
16:45:11,7053.481,996,1000,5,1.4,0
16:45:11,7053.67,996,1000,5,1.4,0
16:45:11,7053.878,996,1000,5,1.4,0
16:45:11,7054.067,995,1000,5,1.4,0
16:45:12,7054.277,995,1000,5,1.4,0
16:45:12,7054.463,996,1000,5,1.4,0
16:45:12,7054.671,996,1000,5,1.4,0
16:45:12,7054.88,996,1000,5,1.4,0
16:45:12,7055.072,996,1000,5,1.4,0
16:45:13,7055.259,996,1000,5,1.4,0
16:45:13,7055.467,995,1000,5,1.4,0
16:45:13,7055.659,995,1000,5,1.4,0
16:45:13,7055.871,995,1000,5,1.4,0
16:45:13,7056.067,995,1000,5,1.4,0
16:45:14,7056.258,995,1000,5,1.4,0
16:45:14,7056.464,995,1000,5,1.4,0
16:45:14,7056.67,995,1000,5,1.4,0
16:45:14,7056.862,995,1000,5,1.4,0
16:45:14,7057.071,994,1000,5,1.5,0
16:45:15,7057.259,994,1000,5,1.5,0
16:45:15,7057.468,994,1000,5,1.5,0
16:45:15,7057.66,994,1000,6,1.5,0
16:45:15,7057.857,995,1000,6,1.4,0
16:45:15,7058.067,996,1000,6,1.4,0
16:45:16,7058.259,996,1000,6,1.4,0
16:45:16,7058.451,995,1000,6,1.4,0
16:45:16,7058.659,995,1000,6,1.4,0
16:45:16,7058.857,995,1000,6,1.4,0
16:45:16,7059.051,995,1000,6,1.4,0
16:45:17,7059.259,994,1000,6,1.5,0
16:45:17,7059.464,996,1000,6,1.5,0
16:45:17,7059.655,997,1000,6,1.5,0
16:45:17,7059.858,996,1000,6,1.5,0
16:45:17,7060.054,995,1000,6,1.5,0
16:45:18,7060.261,995,1000,6,1.5,0
16:45:18,7060.453,994,1000,6,1.5,0
16:45:18,7060.66,995,1000,6,1.5,0
16:45:18,7060.857,995,1000,6,1.5,0
16:45:18,7061.053,995,1000,6,1.5,0
16:45:19,7061.258,994,1000,6,1.5,0
16:45:19,7061.449,996,1000,6,1.5,0
16:45:19,7061.656,996,1000,6,1.5,0
16:45:19,7061.842,995,1000,6,1.5,0
16:45:19,7062.052,995,1000,6,1.5,0
16:45:20,7062.241,995,1000,6,1.5,0
16:45:20,7062.449,994,1000,6,1.5,0
16:45:20,7062.64,996,1000,6,1.5,0
16:45:20,7062.841,995,1000,6,1.5,0
16:45:20,7063.05,995,1000,6,1.5,0
16:45:21,7063.241,995,1000,6,1.5,0
16:45:21,7063.448,994,1000,6,1.5,0
16:45:21,7063.64,996,1000,6,1.5,0
16:45:21,7063.841,996,1000,6,1.5,0
16:45:21,7064.051,995,1000,6,1.5,0
16:45:22,7064.244,995,1000,6,1.5,0
16:45:22,7064.449,995,1000,6,1.5,0
16:45:22,7064.639,994,1000,6,1.5,0
16:45:22,7064.841,996,1000,6,1.5,0
16:45:22,7065.037,996,1000,6,1.5,0
16:45:23,7065.243,995,1000,6,1.5,0
16:45:23,7065.434,995,1000,6,1.5,0
16:45:23,7065.641,995,1000,6,1.5,0
16:45:23,7065.841,994,1000,6,1.6,0
16:45:23,7066.035,996,1000,6,1.5,0
16:45:24,7066.242,996,1000,6,1.5,0
16:45:24,7066.435,996,1000,6,1.5,0
16:45:24,7066.643,996,1000,6,1.5,0
16:45:24,7066.841,995,1000,6,1.5,0
16:45:24,7067.035,995,1000,6,1.5,0
16:45:25,7067.227,995,1000,6,1.5,0
16:45:25,7067.434,995,1000,6,1.5,0
16:45:25,7067.642,994,1000,6,1.6,0
16:45:25,7067.841,997,1000,6,1.5,0
16:45:25,7068.035,998,1000,6,1.5,0
16:45:26,7068.225,997,1000,6,1.5,0
16:45:26,7068.431,997,1000,6,1.5,0
16:45:26,7068.639,996,1000,6,1.5,0
16:45:26,7068.826,996,1000,6,1.5,0
16:45:26,7069.035,995,1000,6,1.5,0
16:45:27,7069.228,995,1000,6,1.5,0
16:45:27,7069.431,995,1000,6,1.5,0
16:45:27,7069.622,995,1000,6,1.5,0
16:45:27,7069.826,994,1000,6,1.6,0
16:45:27,7070.021,997,1000,6,1.5,0
16:45:28,7070.228,996,1000,6,1.5,0
16:45:28,7070.426,996,1000,6,1.5,0
16:45:28,7070.626,996,1000,6,1.5,0
16:45:28,7070.826,995,1000,6,1.5,0
16:45:28,7071.021,995,1000,6,1.5,0
16:45:29,7071.228,995,1000,6,1.5,0
16:45:29,7071.421,994,1000,6,1.6,0
16:45:29,7071.628,996,1000,6,1.5,0
16:45:29,7071.825,996,1000,6,1.5,0
16:45:29,7072.02,996,1000,6,1.5,0
16:45:30,7072.228,995,1000,6,1.5,0
16:45:30,7072.423,995,1000,6,1.5,0
16:45:30,7072.627,995,1000,6,1.5,0
16:45:30,7072.827,995,1000,6,1.5,0
16:45:30,7073.018,994,1000,6,1.6,0
16:45:31,7073.218,995,1000,6,1.5,0
16:45:31,7073.425,998,1000,6,1.5,0
16:45:31,7073.616,1000,1000,6,1.5,0
16:45:31,7073.826,1002,1000,6,1.5,0
16:45:31,7074.019,1003,1000,6,1.5,0
16:45:32,7074.211,1004,1000,6,1.5,0
16:45:32,7074.417,1005,1000,6,1.4,0
16:45:32,7074.608,1004,1000,6,1.5,0
16:45:32,7074.81,1002,1000,6,1.5,0
16:45:32,7075.019,1000,1000,6,1.5,0
16:45:33,7075.214,999,1000,6,1.5,0
16:45:33,7075.405,998,1000,6,1.5,0
16:45:33,7075.613,997,1000,6,1.5,0
16:45:33,7075.81,996,1000,6,1.5,0
16:45:33,7076.004,996,1000,6,1.5,0
16:45:34,7076.21,996,1000,6,1.5,0
16:45:34,7076.418,995,1000,6,1.5,0
16:45:34,7076.611,995,1000,6,1.5,0
16:45:34,7076.81,994,1000,6,1.6,0
16:45:34,7077.003,997,1000,6,1.5,0
16:45:35,7077.212,999,1000,6,1.5,0
16:45:35,7077.403,1001,1000,6,1.5,0
16:45:35,7077.612,1003,1000,6,1.5,0
16:45:35,7077.809,1004,1000,6,1.5,0
16:45:35,7078.003,1005,1000,6,1.4,0
16:45:36,7078.21,1005,1000,6,1.4,0
16:45:36,7078.401,1003,1000,6,1.5,0
16:45:36,7078.607,1001,1000,6,1.5,0
16:45:36,7078.809,1000,1000,6,1.5,0
16:45:36,7078.997,999,1000,6,1.5,0
16:45:37,7079.206,998,1000,6,1.5,0
16:45:37,7079.401,997,1000,6,1.5,0
16:45:37,7079.6,996,1000,6,1.5,0
16:45:37,7079.809,996,1000,6,1.5,0
16:45:37,7080.003,995,1000,6,1.5,0
16:45:38,7080.209,995,1000,6,1.5,0
16:45:38,7080.4,994,1000,6,1.6,0
16:45:38,7080.592,996,1000,6,1.5,0
16:45:38,7080.793,996,1000,6,1.5,0
16:45:38,7081.003,995,1000,6,1.5,0
16:45:39,7081.191,995,1000,6,1.5,0
16:45:39,7081.403,994,1000,6,1.6,0
16:45:39,7081.593,995,1000,6,1.5,0
16:45:39,7081.793,998,1000,6,1.5,0
16:45:39,7082.003,1000,1000,6,1.5,0
16:45:40,7082.192,1001,1000,6,1.5,0
16:45:40,7082.4,1003,1000,6,1.5,0
16:45:40,7082.592,1004,1000,6,1.5,0
16:45:40,7082.794,1005,1000,6,1.4,0
16:45:40,7083.002,1003,1000,6,1.5,0
16:45:41,7083.198,1001,1000,6,1.5,0
16:45:41,7083.394,1000,1000,6,1.5,0
16:45:41,7083.586,999,1000,6,1.5,0
16:45:41,7083.786,998,1000,6,1.5,0
16:45:41,7083.986,997,1000,6,1.5,0
16:45:42,7084.198,996,1000,6,1.5,0
16:45:42,7084.395,995,1000,6,1.5,0
16:45:42,7084.591,995,1000,6,1.5,0
16:45:42,7084.794,995,1000,6,1.5,0
16:45:42,7084.987,995,1000,6,1.5,0
16:45:43,7085.195,994,1000,6,1.6,0
16:45:43,7085.385,997,1000,6,1.5,0
16:45:43,7085.593,999,1000,6,1.5,0
16:45:43,7085.785,1001,1000,6,1.5,0
16:45:43,7085.984,1003,1000,6,1.5,0
16:45:44,7086.176,1004,1000,6,1.5,0
16:45:44,7086.385,1005,1000,6,1.4,0
16:45:44,7086.577,1004,1000,6,1.5,0
16:45:44,7086.778,1002,1000,6,1.5,0
16:45:44,7086.984,1001,1000,6,1.5,0
16:45:45,7087.176,999,1000,6,1.5,0
16:45:45,7087.387,998,1000,6,1.5,0
16:45:45,7087.58,998,1000,6,1.5,0
16:45:45,7087.779,997,1000,6,1.5,0
16:45:45,7087.984,996,1000,6,1.5,0
16:45:46,7088.176,996,1000,6,1.5,0
16:45:46,7088.385,996,1000,6,1.5,0
16:45:46,7088.578,995,1000,6,1.5,0
16:45:46,7088.779,995,1000,6,1.5,0
16:45:46,7088.971,995,1000,6,1.5,0
16:45:47,7089.177,995,1000,6,1.5,0
16:45:47,7089.381,995,1000,6,1.5,0
16:45:47,7089.574,995,1000,6,1.5,0
16:45:47,7089.779,995,1000,6,1.5,0
16:45:47,7089.973,995,1000,6,1.5,0
16:45:48,7090.176,995,1000,6,1.5,0
16:45:48,7090.371,995,1000,6,1.5,0
16:45:48,7090.578,995,1000,6,1.5,0
16:45:48,7090.766,995,1000,6,1.5,0
16:45:48,7090.969,995,1000,6,1.5,0
16:45:49,7091.167,995,1000,6,1.5,0
16:45:49,7091.377,995,1000,6,1.5,0
16:45:49,7091.57,996,1000,6,1.5,0
16:45:49,7091.772,996,1000,6,1.5,0
16:45:49,7091.968,996,1000,6,1.5,0
16:45:50,7092.161,996,1000,6,1.5,0
16:45:50,7092.37,996,1000,6,1.5,0
16:45:50,7092.562,996,1000,6,1.5,0
16:45:50,7092.765,996,1000,6,1.5,0
16:45:50,7092.975,996,1000,6,1.5,0
16:45:51,7093.161,996,1000,6,1.5,0
16:45:51,7093.371,996,1000,6,1.5,0
16:45:51,7093.563,996,1000,6,1.5,0
16:45:51,7093.765,996,1000,6,1.5,0
16:45:51,7093.961,996,1000,6,1.5,0
16:45:52,7094.163,996,1000,6,1.5,0
16:45:52,7094.365,996,1000,6,1.5,0
16:45:52,7094.558,996,1000,6,1.5,0
16:45:52,7094.765,996,1000,6,1.5,0
16:45:52,7094.953,996,1000,6,1.5,0
16:45:53,7095.162,996,1000,6,1.5,0
16:45:53,7095.354,997,1000,6,1.5,0
16:45:53,7095.561,997,1000,6,1.5,0
16:45:53,7095.752,997,1000,6,1.5,0
16:45:53,7095.968,997,1000,6,1.5,0
16:45:53,7096.156,997,1000,6,1.5,0
16:45:54,7096.361,996,1000,6,1.5,0
16:45:54,7096.552,996,1000,6,1.5,0
16:45:54,7096.761,996,1000,6,1.5,0
16:45:54,7096.96,996,1000,6,1.5,0
16:45:54,7097.15,996,1000,6,1.5,0
16:45:55,7097.362,996,1000,6,1.5,0
16:45:55,7097.551,996,1000,6,1.5,0
16:45:55,7097.744,996,1000,6,1.5,0
16:45:55,7097.946,996,1000,6,1.5,0
16:45:55,7098.151,996,1000,6,1.5,0
16:45:56,7098.355,996,1000,6,1.5,0
16:45:56,7098.545,996,1000,6,1.5,0
16:45:56,7098.754,996,1000,6,1.5,0
16:45:56,7098.955,996,1000,6,1.5,0
16:45:56,7099.147,996,1000,6,1.5,0
16:45:57,7099.348,996,1000,6,1.5,0
16:45:57,7099.543,996,1000,6,1.5,0
16:45:57,7099.75,996,1000,6,1.5,0
16:45:57,7099.946,996,1000,6,1.5,0
16:45:57,7100.15,996,1000,6,1.5,0
16:45:58,7100.346,996,1000,6,1.5,0
16:45:58,7100.539,996,1000,6,1.5,0
16:45:58,7100.747,997,1000,6,1.5,0
16:45:58,7100.939,996,1000,6,1.5,0
16:45:58,7101.153,996,1000,6,1.5,0
16:45:59,7101.346,997,1000,6,1.5,0
16:45:59,7101.538,997,1000,6,1.5,0
16:45:59,7101.747,997,1000,6,1.5,0
16:45:59,7101.938,997,1000,6,1.5,0
16:45:59,7102.143,997,1000,6,1.5,0
16:46:00,7102.341,997,1000,6,1.5,0
16:46:00,7102.532,997,1000,6,1.5,0
16:46:00,7102.74,997,1000,6,1.5,0
16:46:00,7102.931,997,1000,6,1.5,0
16:46:00,7103.134,997,1000,6,1.5,0
16:46:01,7103.342,997,1000,6,1.5,0
16:46:01,7103.534,997,1000,6,1.5,0
16:46:01,7103.741,997,1000,6,1.5,0
16:46:01,7103.939,997,1000,6,1.5,0
16:46:01,7104.13,998,1000,6,1.5,0
16:46:02,7104.334,998,1000,6,1.5,0
16:46:02,7104.527,998,1000,6,1.5,0
16:46:02,7104.735,998,1000,6,1.5,0
16:46:02,7104.931,998,1000,6,1.5,0
16:46:02,7105.134,998,1000,6,1.5,0
16:46:03,7105.329,998,1000,6,1.5,0
16:46:03,7105.535,998,1000,6,1.5,0
16:46:03,7105.727,998,1000,6,1.5,0
16:46:03,7105.925,998,1000,6,1.5,0
16:46:03,7106.134,998,1000,6,1.5,0
16:46:04,7106.331,998,1000,6,1.5,0
16:46:04,7106.523,998,1000,6,1.5,0
16:46:04,7106.731,998,1000,6,1.5,0
16:46:04,7106.925,998,1000,6,1.5,0
16:46:04,7107.119,999,1000,6,1.5,0
16:46:05,7107.329,999,1000,6,1.5,0
16:46:05,7107.518,999,1000,6,1.5,0
16:46:05,7107.733,999,1000,6,1.5,0
16:46:05,7107.924,999,1000,6,1.5,0
16:46:05,7108.136,999,1000,6,1.5,0
16:46:06,7108.329,999,1000,6,1.5,0
16:46:06,7108.52,999,1000,6,1.5,0
16:46:06,7108.726,999,1000,6,1.5,0
16:46:06,7108.918,999,1000,6,1.5,0
16:46:06,7109.129,998,1000,6,1.5,0
16:46:07,7109.32,999,1000,6,1.5,0
16:46:07,7109.526,999,1000,6,1.5,0
16:46:07,7109.716,999,1000,6,1.5,0
16:46:07,7109.925,999,1000,6,1.5,0
16:46:07,7110.119,998,1000,6,1.5,0
16:46:08,7110.315,998,1000,6,1.5,0
16:46:08,7110.521,998,1000,6,1.5,0
16:46:08,7110.713,998,1000,6,1.5,0
16:46:08,7110.925,998,1000,6,1.5,0
16:46:08,7111.115,998,1000,6,1.5,0
16:46:09,7111.313,998,1000,6,1.5,0
16:46:09,7111.52,997,1000,6,1.5,0
16:46:09,7111.71,997,1000,6,1.5,0
16:46:09,7111.911,997,1000,6,1.5,0
16:46:09,7112.112,997,1000,6,1.5,0
16:46:10,7112.313,997,1000,6,1.5,0
16:46:10,7112.521,997,1000,6,1.5,0
16:46:10,7112.71,997,1000,6,1.5,0
16:46:10,7112.907,997,1000,6,1.5,0
16:46:10,7113.112,997,1000,6,1.5,0
16:46:11,7113.312,997,1000,6,1.5,0
16:46:11,7113.504,997,1000,6,1.5,0
16:46:11,7113.712,997,1000,6,1.5,0
16:46:11,7113.907,997,1000,6,1.5,0
16:46:11,7114.112,997,1000,6,1.5,0
16:46:12,7114.307,997,1000,6,1.5,0
16:46:12,7114.51,997,1000,6,1.5,0
16:46:12,7114.7,997,1000,6,1.5,0
16:46:12,7114.91,997,1000,6,1.5,0
16:46:12,7115.098,997,1000,6,1.5,0
16:46:13,7115.299,997,1000,6,1.5,0
16:46:13,7115.507,997,1000,6,1.5,0
16:46:13,7115.698,997,1000,6,1.5,0
16:46:13,7115.9,997,1000,6,1.5,0
16:46:13,7116.106,997,1000,6,1.5,0
16:46:14,7116.297,997,1000,6,1.5,0
16:46:14,7116.504,997,1000,6,1.5,0
16:46:14,7116.697,997,1000,6,1.5,0
16:46:14,7116.897,997,1000,6,1.5,0
16:46:14,7117.106,997,1000,6,1.5,0
16:46:15,7117.298,997,1000,6,1.5,0
16:46:15,7117.504,997,1000,6,1.5,0
16:46:15,7117.696,997,1000,6,1.5,0
16:46:15,7117.891,997,1000,6,1.5,0
16:46:15,7118.098,997,1000,6,1.5,0
16:46:16,7118.297,997,1000,6,1.5,0
16:46:16,7118.488,997,1000,6,1.5,0
16:46:16,7118.695,997,1000,6,1.5,0
16:46:16,7118.898,996,1000,6,1.5,0
16:46:16,7119.098,996,1000,6,1.5,0
16:46:17,7119.292,996,1000,6,1.5,0
16:46:17,7119.494,996,1000,6,1.5,0
16:46:17,7119.684,996,1000,6,1.5,0
16:46:17,7119.884,996,1000,6,1.5,0
16:46:17,7120.091,996,1000,6,1.5,0
16:46:18,7120.297,996,1000,6,1.5,0
16:46:18,7120.488,996,1000,6,1.5,0
16:46:18,7120.696,996,1000,6,1.5,0
16:46:18,7120.899,996,1000,6,1.5,0
16:46:18,7121.091,996,1000,6,1.5,0
16:46:19,7121.28,996,1000,6,1.5,0
16:46:19,7121.487,996,1000,6,1.5,0
16:46:19,7121.679,996,1000,6,1.5,0
16:46:19,7121.883,996,1000,6,1.5,0
16:46:19,7122.091,996,1000,6,1.5,0
16:46:20,7122.281,995,1000,6,1.5,0
16:46:20,7122.49,995,1000,6,1.5,0
16:46:20,7122.681,995,1000,6,1.5,0
16:46:20,7122.891,995,1000,6,1.5,0
16:46:20,7123.085,995,1000,6,1.5,0
16:46:21,7123.283,995,1000,6,1.5,0
16:46:21,7123.474,995,1000,6,1.5,0
16:46:21,7123.682,995,1000,6,1.5,0
16:46:21,7123.877,995,1000,6,1.5,0
16:46:21,7124.082,995,1000,6,1.5,0
16:46:22,7124.276,995,1000,6,1.5,0
16:46:22,7124.478,995,1000,6,1.5,0
16:46:22,7124.67,994,1000,6,1.6,0
16:46:22,7124.879,997,1000,6,1.5,0
16:46:22,7125.076,999,1000,6,1.5,0
16:46:23,7125.284,1001,1000,6,1.5,0
16:46:23,7125.475,1003,1000,6,1.5,0
16:46:23,7125.667,1005,1000,6,1.4,0
16:46:23,7125.878,1004,1000,6,1.5,0
16:46:23,7126.077,1002,1000,6,1.5,0
16:46:24,7126.266,1001,1000,6,1.5,0
16:46:24,7126.474,999,1000,6,1.5,0
16:46:24,7126.666,998,1000,6,1.5,0
16:46:24,7126.879,997,1000,6,1.5,0
16:46:24,7127.077,997,1000,6,1.5,0
16:46:25,7127.265,996,1000,6,1.5,0
16:46:25,7127.473,996,1000,6,1.5,0
16:46:25,7127.666,995,1000,6,1.5,0
16:46:25,7127.877,995,1000,6,1.5,0
16:46:25,7128.077,995,1000,6,1.5,0
16:46:26,7128.265,994,1000,6,1.6,0
16:46:26,7128.473,997,1000,6,1.5,0
16:46:26,7128.664,999,1000,6,1.5,0
16:46:26,7128.863,1001,1000,6,1.5,0
16:46:26,7129.067,1003,1000,6,1.5,0
16:46:27,7129.266,1004,1000,6,1.5,0
16:46:27,7129.462,1005,1000,6,1.4,0
16:46:27,7129.669,1005,1000,6,1.4,0
16:46:27,7129.877,1003,1000,6,1.5,0
16:46:27,7130.059,1001,1000,6,1.5,0
16:46:28,7130.265,1000,1000,6,1.5,0
16:46:28,7130.456,999,1000,6,1.5,0
16:46:28,7130.664,998,1000,6,1.5,0
16:46:28,7130.856,997,1000,6,1.5,0
16:46:28,7131.057,996,1000,6,1.5,0
16:46:29,7131.265,996,1000,6,1.5,0
16:46:29,7131.458,996,1000,6,1.5,0
16:46:29,7131.664,995,1000,6,1.5,0
16:46:29,7131.857,995,1000,6,1.5,0
16:46:29,7132.057,995,1000,6,1.5,0
16:46:30,7132.263,995,1000,6,1.5,0
16:46:30,7132.454,994,1000,6,1.6,0
16:46:30,7132.662,996,1000,6,1.5,0
16:46:30,7132.855,996,1000,6,1.5,0
16:46:30,7133.058,996,1000,6,1.5,0
16:46:31,7133.249,996,1000,6,1.5,0
16:46:31,7133.456,996,1000,6,1.5,0
16:46:31,7133.648,995,1000,6,1.5,0
16:46:31,7133.847,995,1000,6,1.5,0
16:46:31,7134.05,995,1000,6,1.5,0
16:46:32,7134.258,995,1000,6,1.5,0
16:46:32,7134.448,995,1000,6,1.5,0
16:46:32,7134.656,995,1000,6,1.5,0
16:46:32,7134.857,995,1000,6,1.5,0
16:46:32,7135.058,995,1000,6,1.5,0
16:46:33,7135.249,994,1000,6,1.6,0
16:46:33,7135.455,996,1000,6,1.5,0
16:46:33,7135.647,999,1000,6,1.5,0
16:46:33,7135.841,1001,1000,6,1.5,0
16:46:33,7136.041,1003,1000,6,1.5,0
16:46:34,7136.248,1004,1000,6,1.5,0
16:46:34,7136.44,1005,1000,6,1.4,0
16:46:34,7136.648,1004,1000,6,1.5,0
16:46:34,7136.847,1003,1000,6,1.5,0
16:46:34,7137.041,1001,1000,6,1.5,0
16:46:35,7137.248,1000,1000,6,1.5,0
16:46:35,7137.439,999,1000,6,1.5,0
16:46:35,7137.646,998,1000,6,1.5,0
16:46:35,7137.848,997,1000,6,1.5,0
16:46:35,7138.043,997,1000,6,1.5,0
16:46:36,7138.247,996,1000,6,1.5,0
16:46:36,7138.438,996,1000,6,1.5,0
16:46:36,7138.646,996,1000,6,1.5,0
16:46:36,7138.836,996,1000,6,1.5,0
16:46:36,7139.038,995,1000,6,1.5,0
16:46:37,7139.237,995,1000,6,1.5,0
16:46:37,7139.443,995,1000,6,1.5,0
16:46:37,7139.636,995,1000,6,1.5,0
16:46:37,7139.83,995,1000,6,1.5,0
16:46:37,7140.043,995,1000,6,1.5,0
16:46:38,7140.233,995,1000,6,1.5,0
16:46:38,7140.44,995,1000,6,1.5,0
16:46:38,7140.632,995,1000,6,1.5,0
16:46:38,7140.841,995,1000,6,1.5,0
16:46:38,7141.027,995,1000,6,1.5,0
16:46:39,7141.233,995,1000,6,1.5,0
16:46:39,7141.44,995,1000,6,1.5,0
16:46:39,7141.631,995,1000,6,1.5,0
16:46:39,7141.832,995,1000,6,1.5,0
16:46:39,7142.025,995,1000,6,1.5,0
16:46:40,7142.233,994,1000,6,1.6,0
16:46:40,7142.431,997,1000,6,1.5,0
16:46:40,7142.632,998,1000,6,1.5,0
16:46:40,7142.83,998,1000,6,1.5,0
16:46:40,7143.025,997,1000,6,1.5,0
16:46:41,7143.231,997,1000,6,1.5,0
16:46:41,7143.423,996,1000,6,1.5,0
16:46:41,7143.631,996,1000,6,1.5,0
16:46:41,7143.832,996,1000,6,1.5,0
16:46:41,7144.034,996,1000,6,1.5,0
16:46:42,7144.233,996,1000,6,1.5,0
16:46:42,7144.425,996,1000,6,1.5,0
16:46:42,7144.621,996,1000,6,1.5,0
16:46:42,7144.832,996,1000,6,1.5,0
16:46:42,7145.029,996,1000,6,1.5,0
16:46:43,7145.217,996,1000,6,1.5,0
16:46:43,7145.425,995,1000,6,1.5,0
16:46:43,7145.616,995,1000,6,1.5,0
16:46:43,7145.818,995,1000,6,1.5,0
16:46:43,7146.025,995,1000,6,1.5,0
16:46:44,7146.216,995,1000,6,1.5,0
16:46:44,7146.422,995,1000,6,1.5,0
16:46:44,7146.614,995,1000,6,1.5,0
16:46:44,7146.825,995,1000,6,1.5,0
16:46:44,7147.01,995,1000,6,1.5,0
16:46:45,7147.216,995,1000,6,1.5,0
16:46:45,7147.422,995,1000,6,1.5,0
16:46:45,7147.615,995,1000,6,1.5,0
16:46:45,7147.824,995,1000,6,1.5,0
16:46:45,7148.009,995,1000,6,1.5,0
16:46:46,7148.217,995,1000,6,1.5,0
16:46:46,7148.408,995,1000,6,1.5,0
16:46:46,7148.616,995,1000,6,1.5,0
16:46:46,7148.815,996,1000,6,1.5,0
16:46:46,7149.018,996,1000,6,1.5,0
16:46:47,7149.21,995,1000,6,1.5,0
16:46:47,7149.41,996,1000,6,1.5,0
16:46:47,7149.608,996,1000,6,1.5,0
16:46:47,7149.815,996,1000,6,1.5,0
16:46:47,7150.011,996,1000,6,1.5,0
16:46:48,7150.217,996,1000,6,1.5,0
16:46:48,7150.409,996,1000,6,1.5,0
16:46:48,7150.601,996,1000,6,1.5,0
16:46:48,7150.814,996,1000,6,1.5,0
16:46:48,7151.009,996,1000,6,1.5,0
16:46:49,7151.216,996,1000,6,1.5,0
16:46:49,7151.407,996,1000,6,1.5,0
16:46:49,7151.598,997,1000,6,1.5,0
16:46:49,7151.799,996,1000,6,1.5,0
16:46:49,7152.009,997,1000,6,1.5,0
16:46:50,7152.202,997,1000,6,1.5,0
16:46:50,7152.41,997,1000,6,1.5,0
16:46:50,7152.602,997,1000,6,1.5,0
16:46:50,7152.814,997,1000,6,1.5,0
16:46:50,7153.009,997,1000,6,1.5,0
16:46:51,7153.197,997,1000,6,1.5,0
16:46:51,7153.394,997,1000,6,1.5,0
16:46:51,7153.602,997,1000,6,1.5,0
16:46:51,7153.799,997,1000,6,1.5,0
16:46:51,7154.002,997,1000,6,1.5,0
16:46:52,7154.195,998,1000,6,1.5,0
16:46:52,7154.395,997,1000,6,1.5,0
16:46:52,7154.59,997,1000,6,1.5,0
16:46:52,7154.793,998,1000,6,1.5,0
16:46:52,7154.996,998,1000,6,1.5,0
16:46:53,7155.201,998,1000,6,1.5,0
16:46:53,7155.393,998,1000,6,1.5,0
16:46:53,7155.601,999,1000,6,1.5,0
16:46:53,7155.799,999,1000,6,1.5,0
16:46:53,7155.993,999,1000,6,1.5,0
16:46:54,7156.198,1000,1000,6,1.5,0
16:46:54,7156.393,1000,1000,6,1.5,0
16:46:54,7156.584,1000,1000,6,1.5,0
16:46:54,7156.785,1000,1000,6,1.5,0
16:46:54,7156.99,1001,1000,6,1.5,0
16:46:55,7157.183,1001,1000,6,1.5,0
16:46:55,7157.394,1001,1000,6,1.5,0
16:46:55,7157.585,1001,1000,6,1.5,0
16:46:55,7157.785,1001,1000,6,1.5,0
16:46:55,7157.993,1002,1000,6,1.5,0
16:46:56,7158.181,1002,1000,6,1.5,0
16:46:56,7158.39,1002,1000,6,1.5,0
16:46:56,7158.581,1002,1000,6,1.5,0
16:46:56,7158.785,1003,1000,6,1.5,0
16:46:56,7158.983,1003,1000,6,1.5,0
16:46:57,7159.191,1003,1000,6,1.5,0
16:46:57,7159.378,1003,1000,6,1.5,0
16:46:57,7159.591,1003,1000,6,1.5,0
16:46:57,7159.779,1004,1000,6,1.5,0
16:46:57,7159.995,1004,1000,6,1.5,0
16:46:58,7160.183,1004,1000,6,1.5,0
16:46:58,7160.379,1004,1000,6,1.5,0
16:46:58,7160.585,1004,1000,6,1.5,0
16:46:58,7160.787,1004,1000,6,1.5,0
16:46:58,7160.974,1004,1000,6,1.5,0
16:46:59,7161.181,1004,1000,6,1.5,0
16:46:59,7161.375,1004,1000,6,1.5,0
16:46:59,7161.582,1004,1000,6,1.5,0
16:46:59,7161.771,1004,1000,6,1.5,0
16:46:59,7161.975,1004,1000,6,1.5,0
16:47:00,7162.183,1004,1000,6,1.5,0
16:47:00,7162.374,1004,1000,6,1.5,0
16:47:00,7162.584,1004,1000,6,1.5,0
16:47:00,7162.771,1004,1000,6,1.5,0
16:47:00,7162.974,1004,1000,6,1.5,0
16:47:01,7163.171,1004,1000,6,1.5,0
16:47:01,7163.375,1004,1000,6,1.5,0
16:47:01,7163.567,1004,1000,6,1.5,0
16:47:01,7163.771,1005,1000,6,1.4,0
16:47:01,7163.97,1005,1000,6,1.4,0
16:47:02,7164.176,1005,1000,6,1.4,0
16:47:02,7164.377,1005,1000,6,1.4,0
16:47:02,7164.573,1005,1000,6,1.4,0
16:47:02,7164.764,1006,1000,6,1.4,0
16:47:02,7164.974,1006,1000,6,1.4,0
16:47:03,7165.166,1006,1000,6,1.4,0
16:47:03,7165.361,1005,1000,6,1.4,0
16:47:03,7165.568,1005,1000,6,1.4,0
16:47:03,7165.767,1004,1000,6,1.4,0
16:47:03,7165.974,1004,1000,6,1.4,0
16:47:04,7166.165,1004,1000,6,1.4,0
16:47:04,7166.36,1005,1000,5,1.4,0
16:47:04,7166.566,1003,1000,5,1.4,0
16:47:04,7166.757,1004,1000,5,1.4,0
16:47:04,7166.958,1004,1000,5,1.4,0
16:47:05,7167.167,1005,1000,5,1.4,0
16:47:05,7167.361,1003,1000,5,1.4,0
16:47:05,7167.568,1003,1000,5,1.4,0
16:47:05,7167.759,1004,1000,5,1.4,0
16:47:05,7167.974,1004,1000,5,1.4,0
16:47:06,7168.167,1005,1000,5,1.4,0
16:47:06,7168.361,1003,1000,5,1.4,0
16:47:06,7168.552,1003,1000,5,1.4,0
16:47:06,7168.76,1003,1000,5,1.4,0
16:47:06,7168.951,1004,1000,5,1.4,0
16:47:06,7169.157,1005,1000,5,1.4,0
16:47:07,7169.362,1004,1000,5,1.4,0
16:47:07,7169.556,1004,1000,5,1.4,0
16:47:07,7169.761,1005,1000,5,1.3,0
16:47:07,7169.959,1004,1000,5,1.4,0
16:47:07,7170.15,1005,1000,5,1.3,0
16:47:08,7170.345,1004,1000,5,1.4,0
16:47:08,7170.554,1005,1000,5,1.3,0
16:47:08,7170.75,1003,1000,5,1.4,0
16:47:08,7170.951,1004,1000,5,1.4,0
16:47:08,7171.149,1005,1000,5,1.3,0
16:47:09,7171.345,1005,1000,5,1.3,0
16:47:09,7171.553,1004,1000,5,1.4,0
16:47:09,7171.746,1005,1000,5,1.3,0
16:47:09,7171.945,1005,1000,5,1.3,0
16:47:09,7172.15,1003,1000,5,1.4,0
16:47:10,7172.344,1002,1000,5,1.4,0
16:47:10,7172.551,1001,1000,5,1.4,0
16:47:10,7172.742,1000,1000,5,1.4,0
16:47:10,7172.952,1000,1000,5,1.4,0
16:47:10,7173.15,999,1000,5,1.4,0
16:47:11,7173.345,999,1000,5,1.4,0
16:47:11,7173.537,998,1000,5,1.4,0
16:47:11,7173.744,998,1000,5,1.4,0
16:47:11,7173.938,998,1000,5,1.4,0
16:47:11,7174.145,998,1000,5,1.4,0
16:47:12,7174.346,998,1000,5,1.4,0
16:47:12,7174.542,997,1000,5,1.4,0
16:47:12,7174.733,997,1000,5,1.4,0
16:47:12,7174.945,997,1000,5,1.4,0
16:47:12,7175.133,997,1000,5,1.4,0
16:47:13,7175.346,997,1000,5,1.4,0
16:47:13,7175.538,997,1000,5,1.4,0
16:47:13,7175.744,996,1000,5,1.4,0
16:47:13,7175.939,997,1000,5,1.4,0
16:47:13,7176.135,997,1000,5,1.4,0
16:47:14,7176.328,997,1000,5,1.4,0
16:47:14,7176.536,997,1000,5,1.4,0
16:47:14,7176.728,997,1000,5,1.4,0
16:47:14,7176.93,997,1000,5,1.4,0
16:47:14,7177.134,997,1000,5,1.4,0
16:47:15,7177.329,997,1000,5,1.4,0
16:47:15,7177.537,997,1000,5,1.4,0
16:47:15,7177.729,998,1000,5,1.4,0
16:47:15,7177.93,998,1000,5,1.4,0
16:47:15,7178.136,998,1000,5,1.4,0
16:47:16,7178.326,999,1000,5,1.4,0
16:47:16,7178.535,999,1000,5,1.4,0
16:47:16,7178.725,1000,1000,5,1.4,0
16:47:16,7178.952,1001,1000,5,1.4,0
16:47:16,7179.128,1001,1000,5,1.4,0
16:47:17,7179.326,1002,1000,5,1.4,0
16:47:17,7179.527,1003,1000,5,1.4,0
16:47:17,7179.73,1004,1000,5,1.4,0
16:47:17,7179.93,1004,1000,5,1.4,0
16:47:17,7180.118,1005,1000,5,1.3,0
16:47:18,7180.328,1006,1000,5,1.3,0
16:47:18,7180.522,1006,1000,5,1.3,0
16:47:18,7180.725,1007,1000,5,1.2,0
16:47:18,7180.931,1007,1000,5,1.2,0
16:47:18,7181.118,1005,1000,5,1.3,0
16:47:19,7181.326,1005,1000,5,1.2,0
16:47:19,7181.516,1005,1000,5,1.2,0
16:47:19,7181.723,1003,1000,5,1.3,0
16:47:19,7181.917,1004,1000,5,1.3,0
16:47:19,7182.136,1005,1000,5,1.2,0
16:47:20,7182.318,1004,1000,5,1.3,0
16:47:20,7182.518,1004,1000,5,1.3,0
16:47:20,7182.725,1005,1000,5,1.2,0
16:47:20,7182.917,1004,1000,5,1.3,0
16:47:20,7183.111,1005,1000,5,1.2,0
16:47:21,7183.31,1005,1000,5,1.2,0
16:47:21,7183.521,1003,1000,5,1.3,0
16:47:21,7183.709,1005,1000,5,1.2,0
16:47:21,7183.914,1004,1000,5,1.3,0
16:47:21,7184.116,1005,1000,5,1.2,0
16:47:22,7184.313,1005,1000,5,1.2,0
16:47:22,7184.512,1003,1000,5,1.3,0
16:47:22,7184.706,1003,1000,5,1.3,0
16:47:22,7184.917,1004,1000,5,1.3,0
16:47:22,7185.11,1005,1000,5,1.2,0
16:47:23,7185.313,1002,1000,5,1.3,0
16:47:23,7185.505,1001,1000,5,1.3,0
16:47:23,7185.713,1002,1000,5,1.3,0
16:47:23,7185.913,1003,1000,5,1.3,0
16:47:23,7186.112,1003,1000,5,1.3,0
16:47:24,7186.313,1004,1000,5,1.3,0
16:47:24,7186.505,1004,1000,5,1.3,0
16:47:24,7186.714,1005,1000,5,1.2,0
16:47:24,7186.901,1001,1000,5,1.3,0
16:47:24,7187.104,999,1000,5,1.3,0
16:47:25,7187.312,1000,1000,5,1.3,0
16:47:25,7187.504,1001,1000,5,1.3,0
16:47:25,7187.711,1001,1000,5,1.3,0
16:47:25,7187.897,1002,1000,5,1.3,0
16:47:25,7188.097,1003,1000,5,1.3,0
16:47:26,7188.295,1003,1000,5,1.3,0
16:47:26,7188.502,1004,1000,5,1.3,0
16:47:26,7188.693,1004,1000,5,1.3,0
16:47:26,7188.897,1005,1000,5,1.2,0
16:47:26,7189.098,1002,1000,5,1.2,0
16:47:27,7189.306,1000,1000,5,1.2,0
16:47:27,7189.495,998,1000,5,1.2,0
16:47:27,7189.702,997,1000,5,1.2,0
16:47:27,7189.901,996,1000,5,1.2,0
16:47:27,7190.097,995,1000,5,1.2,0
16:47:28,7190.296,995,1000,5,1.2,0
16:47:28,7190.504,994,1000,5,1.3,0
16:47:28,7190.696,995,1000,5,1.3,0
16:47:28,7190.897,997,1000,5,1.3,0
16:47:28,7191.098,999,1000,5,1.3,0
16:47:29,7191.295,1000,1000,5,1.3,0
16:47:29,7191.486,1001,1000,5,1.3,0
16:47:29,7191.694,1002,1000,5,1.3,0
16:47:29,7191.897,1002,1000,5,1.3,0
16:47:29,7192.099,1003,1000,5,1.3,0
16:47:30,7192.29,1003,1000,5,1.3,0
16:47:30,7192.495,1003,1000,5,1.3,0
16:47:30,7192.687,1003,1000,5,1.3,0
16:47:30,7192.884,1003,1000,5,1.3,0
16:47:30,7193.09,1003,1000,5,1.3,0
16:47:31,7193.281,1003,1000,5,1.3,0
16:47:31,7193.488,1004,1000,5,1.3,0
16:47:31,7193.68,1004,1000,5,1.3,0
16:47:31,7193.882,1004,1000,5,1.3,0
16:47:31,7194.081,1003,1000,5,1.3,0
16:47:32,7194.291,1003,1000,5,1.3,0
16:47:32,7194.481,1003,1000,5,1.3,0
16:47:32,7194.688,1003,1000,5,1.3,0
16:47:32,7194.885,1003,1000,5,1.3,0
16:47:32,7195.09,1003,1000,5,1.3,0
16:47:33,7195.28,1003,1000,5,1.3,0
16:47:33,7195.487,1003,1000,5,1.3,0
16:47:33,7195.68,1003,1000,5,1.3,0
16:47:33,7195.878,1003,1000,5,1.3,0
16:47:33,7196.084,1003,1000,5,1.3,0
16:47:34,7196.28,1003,1000,5,1.3,0
16:47:34,7196.472,1003,1000,5,1.3,0
16:47:34,7196.68,1003,1000,5,1.3,0
16:47:34,7196.878,1003,1000,5,1.3,0
16:47:34,7197.076,1003,1000,5,1.3,0
16:47:35,7197.279,1003,1000,5,1.3,0
16:47:35,7197.47,1003,1000,5,1.3,0
16:47:35,7197.677,1004,1000,5,1.3,0
16:47:35,7197.881,1004,1000,5,1.3,0
16:47:35,7198.072,1004,1000,5,1.3,0
16:47:36,7198.279,1004,1000,5,1.3,0
16:47:36,7198.468,1004,1000,5,1.3,0
16:47:36,7198.675,1005,1000,5,1.2,0
16:47:36,7198.883,1001,1000,5,1.2,0
16:47:36,7199.069,998,1000,5,1.2,0
16:47:37,7199.267,997,1000,5,1.2,0
16:47:37,7199.474,996,1000,5,1.2,0
16:47:37,7199.666,995,1000,5,1.2,0
16:47:37,7199.877,995,1000,5,1.2,0
16:47:37,7200.072,995,1000,5,1.2,0
16:47:38,7200.264,994,1000,5,1.3,0
16:47:38,7200.472,996,1000,5,1.3,0
16:47:38,7200.662,998,1000,5,1.3,0
16:47:38,7200.863,1000,1000,5,1.3,0
16:47:38,7201.072,1002,1000,5,1.3,0
16:47:39,7201.264,1003,1000,5,1.3,0
16:47:39,7201.472,1004,1000,5,1.3,0
16:47:39,7201.662,1005,1000,5,1.2,0
16:47:39,7201.863,1004,1000,5,1.2,0
16:47:39,7202.072,1002,1000,5,1.2,0
16:47:40,7202.263,1000,1000,5,1.2,0
16:47:40,7202.47,999,1000,5,1.2,0
16:47:40,7202.661,999,1000,5,1.2,0
16:47:40,7202.861,998,1000,5,1.2,0
16:47:40,7203.057,998,1000,5,1.2,0
16:47:41,7203.264,998,1000,5,1.2,0
16:47:41,7203.454,997,1000,5,1.2,0
16:47:41,7203.663,997,1000,5,1.2,0
16:47:41,7203.861,997,1000,5,1.2,0
16:47:41,7204.066,997,1000,5,1.2,0
16:47:42,7204.258,997,1000,5,1.2,0
16:47:42,7204.464,997,1000,5,1.2,0
16:47:42,7204.653,997,1000,5,1.2,0
16:47:42,7204.862,997,1000,5,1.2,0
16:47:42,7205.059,997,1000,5,1.2,0
16:47:43,7205.249,997,1000,5,1.2,0
16:47:43,7205.456,996,1000,5,1.2,0
16:47:43,7205.647,996,1000,5,1.2,0
16:47:43,7205.846,996,1000,5,1.2,0
16:47:43,7206.056,996,1000,5,1.2,0
16:47:44,7206.247,996,1000,5,1.2,0
16:47:44,7206.456,996,1000,5,1.2,0
16:47:44,7206.647,996,1000,5,1.2,0
16:47:44,7206.848,996,1000,5,1.2,0
16:47:44,7207.057,996,1000,5,1.2,0
16:47:45,7207.246,996,1000,5,1.2,0
16:47:45,7207.454,996,1000,5,1.2,0
16:47:45,7207.646,996,1000,5,1.2,0
16:47:45,7207.846,996,1000,5,1.2,0
16:47:45,7208.042,996,1000,5,1.2,0
16:47:46,7208.247,996,1000,5,1.2,0
16:47:46,7208.453,996,1000,5,1.2,0
16:47:46,7208.645,996,1000,5,1.2,0
16:47:46,7208.847,997,1000,5,1.2,0
16:47:46,7209.049,997,1000,5,1.2,0
16:47:47,7209.242,997,1000,5,1.2,0
16:47:47,7209.447,997,1000,5,1.2,0
16:47:47,7209.638,997,1000,5,1.2,0
16:47:47,7209.847,997,1000,5,1.2,0
16:47:47,7210.042,997,1000,5,1.2,0
16:47:48,7210.232,997,1000,5,1.2,0
16:47:48,7210.44,997,1000,5,1.2,0
16:47:48,7210.646,997,1000,5,1.2,0
16:47:48,7210.847,997,1000,5,1.2,0
16:47:48,7211.041,997,1000,5,1.2,0
16:47:49,7211.232,997,1000,5,1.2,0
16:47:49,7211.438,996,1000,5,1.2,0
16:47:49,7211.643,996,1000,5,1.2,0
16:47:49,7211.829,996,1000,5,1.2,0
16:47:49,7212.044,995,1000,5,1.2,0
16:47:50,7212.232,995,1000,5,1.2,0
16:47:50,7212.441,994,1000,5,1.3,0
16:47:50,7212.63,995,1000,5,1.3,0
16:47:50,7212.829,997,1000,5,1.3,0
16:47:50,7213.039,999,1000,5,1.3,0
16:47:51,7213.231,1000,1000,5,1.3,0
16:47:51,7213.438,1001,1000,5,1.3,0
16:47:51,7213.629,1002,1000,5,1.3,0
16:47:51,7213.832,1003,1000,5,1.3,0
16:47:51,7214.031,1003,1000,5,1.3,0
16:47:52,7214.225,1004,1000,5,1.3,0
16:47:52,7214.424,1004,1000,5,1.3,0
16:47:52,7214.632,1005,1000,5,1.2,0
16:47:52,7214.831,1003,1000,5,1.2,0
16:47:52,7215.024,1001,1000,5,1.2,0
16:47:53,7215.23,1000,1000,5,1.2,0
16:47:53,7215.421,999,1000,5,1.2,0
16:47:53,7215.628,998,1000,5,1.2,0
16:47:53,7215.831,997,1000,5,1.2,0
16:47:53,7216.027,997,1000,5,1.2,0
16:47:54,7216.233,996,1000,5,1.2,0
16:47:54,7216.425,996,1000,5,1.2,0
16:47:54,7216.616,996,1000,5,1.2,0
16:47:54,7216.83,996,1000,5,1.2,0
16:47:54,7217.024,996,1000,5,1.2,0
16:47:55,7217.23,996,1000,5,1.2,0
16:47:55,7217.422,996,1000,5,1.2,0
16:47:55,7217.613,996,1000,5,1.2,0
16:47:55,7217.814,996,1000,5,1.2,0
16:47:55,7218.016,995,1000,5,1.2,0
16:47:56,7218.215,995,1000,5,1.2,0
16:47:56,7218.422,995,1000,5,1.2,0
16:47:56,7218.613,995,1000,5,1.2,0
16:47:56,7218.813,995,1000,5,1.2,0
16:47:56,7219.017,995,1000,5,1.2,0
16:47:57,7219.21,995,1000,5,1.2,0
16:47:57,7219.408,995,1000,5,1.2,0
16:47:57,7219.62,995,1000,5,1.2,0
16:47:57,7219.813,995,1000,5,1.2,0
16:47:57,7220.011,994,1000,5,1.3,0
16:47:58,7220.216,996,1000,5,1.3,0
16:47:58,7220.408,998,1000,5,1.3,0
16:47:58,7220.616,1000,1000,5,1.3,0
16:47:58,7220.815,1001,1000,5,1.3,0
16:47:58,7221.009,1002,1000,5,1.3,0
16:47:59,7221.215,1003,1000,5,1.3,0
16:47:59,7221.406,1004,1000,5,1.3,0
16:47:59,7221.613,1005,1000,5,1.2,0
16:47:59,7221.814,1002,1000,5,1.2,0
16:47:59,7222.009,1000,1000,5,1.2,0
16:48:00,7222.215,999,1000,5,1.2,0
16:48:00,7222.406,998,1000,5,1.2,0
16:48:00,7222.613,997,1000,5,1.2,0
16:48:00,7222.802,996,1000,5,1.2,0
16:48:00,7223.009,995,1000,5,1.2,0
16:48:01,7223.214,995,1000,5,1.2,0
16:48:01,7223.407,994,1000,5,1.3,0
16:48:01,7223.599,996,1000,5,1.3,0
16:48:01,7223.798,997,1000,5,1.3,0
16:48:01,7224.001,999,1000,5,1.3,0
16:48:02,7224.216,1000,1000,5,1.3,0
16:48:02,7224.409,1001,1000,5,1.3,0
16:48:02,7224.605,1002,1000,5,1.3,0
16:48:02,7224.813,1002,1000,5,1.3,0
16:48:02,7224.994,1003,1000,5,1.3,0
16:48:03,7225.197,1003,1000,5,1.3,0
16:48:03,7225.393,1004,1000,5,1.3,0
16:48:03,7225.601,1004,1000,5,1.3,0
16:48:03,7225.798,1004,1000,5,1.3,0
16:48:03,7225.992,1005,1000,5,1.2,0
16:48:04,7226.199,1002,1000,5,1.2,0
16:48:04,7226.398,1000,1000,5,1.2,0
16:48:04,7226.59,999,1000,5,1.2,0
16:48:04,7226.791,998,1000,5,1.2,0
16:48:04,7226.995,997,1000,5,1.2,0
16:48:05,7227.196,996,1000,5,1.2,0
16:48:05,7227.392,995,1000,5,1.2,0
16:48:05,7227.599,995,1000,5,1.2,0
16:48:05,7227.791,994,1000,5,1.3,0
16:48:05,7227.99,996,1000,5,1.3,0
16:48:06,7228.197,998,1000,5,1.3,0
16:48:06,7228.389,1000,1000,5,1.3,0
16:48:06,7228.597,1001,1000,5,1.3,0
16:48:06,7228.784,1002,1000,5,1.3,0
16:48:06,7228.986,1003,1000,5,1.3,0
16:48:07,7229.193,1004,1000,5,1.3,0
16:48:07,7229.393,1005,1000,5,1.2,0
16:48:07,7229.589,1003,1000,5,1.2,0
16:48:07,7229.792,1001,1000,5,1.2,0
16:48:07,7229.994,999,1000,5,1.2,0
16:48:08,7230.182,998,1000,5,1.2,0
16:48:08,7230.377,998,1000,5,1.2,0
16:48:08,7230.584,997,1000,5,1.2,0
16:48:08,7230.784,997,1000,5,1.2,0
16:48:08,7230.993,996,1000,5,1.2,0
16:48:09,7231.181,996,1000,5,1.2,0
16:48:09,7231.375,996,1000,5,1.2,0
16:48:09,7231.582,996,1000,5,1.2,0
16:48:09,7231.785,996,1000,5,1.2,0
16:48:09,7231.973,996,1000,5,1.2,0
16:48:10,7232.18,996,1000,5,1.2,0
16:48:10,7232.378,996,1000,5,1.2,0
16:48:10,7232.578,996,1000,5,1.2,0
16:48:10,7232.784,997,1000,5,1.2,0
16:48:10,7232.973,997,1000,5,1.2,0
16:48:11,7233.181,997,1000,5,1.2,0
16:48:11,7233.377,997,1000,5,1.2,0
16:48:11,7233.569,998,1000,5,1.2,0
16:48:11,7233.77,998,1000,5,1.2,0
16:48:11,7233.969,999,1000,5,1.2,0
16:48:12,7234.176,999,1000,5,1.2,0
16:48:12,7234.377,1000,1000,5,1.2,0
16:48:12,7234.572,1000,1000,5,1.2,0
16:48:12,7234.777,1000,1000,5,1.2,0
16:48:12,7234.973,1001,1000,5,1.2,0
16:48:13,7235.166,1001,1000,5,1.2,0
16:48:13,7235.377,1002,1000,5,1.2,0
16:48:13,7235.568,1002,1000,5,1.2,0
16:48:13,7235.77,1003,1000,5,1.2,0
16:48:13,7235.973,1003,1000,5,1.2,0
16:48:14,7236.164,1004,1000,5,1.2,0
16:48:14,7236.376,1004,1000,5,1.2,0
16:48:14,7236.567,1005,1000,5,1.2,0
16:48:14,7236.77,1005,1000,5,1.2,0
16:48:14,7236.973,1003,1000,5,1.2,0
16:48:15,7237.166,1004,1000,5,1.2,0
16:48:15,7237.359,1004,1000,5,1.2,0
16:48:15,7237.567,1005,1000,5,1.2,0
16:48:15,7237.764,1004,1000,5,1.2,0
16:48:15,7237.958,1004,1000,5,1.2,0
16:48:16,7238.165,1004,1000,5,1.2,0
16:48:16,7238.358,1005,1000,5,1.2,0
16:48:16,7238.566,1004,1000,5,1.2,0
16:48:16,7238.758,1004,1000,5,1.2,0
16:48:16,7238.967,1004,1000,5,1.2,0
16:48:16,7239.157,1004,1000,5,1.2,0
16:48:17,7239.361,1004,1000,5,1.2,0
16:48:17,7239.557,1004,1000,5,1.2,0
16:48:17,7239.763,1004,1000,5,1.2,0
16:48:17,7239.958,1004,1000,5,1.2,0
16:48:18,7240.166,1004,1000,5,1.2,0
16:48:18,7240.361,1004,1000,5,1.2,0
16:48:18,7240.554,1004,1000,5,1.2,0
16:48:18,7240.762,1004,1000,5,1.2,0
16:48:18,7240.958,1004,1000,5,1.2,0
16:48:18,7241.15,1003,1000,5,1.2,0
16:48:19,7241.36,1003,1000,5,1.2,0
16:48:19,7241.553,1003,1000,5,1.2,0
16:48:19,7241.759,1002,1000,5,1.2,0
16:48:19,7241.958,1002,1000,5,1.2,0
16:48:19,7242.149,1002,1000,5,1.2,0
16:48:20,7242.345,1002,1000,5,1.2,0
16:48:20,7242.553,1001,1000,5,1.2,0
16:48:20,7242.744,1001,1000,5,1.2,0
16:48:20,7242.95,1001,1000,5,1.2,0
16:48:20,7243.15,1001,1000,5,1.2,0
16:48:21,7243.343,1000,1000,5,1.2,0
16:48:21,7243.551,1000,1000,5,1.2,0
16:48:21,7243.742,1000,1000,5,1.2,0
16:48:21,7243.951,1000,1000,5,1.2,0
16:48:21,7244.14,1000,1000,5,1.2,0
16:48:22,7244.345,1000,1000,5,1.2,0
16:48:22,7244.54,1000,1000,5,1.2,0
16:48:22,7244.749,999,1000,5,1.2,0
16:48:22,7244.944,999,1000,5,1.2,0
16:48:22,7245.148,999,1000,5,1.2,0
16:48:23,7245.345,999,1000,5,1.2,0
16:48:23,7245.55,999,1000,5,1.2,0
16:48:23,7245.74,999,1000,5,1.2,0
16:48:23,7245.941,999,1000,5,1.2,0
16:48:23,7246.148,999,1000,5,1.2,0
16:48:24,7246.341,999,1000,5,1.2,0
16:48:24,7246.548,999,1000,5,1.2,0
16:48:24,7246.738,998,1000,5,1.2,0
16:48:24,7246.944,998,1000,5,1.2,0
16:48:24,7247.132,998,1000,5,1.2,0
16:48:25,7247.343,998,1000,5,1.2,0
16:48:25,7247.534,998,1000,5,1.2,0
16:48:25,7247.741,998,1000,5,1.2,0
16:48:25,7247.936,998,1000,5,1.2,0
16:48:25,7248.133,998,1000,5,1.2,0
16:48:26,7248.34,997,1000,5,1.2,0
16:48:26,7248.531,997,1000,5,1.2,0
16:48:26,7248.738,997,1000,5,1.2,0
16:48:26,7248.933,997,1000,5,1.2,0
16:48:26,7249.127,997,1000,5,1.2,0
16:48:27,7249.332,997,1000,5,1.2,0
16:48:27,7249.54,997,1000,5,1.2,0
16:48:27,7249.731,997,1000,5,1.2,0
16:48:27,7249.93,997,1000,5,1.2,0
16:48:27,7250.133,997,1000,5,1.2,0
16:48:28,7250.327,997,1000,5,1.2,0
16:48:28,7250.535,997,1000,5,1.2,0
16:48:28,7250.725,997,1000,5,1.2,0
16:48:28,7250.924,997,1000,5,1.2,0
16:48:28,7251.133,997,1000,5,1.2,0
16:48:29,7251.325,997,1000,5,1.2,0
16:48:29,7251.534,996,1000,5,1.2,0
16:48:29,7251.724,996,1000,5,1.2,0
16:48:29,7251.93,996,1000,5,1.2,0
16:48:29,7252.132,996,1000,5,1.2,0
16:48:30,7252.328,996,1000,5,1.2,0
16:48:30,7252.519,995,1000,5,1.2,0
16:48:30,7252.726,995,1000,5,1.2,0
16:48:30,7252.922,995,1000,5,1.2,0
16:48:30,7253.132,995,1000,5,1.2,0
16:48:31,7253.325,995,1000,5,1.2,0
16:48:31,7253.515,995,1000,5,1.2,0
16:48:31,7253.722,995,1000,5,1.2,0
16:48:31,7253.917,995,1000,5,1.2,0
16:48:31,7254.126,994,1000,5,1.3,0
16:48:32,7254.319,995,1000,5,1.2,0
16:48:32,7254.512,995,1000,5,1.2,0
16:48:32,7254.72,995,1000,5,1.2,0
16:48:32,7254.916,994,1000,5,1.3,0
16:48:32,7255.117,996,1000,5,1.2,0
16:48:33,7255.313,995,1000,5,1.2,0
16:48:33,7255.52,995,1000,5,1.2,0
16:48:33,7255.712,994,1000,5,1.3,0
16:48:33,7255.916,995,1000,5,1.2,0
16:48:33,7256.118,995,1000,5,1.2,0
16:48:34,7256.313,994,1000,5,1.3,0
16:48:34,7256.52,995,1000,5,1.2,0
16:48:34,7256.711,995,1000,5,1.2,0
16:48:34,7256.916,994,1000,5,1.3,0
16:48:34,7257.111,995,1000,5,1.3,0
16:48:35,7257.31,997,1000,5,1.3,0
16:48:35,7257.517,999,1000,5,1.3,0
16:48:35,7257.708,1000,1000,5,1.3,0
16:48:35,7257.916,1002,1000,5,1.3,0
16:48:35,7258.109,1003,1000,5,1.3,0
16:48:36,7258.31,1005,1000,5,1.2,0
16:48:36,7258.502,1002,1000,5,1.2,0
16:48:36,7258.71,1001,1000,5,1.2,0
16:48:36,7258.916,1000,1000,5,1.2,0
16:48:36,7259.116,1000,1000,5,1.2,0
16:48:37,7259.312,999,1000,5,1.2,0
16:48:37,7259.509,999,1000,5,1.2,0
16:48:37,7259.703,999,1000,5,1.2,0
16:48:37,7259.898,999,1000,5,1.2,0
16:48:37,7260.103,999,1000,5,1.2,0
16:48:38,7260.296,999,1000,5,1.2,0
16:48:38,7260.504,1000,1000,5,1.2,0
16:48:38,7260.695,1000,1000,5,1.2,0
16:48:38,7260.896,1000,1000,5,1.2,0
16:48:38,7261.103,1000,1000,5,1.2,0
16:48:39,7261.299,1000,1000,5,1.2,0
16:48:39,7261.504,1000,1000,5,1.2,0
16:48:39,7261.696,1000,1000,5,1.2,0
16:48:39,7261.896,1000,1000,5,1.2,0
16:48:39,7262.096,1000,1000,5,1.2,0
16:48:40,7262.295,1000,1000,5,1.2,0
16:48:40,7262.501,1001,1000,5,1.2,0
16:48:40,7262.696,1001,1000,5,1.2,0
16:48:40,7262.896,1001,1000,5,1.2,0
16:48:40,7263.096,1001,1000,5,1.2,0
16:48:41,7263.295,1001,1000,5,1.2,0
16:48:41,7263.502,1001,1000,5,1.2,0
16:48:41,7263.693,1001,1000,5,1.2,0
16:48:41,7263.897,1000,1000,5,1.2,0
16:48:41,7264.097,1000,1000,5,1.2,0
16:48:42,7264.289,1000,1000,5,1.2,0
16:48:42,7264.494,1000,1000,5,1.2,0
16:48:42,7264.684,999,1000,5,1.2,0
16:48:42,7264.898,999,1000,5,1.2,0
16:48:42,7265.089,999,1000,5,1.2,0
16:48:43,7265.294,999,1000,5,1.2,0
16:48:43,7265.486,998,1000,5,1.2,0
16:48:43,7265.694,998,1000,5,1.2,0
16:48:43,7265.896,998,1000,5,1.2,0
16:48:43,7266.082,998,1000,5,1.2,0
16:48:44,7266.281,998,1000,5,1.2,0
16:48:44,7266.488,998,1000,5,1.2,0
16:48:44,7266.682,998,1000,5,1.2,0
16:48:44,7266.882,998,1000,5,1.2,0
16:48:44,7267.083,998,1000,5,1.2,0
16:48:45,7267.282,997,1000,5,1.2,0
16:48:45,7267.488,998,1000,5,1.2,0
16:48:45,7267.68,998,1000,5,1.2,0
16:48:45,7267.881,998,1000,5,1.2,0
16:48:45,7268.09,998,1000,5,1.2,0
16:48:46,7268.278,998,1000,5,1.2,0
16:48:46,7268.487,998,1000,5,1.2,0
16:48:46,7268.678,998,1000,5,1.2,0
16:48:46,7268.878,997,1000,5,1.2,0
16:48:46,7269.08,997,1000,5,1.2,0
16:48:47,7269.273,997,1000,5,1.2,0
16:48:47,7269.477,997,1000,5,1.2,0
16:48:47,7269.684,997,1000,5,1.2,0
16:48:47,7269.883,997,1000,5,1.2,0
16:48:47,7270.075,997,1000,5,1.2,0
16:48:48,7270.281,997,1000,5,1.2,0
16:48:48,7270.472,996,1000,5,1.2,0
16:48:48,7270.679,996,1000,5,1.2,0
16:48:48,7270.88,996,1000,5,1.2,0
16:48:48,7271.071,996,1000,5,1.2,0
16:48:49,7271.265,996,1000,5,1.2,0
16:48:49,7271.473,996,1000,5,1.2,0
16:48:49,7271.664,996,1000,5,1.2,0
16:48:49,7271.877,996,1000,5,1.2,0
16:48:49,7272.072,996,1000,5,1.2,0
16:48:50,7272.264,996,1000,5,1.2,0
16:48:50,7272.471,996,1000,5,1.2,0
16:48:50,7272.662,996,1000,5,1.2,0
16:48:50,7272.862,996,1000,5,1.2,0
16:48:50,7273.071,996,1000,5,1.2,0
16:48:51,7273.263,997,1000,5,1.2,0
16:48:51,7273.47,997,1000,5,1.2,0
16:48:51,7273.662,997,1000,5,1.2,0
16:48:51,7273.861,997,1000,5,1.2,0
16:48:51,7274.061,997,1000,5,1.2,0
16:48:52,7274.256,998,1000,5,1.2,0
16:48:52,7274.461,998,1000,5,1.2,0
16:48:52,7274.668,998,1000,5,1.2,0
16:48:52,7274.861,999,1000,5,1.2,0
16:48:52,7275.057,999,1000,5,1.2,0
16:48:53,7275.266,999,1000,5,1.2,0
16:48:53,7275.457,999,1000,5,1.2,0
16:48:53,7275.665,999,1000,5,1.2,0
16:48:53,7275.861,999,1000,5,1.2,0
16:48:53,7276.057,1000,1000,5,1.2,0
16:48:54,7276.262,1000,1000,5,1.2,0
16:48:54,7276.454,1000,1000,5,1.2,0
16:48:54,7276.659,1000,1000,5,1.2,0
16:48:54,7276.861,1000,1000,5,1.2,0
16:48:54,7277.057,1001,1000,5,1.2,0
16:48:55,7277.248,1001,1000,5,1.2,0
16:48:55,7277.455,1001,1000,5,1.2,0
16:48:55,7277.662,1001,1000,5,1.2,0
16:48:55,7277.861,1001,1000,5,1.2,0
16:48:55,7278.054,1002,1000,5,1.2,0
16:48:56,7278.247,1002,1000,5,1.2,0
16:48:56,7278.454,1002,1000,5,1.2,0
16:48:56,7278.645,1002,1000,5,1.2,0
16:48:56,7278.845,1003,1000,5,1.2,0
16:48:56,7279.045,1003,1000,5,1.2,0
16:48:57,7279.254,1003,1000,5,1.2,0
16:48:57,7279.445,1004,1000,5,1.2,0
16:48:57,7279.654,1004,1000,5,1.2,0
16:48:57,7279.845,1004,1000,5,1.2,0
16:48:57,7280.045,1005,1000,5,1.2,0
16:48:58,7280.249,1005,1000,5,1.2,0
16:48:58,7280.454,1004,1000,5,1.2,0
16:48:58,7280.647,1005,1000,5,1.2,0
16:48:58,7280.845,1005,1000,5,1.2,0
16:48:58,7281.038,1004,1000,5,1.2,0
16:48:59,7281.246,1005,1000,5,1.1,0
16:48:59,7281.438,1006,1000,5,1.1,0
16:48:59,7281.647,1006,1000,4,1.1,0
16:48:59,7281.849,1005,1000,4,1.1,0
16:48:59,7282.035,1005,1000,4,1.1,0
16:49:00,7282.248,1006,1000,4,1.1,0
16:49:00,7282.44,1006,1000,4,1.1,0
16:49:00,7282.646,1007,1000,4,1.1,0
16:49:00,7282.845,1008,1000,4,1,0
16:49:00,7283.04,1008,1000,4,1,0
16:49:01,7283.247,1009,1000,4,1,0
16:49:01,7283.435,1010,1000,4,1,0
16:49:01,7283.643,1011,1000,4,1,0
16:49:01,7283.834,1010,1000,4,1,0
16:49:01,7284.034,1008,1000,4,1,0
16:49:02,7284.24,1007,1000,4,1,0
16:49:02,7284.442,1006,1000,4,1,0
16:49:02,7284.63,1005,1000,4,1,0
16:49:02,7284.83,1005,1000,4,1,0
16:49:02,7285.039,1005,1000,4,1,0
16:49:03,7285.231,1005,1000,4,1,0
16:49:03,7285.438,1005,1000,4,1,0
16:49:03,7285.629,1006,1000,4,0.9,0
16:49:03,7285.834,1007,1000,4,0.9,0
16:49:03,7286.029,1007,1000,4,0.9,0
16:49:04,7286.231,1008,1000,4,0.9,0
16:49:04,7286.423,1009,1000,4,0.9,0
16:49:04,7286.63,1010,1000,4,0.8,0
16:49:04,7286.83,1010,1000,3,0.8,0
16:49:04,7287.024,1011,1000,3,0.8,0
16:49:05,7287.231,1012,1000,3,0.8,0
16:49:05,7287.423,1013,1000,3,0.8,0
16:49:05,7287.63,1013,1000,3,0.7,0
16:49:05,7287.817,1014,1000,3,0.7,0
16:49:05,7288.026,1014,1000,3,0.7,0
16:49:06,7288.222,1015,1000,3,0.7,0
16:49:06,7288.425,1015,1000,3,0.6,0
16:49:06,7288.619,1015,1000,3,0.6,0
16:49:06,7288.82,1015,1000,3,0.6,0
16:49:06,7289.017,1016,1000,3,0.6,0
16:49:07,7289.228,1016,1000,3,0.5,0
16:49:07,7289.428,1016,1000,3,0.5,0
16:49:07,7289.621,1015,1000,2,0.5,0
16:49:07,7289.813,1015,1000,2,0.5,0
16:49:07,7290.025,1015,1000,2,0.5,0
16:49:08,7290.216,1014,1000,2,0.5,0
16:49:08,7290.409,1014,1000,2,0.5,0
16:49:08,7290.617,1013,1000,2,0.4,0
16:49:08,7290.813,1013,1000,2,0.4,0
16:49:08,7291.008,1012,1000,2,0.4,0
16:49:09,7291.215,1011,1000,2,0.4,0
16:49:09,7291.407,1010,1000,2,0.4,0
16:49:09,7291.614,1009,1000,2,0.4,0
16:49:09,7291.813,1008,1000,2,0.4,0
16:49:09,7292.008,1007,1000,2,0.4,0
16:49:10,7292.213,1006,1000,2,0.4,0
16:49:10,7292.404,1005,1000,2,0.4,0
16:49:10,7292.611,1004,1000,2,0.5,0
16:49:10,7292.812,1003,1000,2,0.5,0
16:49:10,7293.009,1001,1000,2,0.5,0
16:49:11,7293.215,1000,1000,2,0.5,0
16:49:11,7293.406,999,1000,2,0.5,0
16:49:11,7293.615,997,1000,2,0.5,0
16:49:11,7293.813,996,1000,2,0.5,0
16:49:11,7294,995,1000,2,0.5,0
16:49:12,7294.209,993,1000,2,0.6,0
16:49:12,7294.409,992,1000,2,0.6,0
16:49:12,7294.605,991,1000,2,0.6,0
16:49:12,7294.813,989,1000,2,0.7,0
16:49:12,7295.01,988,1000,2,0.7,0
16:49:13,7295.2,987,1000,2,0.7,0
16:49:13,7295.408,986,1000,2,0.8,0
16:49:13,7295.6,985,1000,2,0.8,0
16:49:13,7295.797,984,1000,2,0.8,0
16:49:13,7296.007,983,1000,2,0.8,0
16:49:14,7296.198,982,1000,2,0.9,0
16:49:14,7296.406,982,1000,2,0.9,0
16:49:14,7296.598,981,1000,2,0.9,0
16:49:14,7296.797,981,1000,3,1,0
16:49:14,7297.007,980,1000,3,1,0
16:49:15,7297.199,980,1000,3,1,0
16:49:15,7297.391,980,1000,3,1,0
16:49:15,7297.599,982,1000,3,1,0
16:49:15,7297.797,984,1000,3,1,0
16:49:15,7297.991,985,1000,3,1,0
16:49:16,7298.199,986,1000,3,1.1,0
16:49:16,7298.394,986,1000,3,1.1,0
16:49:16,7298.599,987,1000,3,1.1,0
16:49:16,7298.798,987,1000,3,1.1,0
16:49:16,7299,987,1000,3,1.1,0
16:49:17,7299.193,987,1000,3,1.1,0
16:49:17,7299.394,987,1000,4,1.1,0
16:49:17,7299.587,987,1000,4,1.1,0
16:49:17,7299.791,987,1000,4,1.2,0
16:49:17,7299.993,986,1000,4,1.2,0
16:49:18,7300.196,986,1000,4,1.2,0
16:49:18,7300.39,986,1000,4,1.2,0
16:49:18,7300.582,987,1000,4,1.2,0
16:49:18,7300.783,988,1000,4,1.2,0
16:49:18,7300.991,989,1000,4,1.2,0
16:49:19,7301.182,990,1000,4,1.2,0
16:49:19,7301.39,990,1000,4,1.2,0
16:49:19,7301.581,991,1000,4,1.2,0
16:49:19,7301.783,991,1000,4,1.2,0
16:49:19,7301.988,991,1000,4,1.2,0
16:49:20,7302.18,991,1000,4,1.3,0
16:49:20,7302.388,992,1000,4,1.3,0
16:49:20,7302.578,994,1000,4,1.2,0
16:49:20,7302.783,994,1000,4,1.2,0
16:49:20,7302.993,994,1000,4,1.3,0
16:49:21,7303.18,995,1000,4,1.2,0
16:49:21,7303.375,993,1000,4,1.3,0
16:49:21,7303.582,993,1000,5,1.3,0
16:49:21,7303.784,995,1000,5,1.2,0
16:49:21,7303.984,994,1000,5,1.3,0
16:49:22,7304.176,994,1000,5,1.3,0
16:49:22,7304.375,996,1000,5,1.2,0
16:49:22,7304.573,995,1000,5,1.2,0
16:49:22,7304.776,994,1000,5,1.3,0
16:49:22,7304.972,996,1000,5,1.2,0
16:49:23,7305.18,995,1000,5,1.2,0
16:49:23,7305.376,994,1000,5,1.3,0
16:49:23,7305.568,995,1000,5,1.2,0
16:49:23,7305.777,996,1000,5,1.2,0
16:49:23,7305.972,995,1000,5,1.2,0
16:49:24,7306.166,994,1000,5,1.3,0
16:49:24,7306.376,994,1000,5,1.3,0
16:49:24,7306.567,996,1000,5,1.2,0
16:49:24,7306.769,995,1000,5,1.2,0
16:49:24,7306.973,994,1000,5,1.3,0
16:49:25,7307.164,995,1000,5,1.2,0
16:49:25,7307.374,994,1000,5,1.3,0
16:49:25,7307.565,994,1000,5,1.3,0
16:49:25,7307.77,995,1000,5,1.3,0
16:49:25,7307.973,997,1000,5,1.3,0
16:49:26,7308.164,997,1000,5,1.3,0
16:49:26,7308.372,998,1000,5,1.3,0
16:49:26,7308.563,998,1000,5,1.3,0
16:49:26,7308.769,999,1000,5,1.3,0
16:49:26,7308.966,999,1000,5,1.3,0
16:49:27,7309.159,999,1000,5,1.3,0
16:49:27,7309.359,999,1000,5,1.3,0
16:49:27,7309.56,999,1000,5,1.3,0
16:49:27,7309.762,999,1000,5,1.3,0
16:49:27,7309.96,999,1000,5,1.3,0
16:49:28,7310.164,999,1000,5,1.3,0
16:49:28,7310.358,998,1000,5,1.3,0
16:49:28,7310.566,998,1000,5,1.3,0
16:49:28,7310.758,999,1000,5,1.3,0
16:49:28,7310.957,999,1000,5,1.3,0
16:49:29,7311.164,999,1000,5,1.3,0
16:49:29,7311.359,999,1000,5,1.3,0
16:49:29,7311.551,999,1000,5,1.3,0
16:49:29,7311.761,999,1000,5,1.3,0
16:49:29,7311.957,999,1000,5,1.3,0
16:49:29,7312.158,1000,1000,5,1.3,0
16:49:30,7312.358,1000,1000,5,1.3,0
16:49:30,7312.549,1000,1000,5,1.3,0
16:49:30,7312.755,1001,1000,5,1.3,0
16:49:30,7312.95,1002,1000,5,1.3,0
16:49:30,7313.149,1002,1000,5,1.3,0
16:49:31,7313.36,1003,1000,5,1.3,0
16:49:31,7313.55,1004,1000,5,1.3,0
16:49:31,7313.758,1005,1000,5,1.2,0
16:49:31,7313.952,1002,1000,5,1.3,0
16:49:31,7314.143,1003,1000,5,1.3,0
16:49:32,7314.344,1004,1000,5,1.3,0
16:49:32,7314.543,1006,1000,5,1.2,0
16:49:32,7314.755,1004,1000,5,1.2,0
16:49:32,7314.943,1003,1000,5,1.2,0
16:49:32,7315.147,1003,1000,5,1.2,0
16:49:33,7315.344,1003,1000,5,1.2,0
16:49:33,7315.552,1004,1000,5,1.2,0
16:49:33,7315.744,1004,1000,5,1.2,0
16:49:33,7315.943,1005,1000,5,1.2,0
16:49:33,7316.15,1004,1000,5,1.2,0
16:49:34,7316.343,1005,1000,5,1.2,0
16:49:34,7316.55,1006,1000,5,1.2,0
16:49:34,7316.742,1005,1000,5,1.2,0
16:49:34,7316.943,1005,1000,5,1.1,0
16:49:34,7317.148,1004,1000,5,1.2,0
16:49:35,7317.34,1006,1000,5,1.1,0
16:49:35,7317.547,1006,1000,4,1.1,0
16:49:35,7317.739,1006,1000,4,1.1,0
16:49:35,7317.943,1005,1000,4,1.1,0
16:49:35,7318.132,1005,1000,4,1.1,0
16:49:36,7318.345,1005,1000,4,1.1,0
16:49:36,7318.537,1006,1000,4,1.1,0
16:49:36,7318.744,1006,1000,4,1.1,0
16:49:36,7318.937,1005,1000,4,1.1,0
16:49:36,7319.131,1005,1000,4,1.1,0
16:49:37,7319.34,1005,1000,4,1.1,0
16:49:37,7319.54,1005,1000,4,1.1,0
16:49:37,7319.732,1005,1000,4,1,0
16:49:37,7319.929,1005,1000,4,1,0
16:49:37,7320.132,1005,1000,4,1,0
16:49:38,7320.327,1005,1000,4,1,0
16:49:38,7320.536,1004,1000,4,1.1,0
16:49:38,7320.727,1004,1000,4,1.1,0
16:49:38,7320.936,1004,1000,4,1.1,0
16:49:38,7321.131,1003,1000,4,1.1,0
16:49:39,7321.325,1003,1000,4,1.1,0
16:49:39,7321.531,1002,1000,4,1.1,0
16:49:39,7321.724,1001,1000,4,1.1,0
16:49:39,7321.928,1001,1000,4,1.1,0
16:49:39,7322.135,1000,1000,4,1.1,0
16:49:40,7322.326,999,1000,4,1.1,0
16:49:40,7322.531,998,1000,4,1.1,0
16:49:40,7322.723,997,1000,4,1.1,0
16:49:40,7322.922,996,1000,4,1.1,0
16:49:40,7323.132,995,1000,4,1.1,0
16:49:41,7323.327,994,1000,4,1.2,0
16:49:41,7323.519,993,1000,4,1.2,0
16:49:41,7323.727,992,1000,4,1.2,0
16:49:41,7323.936,991,1000,4,1.2,0
16:49:41,7324.128,992,1000,4,1.2,0
16:49:42,7324.318,992,1000,4,1.2,0
16:49:42,7324.524,992,1000,4,1.3,0
16:49:42,7324.715,994,1000,4,1.2,0
16:49:42,7324.915,995,1000,4,1.2,0
16:49:42,7325.117,993,1000,4,1.3,0
16:49:43,7325.327,994,1000,4,1.3,0
16:49:43,7325.519,995,1000,4,1.2,0
16:49:43,7325.71,993,1000,4,1.3,0
16:49:43,7325.915,994,1000,4,1.3,0
16:49:43,7326.116,995,1000,4,1.2,0
16:49:44,7326.309,993,1000,5,1.3,0
16:49:44,7326.517,993,1000,5,1.3,0
16:49:44,7326.708,994,1000,5,1.3,0
16:49:44,7326.911,995,1000,5,1.2,0
16:49:44,7327.11,993,1000,5,1.3,0
16:49:45,7327.311,993,1000,5,1.3,0
16:49:45,7327.519,994,1000,5,1.3,0
16:49:45,7327.712,995,1000,5,1.2,0
16:49:45,7327.912,994,1000,5,1.3,0
16:49:45,7328.11,994,1000,5,1.3,0
16:49:46,7328.31,995,1000,5,1.3,0
16:49:46,7328.517,996,1000,5,1.3,0
16:49:46,7328.709,996,1000,5,1.3,0
16:49:46,7328.911,996,1000,5,1.3,0
16:49:46,7329.115,997,1000,5,1.3,0
16:49:47,7329.311,997,1000,5,1.3,0
16:49:47,7329.508,997,1000,5,1.3,0
16:49:47,7329.7,997,1000,5,1.3,0
16:49:47,7329.915,997,1000,5,1.3,0
16:49:47,7330.102,997,1000,5,1.3,0
16:49:48,7330.31,998,1000,5,1.3,0
16:49:48,7330.501,998,1000,5,1.3,0
16:49:48,7330.709,998,1000,5,1.3,0
16:49:48,7330.899,998,1000,5,1.3,0
16:49:48,7331.102,999,1000,5,1.3,0
16:49:49,7331.308,999,1000,5,1.3,0
16:49:49,7331.5,999,1000,5,1.3,0
16:49:49,7331.707,1000,1000,5,1.3,0
16:49:49,7331.895,1000,1000,5,1.3,0
16:49:49,7332.095,1000,1000,5,1.3,0
16:49:50,7332.294,1001,1000,5,1.3,0
16:49:50,7332.501,1001,1000,5,1.3,0
16:49:50,7332.691,1002,1000,5,1.3,0
16:49:50,7332.895,1002,1000,5,1.3,0
16:49:50,7333.101,1003,1000,5,1.3,0
16:49:51,7333.295,1003,1000,5,1.3,0
16:49:51,7333.503,1004,1000,5,1.3,0
16:49:51,7333.694,1004,1000,5,1.3,0
16:49:51,7333.895,1005,1000,5,1.2,0
16:49:51,7334.098,1003,1000,5,1.2,0
16:49:52,7334.287,1002,1000,5,1.2,0
16:49:52,7334.495,1001,1000,5,1.2,0
16:49:52,7334.686,1000,1000,5,1.2,0
16:49:52,7334.898,1000,1000,5,1.2,0
16:49:52,7335.088,1000,1000,5,1.2,0
16:49:53,7335.293,1000,1000,5,1.2,0
16:49:53,7335.485,1000,1000,5,1.2,0
16:49:53,7335.691,1000,1000,5,1.2,0
16:49:53,7335.889,1001,1000,5,1.2,0
16:49:53,7336.088,1001,1000,5,1.2,0
16:49:54,7336.292,1001,1000,5,1.2,0
16:49:54,7336.491,1001,1000,5,1.2,0
16:49:54,7336.693,1001,1000,5,1.2,0
16:49:54,7336.886,1001,1000,5,1.2,0
16:49:54,7337.085,1001,1000,5,1.2,0
16:49:55,7337.291,1001,1000,5,1.2,0
16:49:55,7337.485,1001,1000,5,1.2,0
16:49:55,7337.678,1001,1000,5,1.2,0
16:49:55,7337.886,1001,1000,5,1.2,0
16:49:55,7338.083,1001,1000,5,1.2,0
16:49:56,7338.277,1001,1000,5,1.2,0
16:49:56,7338.485,1000,1000,5,1.2,0
16:49:56,7338.678,1000,1000,5,1.2,0
16:49:56,7338.886,999,1000,5,1.2,0
16:49:56,7339.083,998,1000,5,1.2,0
16:49:57,7339.277,998,1000,5,1.2,0
16:49:57,7339.485,997,1000,5,1.2,0
16:49:57,7339.678,997,1000,5,1.2,0
16:49:57,7339.876,996,1000,5,1.2,0
16:49:57,7340.082,995,1000,5,1.2,0
16:49:58,7340.277,994,1000,5,1.3,0
16:49:58,7340.469,995,1000,5,1.3,0
16:49:58,7340.678,996,1000,5,1.3,0
16:49:58,7340.874,997,1000,5,1.3,0
16:49:58,7341.074,997,1000,5,1.3,0
16:49:59,7341.277,997,1000,5,1.3,0
16:49:59,7341.469,997,1000,5,1.3,0
16:49:59,7341.678,997,1000,5,1.3,0
16:49:59,7341.873,996,1000,5,1.3,0
16:49:59,7342.068,995,1000,5,1.3,0
16:50:00,7342.277,994,1000,5,1.3,0
16:50:00,7342.469,993,1000,5,1.3,0
16:50:00,7342.67,992,1000,5,1.4,0
16:50:00,7342.874,991,1000,5,1.4,0
16:50:00,7343.068,991,1000,5,1.4,0
16:50:01,7343.261,992,1000,5,1.4,0
16:50:01,7343.469,993,1000,5,1.4,0
16:50:01,7343.667,994,1000,5,1.4,0
16:50:01,7343.867,995,1000,5,1.3,0
16:50:01,7344.068,993,1000,5,1.4,0
16:50:02,7344.27,993,1000,5,1.4,0
16:50:02,7344.478,993,1000,5,1.4,0
16:50:02,7344.664,994,1000,5,1.4,0
16:50:02,7344.867,994,1000,5,1.4,0
16:50:02,7345.062,995,1000,5,1.4,0
16:50:03,7345.27,994,1000,5,1.4,0
16:50:03,7345.462,993,1000,5,1.4,0
16:50:03,7345.661,993,1000,5,1.5,0
16:50:03,7345.867,993,1000,5,1.5,0
16:50:03,7346.062,993,1000,5,1.5,0
16:50:04,7346.27,993,1000,5,1.5,0
16:50:04,7346.462,992,1000,5,1.5,0
16:50:04,7346.659,992,1000,5,1.5,0
16:50:04,7346.853,994,1000,5,1.5,0
16:50:04,7347.062,995,1000,5,1.4,0
16:50:05,7347.254,994,1000,5,1.5,0
16:50:05,7347.463,994,1000,6,1.5,0
16:50:05,7347.659,994,1000,6,1.5,0
16:50:05,7347.853,996,1000,6,1.4,0
16:50:05,7348.062,995,1000,6,1.4,0
16:50:06,7348.254,994,1000,6,1.5,0
16:50:06,7348.454,995,1000,6,1.5,0
16:50:06,7348.658,994,1000,6,1.5,0
16:50:06,7348.853,994,1000,6,1.5,0
16:50:06,7349.049,996,1000,6,1.5,0
16:50:07,7349.254,996,1000,6,1.5,0
16:50:07,7349.451,994,1000,6,1.5,0
16:50:07,7349.651,995,1000,6,1.5,0
16:50:07,7349.854,995,1000,6,1.5,0
16:50:07,7350.046,993,1000,6,1.6,0
16:50:08,7350.254,994,1000,6,1.6,0
16:50:08,7350.45,995,1000,6,1.5,0
16:50:08,7350.645,994,1000,6,1.6,0
16:50:08,7350.855,995,1000,6,1.5,0
16:50:08,7351.046,994,1000,6,1.6,0
16:50:09,7351.247,995,1000,6,1.5,0
16:50:09,7351.45,993,1000,6,1.6,0
16:50:09,7351.644,993,1000,6,1.6,0
16:50:09,7351.853,994,1000,6,1.6,0
16:50:09,7352.045,995,1000,6,1.5,0
16:50:10,7352.258,996,1000,6,1.5,0
16:50:10,7352.449,997,1000,6,1.5,0
16:50:10,7352.645,998,1000,6,1.5,0
16:50:10,7352.841,998,1000,6,1.5,0
16:50:10,7353.047,998,1000,6,1.5,0
16:50:11,7353.24,999,1000,6,1.5,0
16:50:11,7353.44,999,1000,6,1.5,0
16:50:11,7353.644,999,1000,6,1.5,0
16:50:11,7353.839,999,1000,6,1.5,0
16:50:11,7354.047,999,1000,6,1.5,0
16:50:12,7354.24,1000,1000,6,1.5,0
16:50:12,7354.439,1000,1000,6,1.5,0
16:50:12,7354.636,1000,1000,6,1.5,0
16:50:12,7354.839,1000,1000,6,1.5,0
16:50:12,7355.032,1000,1000,6,1.5,0
16:50:13,7355.24,1000,1000,6,1.5,0
16:50:13,7355.436,1000,1000,6,1.5,0
16:50:13,7355.636,1000,1000,6,1.5,0
16:50:13,7355.84,1000,1000,6,1.5,0
16:50:13,7356.041,1000,1000,6,1.5,0
16:50:14,7356.24,1000,1000,6,1.5,0
16:50:14,7356.437,1000,1000,6,1.5,0
16:50:14,7356.63,1000,1000,6,1.5,0
16:50:14,7356.839,1000,1000,6,1.5,0
16:50:14,7357.032,1000,1000,6,1.5,0
16:50:15,7357.23,1000,1000,6,1.5,0
16:50:15,7357.428,1000,1000,6,1.5,0
16:50:15,7357.631,1000,1000,6,1.5,0
16:50:15,7357.823,1000,1000,6,1.5,0
16:50:15,7358.032,1000,1000,6,1.5,0
16:50:16,7358.228,999,1000,6,1.5,0
16:50:16,7358.428,999,1000,6,1.5,0
16:50:16,7358.631,999,1000,6,1.5,0
16:50:16,7358.823,999,1000,6,1.5,0
16:50:16,7359.032,999,1000,6,1.5,0
16:50:17,7359.228,999,1000,6,1.5,0
16:50:17,7359.422,999,1000,6,1.5,0
16:50:17,7359.631,999,1000,6,1.5,0
16:50:17,7359.823,999,1000,6,1.5,0
16:50:17,7360.023,999,1000,6,1.5,0
16:50:18,7360.226,999,1000,6,1.5,0
16:50:18,7360.422,999,1000,6,1.5,0
16:50:18,7360.617,999,1000,6,1.5,0
16:50:18,7360.825,999,1000,6,1.5,0
16:50:18,7361.017,999,1000,6,1.5,0
16:50:19,7361.221,999,1000,6,1.5,0
16:50:19,7361.422,999,1000,6,1.5,0
16:50:19,7361.617,999,1000,6,1.5,0
16:50:19,7361.825,999,1000,6,1.5,0
16:50:19,7362.018,999,1000,6,1.5,0
16:50:20,7362.217,998,1000,6,1.5,0
16:50:20,7362.422,998,1000,6,1.5,0
16:50:20,7362.617,998,1000,6,1.5,0
16:50:20,7362.81,998,1000,6,1.5,0
16:50:20,7363.018,998,1000,6,1.5,0
16:50:21,7363.215,998,1000,6,1.5,0
16:50:21,7363.408,998,1000,6,1.5,0
16:50:21,7363.617,998,1000,6,1.5,0
16:50:21,7363.825,998,1000,6,1.5,0
16:50:21,7364.011,998,1000,6,1.5,0
16:50:22,7364.214,998,1000,6,1.5,0
16:50:22,7364.409,998,1000,6,1.5,0
16:50:22,7364.617,998,1000,6,1.5,0
16:50:22,7364.81,998,1000,6,1.5,0
16:50:22,7365.009,998,1000,6,1.5,0
16:50:23,7365.206,998,1000,6,1.5,0
16:50:23,7365.409,998,1000,6,1.5,0
16:50:23,7365.604,998,1000,6,1.5,0
16:50:23,7365.81,998,1000,6,1.5,0
16:50:23,7366.015,998,1000,6,1.5,0
16:50:24,7366.214,998,1000,6,1.5,0
16:50:24,7366.406,997,1000,6,1.5,0
16:50:24,7366.612,997,1000,6,1.5,0
16:50:24,7366.797,997,1000,6,1.5,0
16:50:24,7367.008,997,1000,6,1.5,0
16:50:25,7367.199,997,1000,6,1.5,0
16:50:25,7367.409,997,1000,6,1.5,0
16:50:25,7367.6,997,1000,6,1.5,0
16:50:25,7367.812,997,1000,6,1.5,0
16:50:25,7368.006,997,1000,6,1.5,0
16:50:26,7368.199,997,1000,6,1.5,0
16:50:26,7368.407,997,1000,6,1.5,0
16:50:26,7368.598,997,1000,6,1.5,0
16:50:26,7368.797,997,1000,6,1.5,0
16:50:26,7368.999,997,1000,6,1.5,0
16:50:27,7369.193,997,1000,6,1.5,0
16:50:27,7369.39,997,1000,6,1.5,0
16:50:27,7369.603,997,1000,6,1.5,0
16:50:27,7369.795,997,1000,6,1.5,0
16:50:27,7369.992,997,1000,6,1.5,0
16:50:28,7370.199,997,1000,6,1.5,0
16:50:28,7370.39,997,1000,6,1.5,0
16:50:28,7370.598,997,1000,6,1.5,0
16:50:28,7370.796,997,1000,6,1.5,0
16:50:28,7370.991,997,1000,6,1.5,0
16:50:29,7371.199,997,1000,6,1.5,0
16:50:29,7371.391,997,1000,6,1.5,0
16:50:29,7371.602,997,1000,6,1.5,0
16:50:29,7371.79,997,1000,6,1.5,0
16:50:29,7371.991,997,1000,6,1.5,0
16:50:30,7372.195,997,1000,6,1.5,0
16:50:30,7372.388,997,1000,6,1.5,0
16:50:30,7372.595,997,1000,6,1.5,0
16:50:30,7372.782,997,1000,6,1.5,0
16:50:30,7372.988,998,1000,6,1.5,0
16:50:31,7373.18,998,1000,6,1.5,0
16:50:31,7373.39,997,1000,6,1.5,0
16:50:31,7373.581,997,1000,6,1.5,0
16:50:31,7373.782,997,1000,6,1.5,0
16:50:31,7373.981,997,1000,6,1.5,0
16:50:32,7374.188,997,1000,6,1.5,0
16:50:32,7374.38,997,1000,6,1.5,0
16:50:32,7374.575,996,1000,6,1.5,0
16:50:32,7374.782,996,1000,6,1.5,0
16:50:32,7374.992,996,1000,6,1.5,0
16:50:33,7375.179,996,1000,6,1.5,0
16:50:33,7375.374,996,1000,6,1.5,0
16:50:33,7375.582,996,1000,6,1.5,0
16:50:33,7375.782,996,1000,6,1.5,0
16:50:33,7375.971,996,1000,6,1.5,0
16:50:34,7376.181,996,1000,6,1.5,0
16:50:34,7376.374,997,1000,6,1.5,0
16:50:34,7376.582,997,1000,6,1.5,0
16:50:34,7376.783,997,1000,6,1.5,0
16:50:34,7376.972,997,1000,6,1.5,0
16:50:35,7377.181,997,1000,6,1.5,0
16:50:35,7377.373,996,1000,6,1.5,0
16:50:35,7377.579,996,1000,6,1.5,0
16:50:35,7377.768,996,1000,6,1.5,0
16:50:35,7377.972,996,1000,6,1.5,0
16:50:36,7378.179,996,1000,6,1.5,0
16:50:36,7378.375,996,1000,6,1.5,0
16:50:36,7378.566,996,1000,6,1.5,0
16:50:36,7378.775,996,1000,6,1.5,0
16:50:36,7378.971,996,1000,6,1.5,0
16:50:37,7379.178,996,1000,6,1.5,0
16:50:37,7379.375,996,1000,6,1.5,0
16:50:37,7379.572,996,1000,6,1.5,0
16:50:37,7379.768,996,1000,6,1.5,0
16:50:37,7379.973,996,1000,6,1.5,0
16:50:38,7380.163,996,1000,6,1.5,0
16:50:38,7380.359,996,1000,6,1.5,0
16:50:38,7380.567,996,1000,6,1.5,0
16:50:38,7380.761,996,1000,6,1.5,0
16:50:38,7380.973,996,1000,6,1.5,0
16:50:39,7381.164,996,1000,6,1.5,0
16:50:39,7381.358,997,1000,6,1.5,0
16:50:39,7381.565,997,1000,6,1.5,0
16:50:39,7381.761,997,1000,6,1.5,0
16:50:39,7381.974,997,1000,6,1.5,0
16:50:40,7382.163,997,1000,6,1.5,0
16:50:40,7382.359,997,1000,6,1.5,0
16:50:40,7382.563,997,1000,6,1.5,0
16:50:40,7382.755,997,1000,6,1.5,0
16:50:40,7382.956,997,1000,6,1.5,0
16:50:41,7383.163,997,1000,6,1.5,0
16:50:41,7383.358,997,1000,6,1.5,0
16:50:41,7383.565,997,1000,6,1.5,0
16:50:41,7383.757,997,1000,6,1.5,0
16:50:41,7383.951,998,1000,6,1.5,0
16:50:41,7384.158,998,1000,6,1.5,0
16:50:42,7384.358,998,1000,6,1.5,0
16:50:42,7384.552,998,1000,6,1.5,0
16:50:42,7384.759,998,1000,6,1.5,0
16:50:42,7384.956,998,1000,6,1.5,0
16:50:42,7385.153,998,1000,6,1.5,0
16:50:43,7385.347,998,1000,6,1.5,0
16:50:43,7385.554,998,1000,6,1.5,0
16:50:43,7385.748,998,1000,6,1.5,0
16:50:43,7385.956,998,1000,6,1.5,0
16:50:43,7386.149,998,1000,6,1.5,0
16:50:44,7386.349,998,1000,6,1.5,0
16:50:44,7386.549,998,1000,6,1.5,0
16:50:44,7386.741,998,1000,6,1.5,0
16:50:44,7386.95,998,1000,6,1.5,0
16:50:44,7387.147,998,1000,6,1.5,0
16:50:45,7387.341,998,1000,6,1.5,0
16:50:45,7387.55,998,1000,6,1.5,0
16:50:45,7387.741,998,1000,6,1.5,0
16:50:45,7387.949,998,1000,6,1.5,0
16:50:45,7388.147,997,1000,6,1.5,0
16:50:46,7388.34,997,1000,6,1.5,0
16:50:46,7388.548,997,1000,6,1.5,0
16:50:46,7388.74,997,1000,6,1.5,0
16:50:46,7388.949,997,1000,6,1.5,0
16:50:46,7389.14,997,1000,6,1.5,0
16:50:47,7389.343,997,1000,6,1.5,0
16:50:47,7389.54,997,1000,6,1.5,0
16:50:47,7389.733,996,1000,6,1.5,0
16:50:47,7389.942,996,1000,6,1.5,0
16:50:47,7390.131,996,1000,6,1.5,0
16:50:48,7390.343,996,1000,6,1.5,0
16:50:48,7390.534,996,1000,6,1.5,0
16:50:48,7390.741,996,1000,6,1.5,0
16:50:48,7390.936,996,1000,6,1.5,0
16:50:48,7391.131,996,1000,6,1.5,0
16:50:49,7391.342,996,1000,6,1.5,0
16:50:49,7391.534,996,1000,6,1.5,0
16:50:49,7391.741,996,1000,6,1.5,0
16:50:49,7391.936,996,1000,6,1.5,0
16:50:49,7392.131,996,1000,6,1.5,0
16:50:50,7392.34,996,1000,6,1.5,0
16:50:50,7392.531,997,1000,6,1.5,0
16:50:50,7392.739,997,1000,6,1.5,0
16:50:50,7392.936,997,1000,6,1.5,0
16:50:50,7393.131,997,1000,6,1.5,0
16:50:51,7393.327,998,1000,6,1.5,0
16:50:51,7393.535,998,1000,6,1.5,0
16:50:51,7393.727,998,1000,6,1.5,0
16:50:51,7393.927,998,1000,6,1.5,0
16:50:51,7394.124,998,1000,6,1.5,0
16:50:52,7394.331,998,1000,6,1.5,0
16:50:52,7394.525,998,1000,6,1.5,0
16:50:52,7394.733,998,1000,6,1.5,0
16:50:52,7394.928,998,1000,6,1.5,0
16:50:52,7395.132,998,1000,6,1.5,0
16:50:53,7395.327,998,1000,6,1.5,0
16:50:53,7395.518,998,1000,6,1.5,0
16:50:53,7395.725,998,1000,6,1.5,0
16:50:53,7395.928,998,1000,6,1.5,0
16:50:53,7396.116,998,1000,6,1.5,0
16:50:54,7396.326,998,1000,6,1.5,0
16:50:54,7396.516,998,1000,6,1.5,0
16:50:54,7396.724,999,1000,6,1.5,0
16:50:54,7396.921,999,1000,6,1.5,0
16:50:54,7397.131,999,1000,6,1.5,0
16:50:55,7397.311,999,1000,6,1.5,0
16:50:55,7397.518,999,1000,6,1.5,0
16:50:55,7397.709,1000,1000,6,1.5,0
16:50:55,7397.914,1000,1000,6,1.5,0
16:50:55,7398.115,1000,1000,6,1.5,0
16:50:56,7398.307,1001,1000,6,1.5,0
16:50:56,7398.515,1001,1000,6,1.5,0
16:50:56,7398.707,1001,1000,6,1.5,0
16:50:56,7398.91,1001,1000,6,1.5,0
16:50:56,7399.111,1001,1000,6,1.5,0
16:50:57,7399.317,1002,1000,6,1.5,0
16:50:57,7399.508,1002,1000,6,1.5,0
16:50:57,7399.716,1002,1000,6,1.5,0
16:50:57,7399.914,1002,1000,6,1.5,0
16:50:57,7400.108,1003,1000,6,1.5,0
16:50:58,7400.311,1003,1000,6,1.5,0
16:50:58,7400.504,1003,1000,6,1.5,0
16:50:58,7400.712,1003,1000,6,1.5,0
16:50:58,7400.911,1003,1000,6,1.5,0
16:50:58,7401.108,1003,1000,6,1.5,0
16:50:59,7401.31,1003,1000,6,1.5,0
16:50:59,7401.501,1004,1000,6,1.5,0
16:50:59,7401.71,1004,1000,6,1.5,0
16:50:59,7401.91,1004,1000,6,1.5,0
16:50:59,7402.102,1004,1000,6,1.5,0
16:51:00,7402.309,1004,1000,6,1.5,0
16:51:00,7402.5,1004,1000,6,1.5,0
16:51:00,7402.708,1004,1000,6,1.5,0
16:51:00,7402.895,1004,1000,6,1.5,0
16:51:00,7403.096,1004,1000,6,1.5,0
16:51:01,7403.293,1003,1000,6,1.5,0
16:51:01,7403.5,1003,1000,6,1.5,0
16:51:01,7403.694,1003,1000,6,1.5,0
16:51:01,7403.894,1003,1000,6,1.5,0
16:51:01,7404.099,1003,1000,6,1.5,0
16:51:02,7404.295,1003,1000,6,1.5,0
16:51:02,7404.498,1003,1000,6,1.5,0
16:51:02,7404.69,1002,1000,6,1.5,0
16:51:02,7404.898,1002,1000,6,1.5,0
16:51:02,7405.102,1002,1000,6,1.5,0
16:51:03,7405.294,1002,1000,6,1.5,0
16:51:03,7405.487,1001,1000,6,1.5,0
16:51:03,7405.695,1001,1000,6,1.5,0
16:51:03,7405.896,1001,1000,6,1.5,0
16:51:03,7406.095,1001,1000,6,1.5,0
16:51:04,7406.291,1001,1000,6,1.5,0
16:51:04,7406.498,1001,1000,6,1.5,0
16:51:04,7406.691,1001,1000,6,1.5,0
16:51:04,7406.896,1001,1000,6,1.5,0
16:51:04,7407.095,1001,1000,6,1.5,0
16:51:05,7407.296,1001,1000,6,1.5,0
16:51:05,7407.488,1001,1000,6,1.5,0
16:51:05,7407.694,1001,1000,6,1.5,0
16:51:05,7407.894,1002,1000,6,1.5,0
16:51:05,7408.081,1002,1000,6,1.5,0
16:51:06,7408.291,1002,1000,6,1.5,0
16:51:06,7408.484,1002,1000,6,1.5,0
16:51:06,7408.688,1002,1000,6,1.5,0
16:51:06,7408.88,1003,1000,6,1.5,0
16:51:06,7409.086,1003,1000,6,1.5,0
16:51:07,7409.28,1003,1000,6,1.5,0
16:51:07,7409.481,1003,1000,6,1.5,0
16:51:07,7409.688,1003,1000,6,1.5,0
16:51:07,7409.882,1003,1000,6,1.5,0
16:51:07,7410.087,1004,1000,6,1.5,0
16:51:08,7410.286,1004,1000,6,1.5,0
16:51:08,7410.478,1003,1000,6,1.5,0
16:51:08,7410.686,1003,1000,6,1.5,0
16:51:08,7410.882,1003,1000,6,1.5,0
16:51:08,7411.073,1003,1000,6,1.5,0
16:51:09,7411.282,1003,1000,6,1.5,0
16:51:09,7411.47,1003,1000,6,1.5,0
16:51:09,7411.676,1003,1000,6,1.5,0
16:51:09,7411.875,1003,1000,6,1.5,0
16:51:09,7412.074,1003,1000,6,1.5,0
16:51:10,7412.278,1003,1000,6,1.5,0
16:51:10,7412.469,1002,1000,6,1.5,0
16:51:10,7412.676,1002,1000,6,1.5,0
16:51:10,7412.874,1002,1000,6,1.5,0
16:51:10,7413.069,1002,1000,6,1.5,0
16:51:11,7413.276,1002,1000,6,1.5,0
16:51:11,7413.468,1002,1000,6,1.5,0
16:51:11,7413.676,1002,1000,6,1.5,0
16:51:11,7413.878,1002,1000,6,1.5,0
16:51:11,7414.063,1002,1000,6,1.5,0
16:51:12,7414.271,1001,1000,6,1.5,0
16:51:12,7414.47,1001,1000,6,1.5,0
16:51:12,7414.662,1001,1000,6,1.5,0
16:51:12,7414.86,1001,1000,6,1.5,0
16:51:12,7415.07,1001,1000,6,1.5,0
16:51:13,7415.26,1000,1000,6,1.5,0
16:51:13,7415.468,1000,1000,6,1.5,0
16:51:13,7415.659,1000,1000,6,1.5,0
16:51:13,7415.86,1000,1000,6,1.5,0
16:51:13,7416.069,1000,1000,6,1.5,0
16:51:14,7416.261,1000,1000,6,1.5,0
16:51:14,7416.453,1000,1000,6,1.5,0
16:51:14,7416.664,1000,1000,6,1.5,0
16:51:14,7416.859,1000,1000,6,1.5,0
16:51:14,7417.054,999,1000,6,1.5,0
16:51:15,7417.262,999,1000,6,1.5,0
16:51:15,7417.454,999,1000,6,1.5,0
16:51:15,7417.661,999,1000,6,1.5,0
16:51:15,7417.86,999,1000,6,1.5,0
16:51:15,7418.054,999,1000,6,1.5,0
16:51:16,7418.262,999,1000,6,1.5,0
16:51:16,7418.451,1000,1000,6,1.5,0
16:51:16,7418.657,1000,1000,6,1.5,0
16:51:16,7418.86,1000,1000,6,1.5,0
16:51:16,7419.054,1000,1000,6,1.5,0
16:51:17,7419.248,1000,1000,6,1.5,0
16:51:17,7419.451,1000,1000,6,1.5,0
16:51:17,7419.656,1000,1000,6,1.5,0
16:51:17,7419.843,1000,1000,6,1.5,0
16:51:17,7420.055,1000,1000,6,1.5,0
16:51:18,7420.245,1000,1000,6,1.5,0
16:51:18,7420.452,1000,1000,6,1.5,0
16:51:18,7420.644,1000,1000,6,1.5,0
16:51:18,7420.845,1001,1000,6,1.5,0
16:51:18,7421.054,1001,1000,6,1.5,0
16:51:19,7421.246,1001,1000,6,1.5,0
16:51:19,7421.457,1001,1000,6,1.5,0
16:51:19,7421.647,1001,1000,6,1.5,0
16:51:19,7421.844,1001,1000,6,1.5,0
16:51:19,7422.04,1001,1000,6,1.5,0
16:51:20,7422.245,1001,1000,6,1.5,0
16:51:20,7422.437,1001,1000,6,1.5,0
16:51:20,7422.646,1002,1000,6,1.5,0
16:51:20,7422.843,1002,1000,6,1.5,0
16:51:20,7423.037,1002,1000,6,1.5,0
16:51:21,7423.245,1002,1000,6,1.5,0
16:51:21,7423.434,1002,1000,6,1.5,0
16:51:21,7423.643,1002,1000,6,1.5,0
16:51:21,7423.845,1003,1000,6,1.5,0
16:51:21,7424.046,1003,1000,6,1.5,0
16:51:22,7424.238,1003,1000,6,1.5,0
16:51:22,7424.441,1003,1000,6,1.5,0
16:51:22,7424.631,1004,1000,6,1.5,0
16:51:22,7424.843,1004,1000,6,1.5,0
16:51:22,7425.038,1004,1000,6,1.5,0
16:51:23,7425.23,1004,1000,6,1.5,0
16:51:23,7425.438,1004,1000,6,1.5,0
16:51:23,7425.63,1004,1000,6,1.5,0
16:51:23,7425.828,1005,1000,6,1.5,0
16:51:23,7426.038,1004,1000,6,1.5,0
16:51:24,7426.231,1004,1000,6,1.5,0
16:51:24,7426.439,1004,1000,6,1.5,0
16:51:24,7426.63,1005,1000,6,1.5,0
16:51:24,7426.829,1003,1000,6,1.5,0
16:51:24,7427.038,1001,1000,6,1.5,0
16:51:25,7427.23,1002,1000,6,1.5,0
16:51:25,7427.422,1003,1000,6,1.5,0
16:51:25,7427.631,1003,1000,6,1.5,0
16:51:25,7427.827,1004,1000,6,1.5,0
16:51:25,7428.021,1004,1000,6,1.5,0
16:51:26,7428.229,1005,1000,6,1.4,0
16:51:26,7428.421,1003,1000,6,1.5,0
16:51:26,7428.629,1000,1000,6,1.5,0
16:51:26,7428.827,998,1000,6,1.5,0
16:51:26,7429.018,996,1000,6,1.5,0
16:51:27,7429.233,995,1000,6,1.5,0
16:51:27,7429.43,994,1000,6,1.6,0
16:51:27,7429.626,995,1000,6,1.5,0
16:51:27,7429.827,996,1000,6,1.5,0
16:51:27,7430.021,997,1000,6,1.5,0
16:51:28,7430.227,998,1000,6,1.5,0
16:51:28,7430.419,999,1000,6,1.5,0
16:51:28,7430.626,999,1000,6,1.5,0
16:51:28,7430.812,1000,1000,6,1.5,0
16:51:28,7431.023,1000,1000,6,1.5,0
16:51:29,7431.213,1001,1000,6,1.5,0
16:51:29,7431.42,1001,1000,6,1.5,0
16:51:29,7431.613,1001,1000,6,1.5,0
16:51:29,7431.812,1001,1000,6,1.5,0
16:51:29,7432.021,1001,1000,6,1.5,0
16:51:30,7432.213,1000,1000,6,1.5,0
16:51:30,7432.422,1000,1000,6,1.5,0
16:51:30,7432.615,1000,1000,6,1.5,0
16:51:30,7432.811,1000,1000,6,1.5,0
16:51:30,7433.006,1000,1000,6,1.5,0
16:51:31,7433.214,1000,1000,6,1.5,0
16:51:31,7433.406,999,1000,6,1.5,0
16:51:31,7433.614,999,1000,6,1.5,0
16:51:31,7433.811,999,1000,6,1.5,0
16:51:31,7434.014,999,1000,6,1.5,0
16:51:32,7434.207,999,1000,6,1.5,0
16:51:32,7434.414,998,1000,6,1.5,0
16:51:32,7434.604,998,1000,6,1.5,0
16:51:32,7434.811,998,1000,6,1.5,0
16:51:32,7435.008,998,1000,6,1.5,0
16:51:33,7435.214,998,1000,6,1.5,0
16:51:33,7435.405,997,1000,6,1.5,0
16:51:33,7435.597,997,1000,6,1.5,0
16:51:33,7435.811,997,1000,6,1.5,0
16:51:33,7436.006,997,1000,6,1.5,0
16:51:34,7436.214,997,1000,6,1.5,0
16:51:34,7436.406,997,1000,6,1.5,0
16:51:34,7436.599,997,1000,6,1.5,0
16:51:34,7436.811,997,1000,6,1.5,0
16:51:34,7437.007,997,1000,6,1.5,0
16:51:35,7437.199,996,1000,6,1.5,0
16:51:35,7437.402,996,1000,6,1.5,0
16:51:35,7437.594,996,1000,6,1.5,0
16:51:35,7437.795,996,1000,6,1.5,0
16:51:35,7438.006,996,1000,6,1.5,0
16:51:36,7438.194,996,1000,6,1.5,0
16:51:36,7438.403,996,1000,6,1.5,0
16:51:36,7438.594,996,1000,6,1.5,0
16:51:36,7438.795,996,1000,6,1.5,0
16:51:36,7439.002,996,1000,6,1.5,0
16:51:37,7439.194,996,1000,6,1.5,0
16:51:37,7439.392,996,1000,6,1.5,0
16:51:37,7439.587,996,1000,6,1.5,0
16:51:37,7439.789,996,1000,6,1.5,0
16:51:37,7439.993,996,1000,6,1.5,0
16:51:38,7440.193,996,1000,6,1.5,0
16:51:38,7440.388,996,1000,6,1.5,0
16:51:38,7440.595,996,1000,6,1.5,0
16:51:38,7440.796,996,1000,6,1.5,0
16:51:38,7440.989,996,1000,6,1.5,0
16:51:39,7441.194,996,1000,6,1.5,0
16:51:39,7441.385,996,1000,6,1.5,0
16:51:39,7441.593,996,1000,6,1.5,0
16:51:39,7441.782,996,1000,6,1.5,0
16:51:39,7441.993,996,1000,6,1.5,0
16:51:40,7442.193,996,1000,6,1.5,0
16:51:40,7442.388,996,1000,6,1.5,0
16:51:40,7442.579,996,1000,6,1.5,0
16:51:40,7442.781,996,1000,6,1.5,0
16:51:40,7442.986,996,1000,6,1.5,0
16:51:41,7443.177,996,1000,6,1.5,0
16:51:41,7443.388,996,1000,6,1.5,0
16:51:41,7443.579,996,1000,6,1.5,0
16:51:41,7443.781,996,1000,6,1.5,0
16:51:41,7443.987,996,1000,6,1.5,0
16:51:42,7444.178,996,1000,6,1.5,0
16:51:42,7444.382,996,1000,6,1.5,0
16:51:42,7444.577,996,1000,6,1.5,0
16:51:42,7444.782,996,1000,6,1.5,0
16:51:42,7444.992,996,1000,6,1.5,0
16:51:43,7445.178,996,1000,6,1.5,0
16:51:43,7445.374,996,1000,6,1.5,0
16:51:43,7445.584,996,1000,6,1.5,0
16:51:43,7445.775,996,1000,6,1.5,0
16:51:43,7445.972,996,1000,6,1.5,0
16:51:44,7446.178,997,1000,6,1.5,0
16:51:44,7446.374,997,1000,6,1.5,0
16:51:44,7446.568,997,1000,6,1.5,0
16:51:44,7446.774,997,1000,6,1.5,0
16:51:44,7446.97,997,1000,6,1.5,0
16:51:45,7447.179,997,1000,6,1.5,0
16:51:45,7447.373,997,1000,6,1.5,0
16:51:45,7447.568,998,1000,6,1.5,0
16:51:45,7447.77,998,1000,6,1.5,0
16:51:45,7447.97,998,1000,6,1.5,0
16:51:46,7448.163,998,1000,6,1.5,0
16:51:46,7448.372,998,1000,6,1.5,0
16:51:46,7448.564,999,1000,6,1.5,0
16:51:46,7448.767,999,1000,6,1.5,0
16:51:46,7448.964,999,1000,6,1.5,0
16:51:47,7449.171,999,1000,6,1.5,0
16:51:47,7449.374,999,1000,6,1.5,0
16:51:47,7449.573,999,1000,6,1.5,0
16:51:47,7449.76,1000,1000,6,1.5,0
16:51:47,7449.972,1000,1000,6,1.5,0
16:51:48,7450.163,1000,1000,6,1.5,0
16:51:48,7450.356,1000,1000,6,1.5,0
16:51:48,7450.564,1000,1000,6,1.5,0
16:51:48,7450.76,1000,1000,6,1.5,0
16:51:48,7450.97,1000,1000,6,1.5,0
16:51:49,7451.164,1001,1000,6,1.5,0
16:51:49,7451.356,1001,1000,6,1.5,0
16:51:49,7451.563,1001,1000,6,1.5,0
16:51:49,7451.755,1002,1000,6,1.5,0
16:51:49,7451.972,1002,1000,6,1.5,0
16:51:50,7452.161,1002,1000,6,1.5,0
16:51:50,7452.356,1002,1000,6,1.5,0
16:51:50,7452.563,1002,1000,6,1.5,0
16:51:50,7452.755,1002,1000,6,1.5,0
16:51:50,7452.955,1002,1000,6,1.5,0
16:51:51,7453.162,1002,1000,6,1.5,0
16:51:51,7453.355,1002,1000,6,1.5,0
16:51:51,7453.547,1003,1000,6,1.5,0
16:51:51,7453.755,1003,1000,6,1.5,0
16:51:51,7453.957,1003,1000,6,1.5,0
16:51:51,7454.149,1003,1000,6,1.5,0
16:51:52,7454.365,1003,1000,6,1.5,0
16:51:52,7454.546,1003,1000,6,1.5,0
16:51:52,7454.754,1002,1000,6,1.5,0
16:51:52,7454.955,1002,1000,6,1.5,0
16:51:52,7455.15,1002,1000,6,1.5,0
16:51:53,7455.354,1002,1000,6,1.5,0
16:51:53,7455.545,1002,1000,6,1.5,0
16:51:53,7455.754,1002,1000,6,1.5,0
16:51:53,7455.943,1002,1000,6,1.5,0
16:51:53,7456.146,1002,1000,6,1.5,0
16:51:54,7456.34,1002,1000,6,1.5,0
16:51:54,7456.548,1001,1000,6,1.5,0
16:51:54,7456.74,1001,1000,6,1.5,0
16:51:54,7456.941,1001,1000,6,1.5,0
16:51:54,7457.148,1001,1000,6,1.5,0
16:51:55,7457.339,1001,1000,6,1.5,0
16:51:55,7457.546,1001,1000,6,1.5,0
16:51:55,7457.738,1001,1000,6,1.5,0
16:51:55,7457.941,1001,1000,6,1.5,0
16:51:55,7458.147,1001,1000,6,1.5,0
16:51:56,7458.341,1001,1000,6,1.5,0
16:51:56,7458.548,1001,1000,6,1.5,0
16:51:56,7458.74,1001,1000,6,1.5,0
16:51:56,7458.955,1001,1000,6,1.5,0
16:51:56,7459.145,1001,1000,6,1.5,0
16:51:57,7459.337,1001,1000,6,1.5,0
16:51:57,7459.546,1001,1000,6,1.5,0
16:51:57,7459.738,1001,1000,6,1.5,0
16:51:57,7459.934,1001,1000,6,1.5,0
16:51:57,7460.13,1000,1000,6,1.5,0
16:51:58,7460.339,1000,1000,6,1.5,0
16:51:58,7460.53,1000,1000,6,1.5,0
16:51:58,7460.739,1000,1000,6,1.5,0
16:51:58,7460.927,1000,1000,6,1.5,0
16:51:58,7461.131,1000,1000,6,1.5,0
16:51:59,7461.325,1000,1000,6,1.5,0
16:51:59,7461.531,1000,1000,6,1.5,0
16:51:59,7461.738,1000,1000,6,1.5,0
16:51:59,7461.927,1000,1000,6,1.5,0
16:51:59,7462.13,1000,1000,6,1.5,0
16:52:00,7462.324,1000,1000,6,1.5,0
16:52:00,7462.531,1000,1000,6,1.5,0
16:52:00,7462.723,1000,1000,6,1.5,0
16:52:00,7462.927,1000,1000,6,1.5,0
16:52:00,7463.13,1000,1000,6,1.5,0
16:52:01,7463.326,1000,1000,6,1.5,0
16:52:01,7463.533,1000,1000,6,1.5,0
16:52:01,7463.725,1001,1000,6,1.5,0
16:52:01,7463.921,1001,1000,6,1.5,0
16:52:01,7464.13,1001,1000,6,1.5,0
16:52:02,7464.323,1001,1000,6,1.5,0
16:52:02,7464.529,1001,1000,6,1.5,0
16:52:02,7464.72,1001,1000,6,1.5,0
16:52:02,7464.921,1001,1000,6,1.5,0
16:52:02,7465.115,1001,1000,6,1.5,0
16:52:03,7465.315,1002,1000,6,1.5,0
16:52:03,7465.523,1002,1000,6,1.5,0
16:52:03,7465.73,1002,1000,6,1.5,0
16:52:03,7465.914,1002,1000,6,1.5,0
16:52:03,7466.128,1002,1000,6,1.5,0
16:52:04,7466.317,1002,1000,6,1.5,0
16:52:04,7466.518,1002,1000,6,1.5,0
16:52:04,7466.721,1002,1000,6,1.5,0
16:52:04,7466.914,1002,1000,6,1.5,0
16:52:04,7467.128,1003,1000,6,1.5,0
16:52:05,7467.316,1003,1000,6,1.5,0
16:52:05,7467.509,1002,1000,6,1.5,0
16:52:05,7467.718,1002,1000,6,1.5,0
16:52:05,7467.913,1002,1000,6,1.5,0
16:52:05,7468.108,1002,1000,6,1.5,0
16:52:06,7468.317,1002,1000,6,1.5,0
16:52:06,7468.509,1002,1000,6,1.5,0
16:52:06,7468.711,1002,1000,6,1.5,0
16:52:06,7468.914,1003,1000,6,1.5,0
16:52:06,7469.108,1003,1000,6,1.5,0
16:52:07,7469.316,1003,1000,6,1.5,0
16:52:07,7469.509,1003,1000,6,1.5,0
16:52:07,7469.708,1003,1000,6,1.5,0
16:52:07,7469.915,1003,1000,6,1.5,0
16:52:07,7470.109,1003,1000,6,1.5,0
16:52:08,7470.301,1003,1000,6,1.5,0
16:52:08,7470.511,1003,1000,6,1.5,0
16:52:08,7470.706,1004,1000,6,1.5,0
16:52:08,7470.9,1004,1000,6,1.5,0
16:52:08,7471.108,1003,1000,6,1.5,0
16:52:09,7471.301,1004,1000,6,1.5,0
16:52:09,7471.503,1004,1000,6,1.5,0
16:52:09,7471.706,1004,1000,6,1.5,0
16:52:09,7471.9,1004,1000,6,1.5,0
16:52:09,7472.109,1004,1000,6,1.5,0
16:52:10,7472.313,1004,1000,6,1.5,0
16:52:10,7472.499,1004,1000,6,1.5,0
16:52:10,7472.706,1004,1000,6,1.5,0
16:52:10,7472.9,1004,1000,6,1.5,0
16:52:10,7473.094,1005,1000,6,1.4,0
16:52:11,7473.301,1003,1000,6,1.5,0
16:52:11,7473.498,1001,1000,6,1.5,0
16:52:11,7473.692,999,1000,6,1.5,0
16:52:11,7473.9,997,1000,6,1.5,0
16:52:11,7474.095,996,1000,6,1.5,0
16:52:12,7474.295,995,1000,6,1.5,0
16:52:12,7474.497,994,1000,6,1.6,0
16:52:12,7474.692,996,1000,6,1.5,0
16:52:12,7474.9,997,1000,6,1.5,0
16:52:12,7475.093,999,1000,6,1.5,0
16:52:13,7475.292,1000,1000,6,1.5,0
16:52:13,7475.491,1001,1000,6,1.5,0
16:52:13,7475.685,1003,1000,6,1.5,0
16:52:13,7475.893,1003,1000,6,1.5,0
16:52:13,7476.086,1004,1000,6,1.5,0
16:52:14,7476.294,1005,1000,6,1.4,0
16:52:14,7476.49,1002,1000,6,1.5,0
16:52:14,7476.685,1000,1000,6,1.5,0
16:52:14,7476.893,998,1000,6,1.5,0
16:52:14,7477.087,997,1000,6,1.5,0
16:52:15,7477.287,996,1000,6,1.5,0
16:52:15,7477.49,995,1000,6,1.5,0
16:52:15,7477.685,993,1000,6,1.6,0
16:52:15,7477.878,994,1000,6,1.6,0
16:52:15,7478.088,996,1000,6,1.5,0
16:52:16,7478.284,998,1000,6,1.5,0
16:52:16,7478.482,999,1000,6,1.5,0
16:52:16,7478.685,1000,1000,6,1.5,0
16:52:16,7478.877,1001,1000,6,1.5,0
16:52:16,7479.086,1001,1000,6,1.5,0
16:52:17,7479.282,1002,1000,6,1.5,0
16:52:17,7479.476,1002,1000,6,1.5,0
16:52:17,7479.685,1002,1000,6,1.5,0
16:52:17,7479.877,1002,1000,6,1.5,0
16:52:17,7480.08,1002,1000,6,1.5,0
16:52:18,7480.282,1002,1000,6,1.5,0
16:52:18,7480.478,1002,1000,6,1.5,0
16:52:18,7480.684,1002,1000,6,1.5,0
16:52:18,7480.877,1002,1000,6,1.5,0
16:52:18,7481.075,1002,1000,6,1.5,0
16:52:19,7481.282,1002,1000,6,1.5,0
16:52:19,7481.477,1002,1000,6,1.5,0
16:52:19,7481.669,1002,1000,6,1.5,0
16:52:19,7481.878,1002,1000,6,1.5,0
16:52:19,7482.074,1002,1000,6,1.5,0
16:52:20,7482.268,1002,1000,6,1.5,0
16:52:20,7482.476,1002,1000,6,1.5,0
16:52:20,7482.669,1002,1000,6,1.5,0
16:52:20,7482.878,1002,1000,6,1.5,0
16:52:20,7483.07,1002,1000,6,1.5,0
16:52:21,7483.269,1002,1000,6,1.5,0
16:52:21,7483.476,1002,1000,6,1.5,0
16:52:21,7483.671,1001,1000,6,1.5,0
16:52:21,7483.865,1001,1000,6,1.5,0
16:52:21,7484.072,1001,1000,6,1.5,0
16:52:22,7484.268,1001,1000,6,1.5,0
16:52:22,7484.462,1002,1000,6,1.5,0
16:52:22,7484.671,1002,1000,6,1.5,0
16:52:22,7484.865,1002,1000,6,1.5,0
16:52:22,7485.066,1002,1000,6,1.5,0
16:52:23,7485.268,1002,1000,6,1.5,0
16:52:23,7485.462,1002,1000,6,1.5,0
16:52:23,7485.67,1002,1000,6,1.5,0
16:52:23,7485.865,1003,1000,6,1.5,0
16:52:23,7486.062,1003,1000,6,1.5,0
16:52:24,7486.268,1003,1000,6,1.5,0
16:52:24,7486.462,1003,1000,6,1.5,0
16:52:24,7486.655,1004,1000,6,1.5,0
16:52:24,7486.865,1004,1000,6,1.5,0
16:52:24,7487.059,1004,1000,6,1.5,0
16:52:25,7487.259,1004,1000,6,1.5,0
16:52:25,7487.462,1005,1000,6,1.5,0
16:52:25,7487.655,1002,1000,6,1.5,0
16:52:25,7487.865,1001,1000,6,1.5,0
16:52:25,7488.059,1002,1000,6,1.5,0
16:52:26,7488.254,1003,1000,6,1.5,0
16:52:26,7488.462,1004,1000,6,1.5,0
16:52:26,7488.655,1004,1000,6,1.5,0
16:52:26,7488.856,1005,1000,6,1.4,0
16:52:26,7489.06,1004,1000,6,1.5,0
16:52:27,7489.254,1002,1000,6,1.5,0
16:52:27,7489.447,1000,1000,6,1.5,0
16:52:27,7489.655,998,1000,6,1.5,0
16:52:27,7489.852,997,1000,6,1.5,0
16:52:27,7490.051,996,1000,6,1.5,0
16:52:28,7490.254,995,1000,6,1.5,0
16:52:28,7490.447,995,1000,6,1.5,0
16:52:28,7490.655,995,1000,6,1.5,0
16:52:28,7490.851,994,1000,6,1.6,0
16:52:28,7491.052,996,1000,6,1.5,0
16:52:29,7491.247,999,1000,6,1.5,0
16:52:29,7491.455,1001,1000,6,1.5,0
16:52:29,7491.648,1003,1000,6,1.5,0
16:52:29,7491.847,1004,1000,6,1.5,0
16:52:29,7492.054,1006,1000,6,1.4,0
16:52:30,7492.247,1004,1000,6,1.5,0
16:52:30,7492.44,1003,1000,6,1.5,0
16:52:30,7492.648,1002,1000,6,1.5,0
16:52:30,7492.844,1001,1000,6,1.5,0
16:52:30,7493.038,1000,1000,6,1.5,0
16:52:31,7493.247,1000,1000,6,1.5,0
16:52:31,7493.44,999,1000,6,1.5,0
16:52:31,7493.642,999,1000,6,1.5,0
16:52:31,7493.844,999,1000,6,1.5,0
16:52:31,7494.038,999,1000,6,1.5,0
16:52:32,7494.247,999,1000,6,1.5,0
16:52:32,7494.44,998,1000,6,1.5,0
16:52:32,7494.638,998,1000,6,1.5,0
16:52:32,7494.844,999,1000,6,1.5,0
16:52:32,7495.038,999,1000,6,1.5,0
16:52:33,7495.231,999,1000,6,1.5,0
16:52:33,7495.44,999,1000,6,1.5,0
16:52:33,7495.636,999,1000,6,1.5,0
16:52:33,7495.83,999,1000,6,1.5,0
16:52:33,7496.039,999,1000,6,1.5,0
16:52:34,7496.231,999,1000,6,1.5,0
16:52:34,7496.434,999,1000,6,1.5,0
16:52:34,7496.64,999,1000,6,1.5,0
16:52:34,7496.827,1000,1000,6,1.5,0
16:52:34,7497.039,1000,1000,6,1.5,0
16:52:35,7497.229,1000,1000,6,1.5,0
16:52:35,7497.436,1000,1000,6,1.5,0
16:52:35,7497.627,1000,1000,6,1.5,0
16:52:35,7497.828,1000,1000,6,1.5,0
16:52:35,7498.037,1001,1000,6,1.5,0
16:52:36,7498.234,1001,1000,6,1.5,0
16:52:36,7498.426,1001,1000,6,1.5,0
16:52:36,7498.634,1002,1000,6,1.5,0
16:52:36,7498.828,1002,1000,6,1.5,0
16:52:36,7499.025,1002,1000,6,1.5,0
16:52:37,7499.219,1003,1000,6,1.5,0
16:52:37,7499.433,1002,1000,6,1.5,0
16:52:37,7499.624,1003,1000,6,1.5,0
16:52:37,7499.827,1003,1000,6,1.5,0
16:52:37,7500.024,1003,1000,6,1.5,0
16:52:38,7500.229,1004,1000,6,1.5,0
16:52:38,7500.421,1005,1000,6,1.4,0
16:52:38,7500.628,1006,1000,6,1.4,0
16:52:38,7500.829,1007,1000,6,1.4,0
16:52:38,7501.023,1008,1000,6,1.4,0
16:52:39,7501.228,1007,1000,6,1.4,0
16:52:39,7501.421,1006,1000,6,1.4,0
16:52:39,7501.612,1005,1000,6,1.4,0
16:52:39,7501.811,1006,1000,6,1.4,0
16:52:39,7502.021,1006,1000,5,1.3,0
16:52:40,7502.212,1005,1000,5,1.4,0
16:52:40,7502.42,1005,1000,5,1.4,0
16:52:40,7502.611,1004,1000,5,1.4,0
16:52:40,7502.81,1005,1000,5,1.3,0
16:52:40,7503.022,1004,1000,5,1.4,0
16:52:41,7503.212,1005,1000,5,1.3,0
16:52:41,7503.418,1004,1000,5,1.4,0
16:52:41,7503.609,1004,1000,5,1.4,0
16:52:41,7503.81,1006,1000,5,1.3,0
16:52:41,7504.015,1005,1000,5,1.3,0
16:52:42,7504.207,1003,1000,5,1.4,0
16:52:42,7504.407,1004,1000,5,1.4,0
16:52:42,7504.617,1005,1000,5,1.3,0
16:52:42,7504.81,1005,1000,5,1.3,0
16:52:42,7505.007,1004,1000,5,1.4,0
16:52:43,7505.213,1003,1000,5,1.4,0
16:52:43,7505.406,1002,1000,5,1.4,0
16:52:43,7505.613,1001,1000,5,1.4,0
16:52:43,7505.812,1000,1000,5,1.4,0
16:52:43,7506.006,1000,1000,5,1.4,0
16:52:44,7506.212,1000,1000,5,1.4,0
16:52:44,7506.403,1000,1000,5,1.4,0
16:52:44,7506.61,1000,1000,5,1.4,0
16:52:44,7506.81,1000,1000,5,1.4,0
16:52:44,7507.004,1000,1000,5,1.4,0
16:52:45,7507.209,1000,1000,5,1.4,0
16:52:45,7507.403,1000,1000,5,1.4,0
16:52:45,7507.594,1001,1000,5,1.4,0
16:52:45,7507.795,1001,1000,5,1.4,0
16:52:45,7508.005,1001,1000,5,1.4,0
16:52:46,7508.193,1001,1000,5,1.4,0
16:52:46,7508.402,1002,1000,5,1.4,0
16:52:46,7508.594,1002,1000,5,1.4,0
16:52:46,7508.795,1003,1000,5,1.4,0
16:52:46,7509.006,1003,1000,5,1.4,0
16:52:47,7509.198,1004,1000,5,1.4,0
16:52:47,7509.396,1004,1000,5,1.4,0
16:52:47,7509.593,1005,1000,5,1.3,0
16:52:47,7509.795,1005,1000,5,1.3,0
16:52:47,7510.004,1006,1000,5,1.3,0
16:52:48,7510.193,1006,1000,5,1.3,0
16:52:48,7510.387,1007,1000,5,1.3,0
16:52:48,7510.594,1008,1000,5,1.2,0
16:52:48,7510.795,1006,1000,5,1.2,0
16:52:48,7510.989,1005,1000,5,1.3,0
16:52:49,7511.197,1005,1000,5,1.2,0
16:52:49,7511.388,1004,1000,5,1.3,0
16:52:49,7511.594,1005,1000,5,1.2,0
16:52:49,7511.795,1004,1000,5,1.3,0
16:52:49,7511.989,1006,1000,5,1.2,0
16:52:50,7512.193,1006,1000,5,1.2,0
16:52:50,7512.386,1005,1000,5,1.2,0
16:52:50,7512.593,1004,1000,5,1.3,0
16:52:50,7512.787,1006,1000,5,1.2,0
16:52:50,7512.988,1005,1000,5,1.2,0
16:52:51,7513.179,1004,1000,5,1.3,0
16:52:51,7513.379,1005,1000,5,1.2,0
16:52:51,7513.586,1004,1000,5,1.3,0
16:52:51,7513.78,1004,1000,5,1.3,0
16:52:51,7513.988,1006,1000,5,1.2,0
16:52:52,7514.183,1005,1000,5,1.2,0
16:52:52,7514.379,1003,1000,5,1.2,0
16:52:52,7514.577,1004,1000,5,1.2,0
16:52:52,7514.78,1004,1000,5,1.2,0
16:52:52,7514.988,1004,1000,5,1.2,0
16:52:53,7515.177,1004,1000,5,1.2,0
16:52:53,7515.373,1005,1000,5,1.2,0
16:52:53,7515.581,1004,1000,5,1.2,0
16:52:53,7515.781,1004,1000,5,1.2,0
16:52:53,7515.986,1004,1000,5,1.2,0
16:52:54,7516.177,1004,1000,5,1.2,0
16:52:54,7516.37,1004,1000,5,1.2,0
16:52:54,7516.578,1005,1000,5,1.2,0
16:52:54,7516.781,1004,1000,5,1.2,0
16:52:54,7516.971,1004,1000,5,1.2,0
16:52:55,7517.177,1004,1000,5,1.2,0
16:52:55,7517.371,1005,1000,5,1.2,0
16:52:55,7517.577,1004,1000,5,1.2,0
16:52:55,7517.773,1003,1000,5,1.2,0
16:52:55,7517.971,1004,1000,5,1.2,0
16:52:56,7518.178,1004,1000,5,1.2,0
16:52:56,7518.373,1005,1000,5,1.2,0
16:52:56,7518.565,1004,1000,5,1.2,0
16:52:56,7518.774,1004,1000,5,1.2,0
16:52:56,7518.97,1005,1000,5,1.1,0
16:52:57,7519.162,1004,1000,5,1.2,0
16:52:57,7519.366,1003,1000,5,1.2,0
16:52:57,7519.562,1004,1000,5,1.2,0
16:52:57,7519.766,1004,1000,5,1.2,0
16:52:57,7519.971,1005,1000,5,1.1,0
16:52:58,7520.163,1004,1000,5,1.2,0
16:52:58,7520.372,1004,1000,5,1.2,0
16:52:58,7520.563,1004,1000,5,1.2,0
16:52:58,7520.767,1004,1000,5,1.2,0
16:52:58,7520.97,1004,1000,5,1.2,0
16:52:59,7521.163,1004,1000,5,1.2,0
16:52:59,7521.357,1003,1000,5,1.2,0
16:52:59,7521.564,1003,1000,5,1.2,0
16:52:59,7521.759,1002,1000,5,1.2,0
16:52:59,7521.955,1002,1000,5,1.2,0
16:53:00,7522.163,1001,1000,5,1.2,0
16:53:00,7522.356,1001,1000,5,1.2,0
16:53:00,7522.564,1001,1000,5,1.2,0
16:53:00,7522.757,1000,1000,5,1.2,0
16:53:00,7522.97,1000,1000,5,1.2,0
16:53:01,7523.161,999,1000,5,1.2,0
16:53:01,7523.355,999,1000,5,1.2,0
16:53:01,7523.563,999,1000,5,1.2,0
16:53:01,7523.756,999,1000,5,1.2,0
16:53:01,7523.959,998,1000,5,1.2,0
16:53:01,7524.155,998,1000,5,1.2,0
16:53:02,7524.351,998,1000,5,1.2,0
16:53:02,7524.546,998,1000,5,1.2,0
16:53:02,7524.753,998,1000,5,1.2,0
16:53:02,7524.947,997,1000,5,1.2,0
16:53:02,7525.152,997,1000,5,1.2,0
16:53:03,7525.358,997,1000,5,1.2,0
16:53:03,7525.548,997,1000,5,1.2,0
16:53:03,7525.756,997,1000,5,1.2,0
16:53:03,7525.947,997,1000,5,1.2,0
16:53:03,7526.145,998,1000,5,1.2,0
16:53:04,7526.354,998,1000,5,1.2,0
16:53:04,7526.546,998,1000,5,1.2,0
16:53:04,7526.754,998,1000,5,1.2,0
16:53:04,7526.94,999,1000,5,1.2,0
16:53:04,7527.146,999,1000,5,1.2,0
16:53:05,7527.337,999,1000,5,1.2,0
16:53:05,7527.545,999,1000,5,1.2,0
16:53:05,7527.737,1000,1000,5,1.2,0
16:53:05,7527.947,1000,1000,5,1.2,0
16:53:05,7528.148,1000,1000,5,1.2,0
16:53:06,7528.339,1000,1000,5,1.2,0
16:53:06,7528.546,1000,1000,5,1.2,0
16:53:06,7528.739,1000,1000,5,1.2,0
16:53:06,7528.94,1000,1000,5,1.2,0
16:53:06,7529.147,1001,1000,5,1.2,0
16:53:07,7529.336,1001,1000,5,1.2,0
16:53:07,7529.544,1001,1000,5,1.2,0
16:53:07,7529.736,1001,1000,5,1.2,0
16:53:07,7529.94,1001,1000,5,1.2,0
16:53:07,7530.13,1001,1000,5,1.2,0
16:53:08,7530.34,1001,1000,5,1.2,0
16:53:08,7530.532,1001,1000,5,1.2,0
16:53:08,7530.739,1001,1000,5,1.2,0
16:53:08,7530.94,1002,1000,5,1.2,0
16:53:08,7531.13,1002,1000,5,1.2,0
16:53:09,7531.341,1002,1000,5,1.2,0
16:53:09,7531.533,1002,1000,5,1.2,0
16:53:09,7531.727,1002,1000,5,1.2,0
16:53:09,7531.926,1002,1000,5,1.2,0
16:53:09,7532.129,1003,1000,5,1.2,0
16:53:10,7532.338,1003,1000,5,1.2,0
16:53:10,7532.528,1003,1000,5,1.2,0
16:53:10,7532.734,1003,1000,5,1.2,0
16:53:10,7532.926,1003,1000,5,1.2,0
16:53:10,7533.129,1003,1000,5,1.2,0
16:53:11,7533.323,1003,1000,5,1.2,0
16:53:11,7533.531,1004,1000,5,1.2,0
16:53:11,7533.721,1004,1000,5,1.2,0
16:53:11,7533.92,1004,1000,5,1.2,0
16:53:11,7534.132,1004,1000,5,1.2,0
16:53:12,7534.322,1004,1000,5,1.2,0
16:53:12,7534.529,1004,1000,5,1.2,0
16:53:12,7534.72,1004,1000,5,1.2,0
16:53:12,7534.926,1004,1000,5,1.2,0
16:53:12,7535.114,1004,1000,5,1.2,0
16:53:13,7535.324,1004,1000,5,1.2,0
16:53:13,7535.516,1004,1000,5,1.2,0
16:53:13,7535.723,1004,1000,5,1.2,0
16:53:13,7535.92,1004,1000,5,1.2,0
16:53:13,7536.129,1004,1000,5,1.2,0
16:53:14,7536.322,1004,1000,5,1.2,0
16:53:14,7536.514,1004,1000,5,1.2,0
16:53:14,7536.722,1004,1000,5,1.2,0
16:53:14,7536.92,1004,1000,5,1.2,0
16:53:14,7537.129,1004,1000,5,1.2,0
16:53:15,7537.322,1004,1000,5,1.2,0
16:53:15,7537.512,1004,1000,5,1.2,0
16:53:15,7537.721,1004,1000,5,1.2,0
16:53:15,7537.912,1004,1000,5,1.2,0
16:53:15,7538.107,1005,1000,5,1.1,0
16:53:16,7538.308,1003,1000,5,1.2,0
16:53:16,7538.516,1003,1000,5,1.2,0
16:53:16,7538.707,1003,1000,5,1.2,0
16:53:16,7538.909,1004,1000,5,1.2,0
16:53:16,7539.113,1004,1000,5,1.2,0
16:53:17,7539.308,1005,1000,4,1.1,0
16:53:17,7539.513,1004,1000,4,1.2,0
16:53:17,7539.707,1003,1000,4,1.2,0
16:53:17,7539.914,1002,1000,4,1.2,0
16:53:17,7540.107,1001,1000,4,1.2,0
16:53:18,7540.307,1001,1000,4,1.2,0
16:53:18,7540.498,1001,1000,4,1.2,0
16:53:18,7540.706,1000,1000,4,1.2,0
16:53:18,7540.911,1000,1000,4,1.2,0
16:53:18,7541.107,1000,1000,4,1.2,0
16:53:19,7541.304,1000,1000,4,1.2,0
16:53:19,7541.495,1000,1000,4,1.2,0
16:53:19,7541.701,1000,1000,4,1.2,0
16:53:19,7541.895,1000,1000,4,1.2,0
16:53:19,7542.1,1000,1000,4,1.2,0
16:53:20,7542.308,1000,1000,4,1.2,0
16:53:20,7542.499,1000,1000,4,1.2,0
16:53:20,7542.707,1000,1000,4,1.2,0
16:53:20,7542.894,1000,1000,4,1.2,0
16:53:20,7543.1,1000,1000,4,1.2,0
16:53:21,7543.305,1001,1000,4,1.2,0
16:53:21,7543.494,1001,1000,4,1.2,0
16:53:21,7543.701,1001,1000,4,1.2,0
16:53:21,7543.894,1001,1000,4,1.2,0
16:53:21,7544.097,1001,1000,4,1.2,0
16:53:22,7544.295,1001,1000,4,1.2,0
16:53:22,7544.497,1001,1000,4,1.2,0
16:53:22,7544.69,1001,1000,4,1.2,0
16:53:22,7544.893,1001,1000,4,1.2,0
16:53:22,7545.093,1001,1000,4,1.2,0
16:53:23,7545.292,1001,1000,4,1.2,0
16:53:23,7545.484,1001,1000,4,1.2,0
16:53:23,7545.692,1001,1000,4,1.2,0
16:53:23,7545.893,1001,1000,4,1.2,0
16:53:23,7546.086,1001,1000,4,1.2,0
16:53:24,7546.291,1001,1000,4,1.2,0
16:53:24,7546.482,1001,1000,4,1.2,0
16:53:24,7546.688,1000,1000,4,1.2,0
16:53:24,7546.893,1000,1000,4,1.2,0
16:53:24,7547.086,1000,1000,4,1.2,0
16:53:25,7547.292,999,1000,4,1.2,0
16:53:25,7547.484,999,1000,4,1.2,0
16:53:25,7547.691,999,1000,4,1.2,0
16:53:25,7547.894,999,1000,4,1.2,0
16:53:25,7548.079,998,1000,4,1.2,0
16:53:26,7548.277,998,1000,4,1.2,0
16:53:26,7548.485,998,1000,4,1.2,0
16:53:26,7548.676,997,1000,4,1.2,0
16:53:26,7548.877,997,1000,4,1.2,0
16:53:26,7549.084,997,1000,4,1.2,0
16:53:27,7549.283,996,1000,4,1.2,0
16:53:27,7549.48,996,1000,4,1.2,0
16:53:27,7549.672,996,1000,4,1.2,0
16:53:27,7549.88,995,1000,4,1.2,0
16:53:27,7550.086,995,1000,4,1.2,0
16:53:28,7550.276,994,1000,5,1.3,0
16:53:28,7550.483,997,1000,5,1.2,0
16:53:28,7550.674,998,1000,5,1.2,0
16:53:28,7550.873,999,1000,5,1.2,0
16:53:28,7551.072,999,1000,5,1.2,0
16:53:29,7551.276,1000,1000,5,1.2,0
16:53:29,7551.467,1000,1000,5,1.2,0
16:53:29,7551.674,1000,1000,5,1.2,0
16:53:29,7551.877,1000,1000,5,1.2,0
16:53:29,7552.072,1000,1000,5,1.2,0
16:53:30,7552.275,1000,1000,5,1.2,0
16:53:30,7552.466,1000,1000,5,1.2,0
16:53:30,7552.672,1000,1000,5,1.2,0
16:53:30,7552.879,1000,1000,5,1.2,0
16:53:30,7553.072,1000,1000,5,1.2,0
16:53:31,7553.275,1000,1000,5,1.2,0
16:53:31,7553.466,1000,1000,5,1.2,0
16:53:31,7553.673,999,1000,5,1.2,0
16:53:31,7553.874,999,1000,5,1.2,0
16:53:31,7554.067,999,1000,5,1.2,0
16:53:32,7554.259,998,1000,5,1.2,0
16:53:32,7554.466,998,1000,5,1.2,0
16:53:32,7554.658,998,1000,5,1.2,0
16:53:32,7554.857,998,1000,5,1.2,0
16:53:32,7555.067,998,1000,5,1.2,0
16:53:33,7555.26,998,1000,5,1.2,0
16:53:33,7555.468,997,1000,5,1.2,0
16:53:33,7555.66,998,1000,5,1.2,0
16:53:33,7555.857,998,1000,5,1.2,0
16:53:33,7556.068,998,1000,5,1.2,0
16:53:34,7556.26,998,1000,5,1.2,0
16:53:34,7556.467,998,1000,5,1.2,0
16:53:34,7556.66,998,1000,5,1.2,0
16:53:34,7556.858,998,1000,5,1.2,0
16:53:34,7557.052,998,1000,5,1.2,0
16:53:35,7557.26,999,1000,5,1.2,0
16:53:35,7557.452,999,1000,5,1.2,0
16:53:35,7557.66,999,1000,5,1.2,0
16:53:35,7557.858,999,1000,5,1.2,0
16:53:35,7558.051,999,1000,5,1.2,0
16:53:36,7558.259,999,1000,5,1.2,0
16:53:36,7558.451,999,1000,5,1.2,0
16:53:36,7558.659,999,1000,5,1.2,0
16:53:36,7558.857,998,1000,5,1.2,0
16:53:36,7559.056,998,1000,5,1.2,0
16:53:37,7559.252,998,1000,5,1.2,0
16:53:37,7559.448,998,1000,5,1.2,0
16:53:37,7559.654,998,1000,5,1.2,0
16:53:37,7559.843,998,1000,5,1.2,0
16:53:37,7560.055,998,1000,5,1.2,0
16:53:38,7560.244,998,1000,5,1.2,0
16:53:38,7560.452,998,1000,5,1.2,0
16:53:38,7560.644,998,1000,5,1.2,0
16:53:38,7560.842,998,1000,5,1.2,0
16:53:38,7561.052,998,1000,5,1.2,0
16:53:39,7561.242,998,1000,5,1.2,0
16:53:39,7561.453,998,1000,5,1.2,0
16:53:39,7561.642,999,1000,5,1.2,0
16:53:39,7561.843,999,1000,5,1.2,0
16:53:39,7562.037,999,1000,5,1.2,0
16:53:40,7562.243,1000,1000,5,1.2,0
16:53:40,7562.449,1000,1000,5,1.2,0
16:53:40,7562.64,1000,1000,5,1.2,0
16:53:40,7562.841,1001,1000,5,1.2,0
16:53:40,7563.038,1001,1000,5,1.2,0
16:53:41,7563.244,1001,1000,5,1.2,0
16:53:41,7563.435,1001,1000,5,1.2,0
16:53:41,7563.642,1001,1000,5,1.2,0
16:53:41,7563.841,1001,1000,5,1.2,0
16:53:41,7564.036,1001,1000,5,1.2,0
16:53:42,7564.244,1001,1000,5,1.2,0
16:53:42,7564.435,1001,1000,5,1.2,0
16:53:42,7564.642,1001,1000,5,1.2,0
16:53:42,7564.842,1001,1000,5,1.2,0
16:53:42,7565.036,1001,1000,5,1.2,0
16:53:43,7565.227,1000,1000,5,1.2,0
16:53:43,7565.437,1000,1000,5,1.2,0
16:53:43,7565.627,1000,1000,5,1.2,0
16:53:43,7565.826,1000,1000,5,1.2,0
16:53:43,7566.038,1000,1000,5,1.2,0
16:53:44,7566.228,1000,1000,5,1.2,0
16:53:44,7566.436,1000,1000,5,1.2,0
16:53:44,7566.628,1000,1000,5,1.2,0
16:53:44,7566.825,1000,1000,5,1.2,0
16:53:44,7567.036,1000,1000,5,1.2,0
16:53:45,7567.225,1000,1000,5,1.2,0
16:53:45,7567.433,1001,1000,5,1.2,0
16:53:45,7567.624,1001,1000,5,1.2,0
16:53:45,7567.826,1001,1000,5,1.2,0
16:53:45,7568.022,1002,1000,5,1.2,0
16:53:46,7568.228,1003,1000,5,1.2,0
16:53:46,7568.42,1004,1000,5,1.2,0
16:53:46,7568.627,1004,1000,5,1.2,0
16:53:46,7568.827,1005,1000,4,1.1,0
16:53:46,7569.02,1005,1000,4,1.1,0
16:53:47,7569.228,1005,1000,4,1.1,0
16:53:47,7569.429,1004,1000,4,1.2,0
16:53:47,7569.62,1004,1000,4,1.2,0
16:53:47,7569.825,1005,1000,4,1.1,0
16:53:47,7570.023,1005,1000,4,1.1,0
16:53:48,7570.228,1005,1000,4,1.1,0
16:53:48,7570.419,1006,1000,4,1.1,0
16:53:48,7570.626,1006,1000,4,1.1,0
16:53:48,7570.812,1007,1000,4,1.1,0
16:53:48,7571.019,1007,1000,4,1,0
16:53:49,7571.212,1007,1000,4,1,0
16:53:49,7571.421,1008,1000,4,1,0
16:53:49,7571.612,1008,1000,4,1,0
16:53:49,7571.809,1008,1000,4,1,0
16:53:49,7572.02,1005,1000,4,1,0
16:53:50,7572.215,1003,1000,4,1.1,0
16:53:50,7572.416,1004,1000,4,1.1,0
16:53:50,7572.607,1005,1000,4,1,0
16:53:50,7572.81,1006,1000,4,1,0
16:53:50,7573.006,1006,1000,4,1,0
16:53:51,7573.211,1004,1000,4,1.1,0
16:53:51,7573.403,1003,1000,4,1.1,0
16:53:51,7573.61,1004,1000,4,1.1,0
16:53:51,7573.811,1005,1000,4,1,0
16:53:51,7574.002,1006,1000,4,1,0
16:53:52,7574.213,1005,1000,4,1,0
16:53:52,7574.411,1003,1000,4,1,0
16:53:52,7574.608,1003,1000,4,1,0
16:53:52,7574.809,1005,1000,4,1,0
16:53:52,7575.003,1004,1000,4,1,0
16:53:53,7575.212,1005,1000,4,1,0
16:53:53,7575.404,1005,1000,4,1,0
16:53:53,7575.611,1004,1000,4,1,0
16:53:53,7575.809,1005,1000,4,1,0
16:53:53,7576.004,1005,1000,4,0.9,0
16:53:54,7576.21,1004,1000,4,1,0
16:53:54,7576.401,1006,1000,4,0.9,0
16:53:54,7576.61,1006,1000,4,0.9,0
16:53:54,7576.796,1006,1000,4,0.9,0
16:53:54,7577.005,1005,1000,4,0.9,0
16:53:55,7577.196,1005,1000,4,0.9,0
16:53:55,7577.402,1006,1000,4,0.9,0
16:53:55,7577.593,1006,1000,3,0.9,0
16:53:55,7577.794,1006,1000,3,0.9,0
16:53:55,7578.003,1007,1000,3,0.9,0
16:53:56,7578.197,1007,1000,3,0.8,0
16:53:56,7578.404,1008,1000,3,0.8,0
16:53:56,7578.595,1008,1000,3,0.8,0
16:53:56,7578.793,1009,1000,3,0.8,0
16:53:56,7578.987,1010,1000,3,0.8,0
16:53:57,7579.197,1011,1000,3,0.7,0
16:53:57,7579.395,1012,1000,3,0.7,0
16:53:57,7579.591,1013,1000,3,0.7,0
16:53:57,7579.793,1014,1000,3,0.7,0
16:53:57,7579.99,1015,1000,3,0.6,0
16:53:58,7580.194,1016,1000,3,0.6,0
16:53:58,7580.387,1017,1000,3,0.6,0
16:53:58,7580.593,1018,1000,3,0.5,0
16:53:58,7580.794,1019,1000,3,0.5,0
16:53:58,7580.988,1020,1000,2,0.5,0
16:53:59,7581.193,1021,1000,2,0.4,0
16:53:59,7581.387,1022,1000,2,0.4,0
16:53:59,7581.594,1023,1000,2,0.3,0
16:53:59,7581.787,1024,1000,2,0.3,0
16:53:59,7581.985,1025,1000,2,0.3,0
16:54:00,7582.192,1025,1000,2,0.2,0
16:54:00,7582.387,1026,1000,2,0.2,0
16:54:00,7582.594,1027,1000,1,0.1,0
16:54:00,7582.779,1028,1000,1,0.1,0
16:54:00,7582.99,1029,1000,1,0,0
16:54:01,7583.177,1030,1000,1,0,0
16:54:01,7583.388,1030,1000,1,0,0
16:54:01,7583.58,1031,1000,1,0,0
16:54:01,7583.779,1032,1000,1,0,0
16:54:01,7583.987,1033,1000,0,0,0
16:54:02,7584.18,1033,1000,0,0,0
16:54:02,7584.381,1034,1000,0,0,0
16:54:02,7584.576,1035,1000,0,0,0
16:54:02,7584.78,1035,1000,0,0,0
16:54:02,7584.975,1036,1000,0,0,0
16:54:03,7585.176,1037,1000,0,0,0
16:54:03,7585.37,1037,1000,0,0,0
16:54:03,7585.578,1038,1000,0,0,0
16:54:03,7585.78,1039,1000,0,0,0
16:54:03,7585.968,1039,1000,0,0,0
16:54:04,7586.178,1040,1000,0,0,0
16:54:04,7586.371,1041,1000,0,0,0
16:54:04,7586.579,1041,1000,0,0,0
16:54:04,7586.766,1042,1000,0,0,0
16:54:04,7586.969,1042,1000,0,0,0
16:54:05,7587.176,1043,1000,0,0,0
16:54:05,7587.371,1043,1000,0,0,0
16:54:05,7587.562,1044,1000,0,0,0
16:54:05,7587.766,1044,1000,0,0,0
16:54:05,7587.968,1045,1000,0,0,0
16:54:06,7588.162,1046,1000,0,0,0
16:54:06,7588.372,1046,1000,0,0,0
16:54:06,7588.566,1047,1000,0,0,0
16:54:06,7588.773,1047,1000,0,0,0
16:54:06,7588.972,1047,1000,0,0,0
16:54:07,7589.163,1048,1000,0,0,0
16:54:07,7589.365,1048,1000,0,0,0
16:54:07,7589.563,1049,1000,0,0,0
16:54:07,7589.773,1049,1000,0,0,0
16:54:07,7589.97,1050,1000,0,0,0
16:54:08,7590.161,1050,1000,0,0,0
16:54:08,7590.369,1050,1000,0,0,0
16:54:08,7590.561,1051,1000,0,0,0
16:54:08,7590.766,1051,1000,0,0,0
16:54:08,7590.969,1052,1000,0,0,0
16:54:09,7591.161,1052,1000,0,0,0
16:54:09,7591.354,1052,1000,0,0,0
16:54:09,7591.561,1052,1000,0,0,0
16:54:09,7591.758,1053,1000,0,0,0
16:54:09,7591.969,1053,1000,0,0,0
16:54:10,7592.16,1053,1000,0,0,0
16:54:10,7592.355,1054,1000,0,0,0
16:54:10,7592.561,1054,1000,0,0,0
16:54:10,7592.752,1054,1000,0,0,0
16:54:10,7592.954,1054,1000,0,0,0
16:54:11,7593.16,1054,1000,0,0,0
16:54:11,7593.355,1055,1000,0,0,0
16:54:11,7593.545,1055,1000,0,0,0
16:54:11,7593.753,1055,1000,0,0,0
16:54:11,7593.956,1055,1000,0,0,0
16:54:11,7594.151,1056,1000,0,0,0
16:54:12,7594.363,1056,1000,0,0,0
16:54:12,7594.546,1056,1000,0,0,0
16:54:12,7594.753,1056,1000,0,0,0
16:54:12,7594.954,1056,1000,0,0,0
16:54:12,7595.147,1057,1000,0,0,0
16:54:13,7595.356,1057,1000,0,0,0
16:54:13,7595.546,1057,1000,0,0,0
16:54:13,7595.754,1057,1000,0,0,0
16:54:13,7595.94,1057,1000,0,0,0
16:54:13,7596.144,1058,1000,0,0,0
16:54:14,7596.338,1058,1000,0,0,0
16:54:14,7596.547,1058,1000,0,0,0
16:54:14,7596.739,1058,1000,0,0,0
16:54:14,7596.946,1058,1000,0,0,0
16:54:14,7597.145,1058,1000,0,0,0
16:54:15,7597.338,1058,1000,0,0,0
16:54:15,7597.547,1058,1000,0,0,0
16:54:15,7597.738,1058,1000,0,0,0
16:54:15,7597.939,1059,1000,0,0,0
16:54:15,7598.144,1059,1000,0,0,0
16:54:16,7598.339,1059,1000,0,0,0
16:54:16,7598.53,1059,1000,0,0,0
16:54:16,7598.738,1059,1000,0,0,0
16:54:16,7598.953,1059,1000,0,0,0
16:54:16,7599.129,1059,1000,0,0,0
16:54:17,7599.335,1059,1000,0,0,0
16:54:17,7599.531,1059,1000,0,0,0
16:54:17,7599.734,1059,1000,0,0,0
16:54:17,7599.932,1059,1000,0,0,0
16:54:17,7600.128,1059,1000,0,0,0
16:54:18,7600.34,1059,1000,0,0,0
16:54:18,7600.53,1059,1000,0,0,0
16:54:18,7600.738,1059,1000,0,0,0
16:54:18,7600.925,1059,1000,0,0,0
16:54:18,7601.128,1059,1000,0,0,0
16:54:19,7601.337,1059,1000,0,0,0
16:54:19,7601.528,1059,1000,0,0,0
16:54:19,7601.736,1059,1000,0,0,0
16:54:19,7601.933,1059,1000,0,0,0
16:54:19,7602.129,1060,1000,0,0,0
16:54:20,7602.322,1060,1000,0,0,0
16:54:20,7602.53,1060,1000,0,0,0
16:54:20,7602.721,1060,1000,0,0,0
16:54:20,7602.925,1060,1000,0,0,0
16:54:20,7603.129,1060,1000,0,0,0
16:54:21,7603.324,1060,1000,0,0,0
16:54:21,7603.531,1060,1000,0,0,0
16:54:21,7603.723,1060,1000,0,0,0
16:54:21,7603.925,1060,1000,0,0,0
16:54:21,7604.13,1060,1000,0,0,0
16:54:22,7604.321,1060,1000,0,0,0
16:54:22,7604.529,1060,1000,0,0,0
16:54:22,7604.72,1060,1000,0,0,0
16:54:22,7604.925,1059,1000,0,0,0
16:54:22,7605.129,1059,1000,0,0,0
16:54:23,7605.322,1059,1000,0,0,0
16:54:23,7605.514,1059,1000,0,0,0
16:54:23,7605.72,1059,1000,0,0,0
16:54:23,7605.919,1059,1000,0,0,0
16:54:23,7606.128,1059,1000,0,0,0
16:54:24,7606.308,1059,1000,0,0,0
16:54:24,7606.515,1059,1000,0,0,0
16:54:24,7606.721,1059,1000,0,0,0
16:54:24,7606.912,1059,1000,0,0,0
16:54:24,7607.128,1058,1000,0,0,0
16:54:25,7607.307,1058,1000,0,0,0
16:54:25,7607.513,1058,1000,0,0,0
16:54:25,7607.719,1058,1000,0,0,0
16:54:25,7607.911,1058,1000,0,0,0
16:54:25,7608.106,1058,1000,0,0,0
16:54:26,7608.307,1057,1000,0,0,0
16:54:26,7608.515,1057,1000,0,0,0
16:54:26,7608.706,1057,1000,0,0,0
16:54:26,7608.911,1057,1000,0,0,0
16:54:26,7609.11,1057,1000,0,0,0
16:54:27,7609.307,1056,1000,0,0,0
16:54:27,7609.503,1056,1000,0,0,0
16:54:27,7609.71,1056,1000,0,0,0
16:54:27,7609.908,1056,1000,0,0,0
16:54:27,7610.106,1055,1000,0,0,0
16:54:28,7610.305,1055,1000,0,0,0
16:54:28,7610.498,1055,1000,0,0,0
16:54:28,7610.704,1055,1000,0,0,0
16:54:28,7610.908,1054,1000,0,0,0
16:54:28,7611.107,1054,1000,0,0,0
16:54:29,7611.307,1054,1000,0,0,0
16:54:29,7611.498,1054,1000,0,0,0
16:54:29,7611.706,1053,1000,0,0,0
16:54:29,7611.892,1053,1000,0,0,0
16:54:29,7612.098,1053,1000,0,0,0
16:54:30,7612.306,1052,1000,0,0,0
16:54:30,7612.496,1052,1000,0,0,0
16:54:30,7612.702,1052,1000,0,0,0
16:54:30,7612.894,1052,1000,0,0,0
16:54:30,7613.099,1051,1000,0,0,0
16:54:31,7613.291,1051,1000,0,0,0
16:54:31,7613.499,1051,1000,0,0,0
16:54:31,7613.691,1050,1000,0,0,0
16:54:31,7613.892,1050,1000,0,0,0
16:54:31,7614.098,1050,1000,0,0,0
16:54:32,7614.292,1049,1000,0,0,0
16:54:32,7614.498,1049,1000,0,0,0
16:54:32,7614.689,1049,1000,0,0,0
16:54:32,7614.892,1048,1000,0,0,0
16:54:32,7615.092,1048,1000,0,0,0
16:54:33,7615.291,1048,1000,0,0,0
16:54:33,7615.483,1047,1000,0,0,0
16:54:33,7615.689,1047,1000,0,0,0
16:54:33,7615.894,1047,1000,0,0,0
16:54:33,7616.085,1047,1000,0,0,0
16:54:34,7616.291,1046,1000,0,0,0
16:54:34,7616.483,1046,1000,0,0,0
16:54:34,7616.691,1046,1000,0,0,0
16:54:34,7616.893,1046,1000,0,0,0
16:54:34,7617.084,1046,1000,0,0,0
16:54:35,7617.289,1046,1000,0,0,0
16:54:35,7617.48,1046,1000,0,0,0
16:54:35,7617.688,1045,1000,0,0,0
16:54:35,7617.892,1045,1000,0,0,0
16:54:35,7618.085,1045,1000,0,0,0
16:54:36,7618.275,1045,1000,0,0,0
16:54:36,7618.483,1045,1000,0,0,0
16:54:36,7618.674,1044,1000,0,0,0
16:54:36,7618.876,1044,1000,0,0,0
16:54:36,7619.086,1044,1000,0,0,0
16:54:37,7619.282,1044,1000,0,0,0
16:54:37,7619.479,1044,1000,0,0,0
16:54:37,7619.671,1044,1000,0,0,0
16:54:37,7619.876,1044,1000,0,0,0
16:54:37,7620.078,1044,1000,0,0,0
16:54:38,7620.275,1044,1000,0,0,0
16:54:38,7620.482,1044,1000,0,0,0
16:54:38,7620.674,1044,1000,0,0,0
16:54:38,7620.877,1044,1000,0,0,0
16:54:38,7621.071,1044,1000,0,0,0
16:54:39,7621.275,1044,1000,0,0,0
16:54:39,7621.467,1044,1000,0,0,0
16:54:39,7621.675,1044,1000,0,0,0
16:54:39,7621.873,1044,1000,0,0,0
16:54:39,7622.068,1044,1000,0,0,0
16:54:40,7622.276,1044,1000,0,0,0
16:54:40,7622.466,1044,1000,0,0,0
16:54:40,7622.674,1044,1000,0,0,0
16:54:40,7622.872,1044,1000,0,0,0
16:54:40,7623.066,1044,1000,0,0,0
16:54:41,7623.273,1044,1000,0,0,0
16:54:41,7623.464,1044,1000,0,0,0
16:54:41,7623.67,1044,1000,0,0,0
16:54:41,7623.878,1044,1000,0,0,0
16:54:41,7624.068,1044,1000,0,0,0
16:54:42,7624.261,1044,1000,0,0,0
16:54:42,7624.464,1044,1000,0,0,0
16:54:42,7624.656,1044,1000,0,0,0
16:54:42,7624.857,1044,1000,0,0,0
16:54:42,7625.068,1044,1000,0,0,0
16:54:43,7625.269,1043,1000,0,0,0
16:54:43,7625.459,1043,1000,0,0,0
16:54:43,7625.667,1043,1000,0,0,0
16:54:43,7625.858,1043,1000,0,0,0
16:54:43,7626.056,1043,1000,0,0,0
16:54:44,7626.259,1043,1000,0,0,0
16:54:44,7626.456,1043,1000,0,0,0
16:54:44,7626.659,1043,1000,0,0,0
16:54:44,7626.858,1043,1000,0,0,0
16:54:44,7627.052,1043,1000,0,0,0
16:54:45,7627.252,1043,1000,0,0,0
16:54:45,7627.458,1043,1000,0,0,0
16:54:45,7627.648,1043,1000,0,0,0
16:54:45,7627.859,1042,1000,0,0,0
16:54:45,7628.051,1042,1000,0,0,0
16:54:46,7628.25,1042,1000,0,0,0
16:54:46,7628.46,1042,1000,0,0,0
16:54:46,7628.649,1042,1000,0,0,0
16:54:46,7628.857,1042,1000,0,0,0
16:54:46,7629.051,1042,1000,0,0,0
16:54:47,7629.243,1041,1000,0,0,0
16:54:47,7629.442,1041,1000,0,0,0
16:54:47,7629.651,1041,1000,0,0,0
16:54:47,7629.842,1041,1000,0,0,0
16:54:47,7630.054,1041,1000,0,0,0
16:54:48,7630.243,1040,1000,0,0,0
16:54:48,7630.45,1040,1000,0,0,0
16:54:48,7630.642,1040,1000,0,0,0
16:54:48,7630.841,1039,1000,0,0,0
16:54:48,7631.05,1039,1000,0,0,0
16:54:49,7631.245,1038,1000,0,0,0
16:54:49,7631.45,1037,1000,0,0,0
16:54:49,7631.641,1037,1000,0,0,0
16:54:49,7631.842,1036,1000,0,0,0
16:54:49,7632.035,1035,1000,0,0,0
16:54:50,7632.243,1034,1000,0,0,0
16:54:50,7632.435,1034,1000,0,0,0
16:54:50,7632.643,1033,1000,0,0,0
16:54:50,7632.842,1032,1000,0,0,0
16:54:50,7633.035,1031,1000,0,0,0
16:54:51,7633.235,1030,1000,0,0,0
16:54:51,7633.442,1030,1000,0,0,0
16:54:51,7633.634,1029,1000,0,0,0
16:54:51,7633.841,1028,1000,0,0,0
16:54:51,7634.035,1028,1000,0,0,0
16:54:52,7634.228,1027,1000,0,0,0
16:54:52,7634.447,1027,1000,0,0,0
16:54:52,7634.639,1026,1000,0,0,0
16:54:52,7634.826,1026,1000,0,0,0
16:54:52,7635.036,1026,1000,0,0,0
16:54:53,7635.226,1025,1000,0,0,0
16:54:53,7635.434,1025,1000,0,0,0
16:54:53,7635.626,1025,1000,0,0,0
16:54:53,7635.825,1025,1000,0,0,0
16:54:53,7636.036,1025,1000,0,0,0
16:54:54,7636.234,1025,1000,0,0,0
16:54:54,7636.424,1025,1000,0,0,0
16:54:54,7636.632,1025,1000,0,0,0
16:54:54,7636.826,1025,1000,0,0,0
16:54:54,7637.035,1025,1000,0,0,0
16:54:55,7637.225,1025,1000,0,0,0
16:54:55,7637.418,1025,1000,0,0,0
16:54:55,7637.624,1025,1000,0,0,0
16:54:55,7637.825,1025,1000,0,0,0
16:54:55,7638.019,1025,1000,0,0,0
16:54:56,7638.225,1025,1000,0,0,0
16:54:56,7638.416,1025,1000,0,0,0
16:54:56,7638.623,1025,1000,0,0,0
16:54:56,7638.824,1026,1000,0,0,0
16:54:56,7639.016,1026,1000,0,0,0
16:54:57,7639.213,1026,1000,0,0,0
16:54:57,7639.426,1026,1000,0,0,0
16:54:57,7639.621,1026,1000,0,0,0
16:54:57,7639.826,1027,1000,0,0,0
16:54:57,7640.02,1027,1000,0,0,0
16:54:58,7640.211,1027,1000,0,0,0
16:54:58,7640.418,1028,1000,0,0,0
16:54:58,7640.609,1028,1000,0,0,0
16:54:58,7640.824,1028,1000,0,0,0
16:54:58,7641.018,1028,1000,0,0,0
16:54:59,7641.223,1029,1000,0,0,0
16:54:59,7641.415,1029,1000,0,0,0
16:54:59,7641.621,1029,1000,0,0,0
16:54:59,7641.811,1030,1000,0,0,0
16:54:59,7642.007,1030,1000,0,0,0
16:55:00,7642.205,1030,1000,0,0,0
16:55:00,7642.412,1030,1000,0,0,0
16:55:00,7642.618,1031,1000,0,0,0
16:55:00,7642.808,1031,1000,0,0,0
16:55:00,7643.007,1031,1000,0,0,0
16:55:01,7643.204,1031,1000,0,0,0
16:55:01,7643.411,1031,1000,0,0,0
16:55:01,7643.604,1031,1000,0,0,0
16:55:01,7643.809,1031,1000,0,0,0
16:55:01,7644.003,1031,1000,0,0,0
16:55:02,7644.214,1031,1000,0,0,0
16:55:02,7644.411,1031,1000,0,0,0
16:55:02,7644.608,1031,1000,0,0,0
16:55:02,7644.808,1031,1000,0,0,0
16:55:02,7645.003,1031,1000,0,0,0
16:55:03,7645.209,1031,1000,0,0,0
16:55:03,7645.401,1031,1000,0,0,0
16:55:03,7645.608,1031,1000,0,0,0
16:55:03,7645.809,1031,1000,0,0,0
16:55:03,7646.003,1031,1000,0,0,0
16:55:04,7646.209,1030,1000,0,0,0
16:55:04,7646.4,1031,1000,0,0,0
16:55:04,7646.607,1031,1000,0,0,0
16:55:04,7646.809,1031,1000,0,0,0
16:55:04,7647.005,1031,1000,0,0,0
16:55:05,7647.195,1031,1000,0,0,0
16:55:05,7647.403,1031,1000,0,0,0
16:55:05,7647.595,1031,1000,0,0,0
16:55:05,7647.795,1032,1000,0,0,0
16:55:05,7648.003,1032,1000,0,0,0
16:55:06,7648.192,1032,1000,0,0,0
16:55:06,7648.402,1032,1000,0,0,0
16:55:06,7648.592,1033,1000,0,0,0
16:55:06,7648.793,1033,1000,0,0,0
16:55:06,7648.986,1033,1000,0,0,0
16:55:07,7649.195,1033,1000,0,0,0
16:55:07,7649.398,1034,1000,0,0,0
16:55:07,7649.594,1034,1000,0,0,0
16:55:07,7649.793,1034,1000,0,0,0
16:55:07,7649.991,1034,1000,0,0,0
16:55:08,7650.192,1035,1000,0,0,0
16:55:08,7650.386,1035,1000,0,0,0
16:55:08,7650.592,1035,1000,0,0,0
16:55:08,7650.793,1035,1000,0,0,0
16:55:08,7650.986,1036,1000,0,0,0
16:55:09,7651.195,1036,1000,0,0,0
16:55:09,7651.385,1036,1000,0,0,0
16:55:09,7651.592,1037,1000,0,0,0
16:55:09,7651.78,1037,1000,0,0,0
16:55:09,7651.993,1037,1000,0,0,0
16:55:10,7652.182,1038,1000,0,0,0
16:55:10,7652.389,1038,1000,0,0,0
16:55:10,7652.579,1038,1000,0,0,0
16:55:10,7652.779,1038,1000,0,0,0
16:55:10,7652.983,1038,1000,0,0,0
16:55:11,7653.182,1039,1000,0,0,0
16:55:11,7653.379,1039,1000,0,0,0
16:55:11,7653.583,1039,1000,0,0,0
16:55:11,7653.779,1039,1000,0,0,0
16:55:11,7653.973,1039,1000,0,0,0
16:55:12,7654.18,1040,1000,0,0,0
16:55:12,7654.382,1040,1000,0,0,0
16:55:12,7654.574,1040,1000,0,0,0
16:55:12,7654.779,1040,1000,0,0,0
16:55:12,7654.975,1040,1000,0,0,0
16:55:13,7655.167,1040,1000,0,0,0
16:55:13,7655.378,1040,1000,0,0,0
16:55:13,7655.57,1040,1000,0,0,0
16:55:13,7655.772,1040,1000,0,0,0
16:55:13,7655.971,1040,1000,0,0,0
16:55:14,7656.167,1040,1000,0,0,0
16:55:14,7656.377,1040,1000,0,0,0
16:55:14,7656.569,1040,1000,0,0,0
16:55:14,7656.772,1040,1000,0,0,0
16:55:14,7656.968,1040,1000,0,0,0
16:55:15,7657.166,1040,1000,0,0,0
16:55:15,7657.362,1040,1000,0,0,0
16:55:15,7657.57,1040,1000,0,0,0
16:55:15,7657.772,1040,1000,0,0,0
16:55:15,7657.977,1040,1000,0,0,0
16:55:16,7658.166,1040,1000,0,0,0
16:55:16,7658.36,1040,1000,0,0,0
16:55:16,7658.568,1040,1000,0,0,0
16:55:16,7658.761,1040,1000,0,0,0
16:55:16,7658.968,1040,1000,0,0,0
16:55:17,7659.16,1040,1000,0,0,0
16:55:17,7659.363,1040,1000,0,0,0
16:55:17,7659.562,1040,1000,0,0,0
16:55:17,7659.765,1040,1000,0,0,0
16:55:17,7659.968,1040,1000,0,0,0
16:55:18,7660.166,1040,1000,0,0,0
16:55:18,7660.363,1040,1000,0,0,0
16:55:18,7660.554,1040,1000,0,0,0
16:55:18,7660.758,1040,1000,0,0,0
16:55:18,7660.953,1040,1000,0,0,0
16:55:18,7661.158,1039,1000,0,0,0
16:55:19,7661.362,1039,1000,0,0,0
16:55:19,7661.554,1039,1000,0,0,0
16:55:19,7661.758,1039,1000,0,0,0
16:55:19,7661.953,1039,1000,0,0,0
16:55:20,7662.161,1038,1000,0,0,0
16:55:20,7662.354,1038,1000,0,0,0
16:55:20,7662.551,1038,1000,0,0,0
16:55:20,7662.756,1037,1000,0,0,0
16:55:20,7662.968,1037,1000,0,0,0
16:55:20,7663.15,1037,1000,0,0,0
16:55:21,7663.345,1037,1000,0,0,0
16:55:21,7663.553,1036,1000,0,0,0
16:55:21,7663.743,1036,1000,0,0,0
16:55:21,7663.957,1036,1000,0,0,0
16:55:21,7664.146,1035,1000,0,0,0
16:55:22,7664.35,1035,1000,0,0,0
16:55:22,7664.544,1035,1000,0,0,0
16:55:22,7664.751,1034,1000,0,0,0
16:55:22,7664.946,1034,1000,0,0,0
16:55:22,7665.15,1034,1000,0,0,0
16:55:23,7665.342,1033,1000,0,0,0
16:55:23,7665.55,1033,1000,0,0,0
16:55:23,7665.74,1033,1000,0,0,0
16:55:23,7665.946,1032,1000,0,0,0
16:55:23,7666.152,1032,1000,0,0,0
16:55:24,7666.345,1032,1000,0,0,0
16:55:24,7666.537,1031,1000,0,0,0
16:55:24,7666.744,1031,1000,0,0,0
16:55:24,7666.938,1031,1000,0,0,0
16:55:24,7667.15,1031,1000,0,0,0
16:55:25,7667.344,1030,1000,0,0,0
16:55:25,7667.548,1030,1000,0,0,0
16:55:25,7667.739,1030,1000,0,0,0
16:55:25,7667.939,1030,1000,0,0,0
16:55:25,7668.135,1029,1000,0,0,0
16:55:26,7668.345,1029,1000,0,0,0
16:55:26,7668.538,1029,1000,0,0,0
16:55:26,7668.734,1029,1000,0,0,0
16:55:26,7668.953,1028,1000,0,0,0
16:55:26,7669.144,1028,1000,0,0,0
16:55:27,7669.335,1028,1000,0,0,0
16:55:27,7669.536,1027,1000,0,0,0
16:55:27,7669.735,1027,1000,0,0,0
16:55:27,7669.938,1027,1000,0,0,0
16:55:27,7670.136,1026,1000,0,0,0
16:55:28,7670.329,1026,1000,0,0,0
16:55:28,7670.537,1025,1000,0,0,0
16:55:28,7670.73,1025,1000,0,0,0
16:55:28,7670.931,1025,1000,0,0,0
16:55:28,7671.135,1024,1000,0,0,0
16:55:29,7671.328,1024,1000,0,0,0
16:55:29,7671.535,1023,1000,0,0,0
16:55:29,7671.726,1023,1000,0,0,0
16:55:29,7671.931,1022,1000,0,0,0
16:55:29,7672.135,1022,1000,0,0,0
16:55:30,7672.331,1021,1000,0,0,0
16:55:30,7672.523,1021,1000,0,0,0
16:55:30,7672.732,1021,1000,0,0,0
16:55:30,7672.924,1021,1000,0,0,0
16:55:30,7673.119,1020,1000,0,0,0
16:55:31,7673.329,1020,1000,0,0,0
16:55:31,7673.519,1020,1000,0,0,0
16:55:31,7673.726,1020,1000,0,0,0
16:55:31,7673.924,1020,1000,0,0,0
16:55:31,7674.132,1020,1000,0,0,0
16:55:32,7674.32,1020,1000,0,0,0
16:55:32,7674.53,1020,1000,0,0,0
16:55:32,7674.721,1020,1000,0,0,0
16:55:32,7674.925,1020,1000,0,0,0
16:55:32,7675.119,1020,1000,0,0,0
16:55:33,7675.312,1020,1000,0,0,0
16:55:33,7675.52,1020,1000,0,0,0
16:55:33,7675.715,1020,1000,0,0,0
16:55:33,7675.918,1020,1000,0,0,0
16:55:33,7676.119,1020,1000,0,0,0
16:55:34,7676.313,1020,1000,0,0,0
16:55:34,7676.52,1020,1000,0,0,0
16:55:34,7676.712,1020,1000,0,0,0
16:55:34,7676.91,1020,1000,0,0,0
16:55:34,7677.113,1020,1000,0,0,0
16:55:35,7677.311,1020,1000,0,0,0
16:55:35,7677.519,1020,1000,0,0,0
16:55:35,7677.711,1020,1000,0,0,0
16:55:35,7677.916,1020,1000,0,0,0
16:55:35,7678.112,1020,1000,0,0,0
16:55:36,7678.313,1020,1000,0,0,0
16:55:36,7678.506,1020,1000,0,0,0
16:55:36,7678.714,1020,1000,0,0,0
16:55:36,7678.91,1020,1000,0,0,0
16:55:36,7679.102,1020,1000,0,0,0
16:55:37,7679.314,1020,1000,0,0,0
16:55:37,7679.513,1020,1000,0,0,0
16:55:37,7679.703,1020,1000,0,0,0
16:55:37,7679.907,1020,1000,0,0,0
16:55:37,7680.105,1020,1000,0,0,0
16:55:38,7680.298,1020,1000,0,0,0
16:55:38,7680.506,1020,1000,0,0,0
16:55:38,7680.698,1020,1000,0,0,0
16:55:38,7680.911,1020,1000,0,0,0
16:55:38,7681.105,1020,1000,0,0,0
16:55:39,7681.299,1020,1000,0,0,0
16:55:39,7681.507,1020,1000,0,0,0
16:55:39,7681.698,1020,1000,0,0,0
16:55:39,7681.911,1020,1000,0,0,0
16:55:39,7682.106,1020,1000,0,0,0
16:55:40,7682.298,1020,1000,0,0,0
16:55:40,7682.505,1020,1000,0,0,0
16:55:40,7682.695,1020,1000,0,0,0
16:55:40,7682.891,1020,1000,0,0,0
16:55:40,7683.098,1020,1000,0,0,0
16:55:41,7683.296,1021,1000,0,0,0
16:55:41,7683.504,1021,1000,0,0,0
16:55:41,7683.695,1021,1000,0,0,0
16:55:41,7683.891,1021,1000,0,0,0
16:55:41,7684.096,1021,1000,0,0,0
16:55:42,7684.29,1021,1000,0,0,0
16:55:42,7684.494,1021,1000,0,0,0
16:55:42,7684.701,1021,1000,0,0,0
16:55:42,7684.901,1021,1000,0,0,0
16:55:42,7685.091,1022,1000,0,0,0
16:55:43,7685.297,1022,1000,0,0,0
16:55:43,7685.489,1022,1000,0,0,0
16:55:43,7685.697,1022,1000,0,0,0
16:55:43,7685.898,1022,1000,0,0,0
16:55:43,7686.09,1022,1000,0,0,0
16:55:44,7686.297,1023,1000,0,0,0
16:55:44,7686.49,1023,1000,0,0,0
16:55:44,7686.682,1023,1000,0,0,0
16:55:44,7686.891,1023,1000,0,0,0
16:55:44,7687.084,1024,1000,0,0,0
16:55:45,7687.282,1024,1000,0,0,0
16:55:45,7687.491,1024,1000,0,0,0
16:55:45,7687.682,1024,1000,0,0,0
16:55:45,7687.884,1024,1000,0,0,0
16:55:45,7688.091,1025,1000,0,0,0
16:55:46,7688.28,1025,1000,0,0,0
16:55:46,7688.488,1025,1000,0,0,0
16:55:46,7688.68,1025,1000,0,0,0
16:55:46,7688.883,1025,1000,0,0,0
16:55:46,7689.083,1025,1000,0,0,0
16:55:47,7689.282,1025,1000,0,0,0
16:55:47,7689.478,1025,1000,0,0,0
16:55:47,7689.685,1025,1000,0,0,0
16:55:47,7689.877,1025,1000,0,0,0
16:55:47,7690.077,1025,1000,0,0,0
16:55:48,7690.281,1025,1000,0,0,0
16:55:48,7690.477,1025,1000,0,0,0
16:55:48,7690.68,1025,1000,0,0,0
16:55:48,7690.878,1025,1000,0,0,0
16:55:48,7691.076,1025,1000,0,0,0
16:55:49,7691.281,1025,1000,0,0,0
16:55:49,7691.473,1025,1000,0,0,0
16:55:49,7691.682,1025,1000,0,0,0
16:55:49,7691.879,1025,1000,0,0,0
16:55:49,7692.072,1026,1000,0,0,0
16:55:50,7692.28,1026,1000,0,0,0
16:55:50,7692.471,1026,1000,0,0,0
16:55:50,7692.68,1026,1000,0,0,0
16:55:50,7692.864,1026,1000,0,0,0
16:55:50,7693.073,1026,1000,0,0,0
16:55:51,7693.266,1026,1000,0,0,0
16:55:51,7693.474,1026,1000,0,0,0
16:55:51,7693.666,1027,1000,0,0,0
16:55:51,7693.863,1027,1000,0,0,0
16:55:51,7694.066,1027,1000,0,0,0
16:55:52,7694.265,1027,1000,0,0,0
16:55:52,7694.463,1028,1000,0,0,0
16:55:52,7694.671,1028,1000,0,0,0
16:55:52,7694.862,1028,1000,0,0,0
16:55:52,7695.059,1028,1000,0,0,0
16:55:53,7695.265,1028,1000,0,0,0
16:55:53,7695.472,1028,1000,0,0,0
16:55:53,7695.663,1029,1000,0,0,0
16:55:53,7695.871,1029,1000,0,0,0
16:55:53,7696.057,1029,1000,0,0,0
16:55:54,7696.263,1029,1000,0,0,0
16:55:54,7696.456,1029,1000,0,0,0
16:55:54,7696.664,1029,1000,0,0,0
16:55:54,7696.856,1030,1000,0,0,0
16:55:54,7697.059,1030,1000,0,0,0
16:55:55,7697.263,1030,1000,0,0,0
16:55:55,7697.455,1030,1000,0,0,0
16:55:55,7697.663,1030,1000,0,0,0
16:55:55,7697.857,1031,1000,0,0,0
16:55:55,7698.058,1031,1000,0,0,0
16:55:56,7698.252,1031,1000,0,0,0
16:55:56,7698.46,1032,1000,0,0,0
16:55:56,7698.651,1032,1000,0,0,0
16:55:56,7698.864,1032,1000,0,0,0
16:55:56,7699.049,1033,1000,0,0,0
16:55:57,7699.259,1033,1000,0,0,0
16:55:57,7699.447,1033,1000,0,0,0
16:55:57,7699.654,1034,1000,0,0,0
16:55:57,7699.846,1034,1000,0,0,0
16:55:57,7700.059,1035,1000,0,0,0
16:55:58,7700.25,1035,1000,0,0,0
16:55:58,7700.458,1035,1000,0,0,0
16:55:58,7700.649,1036,1000,0,0,0
16:55:58,7700.848,1036,1000,0,0,0
16:55:58,7701.058,1037,1000,0,0,0
16:55:59,7701.249,1037,1000,0,0,0
16:55:59,7701.441,1038,1000,0,0,0
16:55:59,7701.65,1038,1000,0,0,0
16:55:59,7701.848,1038,1000,0,0,0
16:55:59,7702.041,1039,1000,0,0,0
16:56:00,7702.247,1039,1000,0,0,0
16:56:00,7702.439,1039,1000,0,0,0
16:56:00,7702.648,1040,1000,0,0,0
16:56:00,7702.848,1040,1000,0,0,0
16:56:00,7703.041,1040,1000,0,0,0
16:56:01,7703.249,1040,1000,0,0,0
16:56:01,7703.441,1041,1000,0,0,0
16:56:01,7703.647,1041,1000,0,0,0
16:56:01,7703.847,1041,1000,0,0,0
16:56:01,7704.05,1041,1000,0,0,0
16:56:02,7704.244,1041,1000,0,0,0
16:56:02,7704.447,1041,1000,0,0,0
16:56:02,7704.639,1042,1000,0,0,0
16:56:02,7704.847,1042,1000,0,0,0
16:56:02,7705.043,1042,1000,0,0,0
16:56:03,7705.234,1042,1000,0,0,0
16:56:03,7705.442,1043,1000,0,0,0
16:56:03,7705.634,1043,1000,0,0,0
16:56:03,7705.832,1043,1000,0,0,0
16:56:03,7706.041,1043,1000,0,0,0
16:56:04,7706.231,1043,1000,0,0,0
16:56:04,7706.439,1043,1000,0,0,0
16:56:04,7706.63,1043,1000,0,0,0
16:56:04,7706.832,1043,1000,0,0,0
16:56:04,7707.027,1044,1000,0,0,0
16:56:05,7707.231,1044,1000,0,0,0
16:56:05,7707.437,1044,1000,0,0,0
16:56:05,7707.63,1044,1000,0,0,0
16:56:05,7707.832,1044,1000,0,0,0
16:56:05,7708.028,1044,1000,0,0,0
16:56:06,7708.233,1044,1000,0,0,0
16:56:06,7708.423,1044,1000,0,0,0
16:56:06,7708.634,1044,1000,0,0,0
16:56:06,7708.83,1044,1000,0,0,0
16:56:06,7709.034,1044,1000,0,0,0
16:56:07,7709.231,1044,1000,0,0,0
16:56:07,7709.426,1044,1000,0,0,0
16:56:07,7709.625,1044,1000,0,0,0
16:56:07,7709.834,1043,1000,0,0,0
16:56:07,7710.027,1043,1000,0,0,0
16:56:08,7710.217,1043,1000,0,0,0
16:56:08,7710.425,1043,1000,0,0,0
16:56:08,7710.617,1043,1000,0,0,0
16:56:08,7710.817,1043,1000,0,0,0
16:56:08,7711.024,1043,1000,0,0,0
16:56:09,7711.234,1042,1000,0,0,0
16:56:09,7711.425,1042,1000,0,0,0
16:56:09,7711.618,1042,1000,0,0,0
16:56:09,7711.818,1042,1000,0,0,0
16:56:09,7712.026,1042,1000,0,0,0
16:56:10,7712.217,1041,1000,0,0,0
16:56:10,7712.425,1041,1000,0,0,0
16:56:10,7712.614,1041,1000,0,0,0
16:56:10,7712.814,1041,1000,0,0,0
16:56:10,7713.024,1040,1000,0,0,0
16:56:11,7713.216,1040,1000,0,0,0
16:56:11,7713.422,1040,1000,0,0,0
16:56:11,7713.613,1040,1000,0,0,0
16:56:11,7713.817,1040,1000,0,0,0
16:56:11,7714.016,1040,1000,0,0,0
16:56:12,7714.21,1040,1000,0,0,0
16:56:12,7714.41,1040,1000,0,0,0
16:56:12,7714.607,1040,1000,0,0,0
16:56:12,7714.814,1040,1000,0,0,0
16:56:12,7715.011,1040,1000,0,0,0
16:56:13,7715.217,1040,1000,0,0,0
16:56:13,7715.408,1040,1000,0,0,0
16:56:13,7715.614,1040,1000,0,0,0
16:56:13,7715.816,1040,1000,0,0,0
16:56:13,7716.008,1040,1000,0,0,0
16:56:14,7716.216,1040,1000,0,0,0
16:56:14,7716.406,1040,1000,0,0,0
16:56:14,7716.613,1040,1000,0,0,0
16:56:14,7716.8,1040,1000,0,0,0
16:56:14,7717.011,1040,1000,0,0,0
16:56:15,7717.202,1040,1000,0,0,0
16:56:15,7717.408,1040,1000,0,0,0
16:56:15,7717.599,1040,1000,0,0,0
16:56:15,7717.808,1040,1000,0,0,0
16:56:15,7718.01,1040,1000,0,0,0
16:56:16,7718.202,1040,1000,0,0,0
16:56:16,7718.408,1040,1000,0,0,0
16:56:16,7718.599,1040,1000,0,0,0
16:56:16,7718.799,1040,1000,0,0,0
16:56:16,7719.002,1040,1000,0,0,0
16:56:17,7719.208,1040,1000,0,0,0
16:56:17,7719.397,1040,1000,0,0,0
16:56:17,7719.606,1040,1000,0,0,0
16:56:17,7719.792,1041,1000,0,0,0
16:56:17,7719.996,1041,1000,0,0,0
16:56:18,7720.203,1041,1000,0,0,0
16:56:18,7720.396,1041,1000,0,0,0
16:56:18,7720.604,1041,1000,0,0,0
16:56:18,7720.792,1041,1000,0,0,0
16:56:18,7720.995,1041,1000,0,0,0
16:56:19,7721.198,1041,1000,0,0,0
16:56:19,7721.395,1041,1000,0,0,0
16:56:19,7721.586,1041,1000,0,0,0
16:56:19,7721.799,1041,1000,0,0,0
16:56:19,7721.995,1041,1000,0,0,0
16:56:20,7722.198,1041,1000,0,0,0
16:56:20,7722.391,1041,1000,0,0,0
16:56:20,7722.583,1041,1000,0,0,0
16:56:20,7722.785,1041,1000,0,0,0
16:56:20,7722.99,1041,1000,0,0,0
16:56:21,7723.182,1041,1000,0,0,0
16:56:21,7723.391,1041,1000,0,0,0
16:56:21,7723.583,1041,1000,0,0,0
16:56:21,7723.785,1041,1000,0,0,0
16:56:21,7723.986,1041,1000,0,0,0
16:56:22,7724.196,1041,1000,0,0,0
16:56:22,7724.378,1041,1000,0,0,0
16:56:22,7724.59,1041,1000,0,0,0
16:56:22,7724.778,1041,1000,0,0,0
16:56:22,7724.995,1040,1000,0,0,0
16:56:23,7725.183,1040,1000,0,0,0
16:56:23,7725.378,1040,1000,0,0,0
16:56:23,7725.586,1040,1000,0,0,0
16:56:23,7725.785,1040,1000,0,0,0
16:56:23,7725.979,1040,1000,0,0,0
16:56:24,7726.182,1039,1000,0,0,0
16:56:24,7726.378,1039,1000,0,0,0
16:56:24,7726.586,1039,1000,0,0,0
16:56:24,7726.779,1039,1000,0,0,0
16:56:24,7726.974,1039,1000,0,0,0
16:56:25,7727.182,1038,1000,0,0,0
16:56:25,7727.377,1038,1000,0,0,0
16:56:25,7727.585,1038,1000,0,0,0
16:56:25,7727.771,1038,1000,0,0,0
16:56:25,7727.974,1037,1000,0,0,0
16:56:26,7728.183,1037,1000,0,0,0
16:56:26,7728.377,1037,1000,0,0,0
16:56:26,7728.57,1036,1000,0,0,0
16:56:26,7728.778,1036,1000,0,0,0
16:56:26,7728.97,1035,1000,0,0,0
16:56:27,7729.177,1035,1000,0,0,0
16:56:27,7729.378,1035,1000,0,0,0
16:56:27,7729.574,1034,1000,0,0,0
16:56:27,7729.771,1034,1000,0,0,0
16:56:27,7729.975,1033,1000,0,0,0
16:56:28,7730.165,1033,1000,0,0,0
16:56:28,7730.377,1032,1000,0,0,0
16:56:28,7730.568,1032,1000,0,0,0
16:56:28,7730.771,1031,1000,0,0,0
16:56:28,7730.974,1031,1000,0,0,0
16:56:29,7731.165,1030,1000,0,0,0
16:56:29,7731.374,1029,1000,0,0,0
16:56:29,7731.565,1029,1000,0,0,0
16:56:29,7731.771,1028,1000,0,0,0
16:56:29,7731.962,1028,1000,0,0,0
16:56:30,7732.165,1027,1000,0,0,0
16:56:30,7732.362,1027,1000,0,0,0
16:56:30,7732.57,1026,1000,0,0,0
16:56:30,7732.757,1026,1000,0,0,0
16:56:30,7732.959,1025,1000,0,0,0
16:56:31,7733.164,1024,1000,0,0,0
16:56:31,7733.36,1024,1000,0,0,0
16:56:31,7733.567,1023,1000,0,0,0
16:56:31,7733.758,1023,1000,0,0,0
16:56:31,7733.953,1022,1000,0,0,0
16:56:32,7734.162,1022,1000,0,0,0
16:56:32,7734.362,1021,1000,0,0,0
16:56:32,7734.561,1020,1000,0,0,0
16:56:32,7734.756,1020,1000,0,0,0
16:56:32,7734.958,1019,1000,0,0,0
16:56:33,7735.158,1019,1000,0,0,0
16:56:33,7735.361,1018,1000,0,0,0
16:56:33,7735.553,1018,1000,0,0,0
16:56:33,7735.76,1017,1000,0,0,0
16:56:33,7735.952,1017,1000,0,0,0
16:56:33,7736.149,1016,1000,0,0,0
16:56:34,7736.358,1016,1000,0,0,0
16:56:34,7736.55,1015,1000,0,0,0
16:56:34,7736.758,1015,1000,0,0,0
16:56:34,7736.951,1014,1000,0,0,0
16:56:34,7737.149,1014,1000,0,0,0
16:56:35,7737.342,1014,1000,0,0,0
16:56:35,7737.55,1013,1000,0,0,0
16:56:35,7737.758,1013,1000,0,0,0
16:56:35,7737.944,1013,1000,0,0,0
16:56:35,7738.15,1012,1000,0,0,0
16:56:36,7738.345,1012,1000,0,0,0
16:56:36,7738.555,1012,1000,0,0,0
16:56:36,7738.747,1012,1000,0,0,0
16:56:36,7738.945,1012,1000,0,0,0
16:56:36,7739.149,1011,1000,0,0,0
16:56:37,7739.343,1011,1000,0,0,0
16:56:37,7739.544,1011,1000,0,0,0
16:56:37,7739.736,1011,1000,0,0,0
16:56:37,7739.946,1011,1000,0,0,0
16:56:37,7740.149,1011,1000,0,0,0
16:56:38,7740.344,1011,1000,0,0,0
16:56:38,7740.535,1011,1000,0,0,0
16:56:38,7740.741,1010,1000,0,0,0
16:56:38,7740.937,1011,1000,0,0,0
16:56:38,7741.135,1011,1000,0,0,0
16:56:39,7741.342,1011,1000,0,0,0
16:56:39,7741.534,1011,1000,0,0,0
16:56:39,7741.742,1011,1000,0,0,0
16:56:39,7741.937,1011,1000,0,0,0
16:56:39,7742.133,1011,1000,0,0,0
16:56:40,7742.343,1011,1000,0,0,0
16:56:40,7742.534,1011,1000,0,0,0
16:56:40,7742.742,1011,1000,0,0,0
16:56:40,7742.93,1012,1000,0,0,0
16:56:40,7743.133,1012,1000,0,0,0
16:56:41,7743.33,1012,1000,0,0,0
16:56:41,7743.536,1012,1000,0,0,0
16:56:41,7743.728,1012,1000,0,0,0
16:56:41,7743.952,1012,1000,0,0,0
16:56:41,7744.128,1012,1000,0,0,0
16:56:42,7744.327,1012,1000,0,0,0
16:56:42,7744.528,1012,1000,0,0,0
16:56:42,7744.733,1013,1000,0,0,0
16:56:42,7744.931,1013,1000,0,0,0
16:56:42,7745.133,1013,1000,0,0,0
16:56:43,7745.329,1013,1000,0,0,0
16:56:43,7745.52,1013,1000,0,0,0
16:56:43,7745.728,1013,1000,0,0,0
16:56:43,7745.931,1013,1000,0,0,0
16:56:43,7746.134,1013,1000,0,0,0
16:56:44,7746.326,1013,1000,0,0,0
16:56:44,7746.519,1014,1000,0,0,0
16:56:44,7746.727,1014,1000,0,0,0
16:56:44,7746.93,1014,1000,0,0,0
16:56:44,7747.118,1014,1000,0,0,0
16:56:45,7747.326,1014,1000,0,0,0
16:56:45,7747.518,1014,1000,0,0,0
16:56:45,7747.725,1014,1000,0,0,0
16:56:45,7747.917,1014,1000,0,0,0
16:56:45,7748.118,1014,1000,0,0,0
16:56:46,7748.313,1014,1000,0,0,0
16:56:46,7748.52,1014,1000,0,0,0
16:56:46,7748.711,1014,1000,0,0,0
16:56:46,7748.916,1014,1000,0,0,0
16:56:46,7749.114,1014,1000,0,0,0
16:56:47,7749.312,1014,1000,0,0,0
16:56:47,7749.51,1014,1000,0,0,0
16:56:47,7749.717,1014,1000,0,0,0
16:56:47,7749.918,1014,1000,0,0,0
16:56:47,7750.118,1013,1000,0,0,0
16:56:48,7750.314,1013,1000,0,0,0
16:56:48,7750.506,1013,1000,0,0,0
16:56:48,7750.712,1013,1000,0,0,0
16:56:48,7750.914,1012,1000,0,0,0
16:56:48,7751.111,1012,1000,0,0,0
16:56:49,7751.311,1011,1000,0,0,0
16:56:49,7751.518,1011,1000,0,0,0
16:56:49,7751.709,1010,1000,0,0,0
16:56:49,7751.917,1010,1000,0,0,0
16:56:49,7752.105,1009,1000,0,0,0
16:56:50,7752.312,1009,1000,0,0,0
16:56:50,7752.505,1008,1000,0,0,0
16:56:50,7752.712,1008,1000,0,0,0
16:56:50,7752.913,1007,1000,0,0,0
16:56:50,7753.104,1007,1000,0,0,0
16:56:51,7753.311,1006,1000,0,0,0
16:56:51,7753.502,1006,1000,0,0,0
16:56:51,7753.709,1006,1000,0,0,0
16:56:51,7753.899,1005,1000,0,0,0
16:56:51,7754.111,1005,1000,0,0,0
16:56:52,7754.306,1004,1000,0,0,0
16:56:52,7754.51,1004,1000,0,0,0
16:56:52,7754.702,1003,1000,0,0,0
16:56:52,7754.901,1003,1000,0,0,0
16:56:52,7755.105,1002,1000,0,0,0
16:56:53,7755.297,1002,1000,0,0,0
16:56:53,7755.504,1001,1000,0,0,0
16:56:53,7755.697,1001,1000,0,0,0
16:56:53,7755.897,1001,1000,0,0,0
16:56:53,7756.097,1000,1000,0,0,0
16:56:54,7756.294,999,1000,0,0,0
16:56:54,7756.502,999,1000,0,0,0
16:56:54,7756.694,998,1000,0,0,0
16:56:54,7756.897,998,1000,0,0,0
16:56:54,7757.097,997,1000,0,0,0
16:56:55,7757.296,996,1000,0,0,0
16:56:55,7757.488,995,1000,0,0,0
16:56:55,7757.696,994,1000,0,0.1,0
16:56:55,7757.897,994,1000,0,0.1,0
16:56:55,7758.09,993,1000,0,0.1,0
16:56:56,7758.298,992,1000,0,0.1,0
16:56:56,7758.486,992,1000,0,0.1,0
16:56:56,7758.694,991,1000,0,0.2,0
16:56:56,7758.897,990,1000,0,0.2,0
16:56:56,7759.095,989,1000,0,0.2,0
16:56:57,7759.286,989,1000,0,0.2,0
16:56:57,7759.494,988,1000,0,0.2,0
16:56:57,7759.688,988,1000,0,0.3,0
16:56:57,7759.884,987,1000,0,0.3,0
16:56:57,7760.09,987,1000,0,0.3,0
16:56:58,7760.282,986,1000,0,0.3,0
16:56:58,7760.49,986,1000,0,0.3,0
16:56:58,7760.681,985,1000,0,0.4,0
16:56:58,7760.897,985,1000,0,0.4,0
16:56:58,7761.083,985,1000,0,0.4,0
16:56:59,7761.281,984,1000,1,0.4,0
16:56:59,7761.488,984,1000,1,0.4,0
16:56:59,7761.68,984,1000,1,0.5,0
16:56:59,7761.882,984,1000,1,0.5,0
16:56:59,7762.091,983,1000,1,0.5,0
16:57:00,7762.279,983,1000,1,0.5,0
16:57:00,7762.487,983,1000,1,0.6,0
16:57:00,7762.679,983,1000,1,0.6,0
16:57:00,7762.878,982,1000,1,0.6,0
16:57:00,7763.076,982,1000,1,0.6,0
16:57:01,7763.281,982,1000,1,0.7,0
16:57:01,7763.472,982,1000,1,0.7,0
16:57:01,7763.68,981,1000,2,0.7,0
16:57:01,7763.877,981,1000,2,0.7,0
16:57:01,7764.078,981,1000,2,0.8,0
16:57:02,7764.273,980,1000,2,0.8,0
16:57:02,7764.477,980,1000,2,0.8,0
16:57:02,7764.683,980,1000,2,0.8,0
16:57:02,7764.883,980,1000,2,0.9,0
16:57:02,7765.076,980,1000,2,0.9,0
16:57:03,7765.279,980,1000,2,0.9,0
16:57:03,7765.47,980,1000,2,0.9,0
16:57:03,7765.676,980,1000,3,1,0
16:57:03,7765.878,980,1000,3,1,0
16:57:03,7766.072,980,1000,3,1,0
16:57:04,7766.264,982,1000,3,1,0
16:57:04,7766.472,983,1000,3,1,0
16:57:04,7766.663,985,1000,3,1,0
16:57:04,7766.875,985,1000,3,1,0
16:57:04,7767.071,985,1000,3,1,0
16:57:05,7767.262,987,1000,3,1,0
16:57:05,7767.469,989,1000,3,1,0
16:57:05,7767.661,991,1000,3,1,0
16:57:05,7767.861,992,1000,3,1,0
16:57:05,7768.075,993,1000,3,1,0
16:57:06,7768.261,992,1000,3,1,0
16:57:06,7768.469,993,1000,3,1,0
16:57:06,7768.66,994,1000,3,1,0
16:57:06,7768.862,995,1000,3,0.9,0
16:57:06,7769.065,994,1000,3,1,0
16:57:07,7769.258,994,1000,3,1,0
16:57:07,7769.461,996,1000,3,1,0
16:57:07,7769.669,995,1000,3,1,0
16:57:07,7769.863,994,1000,3,1,0
16:57:07,7770.058,994,1000,4,1,0
16:57:08,7770.264,996,1000,4,1,0
16:57:08,7770.454,997,1000,4,1,0
16:57:08,7770.661,996,1000,4,1,0
16:57:08,7770.862,995,1000,4,1,0
16:57:08,7771.057,994,1000,4,1,0
16:57:09,7771.262,995,1000,4,1,0
16:57:09,7771.454,996,1000,4,1,0
16:57:09,7771.663,995,1000,4,1,0
16:57:09,7771.861,994,1000,4,1,0
16:57:09,7772.057,994,1000,4,1,0
16:57:10,7772.262,996,1000,4,1,0
16:57:10,7772.454,996,1000,4,1,0
16:57:10,7772.659,995,1000,4,1,0
16:57:10,7772.861,994,1000,4,1.1,0
16:57:10,7773.058,996,1000,4,1,0
16:57:11,7773.248,997,1000,4,1,0
16:57:11,7773.454,996,1000,4,1,0
16:57:11,7773.648,995,1000,4,1,0
16:57:11,7773.848,994,1000,4,1.1,0
16:57:11,7774.049,995,1000,4,1,0
16:57:12,7774.257,995,1000,4,1,0
16:57:12,7774.449,994,1000,4,1.1,0
16:57:12,7774.655,996,1000,4,1,0
16:57:12,7774.845,998,1000,4,1,0
16:57:12,7775.042,999,1000,4,1,0
16:57:13,7775.251,1000,1000,4,1,0
16:57:13,7775.44,1001,1000,4,1,0
16:57:13,7775.647,1002,1000,4,1,0
16:57:13,7775.848,1003,1000,4,1,0
16:57:13,7776.042,1004,1000,4,1,0
16:57:14,7776.248,1004,1000,4,1,0
16:57:14,7776.45,1005,1000,4,0.9,0
16:57:14,7776.642,1005,1000,4,0.9,0
16:57:14,7776.845,1003,1000,4,1,0
16:57:14,7777.042,1001,1000,4,1,0
16:57:15,7777.234,1000,1000,4,1,0
16:57:15,7777.442,999,1000,4,1,0
16:57:15,7777.634,998,1000,4,1,0
16:57:15,7777.846,998,1000,4,1,0
16:57:15,7778.043,997,1000,4,1,0
16:57:16,7778.232,997,1000,4,1,0
16:57:16,7778.44,997,1000,4,1,0
16:57:16,7778.632,997,1000,4,1,0
16:57:16,7778.846,997,1000,4,1,0
16:57:16,7779.033,997,1000,4,1,0
16:57:17,7779.242,997,1000,4,1,0
16:57:17,7779.445,997,1000,4,1,0
16:57:17,7779.635,997,1000,4,1,0
16:57:17,7779.833,997,1000,4,1,0
16:57:17,7780.042,997,1000,4,1,0
16:57:18,7780.233,997,1000,4,1,0
16:57:18,7780.44,998,1000,4,1,0
16:57:18,7780.631,998,1000,4,1,0
16:57:18,7780.83,998,1000,4,1,0
16:57:18,7781.024,998,1000,4,1,0
16:57:19,7781.23,998,1000,4,1,0
16:57:19,7781.436,998,1000,4,1,0
16:57:19,7781.627,998,1000,4,1,0
16:57:19,7781.83,999,1000,4,1,0
16:57:19,7782.026,999,1000,4,1,0
16:57:20,7782.232,999,1000,4,1,0
16:57:20,7782.424,999,1000,4,1,0
16:57:20,7782.63,999,1000,4,1,0
16:57:20,7782.829,999,1000,4,1,0
16:57:20,7783.024,999,1000,4,1,0
16:57:21,7783.23,999,1000,4,1,0
16:57:21,7783.421,999,1000,4,1,0
16:57:21,7783.629,999,1000,4,1,0
16:57:21,7783.829,999,1000,4,1,0
16:57:21,7784.03,999,1000,4,1,0
16:57:22,7784.223,999,1000,4,1,0
16:57:22,7784.424,999,1000,4,1,0
16:57:22,7784.62,999,1000,4,1,0
16:57:22,7784.814,999,1000,4,1,0
16:57:22,7785.025,999,1000,4,1,0
16:57:23,7785.217,999,1000,4,1,0
16:57:23,7785.423,999,1000,4,1,0
16:57:23,7785.613,999,1000,4,1,0
16:57:23,7785.816,999,1000,4,1,0
16:57:23,7786.01,999,1000,4,1,0
16:57:24,7786.216,999,1000,4,1,0
16:57:24,7786.423,999,1000,4,1,0
16:57:24,7786.614,999,1000,4,1,0
16:57:24,7786.813,999,1000,4,1,0
16:57:24,7787.008,999,1000,4,1,0
16:57:25,7787.215,998,1000,4,1,0
16:57:25,7787.406,998,1000,4,1,0
16:57:25,7787.613,998,1000,4,1,0
16:57:25,7787.813,998,1000,4,1,0
16:57:25,7788.015,997,1000,4,1,0
16:57:26,7788.214,997,1000,4,1,0
16:57:26,7788.407,997,1000,4,1,0
16:57:26,7788.614,997,1000,4,1,0
16:57:26,7788.815,997,1000,4,1,0
16:57:26,7789.014,996,1000,4,1,0
16:57:27,7789.208,996,1000,4,1,0
16:57:27,7789.408,996,1000,4,1,0
16:57:27,7789.606,996,1000,4,1,0
16:57:27,7789.813,995,1000,4,1,0
16:57:27,7790.012,995,1000,4,1,0
16:57:28,7790.216,995,1000,4,1,0
16:57:28,7790.409,995,1000,4,1,0
16:57:28,7790.6,995,1000,4,1,0
16:57:28,7790.814,994,1000,4,1.1,0
16:57:28,7791.009,996,1000,4,1,0
16:57:29,7791.197,996,1000,4,1,0
16:57:29,7791.405,995,1000,4,1,0
16:57:29,7791.597,995,1000,4,1,0
16:57:29,7791.798,994,1000,4,1.1,0
16:57:29,7792.009,995,1000,4,1,0
16:57:30,7792.2,996,1000,4,1,0
16:57:30,7792.406,998,1000,4,1,0
16:57:30,7792.598,999,1000,4,1,0
16:57:30,7792.798,1000,1000,4,1,0
16:57:30,7793.008,1000,1000,4,1,0
16:57:31,7793.196,1001,1000,4,1,0
16:57:31,7793.391,1001,1000,4,1,0
16:57:31,7793.599,1001,1000,4,1,0
16:57:31,7793.798,1001,1000,4,1,0
16:57:31,7794,1001,1000,4,1,0
16:57:32,7794.194,1001,1000,4,1,0
16:57:32,7794.398,1001,1000,4,1,0
16:57:32,7794.591,1001,1000,4,1,0
16:57:32,7794.791,1001,1000,4,1,0
16:57:32,7794.995,1001,1000,4,1,0
16:57:33,7795.2,1000,1000,4,1,0
16:57:33,7795.39,1000,1000,4,1,0
16:57:33,7795.598,1000,1000,4,1,0
16:57:33,7795.791,999,1000,4,1,0
16:57:33,7795.992,999,1000,4,1,0
16:57:34,7796.196,999,1000,4,1,0
16:57:34,7796.391,998,1000,4,1,0
16:57:34,7796.597,998,1000,4,1,0
16:57:34,7796.784,998,1000,4,1,0
16:57:34,7796.99,997,1000,4,1,0
16:57:35,7797.18,997,1000,4,1,0
16:57:35,7797.39,997,1000,4,1,0
16:57:35,7797.583,997,1000,4,1,0
16:57:35,7797.784,996,1000,4,1,0
16:57:35,7797.992,996,1000,4,1,0
16:57:36,7798.184,996,1000,4,1,0
16:57:36,7798.39,995,1000,4,1,0
16:57:36,7798.582,995,1000,4,1,0
16:57:36,7798.784,995,1000,4,1,0
16:57:36,7798.99,994,1000,4,1.1,0
16:57:37,7799.181,994,1000,4,1.1,0
16:57:37,7799.38,994,1000,4,1.1,0
16:57:37,7799.574,993,1000,4,1.1,0
16:57:37,7799.777,993,1000,4,1.1,0
16:57:37,7799.979,993,1000,4,1.1,0
16:57:38,7800.184,992,1000,4,1.1,0
16:57:38,7800.38,992,1000,4,1.2,0
16:57:38,7800.572,992,1000,4,1.2,0
16:57:38,7800.777,991,1000,4,1.2,0
16:57:38,7800.978,991,1000,4,1.2,0
16:57:39,7801.183,991,1000,4,1.2,0
16:57:39,7801.381,992,1000,4,1.2,0
16:57:39,7801.573,993,1000,4,1.2,0
16:57:39,7801.777,993,1000,4,1.2,0
16:57:39,7801.973,994,1000,4,1.2,0
16:57:40,7802.181,994,1000,4,1.2,0
16:57:40,7802.377,995,1000,4,1.1,0
16:57:40,7802.572,994,1000,4,1.2,0
16:57:40,7802.77,994,1000,4,1.2,0
16:57:40,7802.972,994,1000,4,1.2,0
16:57:41,7803.18,994,1000,4,1.2,0
16:57:41,7803.374,994,1000,4,1.2,0
16:57:41,7803.566,994,1000,4,1.2,0
16:57:41,7803.77,994,1000,4,1.2,0
16:57:41,7803.966,994,1000,4,1.3,0
16:57:42,7804.174,996,1000,4,1.2,0
16:57:42,7804.376,996,1000,4,1.2,0
16:57:42,7804.573,994,1000,4,1.3,0
16:57:42,7804.763,996,1000,4,1.2,0
16:57:42,7804.973,996,1000,4,1.2,0
16:57:43,7805.165,994,1000,5,1.3,0
16:57:43,7805.36,996,1000,5,1.2,0
16:57:43,7805.567,996,1000,5,1.2,0
16:57:43,7805.77,996,1000,5,1.2,0
16:57:43,7805.974,995,1000,5,1.2,0
16:57:44,7806.166,995,1000,5,1.2,0
16:57:44,7806.357,994,1000,5,1.3,0
16:57:44,7806.564,995,1000,5,1.2,0
16:57:44,7806.771,995,1000,5,1.2,0
16:57:44,7806.958,994,1000,5,1.3,0
16:57:45,7807.166,995,1000,5,1.2,0
16:57:45,7807.361,995,1000,5,1.2,0
16:57:45,7807.569,994,1000,5,1.3,0
16:57:45,7807.763,995,1000,5,1.2,0
16:57:45,7807.973,995,1000,5,1.2,0
16:57:46,7808.164,994,1000,5,1.3,0
16:57:46,7808.358,995,1000,5,1.2,0
16:57:46,7808.565,994,1000,5,1.3,0
16:57:46,7808.758,996,1000,5,1.2,0
16:57:46,7808.953,996,1000,5,1.2,0
16:57:47,7809.161,995,1000,5,1.2,0
16:57:47,7809.362,994,1000,5,1.3,0
16:57:47,7809.557,995,1000,5,1.2,0
16:57:47,7809.75,994,1000,5,1.3,0
16:57:47,7809.957,995,1000,5,1.2,0
16:57:47,7810.149,995,1000,5,1.2,0
16:57:48,7810.36,994,1000,5,1.3,0
16:57:48,7810.55,994,1000,5,1.3,0
16:57:48,7810.758,996,1000,5,1.3,0
16:57:48,7810.951,997,1000,5,1.3,0
16:57:48,7811.151,998,1000,5,1.3,0
16:57:49,7811.357,999,1000,5,1.3,0
16:57:49,7811.548,1000,1000,5,1.3,0
16:57:49,7811.757,1000,1000,5,1.3,0
16:57:49,7811.943,1001,1000,5,1.3,0
16:57:49,7812.148,1001,1000,5,1.3,0
16:57:50,7812.357,1002,1000,5,1.3,0
16:57:50,7812.548,1002,1000,5,1.3,0
16:57:50,7812.755,1002,1000,5,1.3,0
16:57:50,7812.946,1002,1000,5,1.3,0
16:57:50,7813.148,1002,1000,5,1.3,0
16:57:51,7813.343,1002,1000,5,1.3,0
16:57:51,7813.549,1002,1000,5,1.3,0
16:57:51,7813.74,1003,1000,5,1.3,0
16:57:51,7813.955,1003,1000,5,1.3,0
16:57:51,7814.147,1003,1000,5,1.3,0
16:57:52,7814.343,1003,1000,5,1.3,0
16:57:52,7814.538,1003,1000,5,1.3,0
16:57:52,7814.748,1003,1000,5,1.3,0
16:57:52,7814.936,1003,1000,5,1.3,0
16:57:52,7815.148,1003,1000,5,1.3,0
16:57:53,7815.342,1003,1000,5,1.3,0
16:57:53,7815.533,1004,1000,5,1.3,0
16:57:53,7815.741,1004,1000,5,1.3,0
16:57:53,7815.937,1004,1000,5,1.3,0
16:57:53,7816.134,1004,1000,5,1.3,0
16:57:54,7816.344,1004,1000,5,1.3,0
16:57:54,7816.535,1004,1000,5,1.3,0
16:57:54,7816.743,1004,1000,5,1.3,0
16:57:54,7816.937,1004,1000,5,1.3,0
16:57:54,7817.133,1004,1000,5,1.3,0
16:57:55,7817.342,1004,1000,5,1.3,0
16:57:55,7817.534,1004,1000,5,1.3,0
16:57:55,7817.742,1004,1000,5,1.3,0
16:57:55,7817.938,1004,1000,5,1.3,0
16:57:55,7818.132,1005,1000,5,1.2,0
16:57:56,7818.342,1001,1000,5,1.3,0
16:57:56,7818.533,1000,1000,5,1.3,0
16:57:56,7818.733,1001,1000,5,1.3,0
16:57:56,7818.951,1002,1000,5,1.3,0
16:57:56,7819.126,1002,1000,5,1.3,0
16:57:57,7819.334,1003,1000,5,1.3,0
16:57:57,7819.525,1003,1000,5,1.3,0
16:57:57,7819.735,1004,1000,5,1.3,0
16:57:57,7819.93,1004,1000,5,1.3,0
16:57:57,7820.133,1004,1000,5,1.3,0
16:57:58,7820.327,1004,1000,5,1.3,0
16:57:58,7820.536,1004,1000,5,1.3,0
16:57:58,7820.727,1004,1000,5,1.3,0
16:57:58,7820.93,1004,1000,5,1.3,0
16:57:58,7821.134,1003,1000,5,1.3,0
16:57:59,7821.334,1003,1000,5,1.3,0
16:57:59,7821.526,1003,1000,5,1.3,0
16:57:59,7821.717,1002,1000,5,1.3,0
16:57:59,7821.93,1002,1000,5,1.3,0
16:57:59,7822.118,1002,1000,5,1.3,0
16:58:00,7822.328,1002,1000,5,1.3,0
16:58:00,7822.519,1001,1000,5,1.3,0
16:58:00,7822.728,1001,1000,5,1.3,0
16:58:00,7822.923,1001,1000,5,1.3,0
16:58:00,7823.132,1000,1000,5,1.3,0
16:58:01,7823.325,1000,1000,5,1.3,0
16:58:01,7823.516,999,1000,5,1.3,0
16:58:01,7823.724,999,1000,5,1.3,0
16:58:01,7823.916,999,1000,5,1.3,0
16:58:01,7824.125,998,1000,5,1.3,0
16:58:02,7824.318,998,1000,5,1.3,0
16:58:02,7824.524,998,1000,5,1.3,0
16:58:02,7824.715,998,1000,5,1.3,0
16:58:02,7824.915,998,1000,5,1.3,0
16:58:02,7825.117,997,1000,5,1.3,0
16:58:03,7825.313,997,1000,5,1.3,0
16:58:03,7825.521,997,1000,5,1.3,0
16:58:03,7825.713,997,1000,5,1.3,0
16:58:03,7825.912,997,1000,5,1.3,0
16:58:03,7826.11,998,1000,5,1.3,0
16:58:04,7826.31,998,1000,5,1.3,0
16:58:04,7826.519,998,1000,5,1.3,0
16:58:04,7826.711,998,1000,5,1.3,0
16:58:04,7826.913,999,1000,5,1.3,0
16:58:04,7827.117,999,1000,5,1.3,0
16:58:05,7827.309,1000,1000,5,1.3,0
16:58:05,7827.516,1000,1000,5,1.3,0
16:58:05,7827.708,1001,1000,5,1.3,0
16:58:05,7827.916,1001,1000,5,1.3,0
16:58:05,7828.103,1002,1000,5,1.3,0
16:58:06,7828.311,1002,1000,5,1.3,0
16:58:06,7828.501,1003,1000,5,1.3,0
16:58:06,7828.708,1003,1000,5,1.3,0
16:58:06,7828.912,1004,1000,5,1.3,0
16:58:06,7829.113,1004,1000,5,1.3,0
16:58:07,7829.312,1004,1000,5,1.3,0
16:58:07,7829.512,1004,1000,5,1.3,0
16:58:07,7829.703,1005,1000,5,1.2,0
16:58:07,7829.898,1002,1000,5,1.2,0
16:58:07,7830.102,1001,1000,5,1.2,0
16:58:08,7830.311,999,1000,5,1.2,0
16:58:08,7830.503,998,1000,5,1.2,0
16:58:08,7830.71,997,1000,5,1.2,0
16:58:08,7830.896,997,1000,5,1.2,0
16:58:08,7831.096,996,1000,5,1.2,0
16:58:09,7831.296,996,1000,5,1.2,0
16:58:09,7831.504,996,1000,5,1.2,0
16:58:09,7831.695,995,1000,5,1.2,0
16:58:09,7831.896,995,1000,5,1.2,0
16:58:09,7832.103,995,1000,5,1.2,0
16:58:10,7832.295,995,1000,5,1.2,0
16:58:10,7832.503,994,1000,5,1.3,0
16:58:10,7832.693,995,1000,5,1.3,0
16:58:10,7832.896,997,1000,5,1.3,0
16:58:10,7833.096,998,1000,5,1.3,0
16:58:11,7833.293,999,1000,5,1.3,0
16:58:11,7833.5,1000,1000,5,1.3,0
16:58:11,7833.692,1001,1000,5,1.3,0
16:58:11,7833.897,1001,1000,5,1.3,0
16:58:11,7834.095,1001,1000,5,1.3,0
16:58:12,7834.286,1002,1000,5,1.3,0
16:58:12,7834.494,1002,1000,5,1.3,0
16:58:12,7834.685,1002,1000,5,1.3,0
16:58:12,7834.883,1001,1000,5,1.3,0
16:58:12,7835.089,1001,1000,5,1.3,0
16:58:13,7835.297,1001,1000,5,1.3,0
16:58:13,7835.489,1001,1000,5,1.3,0
16:58:13,7835.695,1001,1000,5,1.3,0
16:58:13,7835.896,1000,1000,5,1.3,0
16:58:13,7836.082,1000,1000,5,1.3,0
16:58:14,7836.294,1000,1000,5,1.3,0
16:58:14,7836.486,999,1000,5,1.3,0
16:58:14,7836.693,999,1000,5,1.3,0
16:58:14,7836.881,998,1000,5,1.3,0
16:58:14,7837.082,998,1000,5,1.3,0
16:58:15,7837.279,997,1000,5,1.3,0
16:58:15,7837.487,997,1000,5,1.3,0
16:58:15,7837.679,997,1000,5,1.3,0
16:58:15,7837.881,996,1000,5,1.3,0
16:58:15,7838.082,996,1000,5,1.3,0
16:58:16,7838.278,995,1000,5,1.3,0
16:58:16,7838.489,994,1000,5,1.3,0
16:58:16,7838.679,994,1000,5,1.3,0
16:58:16,7838.881,993,1000,5,1.4,0
16:58:16,7839.079,992,1000,5,1.4,0
16:58:17,7839.274,992,1000,5,1.4,0
16:58:17,7839.478,992,1000,5,1.4,0
16:58:17,7839.684,993,1000,5,1.4,0
16:58:17,7839.884,994,1000,5,1.4,0
16:58:17,7840.075,994,1000,5,1.4,0
16:58:18,7840.279,994,1000,5,1.4,0
16:58:18,7840.476,994,1000,5,1.4,0
16:58:18,7840.678,994,1000,5,1.4,0
16:58:18,7840.876,995,1000,5,1.3,0
16:58:18,7841.075,994,1000,5,1.4,0
16:58:19,7841.277,993,1000,5,1.4,0
16:58:19,7841.467,993,1000,5,1.4,0
16:58:19,7841.674,993,1000,5,1.5,0
16:58:19,7841.883,992,1000,5,1.5,0
16:58:19,7842.074,992,1000,5,1.5,0
16:58:20,7842.279,991,1000,5,1.5,0
16:58:20,7842.47,991,1000,5,1.5,0
16:58:20,7842.679,992,1000,5,1.5,0
16:58:20,7842.877,994,1000,5,1.5,0
16:58:20,7843.071,994,1000,5,1.5,0
16:58:21,7843.263,994,1000,6,1.5,0
16:58:21,7843.47,995,1000,6,1.4,0
16:58:21,7843.662,995,1000,6,1.4,0
16:58:21,7843.877,994,1000,6,1.5,0
16:58:21,7844.065,996,1000,6,1.4,0
16:58:22,7844.265,995,1000,6,1.4,0
16:58:22,7844.461,995,1000,6,1.4,0
16:58:22,7844.667,994,1000,6,1.5,0
16:58:22,7844.86,996,1000,6,1.5,0
16:58:22,7845.057,996,1000,6,1.5,0
16:58:23,7845.263,996,1000,6,1.5,0
16:58:23,7845.47,995,1000,6,1.5,0
16:58:23,7845.662,994,1000,6,1.5,0
16:58:23,7845.86,996,1000,6,1.5,0
16:58:23,7846.071,995,1000,6,1.5,0
16:58:24,7846.261,995,1000,6,1.5,0
16:58:24,7846.468,994,1000,6,1.5,0
16:58:24,7846.659,995,1000,6,1.5,0
16:58:24,7846.86,995,1000,6,1.5,0
16:58:24,7847.055,994,1000,6,1.5,0
16:58:25,7847.261,995,1000,6,1.5,0
16:58:25,7847.453,996,1000,6,1.5,0
16:58:25,7847.661,995,1000,6,1.5,0
16:58:25,7847.862,994,1000,6,1.5,0
16:58:25,7848.054,996,1000,6,1.5,0
16:58:26,7848.262,995,1000,6,1.5,0
16:58:26,7848.454,995,1000,6,1.5,0
16:58:26,7848.657,994,1000,6,1.5,0
16:58:26,7848.861,996,1000,6,1.5,0
16:58:26,7849.054,997,1000,6,1.5,0
16:58:27,7849.256,996,1000,6,1.5,0
16:58:27,7849.448,995,1000,6,1.5,0
16:58:27,7849.655,995,1000,6,1.5,0
16:58:27,7849.861,994,1000,6,1.6,0
16:58:27,7850.057,995,1000,6,1.5,0
16:58:28,7850.247,995,1000,6,1.5,0
16:58:28,7850.455,994,1000,6,1.6,0
16:58:28,7850.646,995,1000,6,1.5,0
16:58:28,7850.845,995,1000,6,1.5,0
16:58:28,7851.055,994,1000,6,1.6,0
16:58:29,7851.249,995,1000,6,1.5,0
16:58:29,7851.457,995,1000,6,1.5,0
16:58:29,7851.648,994,1000,6,1.6,0
16:58:29,7851.845,994,1000,6,1.6,0
16:58:29,7852.04,996,1000,6,1.5,0
16:58:30,7852.245,997,1000,6,1.5,0
16:58:30,7852.452,999,1000,6,1.5,0
16:58:30,7852.642,1000,1000,6,1.5,0
16:58:30,7852.846,1000,1000,6,1.5,0
16:58:30,7853.043,1001,1000,6,1.5,0
16:58:31,7853.247,1001,1000,6,1.5,0
16:58:31,7853.438,1002,1000,6,1.5,0
16:58:31,7853.644,1002,1000,6,1.5,0
16:58:31,7853.845,1002,1000,6,1.5,0
16:58:31,7854.048,1002,1000,6,1.5,0
16:58:32,7854.24,1002,1000,6,1.5,0
16:58:32,7854.446,1002,1000,6,1.5,0
16:58:32,7854.638,1002,1000,6,1.5,0
16:58:32,7854.844,1002,1000,6,1.5,0
16:58:32,7855.042,1002,1000,6,1.5,0
16:58:33,7855.231,1002,1000,6,1.5,0
16:58:33,7855.439,1002,1000,6,1.5,0
16:58:33,7855.631,1002,1000,6,1.5,0
16:58:33,7855.83,1003,1000,6,1.5,0
16:58:33,7856.04,1002,1000,6,1.5,0
16:58:34,7856.232,1002,1000,6,1.5,0
16:58:34,7856.44,1002,1000,6,1.5,0
16:58:34,7856.633,1002,1000,6,1.5,0
16:58:34,7856.829,1002,1000,6,1.5,0
16:58:34,7857.039,1002,1000,6,1.5,0
16:58:35,7857.231,1002,1000,6,1.5,0
16:58:35,7857.439,1002,1000,6,1.5,0
16:58:35,7857.631,1002,1000,6,1.5,0
16:58:35,7857.829,1002,1000,6,1.5,0
16:58:35,7858.024,1002,1000,6,1.5,0
16:58:36,7858.229,1002,1000,6,1.5,0
16:58:36,7858.437,1002,1000,6,1.5,0
16:58:36,7858.628,1002,1000,6,1.5,0
16:58:36,7858.829,1002,1000,6,1.5,0
16:58:36,7859.035,1002,1000,6,1.5,0
16:58:37,7859.231,1002,1000,6,1.5,0
16:58:37,7859.426,1002,1000,6,1.5,0
16:58:37,7859.634,1003,1000,6,1.5,0
16:58:37,7859.829,1003,1000,6,1.5,0
16:58:37,7860.026,1002,1000,6,1.5,0
16:58:38,7860.231,1003,1000,6,1.5,0
16:58:38,7860.423,1003,1000,6,1.5,0
16:58:38,7860.63,1002,1000,6,1.5,0
16:58:38,7860.829,1002,1000,6,1.5,0
16:58:38,7861.023,1002,1000,6,1.5,0
16:58:39,7861.231,1002,1000,6,1.5,0
16:58:39,7861.423,1002,1000,6,1.5,0
16:58:39,7861.631,1002,1000,6,1.5,0
16:58:39,7861.829,1002,1000,6,1.5,0
16:58:39,7862.015,1002,1000,6,1.5,0
16:58:40,7862.229,1002,1000,6,1.5,0
16:58:40,7862.418,1002,1000,6,1.5,0
16:58:40,7862.625,1002,1000,6,1.5,0
16:58:40,7862.816,1002,1000,6,1.5,0
16:58:40,7863.026,1003,1000,6,1.5,0
16:58:41,7863.216,1003,1000,6,1.5,0
16:58:41,7863.421,1003,1000,6,1.5,0
16:58:41,7863.617,1003,1000,6,1.5,0
16:58:41,7863.813,1003,1000,6,1.5,0
16:58:41,7864.017,1003,1000,6,1.5,0
16:58:42,7864.209,1003,1000,6,1.5,0
16:58:42,7864.423,1003,1000,6,1.5,0
16:58:42,7864.62,1004,1000,6,1.5,0
16:58:42,7864.812,1004,1000,6,1.5,0
16:58:42,7865.009,1004,1000,6,1.5,0
16:58:43,7865.215,1004,1000,6,1.5,0
16:58:43,7865.407,1004,1000,6,1.5,0
16:58:43,7865.614,1004,1000,6,1.5,0
16:58:43,7865.812,1005,1000,6,1.5,0
16:58:43,7866.009,1003,1000,6,1.5,0
16:58:44,7866.214,1003,1000,6,1.5,0
16:58:44,7866.404,1003,1000,6,1.5,0
16:58:44,7866.613,1003,1000,6,1.5,0
16:58:44,7866.812,1004,1000,6,1.5,0
16:58:44,7867.007,1004,1000,6,1.5,0
16:58:45,7867.216,1004,1000,6,1.5,0
16:58:45,7867.408,1004,1000,6,1.5,0
16:58:45,7867.599,1005,1000,6,1.4,0
16:58:45,7867.812,1003,1000,6,1.5,0
16:58:45,7868.007,1000,1000,6,1.5,0
16:58:46,7868.215,999,1000,6,1.5,0
16:58:46,7868.407,997,1000,6,1.5,0
16:58:46,7868.598,996,1000,6,1.5,0
16:58:46,7868.797,995,1000,6,1.5,0
16:58:46,7869,995,1000,6,1.5,0
16:58:47,7869.212,994,1000,6,1.6,0
16:58:47,7869.41,995,1000,6,1.5,0
16:58:47,7869.604,997,1000,6,1.5,0
16:58:47,7869.812,999,1000,6,1.5,0
16:58:47,7869.993,1001,1000,6,1.5,0
16:58:48,7870.2,1002,1000,6,1.5,0
16:58:48,7870.407,1003,1000,6,1.5,0
16:58:48,7870.598,1003,1000,6,1.5,0
16:58:48,7870.797,1004,1000,6,1.5,0
16:58:48,7871.007,1004,1000,6,1.5,0
16:58:49,7871.196,1005,1000,6,1.4,0
16:58:49,7871.389,1003,1000,6,1.5,0
16:58:49,7871.597,1001,1000,6,1.5,0
16:58:49,7871.797,1000,1000,6,1.5,0
16:58:49,7871.992,999,1000,6,1.5,0
16:58:50,7872.196,998,1000,6,1.5,0
16:58:50,7872.389,997,1000,6,1.5,0
16:58:50,7872.596,997,1000,6,1.5,0
16:58:50,7872.797,997,1000,6,1.5,0
16:58:50,7872.991,996,1000,6,1.5,0
16:58:51,7873.195,996,1000,6,1.5,0
16:58:51,7873.388,996,1000,6,1.5,0
16:58:51,7873.595,996,1000,6,1.5,0
16:58:51,7873.79,996,1000,6,1.5,0
16:58:51,7873.984,996,1000,6,1.5,0
16:58:52,7874.193,996,1000,6,1.5,0
16:58:52,7874.392,996,1000,6,1.5,0
16:58:52,7874.587,996,1000,6,1.5,0
16:58:52,7874.79,996,1000,6,1.5,0
16:58:52,7874.993,997,1000,6,1.5,0
16:58:53,7875.195,997,1000,6,1.5,0
16:58:53,7875.391,997,1000,6,1.5,0
16:58:53,7875.584,997,1000,6,1.5,0
16:58:53,7875.79,997,1000,6,1.5,0
16:58:53,7875.988,998,1000,6,1.5,0
16:58:54,7876.18,998,1000,6,1.5,0
16:58:54,7876.388,998,1000,6,1.5,0
16:58:54,7876.58,998,1000,6,1.5,0
16:58:54,7876.783,999,1000,6,1.5,0
16:58:54,7876.988,999,1000,6,1.5,0
16:58:55,7877.182,999,1000,6,1.5,0
16:58:55,7877.375,999,1000,6,1.5,0
16:58:55,7877.582,999,1000,6,1.5,0
16:58:55,7877.783,1000,1000,6,1.5,0
16:58:55,7877.988,1000,1000,6,1.5,0
16:58:56,7878.179,1000,1000,6,1.5,0
16:58:56,7878.374,1000,1000,6,1.5,0
16:58:56,7878.58,1000,1000,6,1.5,0
16:58:56,7878.783,1000,1000,6,1.5,0
16:58:56,7878.981,1000,1000,6,1.5,0
16:58:57,7879.173,1000,1000,6,1.5,0
16:58:57,7879.377,1000,1000,6,1.5,0
16:58:57,7879.572,1000,1000,6,1.5,0
16:58:57,7879.776,1000,1000,6,1.5,0
16:58:57,7879.972,1001,1000,6,1.5,0
16:58:58,7880.18,1001,1000,6,1.5,0
16:58:58,7880.376,1001,1000,6,1.5,0
16:58:58,7880.568,1001,1000,6,1.5,0
16:58:58,7880.776,1001,1000,6,1.5,0
16:58:58,7880.971,1001,1000,6,1.5,0
16:58:59,7881.18,1001,1000,6,1.5,0
16:58:59,7881.373,1001,1000,6,1.5,0
16:58:59,7881.563,1001,1000,6,1.5,0
16:58:59,7881.769,1001,1000,6,1.5,0
16:58:59,7881.972,1001,1000,6,1.5,0
16:59:00,7882.164,1001,1000,6,1.5,0
16:59:00,7882.372,1001,1000,6,1.5,0
16:59:00,7882.565,1001,1000,6,1.5,0
16:59:00,7882.771,1001,1000,6,1.5,0
16:59:00,7882.972,1000,1000,6,1.5,0
16:59:01,7883.165,1000,1000,6,1.5,0
16:59:01,7883.359,999,1000,6,1.5,0
16:59:01,7883.565,999,1000,6,1.5,0
16:59:01,7883.771,999,1000,6,1.5,0
16:59:01,7883.968,998,1000,6,1.5,0
16:59:02,7884.164,998,1000,6,1.5,0
16:59:02,7884.361,998,1000,6,1.5,0
16:59:02,7884.571,998,1000,6,1.5,0
16:59:02,7884.762,998,1000,6,1.5,0
16:59:02,7884.959,998,1000,6,1.5,0
16:59:03,7885.163,998,1000,6,1.5,0
16:59:03,7885.359,999,1000,6,1.5,0
16:59:03,7885.564,999,1000,6,1.5,0
16:59:03,7885.759,999,1000,6,1.5,0
16:59:03,7885.957,999,1000,6,1.5,0
16:59:04,7886.164,1000,1000,6,1.5,0
16:59:04,7886.357,1000,1000,6,1.5,0
16:59:04,7886.564,1000,1000,6,1.5,0
16:59:04,7886.755,1001,1000,6,1.5,0
16:59:04,7886.957,1001,1000,6,1.5,0
16:59:04,7887.148,1001,1000,6,1.5,0
16:59:05,7887.363,1001,1000,6,1.5,0
16:59:05,7887.555,1001,1000,6,1.5,0
16:59:05,7887.763,1001,1000,6,1.5,0
16:59:05,7887.956,1001,1000,6,1.5,0
16:59:05,7888.154,1001,1000,6,1.5,0
16:59:06,7888.358,1001,1000,6,1.5,0
16:59:06,7888.549,1001,1000,6,1.5,0
16:59:06,7888.756,1001,1000,6,1.5,0
16:59:06,7888.953,1001,1000,6,1.5,0
16:59:07,7889.159,1001,1000,6,1.5,0
16:59:07,7889.359,1001,1000,6,1.5,0
16:59:07,7889.556,1001,1000,6,1.5,0
16:59:07,7889.749,1001,1000,6,1.5,0
16:59:07,7889.949,1001,1000,6,1.5,0
16:59:07,7890.148,1001,1000,6,1.5,0
16:59:08,7890.341,1001,1000,6,1.5,0
16:59:08,7890.549,1001,1000,6,1.5,0
16:59:08,7890.741,1001,1000,6,1.5,0
16:59:08,7890.943,1001,1000,6,1.5,0
16:59:08,7891.149,1000,1000,6,1.5,0
16:59:09,7891.342,1000,1000,6,1.5,0
16:59:09,7891.549,1000,1000,6,1.5,0
16:59:09,7891.74,1000,1000,6,1.5,0
16:59:09,7891.95,999,1000,6,1.5,0
16:59:09,7892.148,999,1000,6,1.5,0
16:59:10,7892.342,999,1000,6,1.5,0
16:59:10,7892.548,999,1000,6,1.5,0
16:59:10,7892.739,999,1000,6,1.5,0
16:59:10,7892.935,999,1000,6,1.5,0
16:59:10,7893.15,999,1000,6,1.5,0
16:59:11,7893.34,999,1000,6,1.5,0
16:59:11,7893.547,999,1000,6,1.5,0
16:59:11,7893.739,999,1000,6,1.5,0
16:59:11,7893.936,999,1000,6,1.5,0
16:59:11,7894.142,999,1000,6,1.5,0
16:59:12,7894.338,999,1000,6,1.5,0
16:59:12,7894.535,999,1000,6,1.5,0
16:59:12,7894.742,999,1000,6,1.5,0
16:59:12,7894.936,999,1000,6,1.5,0
16:59:12,7895.131,999,1000,6,1.5,0
16:59:13,7895.34,998,1000,6,1.5,0
16:59:13,7895.533,998,1000,6,1.5,0
16:59:13,7895.74,998,1000,6,1.5,0
16:59:13,7895.936,998,1000,6,1.5,0
16:59:13,7896.131,998,1000,6,1.5,0
16:59:14,7896.328,999,1000,6,1.5,0
16:59:14,7896.535,999,1000,6,1.5,0
16:59:14,7896.726,999,1000,6,1.5,0
16:59:14,7896.93,999,1000,6,1.5,0
16:59:14,7897.131,998,1000,6,1.5,0
16:59:15,7897.324,998,1000,6,1.5,0
16:59:15,7897.531,998,1000,6,1.5,0
16:59:15,7897.722,998,1000,6,1.5,0
16:59:15,7897.929,998,1000,6,1.5,0
16:59:15,7898.131,998,1000,6,1.5,0
16:59:16,7898.326,998,1000,6,1.5,0
16:59:16,7898.534,997,1000,6,1.5,0
16:59:16,7898.725,997,1000,6,1.5,0
16:59:16,7898.936,997,1000,6,1.5,0
16:59:16,7899.127,997,1000,6,1.5,0
16:59:17,7899.325,996,1000,6,1.5,0
16:59:17,7899.524,996,1000,6,1.5,0
16:59:17,7899.717,996,1000,6,1.5,0
16:59:17,7899.929,996,1000,6,1.5,0
16:59:17,7900.116,995,1000,6,1.5,0
16:59:18,7900.327,995,1000,6,1.5,0
16:59:18,7900.519,994,1000,6,1.6,0
16:59:18,7900.727,996,1000,6,1.5,0
16:59:18,7900.929,997,1000,6,1.5,0
16:59:18,7901.131,998,1000,6,1.5,0
16:59:19,7901.325,999,1000,6,1.5,0
16:59:19,7901.517,1000,1000,6,1.5,0
16:59:19,7901.725,1001,1000,6,1.5,0
16:59:19,7901.915,1001,1000,6,1.5,0
16:59:19,7902.131,1002,1000,6,1.5,0
16:59:20,7902.309,1002,1000,6,1.5,0
16:59:20,7902.516,1002,1000,6,1.5,0
16:59:20,7902.708,1003,1000,6,1.5,0
16:59:20,7902.914,1003,1000,6,1.5,0
16:59:20,7903.109,1003,1000,6,1.5,0
16:59:21,7903.31,1003,1000,6,1.5,0
16:59:21,7903.519,1003,1000,6,1.5,0
16:59:21,7903.711,1003,1000,6,1.5,0
16:59:21,7903.911,1003,1000,6,1.5,0
16:59:21,7904.112,1003,1000,6,1.5,0
16:59:22,7904.31,1003,1000,6,1.5,0
16:59:22,7904.507,1003,1000,6,1.5,0
16:59:22,7904.716,1003,1000,6,1.5,0
16:59:22,7904.915,1003,1000,6,1.5,0
16:59:22,7905.109,1004,1000,6,1.5,0
16:59:23,7905.311,1004,1000,6,1.5,0
16:59:23,7905.503,1004,1000,6,1.5,0
16:59:23,7905.71,1004,1000,6,1.5,0
16:59:23,7905.912,1004,1000,6,1.5,0
16:59:23,7906.102,1004,1000,6,1.5,0
16:59:24,7906.309,1004,1000,6,1.5,0
16:59:24,7906.5,1004,1000,6,1.5,0
16:59:24,7906.709,1004,1000,6,1.5,0
16:59:24,7906.912,1004,1000,6,1.5,0
16:59:24,7907.102,1004,1000,6,1.5,0
16:59:25,7907.311,1004,1000,6,1.5,0
16:59:25,7907.502,1004,1000,6,1.5,0
16:59:25,7907.71,1004,1000,6,1.5,0
16:59:25,7907.899,1004,1000,6,1.5,0
16:59:25,7908.099,1004,1000,6,1.5,0
16:59:26,7908.299,1003,1000,6,1.5,0
16:59:26,7908.501,1003,1000,6,1.5,0
16:59:26,7908.693,1002,1000,6,1.5,0
16:59:26,7908.895,1002,1000,6,1.5,0
16:59:26,7909.093,1001,1000,6,1.5,0
16:59:27,7909.303,1001,1000,6,1.5,0
16:59:27,7909.492,1001,1000,6,1.5,0
16:59:27,7909.699,1001,1000,6,1.5,0
16:59:27,7909.898,1000,1000,6,1.5,0
16:59:27,7910.094,1000,1000,6,1.5,0
16:59:28,7910.293,1000,1000,6,1.5,0
16:59:28,7910.505,1001,1000,6,1.5,0
16:59:28,7910.695,1001,1000,6,1.5,0
16:59:28,7910.895,1001,1000,6,1.5,0
16:59:28,7911.096,1001,1000,6,1.5,0
16:59:29,7911.294,1001,1000,6,1.5,0
16:59:29,7911.486,1001,1000,6,1.5,0
16:59:29,7911.693,1002,1000,6,1.5,0
16:59:29,7911.895,1002,1000,6,1.5,0
16:59:29,7912.097,1003,1000,6,1.5,0
16:59:30,7912.292,1003,1000,6,1.5,0
16:59:30,7912.483,1003,1000,6,1.5,0
16:59:30,7912.691,1003,1000,6,1.5,0
16:59:30,7912.895,1003,1000,6,1.5,0
16:59:30,7913.081,1003,1000,6,1.5,0
16:59:31,7913.279,1002,1000,6,1.5,0
16:59:31,7913.486,1002,1000,6,1.5,0
16:59:31,7913.678,1002,1000,6,1.5,0
16:59:31,7913.895,1002,1000,6,1.5,0
16:59:31,7914.079,1002,1000,6,1.5,0
16:59:32,7914.288,1002,1000,6,1.5,0
16:59:32,7914.477,1002,1000,6,1.5,0
16:59:32,7914.685,1002,1000,6,1.5,0
16:59:32,7914.883,1002,1000,6,1.5,0
16:59:32,7915.089,1002,1000,6,1.5,0
16:59:33,7915.278,1001,1000,6,1.5,0
16:59:33,7915.485,1002,1000,6,1.5,0
16:59:33,7915.677,1002,1000,6,1.5,0
16:59:33,7915.879,1002,1000,6,1.5,0
16:59:33,7916.081,1002,1000,6,1.5,0
16:59:34,7916.278,1002,1000,6,1.5,0
16:59:34,7916.485,1002,1000,6,1.5,0
16:59:34,7916.678,1002,1000,6,1.5,0
16:59:34,7916.879,1002,1000,6,1.5,0
16:59:34,7917.074,1002,1000,6,1.5,0
16:59:35,7917.278,1002,1000,6,1.5,0
16:59:35,7917.469,1002,1000,6,1.5,0
16:59:35,7917.676,1002,1000,6,1.5,0
16:59:35,7917.879,1002,1000,6,1.5,0
16:59:35,7918.073,1002,1000,6,1.5,0
16:59:36,7918.27,1002,1000,6,1.5,0
16:59:36,7918.477,1002,1000,6,1.5,0
16:59:36,7918.67,1002,1000,6,1.5,0
16:59:36,7918.881,1002,1000,6,1.5,0
16:59:36,7919.067,1003,1000,6,1.5,0
16:59:37,7919.266,1003,1000,6,1.5,0
16:59:37,7919.478,1003,1000,6,1.5,0
16:59:37,7919.67,1003,1000,6,1.5,0
16:59:37,7919.881,1002,1000,6,1.5,0
16:59:37,7920.075,1002,1000,6,1.5,0
16:59:38,7920.264,1002,1000,6,1.5,0
16:59:38,7920.471,1002,1000,6,1.5,0
16:59:38,7920.663,1002,1000,6,1.5,0
16:59:38,7920.86,1002,1000,6,1.5,0
16:59:38,7921.07,1002,1000,6,1.5,0
16:59:39,7921.264,1002,1000,6,1.5,0
16:59:39,7921.471,1002,1000,6,1.5,0
16:59:39,7921.664,1002,1000,6,1.5,0
16:59:39,7921.859,1001,1000,6,1.5,0
16:59:39,7922.055,1001,1000,6,1.5,0
16:59:40,7922.263,1001,1000,6,1.5,0
16:59:40,7922.47,1001,1000,6,1.5,0
16:59:40,7922.662,1001,1000,6,1.5,0
16:59:40,7922.86,1001,1000,6,1.5,0
16:59:40,7923.054,1001,1000,6,1.5,0
16:59:41,7923.26,1001,1000,6,1.5,0
16:59:41,7923.452,1000,1000,6,1.5,0
16:59:41,7923.659,1000,1000,6,1.5,0
16:59:41,7923.86,1000,1000,6,1.5,0
16:59:41,7924.061,1000,1000,6,1.5,0
16:59:42,7924.254,1000,1000,6,1.5,0
16:59:42,7924.459,999,1000,6,1.5,0
16:59:42,7924.65,999,1000,6,1.5,0
16:59:42,7924.86,999,1000,6,1.5,0
16:59:42,7925.057,999,1000,6,1.5,0
16:59:43,7925.262,999,1000,6,1.5,0
16:59:43,7925.454,999,1000,6,1.5,0
16:59:43,7925.646,999,1000,6,1.5,0
16:59:43,7925.86,998,1000,6,1.5,0
16:59:43,7926.054,998,1000,6,1.5,0
16:59:44,7926.246,998,1000,6,1.5,0
16:59:44,7926.456,998,1000,6,1.5,0
16:59:44,7926.646,998,1000,6,1.5,0
16:59:44,7926.845,998,1000,6,1.5,0
16:59:44,7927.054,998,1000,6,1.5,0
16:59:45,7927.246,998,1000,6,1.5,0
16:59:45,7927.455,997,1000,6,1.5,0
16:59:45,7927.647,997,1000,6,1.5,0
16:59:45,7927.844,997,1000,6,1.5,0
16:59:45,7928.054,996,1000,6,1.5,0
16:59:46,7928.246,996,1000,6,1.5,0
16:59:46,7928.444,996,1000,6,1.5,0
16:59:46,7928.644,996,1000,6,1.5,0
16:59:46,7928.845,996,1000,6,1.5,0
16:59:46,7929.046,996,1000,6,1.5,0
16:59:47,7929.239,996,1000,6,1.5,0
16:59:47,7929.443,996,1000,6,1.5,0
16:59:47,7929.635,996,1000,6,1.5,0
16:59:47,7929.843,995,1000,6,1.5,0
16:59:47,7930.04,995,1000,6,1.5,0
16:59:48,7930.248,995,1000,6,1.5,0
16:59:48,7930.438,995,1000,6,1.5,0
16:59:48,7930.643,995,1000,6,1.5,0
16:59:48,7930.844,995,1000,6,1.5,0
16:59:48,7931.037,994,1000,6,1.6,0
16:59:49,7931.244,994,1000,6,1.6,0
16:59:49,7931.436,994,1000,6,1.6,0
16:59:49,7931.643,994,1000,6,1.6,0
16:59:49,7931.844,994,1000,6,1.6,0
16:59:49,7932.039,994,1000,6,1.6,0
16:59:50,7932.228,994,1000,6,1.6,0
16:59:50,7932.435,994,1000,6,1.6,0
16:59:50,7932.641,993,1000,6,1.6,0
16:59:50,7932.827,998,1000,6,1.6,0
16:59:50,7933.04,1000,1000,6,1.6,0
16:59:51,7933.231,999,1000,6,1.6,0
16:59:51,7933.439,998,1000,6,1.6,0
16:59:51,7933.63,997,1000,6,1.6,0
16:59:51,7933.827,996,1000,6,1.6,0
16:59:51,7934.032,996,1000,6,1.6,0
16:59:52,7934.225,995,1000,6,1.6,0
16:59:52,7934.428,995,1000,6,1.6,0
16:59:52,7934.635,994,1000,6,1.6,0
16:59:52,7934.829,997,1000,6,1.6,0
16:59:52,7935.024,996,1000,6,1.6,0
16:59:53,7935.231,996,1000,6,1.6,0
16:59:53,7935.422,995,1000,6,1.6,0
16:59:53,7935.63,994,1000,6,1.7,0
16:59:53,7935.827,995,1000,6,1.6,0
16:59:53,7936.022,996,1000,6,1.6,0
16:59:54,7936.23,995,1000,6,1.6,0
16:59:54,7936.421,994,1000,6,1.7,0
16:59:54,7936.629,997,1000,6,1.6,0
16:59:54,7936.828,996,1000,6,1.6,0
16:59:54,7937.023,994,1000,6,1.7,0
16:59:55,7937.229,997,1000,6,1.6,0
16:59:55,7937.421,996,1000,6,1.6,0
16:59:55,7937.628,994,1000,6,1.7,0
16:59:55,7937.812,996,1000,6,1.6,0
16:59:55,7938.022,994,1000,6,1.7,0
16:59:56,7938.228,995,1000,6,1.6,0
16:59:56,7938.42,993,1000,6,1.7,0
16:59:56,7938.611,993,1000,6,1.7,0
16:59:56,7938.811,994,1000,6,1.7,0
16:59:56,7939.016,996,1000,6,1.6,0
16:59:57,7939.215,996,1000,6,1.6,0
16:59:57,7939.414,994,1000,6,1.7,0
16:59:57,7939.621,994,1000,6,1.7,0
16:59:57,7939.811,995,1000,6,1.6,0
16:59:57,7940.008,997,1000,6,1.6,0
16:59:58,7940.214,999,1000,6,1.6,0
16:59:58,7940.406,1001,1000,6,1.6,0
16:59:58,7940.615,1002,1000,6,1.6,0
16:59:58,7940.811,1003,1000,6,1.6,0
16:59:58,7941.006,1003,1000,6,1.6,0
16:59:59,7941.213,1005,1000,6,1.6,0
16:59:59,7941.404,1001,1000,6,1.6,0
16:59:59,7941.612,998,1000,6,1.6,0
16:59:59,7941.811,995,1000,6,1.6,0
16:59:59,7942.006,993,1000,6,1.7,0
17:00:00,7942.213,994,1000,6,1.7,0
17:00:00,7942.404,996,1000,6,1.7,0
17:00:00,7942.611,997,1000,6,1.7,0
17:00:00,7942.813,998,1000,6,1.7,0
17:00:00,7943.007,1000,1000,6,1.7,0
17:00:01,7943.212,1000,1000,6,1.7,0
17:00:01,7943.403,1001,1000,6,1.7,0
17:00:01,7943.611,1000,1000,6,1.7,0
17:00:01,7943.811,1000,1000,6,1.7,0
17:00:01,7943.999,1000,1000,6,1.7,0
17:00:02,7944.207,1000,1000,6,1.7,0
17:00:02,7944.406,1000,1000,6,1.7,0
17:00:02,7944.603,1001,1000,6,1.7,0
17:00:02,7944.811,1000,1000,6,1.7,0
17:00:02,7945.009,1000,1000,6,1.7,0
17:00:03,7945.199,1001,1000,6,1.7,0
17:00:03,7945.408,1001,1000,6,1.7,0
17:00:03,7945.599,1001,1000,6,1.7,0
17:00:03,7945.811,1002,1000,6,1.7,0
17:00:03,7946.007,1003,1000,6,1.7,0
17:00:04,7946.195,1004,1000,6,1.7,0
17:00:04,7946.403,1004,1000,6,1.7,0
17:00:04,7946.593,1004,1000,6,1.7,0
17:00:04,7946.796,1004,1000,6,1.7,0
17:00:04,7946.993,1005,1000,6,1.6,0
17:00:05,7947.194,1002,1000,6,1.6,0
17:00:05,7947.389,1002,1000,6,1.6,0
17:00:05,7947.643,1003,1000,6,1.6,0
17:00:05,7947.796,1003,1000,6,1.6,0
17:00:05,7947.99,1003,1000,6,1.6,0
17:00:06,7948.193,1003,1000,6,1.6,0
17:00:06,7948.387,1003,1000,6,1.6,0
17:00:06,7948.593,1003,1000,6,1.6,0
17:00:06,7948.796,1003,1000,6,1.6,0
17:00:06,7948.998,1004,1000,6,1.6,0
17:00:07,7949.188,1004,1000,6,1.6,0
17:00:07,7949.394,1004,1000,6,1.6,0
17:00:07,7949.59,1004,1000,6,1.6,0
17:00:07,7949.782,1005,1000,6,1.6,0
17:00:07,7949.987,1002,1000,6,1.6,0
17:00:08,7950.187,1003,1000,6,1.6,0
17:00:08,7950.394,1004,1000,6,1.6,0
17:00:08,7950.589,1004,1000,6,1.6,0
17:00:08,7950.782,1005,1000,6,1.6,0
17:00:08,7950.985,1001,1000,6,1.6,0
17:00:09,7951.185,997,1000,6,1.6,0
17:00:09,7951.383,994,1000,6,1.7,0
17:00:09,7951.589,993,1000,6,1.7,0
17:00:09,7951.783,996,1000,6,1.7,0
17:00:09,7951.979,998,1000,6,1.7,0
17:00:10,7952.185,999,1000,6,1.7,0
17:00:10,7952.381,1000,1000,6,1.7,0
17:00:10,7952.58,1001,1000,6,1.7,0
17:00:10,7952.782,1001,1000,6,1.7,0
17:00:10,7952.982,1002,1000,6,1.7,0
17:00:11,7953.195,1002,1000,6,1.7,0
17:00:11,7953.384,1003,1000,6,1.7,0
17:00:11,7953.58,1004,1000,6,1.7,0
17:00:11,7953.783,1004,1000,6,1.7,0
17:00:11,7953.993,1004,1000,6,1.7,0
17:00:12,7954.337,1004,1000,6,1.7,0
17:00:12,7954.703,1004,1000,6,1.7,0
17:00:12,7954.707,1004,1000,6,1.7,0
17:00:12,7954.978,1005,1000,6,1.6,0
17:00:13,7955.241,1004,1000,6,1.6,0
17:00:13,7955.431,1003,1000,6,1.6,0
17:00:13,7955.672,1004,1000,6,1.6,0
17:00:13,7955.726,1004,1000,6,1.6,0
17:00:13,7955.773,1004,1000,6,1.6,0
17:00:13,7955.977,1004,1000,6,1.6,0
17:00:14,7956.174,1003,1000,6,1.6,0
17:00:14,7956.377,1004,1000,6,1.6,0
17:00:14,7956.566,1004,1000,6,1.6,0
17:00:14,7956.77,1005,1000,6,1.6,0
17:00:14,7956.976,1002,1000,6,1.6,0
17:00:15,7957.169,998,1000,6,1.6,0
17:00:15,7957.375,995,1000,6,1.6,0
17:00:15,7957.566,992,1000,6,1.7,0
17:00:15,7957.773,991,1000,6,1.8,0
17:00:15,7957.965,994,1000,6,1.7,0
17:00:16,7958.169,996,1000,6,1.7,0
17:00:16,7958.362,998,1000,6,1.7,0
17:00:16,7958.566,999,1000,6,1.7,0
17:00:16,7958.774,1000,1000,6,1.7,0
17:00:16,7958.963,1001,1000,6,1.7,0
17:00:17,7959.172,1002,1000,6,1.7,0
17:00:17,7959.364,1002,1000,6,1.7,0
17:00:17,7959.569,1003,1000,6,1.7,0
17:00:17,7959.76,1003,1000,6,1.7,0
17:00:17,7959.967,1003,1000,6,1.7,0
17:00:18,7960.159,1004,1000,6,1.7,0
17:00:18,7960.365,1004,1000,6,1.7,0
17:00:18,7960.555,1003,1000,6,1.7,0
17:00:18,7960.761,1004,1000,6,1.7,0
17:00:18,7960.968,1004,1000,6,1.7,0
17:00:18,7961.158,1005,1000,6,1.6,0
17:00:19,7961.364,1002,1000,6,1.7,0
17:00:19,7961.555,1002,1000,6,1.7,0
17:00:19,7961.761,1003,1000,6,1.7,0
17:00:19,7961.951,1004,1000,6,1.7,0
17:00:19,7962.156,1004,1000,6,1.7,0
17:00:20,7962.362,1004,1000,6,1.7,0
17:00:20,7962.553,1005,1000,6,1.6,0
17:00:20,7962.759,1002,1000,6,1.6,0
17:00:20,7962.95,1001,1000,6,1.6,0
17:00:20,7963.156,1002,1000,6,1.6,0
17:00:21,7963.349,1003,1000,6,1.6,0
17:00:21,7963.553,1004,1000,6,1.6,0
17:00:21,7963.744,1004,1000,6,1.6,0
17:00:21,7963.951,1005,1000,6,1.6,0
17:00:21,7964.157,1003,1000,6,1.6,0
17:00:22,7964.347,1003,1000,6,1.6,0
17:00:22,7964.552,1003,1000,6,1.6,0
17:00:22,7964.743,1003,1000,6,1.6,0
17:00:22,7964.95,1003,1000,6,1.6,0
17:00:22,7965.155,1003,1000,6,1.6,0
17:00:23,7965.346,1003,1000,6,1.6,0
17:00:23,7965.552,1003,1000,6,1.6,0
17:00:23,7965.742,1002,1000,6,1.6,0
17:00:23,7965.95,1003,1000,6,1.6,0
17:00:23,7966.14,1003,1000,6,1.6,0
17:00:24,7966.346,1002,1000,6,1.6,0
17:00:24,7966.537,1001,1000,6,1.6,0
17:00:24,7966.743,1000,1000,6,1.6,0
17:00:24,7966.95,999,1000,6,1.6,0
17:00:24,7967.143,998,1000,6,1.6,0
17:00:25,7967.348,998,1000,6,1.6,0
17:00:25,7967.538,997,1000,6,1.6,0
17:00:25,7967.745,997,1000,6,1.6,0
17:00:25,7967.936,996,1000,6,1.6,0
17:00:25,7968.142,996,1000,6,1.6,0
17:00:26,7968.333,996,1000,6,1.6,0
17:00:26,7968.538,996,1000,6,1.6,0
17:00:26,7968.745,995,1000,6,1.6,0
17:00:26,7968.936,995,1000,6,1.6,0
17:00:26,7969.142,994,1000,6,1.7,0
17:00:27,7969.332,994,1000,6,1.7,0
17:00:27,7969.538,993,1000,6,1.7,0
17:00:27,7969.744,993,1000,6,1.7,0
17:00:27,7969.936,993,1000,6,1.8,0
17:00:27,7970.139,993,1000,7,1.8,0
17:00:28,7970.329,993,1000,7,1.8,0
17:00:28,7970.536,993,1000,7,1.8,0
17:00:28,7970.726,997,1000,7,1.7,0
17:00:28,7970.932,998,1000,7,1.7,0
17:00:28,7971.137,997,1000,7,1.7,0
17:00:29,7971.328,996,1000,7,1.7,0
17:00:29,7971.534,996,1000,7,1.7,0
17:00:29,7971.739,995,1000,7,1.7,0
17:00:29,7971.93,995,1000,7,1.7,0
17:00:29,7972.136,995,1000,7,1.7,0
17:00:30,7972.327,993,1000,7,1.8,0
17:00:30,7972.534,995,1000,7,1.7,0
17:00:30,7972.723,995,1000,7,1.7,0
17:00:30,7972.928,994,1000,7,1.8,0
17:00:30,7973.135,995,1000,7,1.7,0
17:00:31,7973.326,995,1000,7,1.7,0
17:00:31,7973.532,994,1000,7,1.8,0
17:00:31,7973.722,996,1000,7,1.7,0
17:00:31,7973.928,995,1000,7,1.7,0
17:00:31,7974.118,993,1000,7,1.8,0
17:00:32,7974.324,995,1000,7,1.7,0
17:00:32,7974.53,995,1000,7,1.7,0
17:00:32,7974.72,993,1000,7,1.8,0
17:00:32,7974.926,995,1000,7,1.7,0
17:00:32,7975.116,994,1000,7,1.8,0
17:00:33,7975.322,995,1000,7,1.7,0
17:00:33,7975.529,996,1000,7,1.7,0
17:00:33,7975.719,993,1000,7,1.8,0
17:00:33,7975.923,994,1000,7,1.8,0
17:00:33,7976.114,997,1000,7,1.8,0
17:00:34,7976.32,996,1000,7,1.8,0
17:00:34,7976.511,994,1000,7,1.8,0
17:00:34,7976.716,996,1000,7,1.8,0
17:00:34,7976.923,994,1000,7,1.8,0
17:00:34,7977.113,995,1000,7,1.8,0
17:00:35,7977.32,994,1000,7,1.8,0
17:00:35,7977.51,997,1000,7,1.8,0
17:00:35,7977.715,1000,1000,7,1.8,0
17:00:35,7977.921,1003,1000,7,1.8,0
17:00:35,7978.112,1005,1000,7,1.7,0
17:00:36,7978.319,1003,1000,7,1.8,0
17:00:36,7978.51,1000,1000,7,1.8,0
17:00:36,7978.716,996,1000,7,1.8,0
17:00:36,7978.907,993,1000,7,1.8,0
17:00:36,7979.113,996,1000,7,1.8,0
17:00:37,7979.319,999,1000,7,1.8,0
17:00:37,7979.51,1001,1000,7,1.8,0
17:00:37,7979.716,1003,1000,7,1.8,0
17:00:37,7979.904,1005,1000,7,1.7,0
17:00:37,7980.11,1002,1000,7,1.8,0
17:00:38,7980.316,1003,1000,7,1.8,0
17:00:38,7980.506,1004,1000,7,1.8,0
17:00:38,7980.712,1006,1000,7,1.7,0
17:00:38,7980.902,1001,1000,7,1.8,0
17:00:38,7981.11,998,1000,7,1.8,0
17:00:39,7981.302,994,1000,7,1.8,0
17:00:39,7981.509,997,1000,7,1.8,0
17:00:39,7981.701,996,1000,7,1.8,0
17:00:39,7981.909,993,1000,7,1.9,0
17:00:39,7982.101,992,1000,7,1.9,0
17:00:40,7982.308,995,1000,7,1.8,0
17:00:40,7982.498,998,1000,7,1.8,0
17:00:40,7982.706,1000,1000,7,1.8,0
17:00:40,7982.899,1002,1000,7,1.8,0
17:00:40,7983.101,1003,1000,7,1.8,0
17:00:41,7983.306,1005,1000,7,1.7,0
17:00:41,7983.496,1001,1000,7,1.8,0
17:00:41,7983.704,1002,1000,7,1.8,0
17:00:41,7983.896,1003,1000,7,1.8,0
17:00:41,7984.104,1005,1000,7,1.7,0
17:00:42,7984.297,1000,1000,7,1.8,0
17:00:42,7984.504,1000,1000,7,1.8,0
17:00:42,7984.698,1001,1000,7,1.8,0
17:00:42,7984.905,1002,1000,7,1.8,0
17:00:42,7985.096,1003,1000,7,1.8,0
17:00:43,7985.304,1005,1000,7,1.7,0
17:00:43,7985.495,1004,1000,7,1.8,0
17:00:43,7985.702,999,1000,7,1.8,0
17:00:43,7985.894,994,1000,7,1.8,0
17:00:43,7986.102,993,1000,7,1.9,0
17:00:44,7986.293,996,1000,7,1.8,0
17:00:44,7986.5,998,1000,7,1.8,0
17:00:44,7986.698,1000,1000,7,1.8,0
17:00:44,7986.887,1002,1000,7,1.8,0
17:00:44,7987.094,1003,1000,7,1.8,0
17:00:45,7987.29,1005,1000,7,1.7,0
17:00:45,7987.489,1001,1000,7,1.8,0
17:00:45,7987.692,1001,1000,7,1.8,0
17:00:45,7987.901,1002,1000,7,1.8,0
17:00:45,7988.095,1003,1000,7,1.8,0
17:00:46,7988.289,1004,1000,7,1.8,0
17:00:46,7988.484,1005,1000,7,1.7,0
17:00:46,7988.694,1001,1000,7,1.8,0
17:00:46,7988.885,997,1000,7,1.8,0
17:00:46,7989.093,994,1000,7,1.8,0
17:00:47,7989.29,995,1000,7,1.8,0
17:00:47,7989.484,998,1000,7,1.8,0
17:00:47,7989.692,1000,1000,7,1.8,0
17:00:47,7989.885,1001,1000,7,1.8,0
17:00:47,7990.087,1003,1000,7,1.8,0
17:00:48,7990.283,1004,1000,7,1.8,0
17:00:48,7990.482,1005,1000,7,1.7,0
17:00:48,7990.685,1003,1000,7,1.8,0
17:00:48,7990.878,1002,1000,7,1.8,0
17:00:48,7991.081,1003,1000,7,1.8,0
17:00:49,7991.283,1004,1000,7,1.8,0
17:00:49,7991.477,1004,1000,7,1.8,0
17:00:49,7991.685,1004,1000,7,1.8,0
17:00:49,7991.878,1005,1000,7,1.7,0
17:00:49,7992.079,1000,1000,7,1.8,0
17:00:50,7992.283,995,1000,7,1.8,0
17:00:50,7992.477,991,1000,7,1.9,0
17:00:50,7992.679,993,1000,7,1.9,0
17:00:50,7992.878,995,1000,7,1.8,0
17:00:50,7993.075,997,1000,7,1.8,0
17:00:51,7993.274,998,1000,7,1.8,0
17:00:51,7993.477,999,1000,7,1.8,0
17:00:51,7993.67,1000,1000,7,1.8,0
17:00:51,7993.878,1001,1000,7,1.8,0
17:00:51,7994.074,1002,1000,7,1.8,0
17:00:52,7994.269,1002,1000,7,1.8,0
17:00:52,7994.477,1002,1000,7,1.8,0
17:00:52,7994.67,1002,1000,7,1.8,0
17:00:52,7994.871,1002,1000,7,1.8,0
17:00:52,7995.074,1002,1000,7,1.8,0
17:00:53,7995.268,1002,1000,7,1.8,0
17:00:53,7995.477,1001,1000,7,1.8,0
17:00:53,7995.671,1001,1000,7,1.8,0
17:00:53,7995.868,1000,1000,7,1.8,0
17:00:53,7996.074,999,1000,7,1.8,0
17:00:54,7996.269,999,1000,7,1.8,0
17:00:54,7996.461,998,1000,7,1.8,0
17:00:54,7996.67,998,1000,7,1.8,0
17:00:54,7996.865,997,1000,7,1.8,0
17:00:54,7997.06,997,1000,7,1.8,0
17:00:55,7997.269,997,1000,7,1.8,0
17:00:55,7997.461,997,1000,7,1.8,0
17:00:55,7997.669,997,1000,7,1.8,0
17:00:55,7997.866,997,1000,7,1.8,0
17:00:55,7998.062,997,1000,7,1.8,0
17:00:56,7998.261,997,1000,7,1.8,0
17:00:56,7998.47,997,1000,7,1.8,0
17:00:56,7998.663,997,1000,7,1.8,0
17:00:56,7998.86,997,1000,7,1.8,0
17:00:56,7999.059,997,1000,7,1.8,0
17:00:57,7999.262,996,1000,7,1.8,0
17:00:57,7999.469,997,1000,7,1.8,0
17:00:57,7999.663,997,1000,7,1.8,0
17:00:57,7999.86,997,1000,7,1.8,0
17:00:57,8000.054,997,1000,7,1.8,0
17:00:58,8000.262,997,1000,7,1.8,0
17:00:58,8000.456,997,1000,7,1.8,0
17:00:58,8000.655,997,1000,7,1.8,0
17:00:58,8000.859,997,1000,7,1.8,0
17:00:58,8001.054,997,1000,7,1.8,0
17:00:59,8001.263,997,1000,7,1.8,0
17:00:59,8001.454,997,1000,7,1.8,0
17:00:59,8001.654,997,1000,7,1.8,0
17:00:59,8001.86,997,1000,7,1.8,0
17:00:59,8002.053,997,1000,7,1.8,0
17:01:00,8002.246,997,1000,7,1.8,0
17:01:00,8002.454,997,1000,7,1.8,0
17:01:00,8002.65,998,1000,7,1.8,0
17:01:00,8002.845,998,1000,7,1.8,0
17:01:00,8003.054,998,1000,7,1.8,0
17:01:01,8003.246,998,1000,7,1.8,0
17:01:01,8003.454,998,1000,7,1.8,0
17:01:01,8003.65,998,1000,7,1.8,0
17:01:01,8003.845,998,1000,7,1.8,0
17:01:01,8004.053,998,1000,7,1.8,0
17:01:02,8004.246,998,1000,7,1.8,0
17:01:02,8004.446,998,1000,7,1.8,0
17:01:02,8004.651,998,1000,7,1.8,0
17:01:02,8004.845,998,1000,7,1.8,0
17:01:02,8005.038,998,1000,7,1.8,0
17:01:03,8005.261,998,1000,7,1.8,0
17:01:03,8005.442,998,1000,7,1.8,0
17:01:03,8005.642,998,1000,7,1.8,0
17:01:03,8005.845,998,1000,7,1.8,0
17:01:03,8006.039,997,1000,7,1.8,0
17:01:04,8006.239,997,1000,7,1.8,0
17:01:04,8006.44,997,1000,7,1.8,0
17:01:04,8006.643,997,1000,7,1.8,0
17:01:04,8006.838,997,1000,7,1.8,0
17:01:04,8007.046,997,1000,7,1.8,0
17:01:05,8007.239,997,1000,7,1.8,0
17:01:05,8007.438,997,1000,7,1.8,0
17:01:05,8007.643,996,1000,7,1.8,0
17:01:05,8007.838,996,1000,7,1.8,0
17:01:05,8008.04,996,1000,7,1.8,0
17:01:06,8008.238,996,1000,7,1.8,0
17:01:06,8008.435,996,1000,7,1.8,0
17:01:06,8008.635,996,1000,7,1.8,0
17:01:06,8008.838,996,1000,7,1.8,0
17:01:06,8009.031,996,1000,7,1.8,0
17:01:07,8009.239,997,1000,7,1.8,0
17:01:07,8009.435,996,1000,7,1.8,0
17:01:07,8009.63,996,1000,7,1.8,0
17:01:07,8009.838,996,1000,7,1.8,0
17:01:07,8010.03,997,1000,7,1.8,0
17:01:08,8010.229,997,1000,7,1.8,0
17:01:08,8010.435,997,1000,7,1.8,0
17:01:08,8010.63,997,1000,7,1.8,0
17:01:08,8010.822,997,1000,7,1.8,0
17:01:08,8011.03,997,1000,7,1.8,0
17:01:09,8011.227,997,1000,7,1.8,0
17:01:09,8011.428,997,1000,7,1.8,0
17:01:09,8011.63,997,1000,7,1.8,0
17:01:09,8011.838,997,1000,7,1.8,0
17:01:09,8012.031,997,1000,7,1.8,0
17:01:10,8012.226,998,1000,7,1.8,0
17:01:10,8012.422,999,1000,7,1.8,0
17:01:10,8012.63,999,1000,7,1.8,0
17:01:10,8012.823,1000,1000,7,1.8,0
17:01:10,8013.024,1001,1000,7,1.8,0
17:01:11,8013.227,1001,1000,7,1.8,0
17:01:11,8013.423,1002,1000,7,1.8,0
17:01:11,8013.629,1002,1000,7,1.8,0
17:01:11,8013.823,1002,1000,7,1.8,0
17:01:11,8014.017,1002,1000,7,1.8,0
17:01:12,8014.219,1002,1000,7,1.8,0
17:01:12,8014.415,1002,1000,7,1.8,0
17:01:12,8014.623,1002,1000,7,1.8,0
17:01:12,8014.815,1002,1000,7,1.8,0
17:01:12,8015.017,1002,1000,7,1.8,0
17:01:13,8015.219,1001,1000,7,1.8,0
17:01:13,8015.414,1001,1000,7,1.8,0
17:01:13,8015.623,1001,1000,7,1.8,0
17:01:13,8015.815,1001,1000,7,1.8,0
17:01:13,8016.014,1001,1000,7,1.8,0
17:01:14,8016.219,1001,1000,7,1.8,0
17:01:14,8016.414,1001,1000,7,1.8,0
17:01:14,8016.607,1000,1000,7,1.8,0
17:01:14,8016.815,1000,1000,7,1.8,0
17:01:14,8017.011,1001,1000,7,1.8,0
17:01:15,8017.211,1001,1000,7,1.8,0
17:01:15,8017.414,1000,1000,7,1.8,0
17:01:15,8017.607,1000,1000,7,1.8,0
17:01:15,8017.816,1000,1000,7,1.8,0
17:01:15,8018.009,1000,1000,7,1.8,0
17:01:16,8018.213,1000,1000,7,1.8,0
17:01:16,8018.404,1000,1000,7,1.8,0
17:01:16,8018.613,999,1000,7,1.8,0
17:01:16,8018.811,999,1000,7,1.8,0
17:01:16,8019.004,999,1000,7,1.8,0
17:01:17,8019.216,999,1000,7,1.8,0
17:01:17,8019.413,998,1000,7,1.8,0
17:01:17,8019.609,998,1000,7,1.8,0
17:01:17,8019.811,998,1000,7,1.8,0
17:01:17,8020.008,998,1000,7,1.8,0
17:01:18,8020.214,997,1000,7,1.8,0
17:01:18,8020.405,997,1000,7,1.8,0
17:01:18,8020.597,996,1000,7,1.8,0
17:01:18,8020.796,996,1000,7,1.8,0
17:01:18,8021.007,996,1000,7,1.8,0
17:01:19,8021.198,995,1000,7,1.8,0
17:01:19,8021.405,995,1000,7,1.8,0
17:01:19,8021.597,995,1000,7,1.8,0
17:01:19,8021.795,995,1000,7,1.8,0
17:01:19,8022.006,994,1000,7,1.8,0
17:01:20,8022.199,994,1000,7,1.9,0
17:01:20,8022.407,994,1000,7,1.9,0
17:01:20,8022.598,994,1000,7,1.9,0
17:01:20,8022.811,993,1000,7,1.9,0
17:01:20,8023.006,993,1000,7,1.9,0
17:01:21,8023.196,993,1000,7,1.9,0
17:01:21,8023.389,994,1000,7,1.9,0
17:01:21,8023.595,997,1000,7,1.8,0
17:01:21,8023.795,997,1000,7,1.8,0
17:01:21,8023.989,996,1000,7,1.8,0
17:01:22,8024.198,996,1000,7,1.8,0
17:01:22,8024.397,995,1000,7,1.8,0
17:01:22,8024.594,995,1000,7,1.8,0
17:01:22,8024.795,994,1000,7,1.9,0
17:01:22,8024.989,997,1000,7,1.8,0
17:01:23,8025.197,998,1000,7,1.8,0
17:01:23,8025.388,997,1000,7,1.8,0
17:01:23,8025.595,996,1000,7,1.8,0
17:01:23,8025.796,996,1000,7,1.8,0
17:01:23,8025.989,995,1000,7,1.8,0
17:01:24,8026.197,994,1000,7,1.9,0
17:01:24,8026.389,997,1000,7,1.8,0
17:01:24,8026.582,996,1000,7,1.8,0
17:01:24,8026.788,996,1000,7,1.8,0
17:01:24,8026.989,995,1000,7,1.8,0
17:01:25,8027.193,995,1000,7,1.8,0
17:01:25,8027.387,994,1000,7,1.9,0
17:01:25,8027.578,997,1000,7,1.9,0
17:01:25,8027.781,997,1000,7,1.9,0
17:01:25,8027.989,996,1000,7,1.9,0
17:01:26,8028.178,995,1000,7,1.9,0
17:01:26,8028.39,995,1000,7,1.9,0
17:01:26,8028.581,994,1000,7,1.9,0
17:01:26,8028.781,997,1000,7,1.9,0
17:01:26,8028.989,997,1000,7,1.9,0
17:01:27,8029.18,996,1000,7,1.9,0
17:01:27,8029.38,995,1000,7,1.9,0
17:01:27,8029.578,994,1000,7,1.9,0
17:01:27,8029.781,996,1000,7,1.9,0
17:01:27,8029.989,995,1000,7,1.9,0
17:01:28,8030.177,995,1000,7,1.9,0
17:01:28,8030.387,994,1000,7,1.9,0
17:01:28,8030.578,996,1000,7,1.9,0
17:01:28,8030.781,997,1000,7,1.9,0
17:01:28,8030.986,996,1000,7,1.9,0
17:01:29,8031.178,995,1000,7,1.9,0
17:01:29,8031.372,994,1000,7,2,0
17:01:29,8031.58,996,1000,7,1.9,0
17:01:29,8031.774,995,1000,7,1.9,0
17:01:29,8031.97,994,1000,7,2,0
17:01:30,8032.179,996,1000,7,1.9,0
17:01:30,8032.373,994,1000,7,2,0
17:01:30,8032.566,995,1000,7,1.9,0
17:01:30,8032.774,994,1000,7,2,0
17:01:30,8032.971,994,1000,7,2,0
17:01:31,8033.178,996,1000,7,1.9,0
17:01:31,8033.369,998,1000,7,1.9,0
17:01:31,8033.577,1000,1000,7,1.9,0
17:01:31,8033.767,1001,1000,7,1.9,0
17:01:31,8033.973,1003,1000,7,1.9,0
17:01:32,8034.168,1004,1000,7,1.9,0
17:01:32,8034.367,1004,1000,7,1.9,0
17:01:32,8034.563,1005,1000,7,1.8,0
17:01:32,8034.767,1004,1000,7,1.9,0
17:01:32,8034.971,1003,1000,7,1.9,0
17:01:33,8035.162,1004,1000,7,1.9,0
17:01:33,8035.373,1004,1000,7,1.9,0
17:01:33,8035.565,1004,1000,7,1.9,0
17:01:33,8035.76,1004,1000,7,1.9,0
17:01:33,8035.972,1004,1000,7,1.9,0
17:01:34,8036.163,1004,1000,7,1.9,0
17:01:34,8036.372,1004,1000,7,1.9,0
17:01:34,8036.562,1004,1000,7,1.9,0
17:01:34,8036.768,1003,1000,7,1.9,0
17:01:34,8036.97,1003,1000,7,1.9,0
17:01:35,8037.162,1002,1000,7,1.9,0
17:01:35,8037.358,1002,1000,7,1.9,0
17:01:35,8037.565,1001,1000,7,1.9,0
17:01:35,8037.757,1001,1000,7,1.9,0
17:01:35,8037.955,1000,1000,7,1.9,0
17:01:36,8038.162,999,1000,7,1.9,0
17:01:36,8038.355,999,1000,7,1.9,0
17:01:36,8038.562,998,1000,7,1.9,0
17:01:36,8038.753,998,1000,7,1.9,0
17:01:36,8038.96,997,1000,7,1.9,0
17:01:36,8039.157,997,1000,7,1.9,0
17:01:37,8039.367,996,1000,7,1.9,0
17:01:37,8039.56,996,1000,7,1.9,0
17:01:37,8039.753,995,1000,7,1.9,0
17:01:37,8039.955,995,1000,7,1.9,0
17:01:38,8040.161,994,1000,7,2,0
17:01:38,8040.355,994,1000,7,2,0
17:01:38,8040.546,994,1000,8,2,0
17:01:38,8040.753,993,1000,8,2,0
17:01:38,8040.948,993,1000,8,2,0
17:01:38,8041.147,992,1000,8,2,0
17:01:39,8041.357,992,1000,8,2,0
17:01:39,8041.549,991,1000,8,2.1,0
17:01:39,8041.757,988,1000,8,2.1,0
17:01:39,8041.948,982,1000,8,2.2,0
17:01:39,8042.146,978,1000,8,2.3,0
17:01:40,8042.34,977,1000,8,2.3,0
17:01:40,8042.546,977,1000,8,2.4,0
17:01:40,8042.753,976,1000,8,2.4,0
17:01:40,8042.948,979,1000,8,2.4,0
17:01:40,8043.145,982,1000,8,2.4,0
17:01:41,8043.338,983,1000,9,2.4,0
17:01:41,8043.545,982,1000,9,2.4,0
17:01:41,8043.754,985,1000,9,2.4,0
17:01:41,8043.941,987,1000,9,2.4,0
17:01:41,8044.148,986,1000,9,2.4,0
17:01:42,8044.336,986,1000,9,2.4,0
17:01:42,8044.544,989,1000,9,2.4,0
17:01:42,8044.736,991,1000,9,2.4,0
17:01:42,8044.94,992,1000,9,2.4,0
17:01:42,8045.146,991,1000,9,2.4,0
17:01:43,8045.342,992,1000,9,2.4,0
17:01:43,8045.532,993,1000,9,2.4,0
17:01:43,8045.741,995,1000,9,2.3,0
17:01:43,8045.933,992,1000,9,2.4,0
17:01:43,8046.146,992,1000,9,2.4,0
17:01:44,8046.342,993,1000,9,2.4,0
17:01:44,8046.534,994,1000,9,2.4,0
17:01:44,8046.742,996,1000,9,2.4,0
17:01:44,8046.933,993,1000,9,2.4,0
17:01:44,8047.129,994,1000,9,2.4,0
17:01:45,8047.338,995,1000,9,2.4,0
17:01:45,8047.53,993,1000,9,2.4,0
17:01:45,8047.738,991,1000,9,2.4,0
17:01:45,8047.933,993,1000,9,2.4,0
17:01:45,8048.131,994,1000,9,2.4,0
17:01:46,8048.338,995,1000,9,2.4,0
17:01:46,8048.531,996,1000,9,2.4,0
17:01:46,8048.738,997,1000,9,2.4,0
17:01:46,8048.941,997,1000,9,2.4,0
17:01:46,8049.131,998,1000,9,2.4,0
17:01:47,8049.329,998,1000,9,2.4,0
17:01:47,8049.529,998,1000,9,2.4,0
17:01:47,8049.735,999,1000,9,2.4,0
17:01:47,8049.927,999,1000,9,2.4,0
17:01:47,8050.13,1000,1000,9,2.4,0
17:01:48,8050.324,1000,1000,9,2.4,0
17:01:48,8050.532,1000,1000,9,2.4,0
17:01:48,8050.724,1000,1000,9,2.4,0
17:01:48,8050.927,1001,1000,9,2.4,0
17:01:48,8051.131,1001,1000,9,2.4,0
17:01:49,8051.325,1001,1000,9,2.4,0
17:01:49,8051.517,1001,1000,9,2.4,0
17:01:49,8051.725,1001,1000,9,2.4,0
17:01:49,8051.927,1001,1000,9,2.4,0
17:01:49,8052.115,1001,1000,9,2.4,0
17:01:50,8052.322,1001,1000,9,2.4,0
17:01:50,8052.514,1001,1000,9,2.4,0
17:01:50,8052.723,1000,1000,9,2.4,0
17:01:50,8052.927,1000,1000,9,2.4,0
17:01:50,8053.13,1000,1000,9,2.4,0
17:01:51,8053.322,1000,1000,9,2.4,0
17:01:51,8053.513,1001,1000,9,2.4,0
17:01:51,8053.72,1001,1000,9,2.4,0
17:01:51,8053.927,1000,1000,9,2.4,0
17:01:51,8054.116,1001,1000,9,2.4,0
17:01:52,8054.323,1001,1000,9,2.4,0
17:01:52,8054.514,1001,1000,9,2.4,0
17:01:52,8054.723,1001,1000,9,2.4,0
17:01:52,8054.913,1001,1000,9,2.4,0
17:01:52,8055.114,1001,1000,9,2.4,0
17:01:53,8055.31,1001,1000,9,2.4,0
17:01:53,8055.515,1001,1000,9,2.4,0
17:01:53,8055.711,1001,1000,9,2.4,0
17:01:53,8055.911,1002,1000,9,2.4,0
17:01:53,8056.115,1002,1000,9,2.4,0
17:01:54,8056.307,1002,1000,9,2.4,0
17:01:54,8056.515,1002,1000,9,2.4,0
17:01:54,8056.707,1002,1000,9,2.4,0
17:01:54,8056.909,1002,1000,9,2.4,0
17:01:54,8057.107,1002,1000,9,2.4,0
17:01:55,8057.306,1002,1000,9,2.4,0
17:01:55,8057.515,1002,1000,9,2.4,0
17:01:55,8057.706,1002,1000,9,2.4,0
17:01:55,8057.909,1002,1000,9,2.4,0
17:01:55,8058.107,1002,1000,9,2.4,0
17:01:56,8058.308,1002,1000,9,2.4,0
17:01:56,8058.5,1002,1000,9,2.4,0
17:01:56,8058.707,1002,1000,9,2.4,0
17:01:56,8058.909,1002,1000,9,2.4,0
17:01:56,8059.101,1002,1000,9,2.4,0
17:01:57,8059.302,1002,1000,9,2.4,0
17:01:57,8059.499,1002,1000,9,2.4,0
17:01:57,8059.706,1002,1000,9,2.4,0
17:01:57,8059.909,1002,1000,9,2.4,0
17:01:57,8060.1,1002,1000,9,2.4,0
17:01:58,8060.308,1002,1000,9,2.4,0
17:01:58,8060.499,1002,1000,9,2.4,0
17:01:58,8060.706,1002,1000,9,2.4,0
17:01:58,8060.893,1002,1000,9,2.4,0
17:01:58,8061.1,1001,1000,9,2.4,0
17:01:59,8061.306,1001,1000,9,2.4,0
17:01:59,8061.498,1001,1000,9,2.4,0
17:01:59,8061.69,1001,1000,9,2.4,0
17:01:59,8061.893,1001,1000,9,2.4,0
17:01:59,8062.093,1001,1000,9,2.4,0
17:02:00,8062.292,1001,1000,9,2.4,0
17:02:00,8062.499,1001,1000,9,2.4,0
17:02:00,8062.689,1000,1000,9,2.4,0
17:02:00,8062.893,1000,1000,9,2.4,0
17:02:00,8063.093,1000,1000,9,2.4,0
17:02:01,8063.293,1000,1000,9,2.4,0
17:02:01,8063.485,999,1000,9,2.4,0
17:02:01,8063.693,999,1000,9,2.4,0
17:02:01,8063.894,999,1000,9,2.4,0
17:02:01,8064.098,998,1000,9,2.4,0
17:02:02,8064.292,998,1000,9,2.4,0
17:02:02,8064.497,998,1000,9,2.4,0
17:02:02,8064.688,997,1000,9,2.4,0
17:02:02,8064.895,997,1000,9,2.4,0
17:02:02,8065.086,997,1000,9,2.4,0
17:02:03,8065.292,997,1000,9,2.4,0
17:02:03,8065.484,997,1000,9,2.4,0
17:02:03,8065.692,998,1000,9,2.4,0
17:02:03,8065.893,998,1000,9,2.4,0
17:02:03,8066.079,998,1000,9,2.4,0
17:02:04,8066.291,998,1000,9,2.4,0
17:02:04,8066.482,998,1000,9,2.4,0
17:02:04,8066.689,998,1000,9,2.4,0
17:02:04,8066.893,998,1000,9,2.4,0
17:02:04,8067.087,998,1000,9,2.4,0
17:02:05,8067.277,998,1000,9,2.4,0
17:02:05,8067.483,999,1000,9,2.4,0
17:02:05,8067.675,999,1000,9,2.4,0
17:02:05,8067.878,999,1000,9,2.4,0
17:02:05,8068.079,999,1000,9,2.4,0
17:02:06,8068.274,999,1000,9,2.4,0
17:02:06,8068.483,1000,1000,9,2.4,0
17:02:06,8068.674,1000,1000,9,2.4,0
17:02:06,8068.875,1000,1000,9,2.4,0
17:02:06,8069.085,1000,1000,9,2.4,0
17:02:07,8069.283,1000,1000,9,2.4,0
17:02:07,8069.482,1000,1000,9,2.4,0
17:02:07,8069.674,1001,1000,9,2.4,0
17:02:07,8069.874,1001,1000,9,2.4,0
17:02:07,8070.072,1001,1000,9,2.4,0
17:02:08,8070.276,1001,1000,9,2.4,0
17:02:08,8070.467,1001,1000,9,2.4,0
17:02:08,8070.674,1001,1000,9,2.4,0
17:02:08,8070.877,1001,1000,9,2.4,0
17:02:08,8071.068,1001,1000,9,2.4,0
17:02:09,8071.278,1001,1000,9,2.4,0
17:02:09,8071.47,1001,1000,9,2.4,0
17:02:09,8071.677,1002,1000,9,2.4,0
17:02:09,8071.873,1002,1000,9,2.4,0
17:02:09,8072.068,1003,1000,9,2.4,0
17:02:10,8072.275,1003,1000,9,2.4,0
17:02:10,8072.469,1003,1000,9,2.4,0
17:02:10,8072.671,1003,1000,9,2.4,0
17:02:10,8072.879,1003,1000,9,2.4,0
17:02:10,8073.071,1003,1000,9,2.4,0
17:02:11,8073.266,1003,1000,9,2.4,0
17:02:11,8073.466,1003,1000,9,2.4,0
17:02:11,8073.658,1003,1000,9,2.4,0
17:02:11,8073.858,1003,1000,9,2.4,0
17:02:11,8074.067,1003,1000,9,2.4,0
17:02:12,8074.263,1003,1000,9,2.4,0
17:02:12,8074.466,1004,1000,9,2.4,0
17:02:12,8074.658,1004,1000,9,2.4,0
17:02:12,8074.858,1004,1000,9,2.4,0
17:02:12,8075.068,1004,1000,9,2.4,0
17:02:13,8075.26,1004,1000,9,2.4,0
17:02:13,8075.466,1004,1000,9,2.4,0
17:02:13,8075.657,1005,1000,9,2.3,0
17:02:13,8075.858,1001,1000,9,2.4,0
17:02:13,8076.052,1000,1000,9,2.4,0
17:02:14,8076.261,1001,1000,9,2.4,0
17:02:14,8076.452,1002,1000,9,2.4,0
17:02:14,8076.661,1003,1000,9,2.4,0
17:02:14,8076.858,1003,1000,9,2.4,0
17:02:14,8077.053,1004,1000,9,2.4,0
17:02:15,8077.259,1004,1000,9,2.4,0
17:02:15,8077.453,1005,1000,9,2.3,0
17:02:15,8077.659,1003,1000,9,2.4,0
17:02:15,8077.858,1003,1000,9,2.4,0
17:02:15,8078.052,1003,1000,9,2.4,0
17:02:16,8078.26,1004,1000,9,2.4,0
17:02:16,8078.452,1004,1000,9,2.4,0
17:02:16,8078.645,1005,1000,9,2.3,0
17:02:16,8078.858,1003,1000,9,2.4,0
17:02:16,8079.05,1000,1000,9,2.4,0
17:02:17,8079.245,997,1000,9,2.4,0
17:02:17,8079.449,995,1000,9,2.4,0
17:02:17,8079.653,993,1000,9,2.4,0
17:02:17,8079.842,993,1000,9,2.4,0
17:02:17,8080.054,996,1000,9,2.4,0
17:02:18,8080.244,998,1000,9,2.4,0
17:02:18,8080.451,1000,1000,9,2.4,0
17:02:18,8080.645,1001,1000,9,2.4,0
17:02:18,8080.843,1002,1000,9,2.4,0
17:02:18,8081.051,1003,1000,9,2.4,0
17:02:19,8081.242,1004,1000,9,2.4,0
17:02:19,8081.448,1005,1000,9,2.3,0
17:02:19,8081.639,1003,1000,9,2.4,0
17:02:19,8081.843,1003,1000,9,2.4,0
17:02:19,8082.039,1004,1000,9,2.4,0
17:02:20,8082.244,1004,1000,9,2.4,0
17:02:20,8082.435,1004,1000,9,2.4,0
17:02:20,8082.643,1005,1000,9,2.3,0
17:02:20,8082.842,1003,1000,9,2.4,0
17:02:20,8083.036,1003,1000,9,2.4,0
17:02:21,8083.244,1004,1000,9,2.4,0
17:02:21,8083.435,1005,1000,9,2.3,0
17:02:21,8083.643,1002,1000,9,2.4,0
17:02:21,8083.842,999,1000,9,2.4,0
17:02:21,8084.032,997,1000,9,2.4,0
17:02:22,8084.245,995,1000,9,2.4,0
17:02:22,8084.442,994,1000,9,2.4,0
17:02:22,8084.634,995,1000,9,2.4,0
17:02:22,8084.843,998,1000,9,2.4,0
17:02:22,8085.039,1000,1000,9,2.4,0
17:02:23,8085.23,1001,1000,9,2.4,0
17:02:23,8085.438,1003,1000,9,2.4,0
17:02:23,8085.629,1004,1000,9,2.4,0
17:02:23,8085.829,1005,1000,9,2.3,0
17:02:23,8086.036,1003,1000,9,2.4,0
17:02:24,8086.227,1000,1000,9,2.4,0
17:02:24,8086.435,998,1000,9,2.4,0
17:02:24,8086.628,996,1000,9,2.4,0
17:02:24,8086.826,994,1000,9,2.4,0
17:02:24,8087.036,996,1000,9,2.4,0
17:02:25,8087.228,997,1000,9,2.4,0
17:02:25,8087.435,995,1000,9,2.4,0
17:02:25,8087.626,993,1000,9,2.4,0
17:02:25,8087.827,994,1000,9,2.4,0
17:02:25,8088.036,996,1000,9,2.4,0
17:02:26,8088.228,999,1000,9,2.4,0
17:02:26,8088.42,1001,1000,9,2.4,0
17:02:26,8088.629,1003,1000,9,2.4,0
17:02:26,8088.827,1004,1000,9,2.4,0
17:02:26,8089.02,1005,1000,9,2.3,0
17:02:27,8089.229,1003,1000,9,2.4,0
17:02:27,8089.427,1004,1000,9,2.4,0
17:02:27,8089.624,1005,1000,9,2.3,0
17:02:27,8089.826,1002,1000,9,2.4,0
17:02:27,8090.022,1001,1000,9,2.4,0
17:02:28,8090.228,1003,1000,9,2.4,0
17:02:28,8090.419,1005,1000,9,2.3,0
17:02:28,8090.627,1005,1000,9,2.3,0
17:02:28,8090.826,1002,1000,9,2.4,0
17:02:28,8091.02,1000,1000,9,2.4,0
17:02:29,8091.226,998,1000,9,2.4,0
17:02:29,8091.418,997,1000,9,2.4,0
17:02:29,8091.626,996,1000,9,2.4,0
17:02:29,8091.826,995,1000,9,2.4,0
17:02:29,8092.02,994,1000,9,2.4,0
17:02:30,8092.213,998,1000,9,2.4,0
17:02:30,8092.42,999,1000,9,2.4,0
17:02:30,8092.611,998,1000,9,2.4,0
17:02:30,8092.811,997,1000,9,2.4,0
17:02:30,8093.02,996,1000,9,2.4,0
17:02:31,8093.213,995,1000,9,2.4,0
17:02:31,8093.42,995,1000,9,2.4,0
17:02:31,8093.611,995,1000,9,2.4,0
17:02:31,8093.81,995,1000,9,2.4,0
17:02:31,8094.017,995,1000,9,2.4,0
17:02:32,8094.214,996,1000,9,2.4,0
17:02:32,8094.42,998,1000,9,2.4,0
17:02:32,8094.611,999,1000,9,2.4,0
17:02:32,8094.811,1000,1000,9,2.4,0
17:02:32,8095.006,1000,1000,9,2.4,0
17:02:33,8095.21,1000,1000,9,2.4,0
17:02:33,8095.402,1001,1000,9,2.4,0
17:02:33,8095.612,1000,1000,9,2.4,0
17:02:33,8095.809,1000,1000,9,2.4,0
17:02:33,8096.006,1000,1000,9,2.4,0
17:02:34,8096.212,999,1000,9,2.4,0
17:02:34,8096.403,999,1000,9,2.4,0
17:02:34,8096.608,999,1000,9,2.4,0
17:02:34,8096.809,998,1000,9,2.4,0
17:02:34,8097.006,997,1000,9,2.4,0
17:02:35,8097.214,996,1000,9,2.4,0
17:02:35,8097.406,994,1000,9,2.4,0
17:02:35,8097.598,996,1000,9,2.4,0
17:02:35,8097.809,999,1000,9,2.4,0
17:02:35,8098.004,1001,1000,9,2.4,0
17:02:36,8098.197,1003,1000,9,2.4,0
17:02:36,8098.405,1005,1000,9,2.3,0
17:02:36,8098.596,1006,1000,9,2.3,0
17:02:36,8098.796,1004,1000,9,2.4,0
17:02:36,8099.007,1002,1000,9,2.4,0
17:02:37,8099.199,1001,1000,9,2.4,0
17:02:37,8099.399,1000,1000,9,2.4,0
17:02:37,8099.598,999,1000,9,2.4,0
17:02:37,8099.794,998,1000,9,2.4,0
17:02:37,8100.003,998,1000,9,2.4,0
17:02:38,8100.193,998,1000,9,2.4,0
17:02:38,8100.401,997,1000,9,2.4,0
17:02:38,8100.592,997,1000,9,2.4,0
17:02:38,8100.794,997,1000,9,2.4,0
17:02:38,8101.005,996,1000,9,2.4,0
17:02:39,8101.193,996,1000,9,2.4,0
17:02:39,8101.388,996,1000,9,2.4,0
17:02:39,8101.596,996,1000,9,2.4,0
17:02:39,8101.794,996,1000,9,2.4,0
17:02:39,8101.989,995,1000,9,2.4,0
17:02:40,8102.193,995,1000,9,2.4,0
17:02:40,8102.387,996,1000,9,2.4,0
17:02:40,8102.592,996,1000,9,2.4,0
17:02:40,8102.794,995,1000,9,2.4,0
17:02:40,8102.99,995,1000,9,2.4,0
17:02:41,8103.192,994,1000,9,2.4,0
17:02:41,8103.387,998,1000,9,2.4,0
17:02:41,8103.596,997,1000,9,2.4,0
17:02:41,8103.795,997,1000,9,2.4,0
17:02:41,8103.988,996,1000,9,2.4,0
17:02:42,8104.196,996,1000,9,2.4,0
17:02:42,8104.379,995,1000,9,2.4,0
17:02:42,8104.589,995,1000,9,2.4,0
17:02:42,8104.787,995,1000,9,2.4,0
17:02:42,8104.99,995,1000,9,2.4,0
17:02:43,8105.177,995,1000,9,2.4,0
17:02:43,8105.387,994,1000,9,2.4,0
17:02:43,8105.579,997,1000,9,2.4,0
17:02:43,8105.78,997,1000,9,2.4,0
17:02:43,8105.985,996,1000,9,2.4,0
17:02:44,8106.176,996,1000,9,2.4,0
17:02:44,8106.384,996,1000,9,2.4,0
17:02:44,8106.576,995,1000,9,2.4,0
17:02:44,8106.78,995,1000,9,2.4,0
17:02:44,8106.99,995,1000,9,2.4,0
17:02:45,8107.177,995,1000,9,2.4,0
17:02:45,8107.372,995,1000,9,2.4,0
17:02:45,8107.58,995,1000,9,2.4,0
17:02:45,8107.78,994,1000,9,2.4,0
17:02:45,8107.971,997,1000,9,2.4,0
17:02:46,8108.179,1000,1000,9,2.4,0
17:02:46,8108.373,1003,1000,9,2.4,0
17:02:46,8108.578,1005,1000,9,2.3,0
17:02:46,8108.78,1005,1000,9,2.3,0
17:02:46,8108.971,1003,1000,9,2.4,0
17:02:47,8109.177,1001,1000,9,2.4,0
17:02:47,8109.379,1000,1000,9,2.4,0
17:02:47,8109.576,999,1000,9,2.4,0
17:02:47,8109.766,998,1000,9,2.4,0
17:02:47,8109.969,997,1000,9,2.4,0
17:02:48,8110.177,996,1000,9,2.4,0
17:02:48,8110.373,996,1000,9,2.4,0
17:02:48,8110.564,995,1000,9,2.4,0
17:02:48,8110.766,995,1000,9,2.4,0
17:02:48,8110.969,994,1000,9,2.4,0
17:02:49,8111.161,997,1000,9,2.4,0
17:02:49,8111.371,997,1000,9,2.4,0
17:02:49,8111.563,996,1000,9,2.4,0
17:02:49,8111.766,996,1000,9,2.4,0
17:02:49,8111.969,996,1000,9,2.4,0
17:02:50,8112.162,996,1000,9,2.4,0
17:02:50,8112.372,995,1000,9,2.4,0
17:02:50,8112.564,995,1000,9,2.4,0
17:02:50,8112.767,995,1000,9,2.4,0
17:02:50,8112.969,994,1000,9,2.4,0
17:02:51,8113.162,998,1000,9,2.4,0
17:02:51,8113.354,1001,1000,9,2.4,0
17:02:51,8113.562,1003,1000,9,2.4,0
17:02:51,8113.759,1005,1000,9,2.3,0
17:02:51,8113.967,1005,1000,9,2.3,0
17:02:52,8114.158,1003,1000,9,2.4,0
17:02:52,8114.356,1001,1000,9,2.4,0
17:02:52,8114.553,1000,1000,9,2.4,0
17:02:52,8114.761,999,1000,9,2.4,0
17:02:52,8114.969,998,1000,9,2.4,0
17:02:53,8115.162,997,1000,9,2.4,0
17:02:53,8115.357,996,1000,9,2.4,0
17:02:53,8115.549,996,1000,9,2.4,0
17:02:53,8115.758,995,1000,9,2.4,0
17:02:53,8115.969,995,1000,9,2.4,0
17:02:54,8116.161,994,1000,9,2.4,0
17:02:54,8116.355,997,1000,9,2.4,0
17:02:54,8116.548,996,1000,9,2.4,0
17:02:54,8116.758,996,1000,9,2.4,0
17:02:54,8116.947,995,1000,9,2.4,0
17:02:54,8117.145,995,1000,9,2.4,0
17:02:55,8117.356,995,1000,9,2.4,0
17:02:55,8117.548,995,1000,9,2.4,0
17:02:55,8117.755,995,1000,9,2.4,0
17:02:55,8117.954,995,1000,9,2.4,0
17:02:55,8118.145,995,1000,9,2.4,0
17:02:56,8118.353,995,1000,9,2.4,0
17:02:56,8118.545,995,1000,9,2.4,0
17:02:56,8118.754,995,1000,9,2.4,0
17:02:56,8118.955,995,1000,9,2.4,0
17:02:56,8119.145,995,1000,9,2.4,0
17:02:57,8119.344,995,1000,9,2.4,0
17:02:57,8119.543,995,1000,9,2.4,0
17:02:57,8119.752,995,1000,9,2.4,0
17:02:57,8119.94,995,1000,9,2.4,0
17:02:57,8120.146,995,1000,9,2.4,0
17:02:58,8120.34,996,1000,9,2.4,0
17:02:58,8120.548,996,1000,9,2.4,0
17:02:58,8120.74,996,1000,9,2.4,0
17:02:58,8120.947,996,1000,9,2.4,0
17:02:58,8121.145,996,1000,9,2.4,0
17:02:59,8121.339,997,1000,9,2.4,0
17:02:59,8121.547,997,1000,9,2.4,0
17:02:59,8121.738,997,1000,9,2.4,0
17:02:59,8121.941,997,1000,9,2.4,0
17:02:59,8122.146,998,1000,9,2.4,0
17:03:00,8122.339,998,1000,9,2.4,0
17:03:00,8122.531,998,1000,9,2.4,0
17:03:00,8122.738,998,1000,9,2.4,0
17:03:00,8122.932,998,1000,9,2.4,0
17:03:00,8123.13,999,1000,9,2.4,0
17:03:01,8123.34,999,1000,9,2.4,0
17:03:01,8123.532,999,1000,9,2.4,0
17:03:01,8123.739,998,1000,9,2.4,0
17:03:01,8123.94,999,1000,9,2.4,0
17:03:01,8124.13,999,1000,9,2.4,0
17:03:02,8124.336,999,1000,9,2.4,0
17:03:02,8124.527,999,1000,9,2.4,0
17:03:02,8124.735,999,1000,9,2.4,0
17:03:02,8124.928,999,1000,9,2.4,0
17:03:02,8125.13,1000,1000,9,2.4,0
17:03:03,8125.323,1000,1000,9,2.4,0
17:03:03,8125.531,1000,1000,9,2.4,0
17:03:03,8125.723,1000,1000,9,2.4,0
17:03:03,8125.934,1000,1000,9,2.4,0
17:03:03,8126.129,1000,1000,9,2.4,0
17:03:04,8126.321,1000,1000,9,2.4,0
17:03:04,8126.528,1000,1000,9,2.4,0
17:03:04,8126.72,1000,1000,9,2.4,0
17:03:04,8126.925,1000,1000,9,2.4,0
17:03:04,8127.129,1000,1000,9,2.4,0
17:03:05,8127.321,1000,1000,9,2.4,0
17:03:05,8127.529,1000,1000,9,2.4,0
17:03:05,8127.72,1000,1000,9,2.4,0
17:03:05,8127.919,1000,1000,9,2.4,0
17:03:05,8128.129,1000,1000,9,2.4,0
17:03:06,8128.321,1000,1000,9,2.4,0
17:03:06,8128.529,1000,1000,9,2.4,0
17:03:06,8128.722,999,1000,9,2.4,0
17:03:06,8128.926,999,1000,9,2.4,0
17:03:06,8129.116,999,1000,9,2.4,0
17:03:07,8129.315,1000,1000,9,2.4,0
17:03:07,8129.523,1000,1000,9,2.4,0
17:03:07,8129.715,1000,1000,9,2.4,0
17:03:07,8129.926,1000,1000,9,2.4,0
17:03:07,8130.114,1000,1000,9,2.4,0
17:03:08,8130.324,1000,1000,9,2.4,0
17:03:08,8130.514,1001,1000,9,2.4,0
17:03:08,8130.722,1000,1000,9,2.4,0
17:03:08,8130.912,1000,1000,9,2.4,0
17:03:08,8131.129,1001,1000,9,2.4,0
17:03:09,8131.308,1002,1000,9,2.4,0
17:03:09,8131.515,1002,1000,9,2.4,0
17:03:09,8131.725,1003,1000,9,2.4,0
17:03:09,8131.912,1003,1000,9,2.4,0
17:03:09,8132.113,1003,1000,9,2.4,0
17:03:10,8132.308,1004,1000,9,2.4,0
17:03:10,8132.516,1004,1000,9,2.4,0
17:03:10,8132.711,1004,1000,9,2.4,0
17:03:10,8132.911,1004,1000,9,2.4,0
17:03:10,8133.106,1005,1000,9,2.3,0
17:03:11,8133.307,1006,1000,9,2.3,0
17:03:11,8133.514,1007,1000,9,2.3,0
17:03:11,8133.705,1008,1000,9,2.2,0
17:03:11,8133.908,1008,1000,9,2.2,0
17:03:11,8134.116,1008,1000,9,2.2,0
17:03:12,8134.31,1008,1000,9,2.2,0
17:03:12,8134.511,1004,1000,9,2.3,0
17:03:12,8134.703,1003,1000,9,2.3,0
17:03:12,8134.912,1003,1000,9,2.3,0
17:03:12,8135.099,1003,1000,9,2.3,0
17:03:13,8135.308,1002,1000,9,2.3,0
17:03:13,8135.498,1002,1000,9,2.3,0
17:03:13,8135.705,1002,1000,9,2.3,0
17:03:13,8135.909,1002,1000,9,2.3,0
17:03:13,8136.099,1002,1000,9,2.3,0
17:03:14,8136.307,1002,1000,9,2.3,0
17:03:14,8136.498,1003,1000,9,2.3,0
17:03:14,8136.706,1003,1000,9,2.3,0
17:03:14,8136.909,1003,1000,9,2.3,0
17:03:14,8137.106,1003,1000,9,2.3,0
17:03:15,8137.292,1003,1000,9,2.3,0
17:03:15,8137.499,1003,1000,9,2.3,0
17:03:15,8137.706,1003,1000,9,2.3,0
17:03:15,8137.892,1003,1000,9,2.3,0
17:03:15,8138.092,1003,1000,9,2.3,0
17:03:16,8138.289,1004,1000,9,2.3,0
17:03:16,8138.495,1004,1000,9,2.3,0
17:03:16,8138.703,1004,1000,9,2.3,0
17:03:16,8138.895,1004,1000,9,2.3,0
17:03:16,8139.099,1004,1000,9,2.3,0
17:03:17,8139.294,1004,1000,9,2.3,0
17:03:17,8139.496,1004,1000,9,2.3,0
17:03:17,8139.69,1004,1000,9,2.3,0
17:03:17,8139.894,1004,1000,9,2.3,0
17:03:17,8140.092,1004,1000,9,2.3,0
17:03:18,8140.291,1004,1000,9,2.3,0
17:03:18,8140.498,1004,1000,9,2.3,0
17:03:18,8140.691,1004,1000,9,2.3,0
17:03:18,8140.892,1004,1000,9,2.3,0
17:03:18,8141.095,1004,1000,9,2.3,0
17:03:19,8141.29,1004,1000,9,2.3,0
17:03:19,8141.481,1004,1000,9,2.3,0
17:03:19,8141.687,1004,1000,9,2.3,0
17:03:19,8141.88,1004,1000,9,2.3,0
17:03:19,8142.085,1003,1000,9,2.3,0
17:03:20,8142.291,1003,1000,9,2.3,0
17:03:20,8142.485,1003,1000,9,2.3,0
17:03:20,8142.692,1004,1000,9,2.3,0
17:03:20,8142.892,1004,1000,9,2.3,0
17:03:20,8143.079,1004,1000,9,2.3,0
17:03:21,8143.291,1004,1000,9,2.3,0
17:03:21,8143.483,1004,1000,9,2.3,0
17:03:21,8143.689,1004,1000,9,2.3,0
17:03:21,8143.892,1004,1000,9,2.3,0
17:03:21,8144.084,1004,1000,9,2.3,0
17:03:22,8144.283,1004,1000,9,2.3,0
17:03:22,8144.481,1004,1000,9,2.3,0
17:03:22,8144.688,1004,1000,9,2.3,0
17:03:22,8144.877,1004,1000,9,2.3,0
17:03:22,8145.078,1004,1000,9,2.3,0
17:03:23,8145.277,1004,1000,9,2.3,0
17:03:23,8145.484,1004,1000,9,2.3,0
17:03:23,8145.677,1004,1000,9,2.3,0
17:03:23,8145.877,1004,1000,9,2.3,0
17:03:23,8146.071,1005,1000,9,2.2,0
17:03:24,8146.273,1005,1000,9,2.2,0
17:03:24,8146.48,1004,1000,9,2.3,0
17:03:24,8146.672,1005,1000,9,2.2,0
17:03:24,8146.872,1005,1000,9,2.2,0
17:03:24,8147.071,1005,1000,9,2.2,0
17:03:25,8147.276,1005,1000,9,2.2,0
17:03:25,8147.481,1002,1000,9,2.3,0
17:03:25,8147.672,1000,1000,9,2.3,0
17:03:25,8147.873,1001,1000,9,2.3,0
17:03:25,8148.07,1001,1000,9,2.3,0
17:03:26,8148.275,1002,1000,9,2.3,0
17:03:26,8148.466,1002,1000,9,2.3,0
17:03:26,8148.674,1002,1000,9,2.3,0
17:03:26,8148.873,1003,1000,9,2.3,0
17:03:26,8149.067,1003,1000,9,2.3,0
17:03:27,8149.275,1003,1000,9,2.3,0
17:03:27,8149.467,1003,1000,9,2.3,0
17:03:27,8149.66,1003,1000,9,2.3,0
17:03:27,8149.877,1003,1000,9,2.3,0
17:03:27,8150.067,1003,1000,9,2.3,0
17:03:28,8150.258,1003,1000,9,2.3,0
17:03:28,8150.466,1003,1000,9,2.3,0
17:03:28,8150.658,1003,1000,9,2.3,0
17:03:28,8150.858,1003,1000,9,2.3,0
17:03:28,8151.068,1003,1000,9,2.3,0
17:03:29,8151.257,1003,1000,9,2.3,0
17:03:29,8151.464,1003,1000,9,2.3,0
17:03:29,8151.67,1003,1000,9,2.3,0
17:03:29,8151.859,1003,1000,9,2.3,0
17:03:29,8152.054,1003,1000,9,2.3,0
17:03:30,8152.259,1003,1000,9,2.3,0
17:03:30,8152.467,1003,1000,9,2.3,0
17:03:30,8152.659,1003,1000,9,2.3,0
17:03:30,8152.857,1003,1000,9,2.3,0
17:03:30,8153.052,1003,1000,9,2.3,0
17:03:31,8153.257,1003,1000,9,2.3,0
17:03:31,8153.465,1003,1000,9,2.3,0
17:03:31,8153.657,1003,1000,9,2.3,0
17:03:31,8153.857,1002,1000,9,2.3,0
17:03:31,8154.051,1002,1000,9,2.3,0
17:03:32,8154.261,1002,1000,9,2.3,0
17:03:32,8154.45,1002,1000,9,2.3,0
17:03:32,8154.658,1002,1000,9,2.3,0
17:03:32,8154.857,1002,1000,9,2.3,0
17:03:32,8155.052,1002,1000,9,2.3,0
17:03:33,8155.258,1002,1000,9,2.3,0
17:03:33,8155.45,1002,1000,9,2.3,0
17:03:33,8155.657,1002,1000,9,2.3,0
17:03:33,8155.857,1002,1000,9,2.3,0
17:03:33,8156.051,1001,1000,9,2.3,0
17:03:34,8156.243,1001,1000,9,2.3,0
17:03:34,8156.451,1001,1000,9,2.3,0
17:03:34,8156.642,1001,1000,9,2.3,0
17:03:34,8156.841,1001,1000,9,2.3,0
17:03:34,8157.052,1000,1000,9,2.3,0
17:03:35,8157.243,1000,1000,9,2.3,0
17:03:35,8157.45,999,1000,9,2.3,0
17:03:35,8157.642,999,1000,9,2.3,0
17:03:35,8157.843,998,1000,9,2.3,0
17:03:35,8158.052,998,1000,9,2.3,0
17:03:36,8158.244,997,1000,9,2.3,0
17:03:36,8158.452,997,1000,9,2.3,0
17:03:36,8158.642,997,1000,9,2.3,0
17:03:36,8158.843,997,1000,9,2.3,0
17:03:36,8159.038,997,1000,9,2.3,0
17:03:37,8159.235,997,1000,9,2.3,0
17:03:37,8159.448,997,1000,9,2.3,0
17:03:37,8159.639,997,1000,9,2.3,0
17:03:37,8159.841,996,1000,9,2.3,0
17:03:37,8160.037,996,1000,9,2.3,0
17:03:38,8160.244,996,1000,9,2.3,0
17:03:38,8160.435,995,1000,9,2.3,0
17:03:38,8160.643,995,1000,9,2.3,0
17:03:38,8160.842,995,1000,9,2.3,0
17:03:38,8161.035,995,1000,9,2.3,0
17:03:39,8161.243,994,1000,9,2.3,0
17:03:39,8161.436,994,1000,9,2.4,0
17:03:39,8161.643,994,1000,9,2.4,0
17:03:39,8161.843,994,1000,9,2.4,0
17:03:39,8162.035,994,1000,9,2.4,0
17:03:40,8162.244,994,1000,9,2.4,0
17:03:40,8162.436,995,1000,9,2.3,0
17:03:40,8162.642,995,1000,9,2.3,0
17:03:40,8162.841,995,1000,9,2.3,0
17:03:40,8163.034,995,1000,9,2.3,0
17:03:41,8163.231,994,1000,9,2.4,0
17:03:41,8163.434,997,1000,9,2.3,0
17:03:41,8163.625,998,1000,9,2.3,0
17:03:41,8163.825,997,1000,9,2.3,0
17:03:41,8164.036,995,1000,9,2.3,0
17:03:42,8164.227,995,1000,9,2.3,0
17:03:42,8164.435,994,1000,9,2.4,0
17:03:42,8164.626,995,1000,9,2.3,0
17:03:42,8164.825,995,1000,9,2.3,0
17:03:42,8165.036,994,1000,9,2.4,0
17:03:43,8165.227,994,1000,9,2.4,0
17:03:43,8165.434,997,1000,9,2.3,0
17:03:43,8165.625,996,1000,9,2.3,0
17:03:43,8165.824,995,1000,9,2.3,0
17:03:43,8166.027,993,1000,9,2.4,0
17:03:44,8166.225,996,1000,9,2.4,0
17:03:44,8166.417,996,1000,9,2.4,0
17:03:44,8166.625,995,1000,9,2.4,0
17:03:44,8166.825,993,1000,9,2.4,0
17:03:44,8167.021,993,1000,9,2.4,0
17:03:45,8167.228,996,1000,9,2.4,0
17:03:45,8167.419,994,1000,9,2.4,0
17:03:45,8167.627,994,1000,9,2.4,0
17:03:45,8167.828,996,1000,9,2.4,0
17:03:45,8168.018,998,1000,9,2.4,0
17:03:46,8168.226,999,1000,9,2.4,0
17:03:46,8168.417,1000,1000,9,2.4,0
17:03:46,8168.625,1001,1000,9,2.4,0
17:03:46,8168.825,1002,1000,9,2.4,0
17:03:46,8169.019,1002,1000,9,2.4,0
17:03:47,8169.212,1002,1000,9,2.4,0
17:03:47,8169.411,1002,1000,9,2.4,0
17:03:47,8169.623,1002,1000,9,2.4,0
17:03:47,8169.809,1002,1000,9,2.4,0
17:03:47,8170.021,1002,1000,9,2.4,0
17:03:48,8170.213,1002,1000,9,2.4,0
17:03:48,8170.421,1002,1000,9,2.4,0
17:03:48,8170.611,1002,1000,9,2.4,0
17:03:48,8170.81,1001,1000,9,2.4,0
17:03:48,8171.019,1001,1000,9,2.4,0
17:03:49,8171.21,1001,1000,9,2.4,0
17:03:49,8171.416,1001,1000,9,2.4,0
17:03:49,8171.607,1001,1000,9,2.4,0
17:03:49,8171.809,1001,1000,9,2.4,0
17:03:49,8172.005,1001,1000,9,2.4,0
17:03:50,8172.211,1001,1000,9,2.4,0
17:03:50,8172.417,1001,1000,9,2.4,0
17:03:50,8172.608,1001,1000,9,2.4,0
17:03:50,8172.809,1001,1000,9,2.4,0
17:03:50,8173.005,1001,1000,9,2.4,0
17:03:51,8173.212,1001,1000,9,2.4,0
17:03:51,8173.403,1001,1000,9,2.4,0
17:03:51,8173.61,1000,1000,9,2.4,0
17:03:51,8173.809,1000,1000,9,2.4,0
17:03:51,8174.003,1000,1000,9,2.4,0
17:03:52,8174.211,1000,1000,9,2.4,0
17:03:52,8174.413,1000,1000,9,2.4,0
17:03:52,8174.607,1000,1000,9,2.4,0
17:03:52,8174.808,1000,1000,9,2.4,0
17:03:52,8175.007,1000,1000,9,2.4,0
17:03:53,8175.212,999,1000,9,2.4,0
17:03:53,8175.403,999,1000,9,2.4,0
17:03:53,8175.595,999,1000,9,2.4,0
17:03:53,8175.81,998,1000,9,2.4,0
17:03:53,8176.003,998,1000,9,2.4,0
17:03:54,8176.21,997,1000,9,2.4,0
17:03:54,8176.4,997,1000,9,2.4,0
17:03:54,8176.608,996,1000,9,2.4,0
17:03:54,8176.793,996,1000,9,2.4,0
17:03:54,8177.004,995,1000,9,2.4,0
17:03:55,8177.196,995,1000,9,2.4,0
17:03:55,8177.403,994,1000,9,2.4,0
17:03:55,8177.595,994,1000,9,2.4,0
17:03:55,8177.794,993,1000,10,2.4,0
17:03:55,8178.005,993,1000,10,2.4,0
17:03:56,8178.195,993,1000,10,2.4,0
17:03:56,8178.403,993,1000,10,2.4,0
17:03:56,8178.594,992,1000,10,2.4,0
17:03:56,8178.793,992,1000,10,2.4,0
17:03:56,8178.988,991,1000,10,2.4,0
17:03:57,8179.195,991,1000,10,2.4,0
17:03:57,8179.394,991,1000,10,2.5,0
17:03:57,8179.59,991,1000,10,2.5,0
17:03:57,8179.793,991,1000,10,2.5,0
17:03:57,8179.989,991,1000,10,2.5,0
17:03:58,8180.192,991,1000,10,2.5,0
17:03:58,8180.387,991,1000,10,2.5,0
17:03:58,8180.595,991,1000,10,2.5,0
17:03:58,8180.793,991,1000,10,2.5,0
17:03:58,8180.988,992,1000,10,2.5,0
17:03:59,8181.193,992,1000,10,2.5,0
17:03:59,8181.386,992,1000,10,2.5,0
17:03:59,8181.593,993,1000,10,2.5,0
17:03:59,8181.793,993,1000,10,2.5,0
17:03:59,8181.988,993,1000,10,2.5,0
17:04:00,8182.191,994,1000,10,2.5,0
17:04:00,8182.386,994,1000,10,2.5,0
17:04:00,8182.593,994,1000,10,2.5,0
17:04:00,8182.779,994,1000,10,2.5,0
17:04:00,8182.984,994,1000,10,2.5,0
17:04:01,8183.176,994,1000,10,2.5,0
17:04:01,8183.385,993,1000,11,2.5,0
17:04:01,8183.577,993,1000,11,2.5,0
17:04:01,8183.779,993,1000,11,2.5,0
17:04:01,8183.987,993,1000,11,2.5,0
17:04:02,8184.178,993,1000,11,2.5,0
17:04:02,8184.378,993,1000,11,2.5,0
17:04:02,8184.575,993,1000,11,2.5,0
17:04:02,8184.779,992,1000,11,2.5,0
17:04:02,8184.988,991,1000,11,2.5,0
17:04:03,8185.183,991,1000,11,2.5,0
17:04:03,8185.38,990,1000,11,2.5,0
17:04:03,8185.572,990,1000,11,2.5,0
17:04:03,8185.772,990,1000,11,2.5,0
17:04:03,8185.974,989,1000,11,2.5,0
17:04:04,8186.182,990,1000,11,2.5,0
17:04:04,8186.381,995,1000,11,2.5,0
17:04:04,8186.572,994,1000,11,2.5,0
17:04:04,8186.779,994,1000,11,2.5,0
17:04:04,8186.973,993,1000,11,2.5,0
17:04:05,8187.177,993,1000,11,2.5,0
17:04:05,8187.37,994,1000,11,2.5,0
17:04:05,8187.577,994,1000,11,2.5,0
17:04:05,8187.771,998,1000,11,2.5,0
17:04:05,8187.97,999,1000,11,2.5,0
17:04:06,8188.176,997,1000,11,2.5,0
17:04:06,8188.372,996,1000,11,2.5,0
17:04:06,8188.564,995,1000,11,2.5,0
17:04:06,8188.779,994,1000,11,2.5,0
17:04:06,8188.968,998,1000,11,2.5,0
17:04:07,8189.176,998,1000,11,2.5,0
17:04:07,8189.363,997,1000,11,2.5,0
17:04:07,8189.56,995,1000,11,2.5,0
17:04:07,8189.765,994,1000,11,2.5,0
17:04:07,8189.97,997,1000,11,2.5,0
17:04:08,8190.161,998,1000,11,2.5,0
17:04:08,8190.372,997,1000,11,2.5,0
17:04:08,8190.564,995,1000,11,2.5,0
17:04:08,8190.773,994,1000,11,2.5,0
17:04:08,8190.969,996,1000,11,2.5,0
17:04:09,8191.161,995,1000,11,2.5,0
17:04:09,8191.368,994,1000,11,2.6,0
17:04:09,8191.56,997,1000,11,2.5,0
17:04:09,8191.765,995,1000,11,2.5,0
17:04:09,8191.953,994,1000,11,2.6,0
17:04:10,8192.161,997,1000,11,2.5,0
17:04:10,8192.356,996,1000,11,2.5,0
17:04:10,8192.562,995,1000,11,2.5,0
17:04:10,8192.758,994,1000,11,2.6,0
17:04:10,8192.968,994,1000,11,2.6,0
17:04:11,8193.159,998,1000,11,2.5,0
17:04:11,8193.351,997,1000,11,2.5,0
17:04:11,8193.558,996,1000,11,2.5,0
17:04:11,8193.752,995,1000,11,2.5,0
17:04:11,8193.955,995,1000,11,2.5,0
17:04:12,8194.162,994,1000,11,2.6,0
17:04:12,8194.362,997,1000,11,2.5,0
17:04:12,8194.56,997,1000,11,2.5,0
17:04:12,8194.752,997,1000,11,2.5,0
17:04:12,8194.953,997,1000,11,2.5,0
17:04:12,8195.154,996,1000,11,2.5,0
17:04:13,8195.355,995,1000,11,2.5,0
17:04:13,8195.546,995,1000,11,2.5,0
17:04:13,8195.754,995,1000,11,2.5,0
17:04:13,8195.953,995,1000,11,2.5,0
17:04:13,8196.144,995,1000,11,2.5,0
17:04:14,8196.355,995,1000,11,2.5,0
17:04:14,8196.547,995,1000,11,2.5,0
17:04:14,8196.753,995,1000,11,2.5,0
17:04:14,8196.946,995,1000,11,2.5,0
17:04:14,8197.147,994,1000,11,2.6,0
17:04:15,8197.339,999,1000,11,2.5,0
17:04:15,8197.546,1001,1000,11,2.5,0
17:04:15,8197.738,1000,1000,11,2.5,0
17:04:15,8197.946,998,1000,11,2.5,0
17:04:15,8198.151,997,1000,11,2.5,0
17:04:16,8198.346,996,1000,11,2.5,0
17:04:16,8198.538,995,1000,11,2.5,0
17:04:16,8198.746,994,1000,12,2.6,0
17:04:16,8198.939,997,1000,12,2.5,0
17:04:16,8199.146,1000,1000,12,2.5,0
17:04:17,8199.342,1003,1000,12,2.5,0
17:04:17,8199.544,1005,1000,12,2.5,0
17:04:17,8199.74,1003,1000,12,2.5,0
17:04:17,8199.939,1003,1000,12,2.5,0
17:04:17,8200.144,1005,1000,11,2.5,0
17:04:18,8200.338,1003,1000,11,2.5,0
17:04:18,8200.545,1000,1000,11,2.5,0
17:04:18,8200.737,998,1000,11,2.5,0
17:04:18,8200.939,996,1000,11,2.5,0
17:04:18,8201.135,994,1000,11,2.6,0
17:04:19,8201.345,997,1000,11,2.5,0
17:04:19,8201.535,998,1000,11,2.5,0
17:04:19,8201.74,996,1000,11,2.5,0
17:04:19,8201.94,994,1000,12,2.6,0
17:04:19,8202.134,995,1000,12,2.5,0
17:04:20,8202.33,998,1000,12,2.5,0
17:04:20,8202.539,1001,1000,12,2.5,0
17:04:20,8202.731,1003,1000,12,2.5,0
17:04:20,8202.938,1005,1000,12,2.5,0
17:04:20,8203.135,1002,1000,12,2.5,0
17:04:21,8203.332,1002,1000,12,2.5,0
17:04:21,8203.524,1004,1000,12,2.5,0
17:04:21,8203.727,1005,1000,11,2.5,0
17:04:21,8203.93,1003,1000,11,2.5,0
17:04:21,8204.134,1000,1000,11,2.5,0
17:04:22,8204.328,998,1000,11,2.5,0
17:04:22,8204.528,996,1000,11,2.5,0
17:04:22,8204.732,994,1000,12,2.6,0
17:04:22,8204.925,994,1000,12,2.6,0
17:04:22,8205.139,997,1000,12,2.5,0
17:04:23,8205.33,999,1000,12,2.5,0
17:04:23,8205.526,1001,1000,12,2.5,0
17:04:23,8205.718,1002,1000,12,2.5,0
17:04:23,8205.929,1003,1000,12,2.5,0
17:04:23,8206.133,1003,1000,12,2.5,0
17:04:24,8206.322,1003,1000,12,2.5,0
17:04:24,8206.53,1004,1000,12,2.5,0
17:04:24,8206.724,1003,1000,12,2.5,0
17:04:24,8206.919,1005,1000,12,2.5,0
17:04:24,8207.126,1006,1000,11,2.5,0
17:04:25,8207.315,1005,1000,11,2.5,0
17:04:25,8207.523,1004,1000,11,2.5,0
17:04:25,8207.724,1003,1000,11,2.5,0
17:04:25,8207.919,1003,1000,11,2.5,0
17:04:25,8208.118,1002,1000,11,2.5,0
17:04:26,8208.314,1002,1000,11,2.5,0
17:04:26,8208.522,1002,1000,11,2.5,0
17:04:26,8208.718,1002,1000,11,2.5,0
17:04:26,8208.917,1002,1000,11,2.5,0
17:04:26,8209.114,1002,1000,11,2.5,0
17:04:27,8209.322,1001,1000,11,2.5,0
17:04:27,8209.515,1001,1000,11,2.5,0
17:04:27,8209.712,1000,1000,11,2.5,0
17:04:27,8209.919,999,1000,11,2.5,0
17:04:27,8210.114,998,1000,11,2.5,0
17:04:28,8210.319,997,1000,11,2.5,0
17:04:28,8210.515,996,1000,11,2.5,0
17:04:28,8210.717,995,1000,11,2.5,0
17:04:28,8210.918,994,1000,11,2.6,0
17:04:28,8211.113,994,1000,11,2.6,0
17:04:29,8211.307,996,1000,11,2.5,0
17:04:29,8211.516,994,1000,12,2.6,0
17:04:29,8211.71,995,1000,12,2.5,0
17:04:29,8211.904,996,1000,12,2.5,0
17:04:29,8212.106,997,1000,12,2.5,0
17:04:30,8212.314,998,1000,12,2.5,0
17:04:30,8212.508,999,1000,12,2.5,0
17:04:30,8212.704,1000,1000,12,2.5,0
17:04:30,8212.911,1001,1000,12,2.5,0
17:04:30,8213.106,1001,1000,12,2.5,0
17:04:31,8213.3,1001,1000,12,2.5,0
17:04:31,8213.508,1002,1000,12,2.5,0
17:04:31,8213.703,1002,1000,12,2.5,0
17:04:31,8213.904,1002,1000,12,2.5,0
17:04:31,8214.098,1002,1000,12,2.5,0
17:04:32,8214.307,1002,1000,12,2.5,0
17:04:32,8214.502,1002,1000,12,2.5,0
17:04:32,8214.703,1002,1000,12,2.5,0
17:04:32,8214.898,1002,1000,12,2.5,0
17:04:32,8215.098,1001,1000,12,2.5,0
17:04:33,8215.307,999,1000,12,2.5,0
17:04:33,8215.501,998,1000,12,2.5,0
17:04:33,8215.696,996,1000,12,2.5,0
17:04:33,8215.904,995,1000,12,2.5,0
17:04:33,8216.099,994,1000,12,2.6,0
17:04:34,8216.299,994,1000,12,2.6,0
17:04:34,8216.502,994,1000,12,2.6,0
17:04:34,8216.696,994,1000,12,2.6,0
17:04:34,8216.897,994,1000,12,2.6,0
17:04:34,8217.091,994,1000,12,2.6,0
17:04:35,8217.296,994,1000,12,2.6,0
17:04:35,8217.497,994,1000,12,2.6,0
17:04:35,8217.699,994,1000,12,2.6,0
17:04:35,8217.897,994,1000,12,2.6,0
17:04:35,8218.098,994,1000,12,2.6,0
17:04:36,8218.299,994,1000,12,2.6,0
17:04:36,8218.494,994,1000,12,2.6,0
17:04:36,8218.689,994,1000,12,2.6,0
17:04:36,8218.892,993,1000,12,2.6,0
17:04:36,8219.092,993,1000,12,2.6,0
17:04:37,8219.29,994,1000,12,2.6,0
17:04:37,8219.498,994,1000,12,2.6,0
17:04:37,8219.692,994,1000,12,2.6,0
17:04:37,8219.89,994,1000,12,2.6,0
17:04:37,8220.092,993,1000,12,2.6,0
17:04:38,8220.289,993,1000,12,2.6,0
17:04:38,8220.487,993,1000,12,2.6,0
17:04:38,8220.699,992,1000,12,2.6,0
17:04:38,8220.886,991,1000,12,2.6,0
17:04:38,8221.086,990,1000,12,2.6,0
17:04:39,8221.293,990,1000,12,2.6,0
17:04:39,8221.488,989,1000,12,2.6,0
17:04:39,8221.688,988,1000,12,2.6,0
17:04:39,8221.882,988,1000,13,2.7,0
17:04:39,8222.091,987,1000,13,2.7,0
17:04:40,8222.286,987,1000,13,2.7,0
17:04:40,8222.484,986,1000,13,2.7,0
17:04:40,8222.683,986,1000,13,2.7,0
17:04:40,8222.886,985,1000,13,2.7,0
17:04:40,8223.08,985,1000,13,2.7,0
17:04:41,8223.281,985,1000,13,2.7,0
17:04:41,8223.481,984,1000,13,2.7,0
17:04:41,8223.675,985,1000,13,2.7,0
17:04:41,8223.89,987,1000,13,2.7,0
17:04:41,8224.079,988,1000,13,2.7,0
17:04:42,8224.282,989,1000,13,2.7,0
17:04:42,8224.48,990,1000,13,2.7,0
17:04:42,8224.683,991,1000,13,2.7,0
17:04:42,8224.883,992,1000,13,2.7,0
17:04:42,8225.078,992,1000,13,2.7,0
17:04:43,8225.272,992,1000,14,2.7,0
17:04:43,8225.48,993,1000,14,2.7,0
17:04:43,8225.675,993,1000,14,2.7,0
17:04:43,8225.876,993,1000,14,2.7,0
17:04:43,8226.07,993,1000,14,2.7,0
17:04:44,8226.271,993,1000,14,2.7,0
17:04:44,8226.481,993,1000,14,2.7,0
17:04:44,8226.675,993,1000,14,2.7,0
17:04:44,8226.869,993,1000,14,2.7,0
17:04:44,8227.077,993,1000,14,2.7,0
17:04:45,8227.271,993,1000,14,2.7,0
17:04:45,8227.466,992,1000,14,2.7,0
17:04:45,8227.675,992,1000,14,2.7,0
17:04:45,8227.872,992,1000,14,2.7,0
17:04:45,8228.07,992,1000,14,2.7,0
17:04:46,8228.275,992,1000,14,2.7,0
17:04:46,8228.468,992,1000,14,2.7,0
17:04:46,8228.668,992,1000,14,2.7,0
17:04:46,8228.866,992,1000,14,2.8,0
17:04:46,8229.063,992,1000,14,2.8,0
17:04:47,8229.264,992,1000,14,2.8,0
17:04:47,8229.466,992,1000,14,2.8,0
17:04:47,8229.66,993,1000,14,2.8,0
17:04:47,8229.862,993,1000,14,2.8,0
17:04:47,8230.072,993,1000,14,2.8,0
17:04:48,8230.258,993,1000,14,2.8,0
17:04:48,8230.459,993,1000,14,2.8,0
17:04:48,8230.668,993,1000,14,2.8,0
17:04:48,8230.868,993,1000,14,2.8,0
17:04:48,8231.058,993,1000,15,2.8,0
17:04:49,8231.266,993,1000,15,2.8,0
17:04:49,8231.46,993,1000,15,2.8,0
17:04:49,8231.661,994,1000,15,2.8,0
17:04:49,8231.865,994,1000,15,2.8,0
17:04:49,8232.059,994,1000,15,2.8,0
17:04:50,8232.259,994,1000,15,2.8,0
17:04:50,8232.462,994,1000,15,2.8,0
17:04:50,8232.657,994,1000,15,2.8,0
17:04:50,8232.862,994,1000,15,2.8,0
17:04:50,8233.056,995,1000,15,2.8,0
17:04:51,8233.259,995,1000,15,2.8,0
17:04:51,8233.454,995,1000,15,2.8,0
17:04:51,8233.662,995,1000,15,2.8,0
17:04:51,8233.856,996,1000,15,2.8,0
17:04:51,8234.058,996,1000,15,2.8,0
17:04:52,8234.258,996,1000,15,2.8,0
17:04:52,8234.453,997,1000,15,2.8,0
17:04:52,8234.653,997,1000,15,2.8,0
17:04:52,8234.849,997,1000,15,2.8,0
17:04:52,8235.057,997,1000,15,2.8,0
17:04:53,8235.26,997,1000,15,2.8,0
17:04:53,8235.455,997,1000,15,2.8,0
17:04:53,8235.647,997,1000,15,2.8,0
17:04:53,8235.848,997,1000,15,2.8,0
17:04:53,8236.049,999,1000,15,2.8,0
17:04:54,8236.252,1000,1000,15,2.8,0
17:04:54,8236.446,1001,1000,15,2.8,0
17:04:54,8236.655,1002,1000,15,2.8,0
17:04:54,8236.849,1003,1000,15,2.8,0
17:04:54,8237.043,1004,1000,15,2.8,0
17:04:55,8237.251,1005,1000,15,2.7,0
17:04:55,8237.453,1006,1000,15,2.7,0
17:04:55,8237.647,1007,1000,15,2.7,0
17:04:55,8237.844,1008,1000,15,2.7,0
17:04:55,8238.05,1009,1000,15,2.7,0
17:04:56,8238.251,1009,1000,15,2.7,0
17:04:56,8238.438,1009,1000,14,2.7,0
17:04:56,8238.647,1008,1000,14,2.7,0
17:04:56,8238.841,1007,1000,14,2.7,0
17:04:56,8239.041,1006,1000,14,2.7,0
17:04:57,8239.244,1004,1000,14,2.7,0
17:04:57,8239.439,1003,1000,14,2.7,0
17:04:57,8239.64,1002,1000,14,2.7,0
17:04:57,8239.834,1001,1000,14,2.7,0
17:04:57,8240.036,1001,1000,14,2.7,0
17:04:58,8240.237,1000,1000,14,2.7,0
17:04:58,8240.438,999,1000,14,2.7,0
17:04:58,8240.632,999,1000,14,2.7,0
17:04:58,8240.834,999,1000,14,2.7,0
17:04:58,8241.043,998,1000,14,2.7,0
17:04:59,8241.236,998,1000,14,2.7,0
17:04:59,8241.435,997,1000,14,2.7,0
17:04:59,8241.632,997,1000,14,2.7,0
17:04:59,8241.84,997,1000,14,2.7,0
17:04:59,8242.039,997,1000,14,2.7,0
17:05:00,8242.237,996,1000,14,2.7,0
17:05:00,8242.431,996,1000,14,2.7,0
17:05:00,8242.632,996,1000,14,2.7,0
17:05:00,8242.828,996,1000,14,2.7,0
17:05:00,8243.036,996,1000,14,2.7,0
17:05:01,8243.231,996,1000,14,2.7,0
17:05:01,8243.431,996,1000,14,2.7,0
17:05:01,8243.629,996,1000,14,2.7,0
17:05:01,8243.831,996,1000,14,2.7,0
17:05:01,8244.032,996,1000,14,2.7,0
17:05:02,8244.223,996,1000,14,2.7,0
17:05:02,8244.424,996,1000,14,2.7,0
17:05:02,8244.632,997,1000,14,2.7,0
17:05:02,8244.826,997,1000,14,2.7,0
17:05:02,8245.025,997,1000,14,2.7,0
17:05:03,8245.222,997,1000,14,2.7,0
17:05:03,8245.431,997,1000,14,2.7,0
17:05:03,8245.625,998,1000,14,2.7,0
17:05:03,8245.82,998,1000,14,2.7,0
17:05:03,8246.029,998,1000,14,2.7,0
17:05:04,8246.223,998,1000,14,2.7,0
17:05:04,8246.417,999,1000,14,2.7,0
17:05:04,8246.621,999,1000,14,2.7,0
17:05:04,8246.821,999,1000,14,2.7,0
17:05:04,8247.021,1000,1000,14,2.7,0
17:05:05,8247.226,1000,1000,14,2.7,0
17:05:05,8247.426,1000,1000,14,2.7,0
17:05:05,8247.619,1001,1000,14,2.7,0
17:05:05,8247.817,1001,1000,14,2.7,0
17:05:05,8248.018,1001,1000,14,2.7,0
17:05:06,8248.216,1001,1000,14,2.7,0
17:05:06,8248.417,1001,1000,14,2.7,0
17:05:06,8248.622,1002,1000,14,2.7,0
17:05:06,8248.823,1002,1000,14,2.7,0
17:05:06,8249.023,1002,1000,14,2.7,0
17:05:07,8249.216,1002,1000,14,2.7,0
17:05:07,8249.411,1002,1000,14,2.7,0
17:05:07,8249.613,1002,1000,14,2.7,0
17:05:07,8249.813,1002,1000,14,2.7,0
17:05:07,8250.011,1002,1000,14,2.7,0
17:05:08,8250.212,1002,1000,14,2.7,0
17:05:08,8250.412,1002,1000,14,2.7,0
17:05:08,8250.612,1002,1000,14,2.7,0
17:05:08,8250.807,1002,1000,14,2.7,0
17:05:08,8251.011,1002,1000,14,2.7,0
17:05:09,8251.21,1002,1000,14,2.7,0
17:05:09,8251.409,1001,1000,14,2.7,0
17:05:09,8251.613,1001,1000,14,2.7,0
17:05:09,8251.823,1001,1000,14,2.7,0
17:05:09,8252.011,1001,1000,14,2.7,0
17:05:10,8252.212,1000,1000,14,2.7,0
17:05:10,8252.403,1000,1000,14,2.7,0
17:05:10,8252.612,999,1000,14,2.7,0
17:05:10,8252.806,999,1000,14,2.7,0
17:05:10,8253.008,999,1000,14,2.7,0
17:05:11,8253.205,998,1000,14,2.7,0
17:05:11,8253.406,998,1000,14,2.7,0
17:05:11,8253.597,997,1000,14,2.7,0
17:05:11,8253.799,997,1000,14,2.7,0
17:05:11,8254.008,996,1000,14,2.7,0
17:05:12,8254.202,996,1000,14,2.7,0
17:05:12,8254.399,996,1000,14,2.7,0
17:05:12,8254.598,995,1000,14,2.7,0
17:05:12,8254.807,995,1000,14,2.7,0
17:05:12,8255.004,995,1000,14,2.7,0
17:05:13,8255.198,994,1000,14,2.8,0
17:05:13,8255.399,994,1000,14,2.8,0
17:05:13,8255.598,994,1000,14,2.8,0
17:05:13,8255.8,993,1000,14,2.8,0
17:05:13,8255.998,993,1000,15,2.8,0
17:05:14,8256.202,993,1000,15,2.8,0
17:05:14,8256.401,993,1000,15,2.8,0
17:05:14,8256.604,993,1000,15,2.8,0
17:05:14,8256.793,993,1000,15,2.8,0
17:05:14,8257.001,993,1000,15,2.8,0
17:05:15,8257.205,993,1000,15,2.8,0
17:05:15,8257.398,993,1000,15,2.8,0
17:05:15,8257.593,993,1000,15,2.8,0
17:05:15,8257.792,993,1000,15,2.8,0
17:05:15,8257.998,993,1000,15,2.8,0
17:05:16,8258.195,993,1000,15,2.8,0
17:05:16,8258.397,993,1000,15,2.8,0
17:05:16,8258.592,993,1000,15,2.8,0
17:05:16,8258.788,993,1000,15,2.8,0
17:05:16,8259.002,993,1000,15,2.8,0
17:05:17,8259.196,993,1000,15,2.8,0
17:05:17,8259.398,993,1000,15,2.8,0
17:05:17,8259.592,993,1000,15,2.8,0
17:05:17,8259.787,993,1000,15,2.8,0
17:05:17,8259.987,993,1000,15,2.8,0
17:05:18,8260.188,993,1000,15,2.8,0
17:05:18,8260.39,993,1000,15,2.8,0
17:05:18,8260.585,993,1000,15,2.8,0
17:05:18,8260.8,993,1000,15,2.8,0
17:05:18,8260.983,993,1000,15,2.8,0
17:05:19,8261.188,993,1000,15,2.8,0
17:05:19,8261.383,993,1000,15,2.8,0
17:05:19,8261.584,993,1000,15,2.8,0
17:05:19,8261.786,993,1000,15,2.8,0
17:05:19,8261.98,993,1000,16,2.8,0
17:05:20,8262.18,993,1000,16,2.8,0
17:05:20,8262.376,993,1000,16,2.8,0
17:05:20,8262.577,994,1000,16,2.8,0
17:05:20,8262.779,994,1000,16,2.8,0
17:05:20,8262.98,994,1000,16,2.8,0
17:05:21,8263.174,995,1000,16,2.8,0
17:05:21,8263.377,995,1000,16,2.8,0
17:05:21,8263.58,995,1000,16,2.8,0
17:05:21,8263.779,995,1000,16,2.8,0
17:05:21,8263.981,995,1000,16,2.8,0
17:05:22,8264.175,995,1000,16,2.8,0
17:05:22,8264.374,995,1000,16,2.8,0
17:05:22,8264.576,994,1000,16,2.9,0
17:05:22,8264.772,994,1000,16,2.9,0
17:05:22,8264.973,994,1000,16,2.9,0
17:05:23,8265.167,994,1000,16,2.9,0
17:05:23,8265.383,994,1000,16,2.9,0
17:05:23,8265.576,995,1000,16,2.8,0
17:05:23,8265.772,994,1000,16,2.9,0
17:05:23,8265.966,997,1000,16,2.8,0
17:05:24,8266.167,997,1000,16,2.8,0
17:05:24,8266.374,995,1000,16,2.8,0
17:05:24,8266.569,994,1000,16,2.9,0
17:05:24,8266.77,994,1000,16,2.9,0
17:05:24,8266.968,996,1000,16,2.8,0
17:05:25,8267.168,994,1000,16,2.9,0
17:05:25,8267.362,995,1000,16,2.8,0
17:05:25,8267.57,993,1000,16,2.9,0
17:05:25,8267.764,993,1000,16,2.9,0
17:05:25,8267.966,994,1000,16,2.9,0
17:05:26,8268.161,995,1000,16,2.9,0
17:05:26,8268.369,995,1000,16,2.9,0
17:05:26,8268.563,992,1000,16,2.9,0
17:05:26,8268.763,993,1000,16,2.9,0
17:05:26,8268.96,994,1000,16,2.9,0
17:05:27,8269.162,995,1000,16,2.9,0
17:05:27,8269.362,995,1000,16,2.9,0
17:05:27,8269.562,996,1000,16,2.9,0
17:05:27,8269.76,996,1000,16,2.9,0
17:05:27,8269.967,996,1000,16,2.9,0
17:05:28,8270.173,996,1000,16,2.9,0
17:05:28,8270.355,996,1000,16,2.9,0
17:05:28,8270.564,996,1000,16,2.9,0
17:05:28,8270.758,996,1000,16,2.9,0
17:05:28,8270.96,997,1000,16,2.9,0
17:05:29,8271.161,998,1000,16,2.9,0
17:05:29,8271.355,998,1000,16,2.9,0
17:05:29,8271.556,999,1000,16,2.9,0
17:05:29,8271.756,999,1000,16,2.9,0
17:05:29,8271.952,1000,1000,16,2.9,0
17:05:30,8272.161,1000,1000,16,2.9,0
17:05:30,8272.355,1001,1000,16,2.9,0
17:05:30,8272.55,1001,1000,16,2.9,0
17:05:30,8272.752,1001,1000,16,2.9,0
17:05:30,8272.952,1002,1000,16,2.9,0
17:05:30,8273.154,1000,1000,16,2.9,0
17:05:31,8273.348,999,1000,16,2.9,0
17:05:31,8273.556,998,1000,16,2.9,0
17:05:31,8273.754,998,1000,16,2.9,0
17:05:31,8273.952,997,1000,16,2.9,0
17:05:31,8274.147,996,1000,16,2.9,0
17:05:32,8274.355,996,1000,16,2.9,0
17:05:32,8274.549,995,1000,16,2.9,0
17:05:32,8274.745,995,1000,16,2.9,0
17:05:32,8274.945,995,1000,16,2.9,0
17:05:32,8275.146,995,1000,16,2.9,0
17:05:33,8275.341,995,1000,16,2.9,0
17:05:33,8275.542,995,1000,16,2.9,0
17:05:33,8275.744,995,1000,16,2.9,0
17:05:33,8275.947,994,1000,16,2.9,0
17:05:33,8276.15,994,1000,16,2.9,0
17:05:34,8276.348,995,1000,16,2.9,0
17:05:34,8276.55,995,1000,16,2.9,0
17:05:34,8276.744,995,1000,16,2.9,0
17:05:34,8276.946,995,1000,16,2.9,0
17:05:34,8277.139,995,1000,16,2.9,0
17:05:35,8277.348,995,1000,16,2.9,0
17:05:35,8277.542,996,1000,16,2.9,0
17:05:35,8277.737,996,1000,16,2.9,0
17:05:35,8277.946,997,1000,16,2.9,0
17:05:35,8278.14,997,1000,16,2.9,0
17:05:36,8278.334,997,1000,16,2.9,0
17:05:36,8278.536,998,1000,16,2.9,0
17:05:36,8278.743,998,1000,16,2.9,0
17:05:36,8278.938,999,1000,16,2.9,0
17:05:36,8279.133,1000,1000,16,2.9,0
17:05:37,8279.334,1001,1000,16,2.9,0
17:05:37,8279.535,1002,1000,16,2.9,0
17:05:37,8279.735,1003,1000,16,2.9,0
17:05:37,8279.938,1003,1000,16,2.9,0
17:05:37,8280.14,1004,1000,16,2.9,0
17:05:38,8280.334,1005,1000,16,2.8,0
17:05:38,8280.528,1003,1000,16,2.9,0
17:05:38,8280.737,1004,1000,16,2.9,0
17:05:38,8280.939,1005,1000,16,2.8,0
17:05:38,8281.133,1003,1000,16,2.9,0
17:05:39,8281.327,1002,1000,16,2.9,0
17:05:39,8281.528,1003,1000,16,2.9,0
17:05:39,8281.737,1004,1000,16,2.9,0
17:05:39,8281.925,1006,1000,16,2.8,0
17:05:39,8282.126,1004,1000,16,2.9,0
17:05:40,8282.327,1002,1000,16,2.9,0
17:05:40,8282.528,1001,1000,16,2.9,0
17:05:40,8282.723,999,1000,16,2.9,0
17:05:40,8282.931,998,1000,16,2.9,0
17:05:40,8283.126,997,1000,16,2.9,0
17:05:41,8283.325,996,1000,16,2.9,0
17:05:41,8283.525,995,1000,16,2.9,0
17:05:41,8283.744,995,1000,16,2.9,0
17:05:41,8283.924,994,1000,16,2.9,0
17:05:41,8284.147,997,1000,16,2.9,0
17:05:42,8284.329,999,1000,16,2.9,0
17:05:42,8284.529,1000,1000,16,2.9,0
17:05:42,8284.723,1002,1000,16,2.9,0
17:05:42,8284.925,1003,1000,16,2.9,0
17:05:42,8285.118,1004,1000,16,2.9,0
17:05:43,8285.326,1004,1000,16,2.9,0
17:05:43,8285.523,1005,1000,16,2.8,0
17:05:43,8285.723,1002,1000,16,2.9,0
17:05:43,8285.925,1000,1000,16,2.9,0
17:05:43,8286.119,998,1000,16,2.9,0
17:05:44,8286.313,997,1000,16,2.9,0
17:05:44,8286.522,996,1000,16,2.9,0
17:05:44,8286.716,994,1000,16,2.9,0
17:05:44,8286.916,996,1000,16,2.9,0
17:05:44,8287.112,998,1000,16,2.9,0
17:05:45,8287.32,999,1000,16,2.9,0
17:05:45,8287.521,1000,1000,16,2.9,0
17:05:45,8287.716,1001,1000,16,2.9,0
17:05:45,8287.91,1002,1000,16,2.9,0
17:05:45,8288.119,1002,1000,16,2.9,0
17:05:46,8288.313,1002,1000,16,2.9,0
17:05:46,8288.507,1002,1000,16,2.9,0
17:05:46,8288.717,1003,1000,16,2.9,0
17:05:46,8288.911,1003,1000,16,2.9,0
17:05:46,8289.111,1003,1000,16,2.9,0
17:05:47,8289.309,1003,1000,16,2.9,0
17:05:47,8289.508,1003,1000,16,2.9,0
17:05:47,8289.708,1003,1000,16,2.9,0
17:05:47,8289.907,1003,1000,16,2.9,0
17:05:47,8290.112,1002,1000,16,2.9,0
17:05:48,8290.306,1002,1000,16,2.9,0
17:05:48,8290.506,1002,1000,16,2.9,0
17:05:48,8290.702,1002,1000,16,2.9,0
17:05:48,8290.911,1002,1000,16,2.9,0
17:05:48,8291.105,1002,1000,16,2.9,0
17:05:49,8291.306,1001,1000,16,2.9,0
17:05:49,8291.501,1001,1000,16,2.9,0
17:05:49,8291.708,1001,1000,16,2.9,0
17:05:49,8291.912,1001,1000,16,2.9,0
17:05:49,8292.105,1001,1000,16,2.9,0
17:05:50,8292.299,1001,1000,16,2.9,0
17:05:50,8292.5,1001,1000,16,2.9,0
17:05:50,8292.695,1001,1000,16,2.9,0
17:05:50,8292.896,1001,1000,16,2.9,0
17:05:50,8293.105,1001,1000,16,2.9,0
17:05:51,8293.299,1001,1000,16,2.9,0
17:05:51,8293.494,1001,1000,16,2.9,0
17:05:51,8293.702,1001,1000,16,2.9,0
17:05:51,8293.896,1000,1000,16,2.9,0
17:05:51,8294.095,1000,1000,16,2.9,0
17:05:52,8294.292,1000,1000,16,2.9,0
17:05:52,8294.501,1000,1000,16,2.9,0
17:05:52,8294.695,1000,1000,16,2.9,0
17:05:52,8294.889,1000,1000,16,2.9,0
17:05:52,8295.09,1000,1000,16,2.9,0
17:05:53,8295.292,1000,1000,16,2.9,0
17:05:53,8295.492,999,1000,16,2.9,0
17:05:53,8295.693,999,1000,16,2.9,0
17:05:53,8295.889,999,1000,16,2.9,0
17:05:53,8296.091,999,1000,16,2.9,0
17:05:54,8296.286,999,1000,16,2.9,0
17:05:54,8296.488,999,1000,16,2.9,0
17:05:54,8296.695,998,1000,16,2.9,0
17:05:54,8296.89,998,1000,16,2.9,0
17:05:54,8297.084,998,1000,16,2.9,0
17:05:55,8297.292,998,1000,16,2.9,0
17:05:55,8297.487,997,1000,16,2.9,0
17:05:55,8297.687,997,1000,16,2.9,0
17:05:55,8297.89,997,1000,16,2.9,0
17:05:55,8298.084,996,1000,16,2.9,0
17:05:56,8298.285,996,1000,16,2.9,0
17:05:56,8298.484,996,1000,16,2.9,0
17:05:56,8298.688,996,1000,16,2.9,0
17:05:56,8298.892,996,1000,16,2.9,0
17:05:56,8299.084,995,1000,16,2.9,0
17:05:57,8299.279,995,1000,16,2.9,0
17:05:57,8299.487,995,1000,16,2.9,0
17:05:57,8299.681,995,1000,16,2.9,0
17:05:57,8299.881,995,1000,16,2.9,0
17:05:57,8300.084,995,1000,16,2.9,0
17:05:58,8300.278,994,1000,16,2.9,0
17:05:58,8300.479,994,1000,16,2.9,0
17:05:58,8300.674,994,1000,16,2.9,0
17:05:58,8300.882,994,1000,16,2.9,0
17:05:58,8301.077,994,1000,16,2.9,0
17:05:59,8301.271,994,1000,16,2.9,0
17:05:59,8301.473,994,1000,16,2.9,0
17:05:59,8301.67,994,1000,16,2.9,0
17:05:59,8301.877,994,1000,16,2.9,0
17:05:59,8302.069,994,1000,16,2.9,0
17:06:00,8302.276,994,1000,16,2.9,0
17:06:00,8302.467,994,1000,16,2.9,0
17:06:00,8302.673,994,1000,16,2.9,0
17:06:00,8302.88,994,1000,16,2.9,0
17:06:00,8303.071,994,1000,17,2.9,0
17:06:01,8303.278,994,1000,17,2.9,0
17:06:01,8303.47,993,1000,17,2.9,0
17:06:01,8303.678,993,1000,17,2.9,0
17:06:01,8303.869,993,1000,17,2.9,0
17:06:01,8304.076,993,1000,17,2.9,0
17:06:02,8304.267,992,1000,17,2.9,0
17:06:02,8304.474,992,1000,17,2.9,0
17:06:02,8304.668,991,1000,17,2.9,0
17:06:02,8304.876,991,1000,17,2.9,0
17:06:02,8305.064,991,1000,17,2.9,0
17:06:03,8305.271,990,1000,17,3,0
17:06:03,8305.462,989,1000,17,3,0
17:06:03,8305.669,988,1000,17,3,0
17:06:03,8305.86,987,1000,17,3,0
17:06:03,8306.066,986,1000,17,3,0
17:06:04,8306.257,985,1000,17,3,0
17:06:04,8306.464,984,1000,17,3,0
17:06:04,8306.67,982,1000,17,3,0
17:06:04,8306.861,981,1000,17,3,0
17:06:04,8307.068,981,1000,18,3,0
17:06:05,8307.258,982,1000,18,3,0
17:06:05,8307.467,983,1000,18,3,0
17:06:05,8307.658,982,1000,18,3,0
17:06:05,8307.866,982,1000,18,3.1,0
17:06:05,8308.057,982,1000,18,3.1,0
17:06:06,8308.264,980,1000,18,3.1,0
17:06:06,8308.454,979,1000,18,3.1,0
17:06:06,8308.662,977,1000,18,3.1,0
17:06:06,8308.854,976,1000,18,3.1,0
17:06:06,8309.062,974,1000,19,3.1,0
17:06:07,8309.253,973,1000,19,3.1,0
17:06:07,8309.46,971,1000,19,3.1,0
17:06:07,8309.653,969,1000,19,3.1,0
17:06:07,8309.86,967,1000,19,3.2,0
17:06:07,8310.053,966,1000,19,3.2,0
17:06:08,8310.259,965,1000,19,3.2,0
17:06:08,8310.45,964,1000,20,3.2,0
17:06:08,8310.657,962,1000,20,3.2,0
17:06:08,8310.848,963,1000,20,3.2,0
17:06:08,8311.055,965,1000,20,3.2,0
17:06:09,8311.246,967,1000,20,3.2,0
17:06:09,8311.453,968,1000,21,3.2,0
17:06:09,8311.643,969,1000,21,3.2,0
17:06:09,8311.85,971,1000,21,3.2,0
17:06:09,8312.041,972,1000,21,3.2,0
17:06:10,8312.247,972,1000,21,3.2,0
17:06:10,8312.454,973,1000,21,3.2,0
17:06:10,8312.645,974,1000,21,3.2,0
17:06:10,8312.853,974,1000,21,3.2,0
17:06:10,8313.046,974,1000,22,3.2,0
17:06:11,8313.251,975,1000,22,3.2,0
17:06:11,8313.442,975,1000,22,3.2,0
17:06:11,8313.648,975,1000,22,3.2,0
17:06:11,8313.838,976,1000,22,3.3,0
17:06:11,8314.045,976,1000,22,3.3,0
17:06:12,8314.237,976,1000,22,3.3,0
17:06:12,8314.444,976,1000,22,3.3,0
17:06:12,8314.634,975,1000,23,3.3,0
17:06:12,8314.842,975,1000,23,3.3,0
17:06:12,8315.034,975,1000,23,3.3,0
17:06:13,8315.242,975,1000,23,3.3,0
17:06:13,8315.433,974,1000,23,3.3,0
17:06:13,8315.641,974,1000,23,3.3,0
17:06:13,8315.833,973,1000,23,3.3,0
17:06:13,8316.041,973,1000,23,3.3,0
17:06:14,8316.232,972,1000,24,3.3,0
17:06:14,8316.439,971,1000,24,3.3,0
17:06:14,8316.63,971,1000,24,3.3,0
17:06:14,8316.838,970,1000,24,3.3,0
17:06:14,8317.03,972,1000,24,3.3,0
17:06:15,8317.239,973,1000,24,3.3,0
17:06:15,8317.428,974,1000,24,3.3,0
17:06:15,8317.636,974,1000,25,3.4,0
17:06:15,8317.827,975,1000,25,3.4,0
17:06:15,8318.035,975,1000,25,3.4,0
17:06:16,8318.226,975,1000,25,3.4,0
17:06:16,8318.434,975,1000,25,3.4,0
17:06:16,8318.626,975,1000,25,3.4,0
17:06:16,8318.834,975,1000,25,3.4,0
17:06:16,8319.026,975,1000,25,3.4,0
17:06:17,8319.233,975,1000,26,3.4,0
17:06:17,8319.423,975,1000,26,3.4,0
17:06:17,8319.63,975,1000,26,3.4,0
17:06:17,8319.826,975,1000,26,3.4,0
17:06:17,8320.028,975,1000,26,3.4,0
17:06:18,8320.22,974,1000,26,3.4,0
17:06:18,8320.428,974,1000,26,3.4,0
17:06:18,8320.621,974,1000,26,3.4,0
17:06:18,8320.829,974,1000,27,3.4,0
17:06:18,8321.02,973,1000,27,3.4,0
17:06:19,8321.228,973,1000,27,3.4,0
17:06:19,8321.42,973,1000,27,3.5,0
17:06:19,8321.628,973,1000,27,3.5,0
17:06:19,8321.82,972,1000,27,3.5,0
17:06:19,8322.013,972,1000,27,3.5,0
17:06:20,8322.219,972,1000,27,3.5,0
17:06:20,8322.427,972,1000,28,3.5,0
17:06:20,8322.619,972,1000,28,3.5,0
17:06:20,8322.811,972,1000,28,3.5,0
17:06:20,8323.02,972,1000,28,3.5,0
17:06:21,8323.215,972,1000,28,3.5,0
17:06:21,8323.419,974,1000,28,3.5,0
17:06:21,8323.611,975,1000,28,3.5,0
17:06:21,8323.819,977,1000,29,3.5,0
17:06:21,8324.011,978,1000,29,3.5,0
17:06:22,8324.219,979,1000,29,3.5,0
17:06:22,8324.41,980,1000,29,3.5,0
17:06:22,8324.619,981,1000,29,3.5,0
17:06:22,8324.81,982,1000,29,3.5,0
17:06:22,8325.018,983,1000,29,3.5,0
17:06:23,8325.21,984,1000,29,3.5,0
17:06:23,8325.418,984,1000,29,3.5,0
17:06:23,8325.61,985,1000,29,3.5,0
17:06:23,8325.818,986,1000,29,3.5,0
17:06:23,8326.01,987,1000,29,3.5,0
17:06:24,8326.202,987,1000,30,3.5,0
17:06:24,8326.41,988,1000,30,3.5,0
17:06:24,8326.602,988,1000,30,3.5,0
17:06:24,8326.811,989,1000,30,3.5,0
17:06:24,8327.002,989,1000,30,3.5,0
17:06:25,8327.21,990,1000,30,3.5,0
17:06:25,8327.401,990,1000,30,3.5,0
17:06:25,8327.61,990,1000,30,3.5,0
17:06:25,8327.802,990,1000,30,3.5,0
17:06:25,8328.01,990,1000,30,3.5,0
17:06:26,8328.202,990,1000,30,3.5,0
17:06:26,8328.409,990,1000,30,3.5,0
17:06:26,8328.601,989,1000,30,3.5,0
17:06:26,8328.809,988,1000,30,3.5,0
17:06:26,8329.002,988,1000,30,3.6,0
17:06:27,8329.211,987,1000,30,3.6,0
17:06:27,8329.401,986,1000,30,3.6,0
17:06:27,8329.61,985,1000,30,3.6,0
17:06:27,8329.8,984,1000,31,3.6,0
17:06:27,8329.992,983,1000,31,3.6,0
17:06:28,8330.199,982,1000,31,3.6,0
17:06:28,8330.406,981,1000,31,3.6,0
17:06:28,8330.599,980,1000,31,3.6,0
17:06:28,8330.79,979,1000,31,3.6,0
17:06:28,8330.998,977,1000,31,3.6,0
17:06:29,8331.19,976,1000,31,3.6,0
17:06:29,8331.399,975,1000,31,3.6,0
17:06:29,8331.59,974,1000,31,3.6,0
17:06:29,8331.798,972,1000,32,3.6,0
17:06:29,8331.989,971,1000,32,3.6,0
17:06:30,8332.195,970,1000,32,3.7,0
17:06:30,8332.386,969,1000,32,3.7,0
17:06:30,8332.593,968,1000,32,3.7,0
17:06:30,8332.784,967,1000,32,3.7,0
17:06:30,8332.991,966,1000,33,3.7,0
17:06:31,8333.183,966,1000,33,3.7,0
17:06:31,8333.392,965,1000,33,3.7,0
17:06:31,8333.584,965,1000,33,3.7,0
17:06:31,8333.792,966,1000,33,3.7,0
17:06:31,8333.983,966,1000,33,3.7,0
17:06:32,8334.191,966,1000,34,3.7,0
17:06:32,8334.382,966,1000,34,3.7,0
17:06:32,8334.589,966,1000,34,3.7,0
17:06:32,8334.783,966,1000,34,3.7,0
17:06:32,8334.989,966,1000,34,3.8,0
17:06:33,8335.184,965,1000,34,3.8,0
17:06:33,8335.389,965,1000,35,3.8,0
17:06:33,8335.582,964,1000,35,3.8,0
17:06:33,8335.789,964,1000,35,3.8,0
17:06:33,8335.981,963,1000,35,3.8,0
17:06:34,8336.189,962,1000,35,3.8,0
17:06:34,8336.382,962,1000,35,3.8,0
17:06:34,8336.589,961,1000,36,3.8,0
17:06:34,8336.781,961,1000,36,3.8,0
17:06:34,8336.973,960,1000,36,3.8,0
17:06:35,8337.18,959,1000,36,3.8,0
17:06:35,8337.388,959,1000,36,3.9,0
17:06:35,8337.578,958,1000,37,3.9,0
17:06:35,8337.784,957,1000,37,3.9,0
17:06:35,8337.974,956,1000,37,3.9,0
17:06:36,8338.181,956,1000,37,3.9,0
17:06:36,8338.375,955,1000,38,3.9,0
17:06:36,8338.581,949,1000,38,3.9,0
17:06:36,8338.773,944,1000,38,3.9,0
17:06:36,8338.98,940,1000,38,4,0
17:06:37,8339.17,936,1000,39,4,0
17:06:37,8339.378,933,1000,39,4,0
17:06:37,8339.57,930,1000,39,4,0
17:06:37,8339.778,928,1000,40,4,0
17:06:37,8339.97,926,1000,40,4,0
17:06:38,8340.18,924,1000,40,4,0
17:06:38,8340.37,923,1000,41,4.1,0
17:06:38,8340.579,922,1000,41,4.1,0
17:06:38,8340.772,921,1000,42,4.1,0
17:06:38,8340.964,921,1000,42,4.1,0
17:06:39,8341.171,920,1000,42,4.1,0
17:06:39,8341.361,921,1000,43,4.1,0
17:06:39,8341.568,922,1000,43,4.1,0
17:06:39,8341.76,923,1000,44,4.1,0
17:06:39,8341.967,923,1000,44,4.1,0
17:06:40,8342.159,924,1000,44,4.2,0
17:06:40,8342.366,924,1000,45,4.2,0
17:06:40,8342.573,924,1000,45,4.2,0
17:06:40,8342.763,925,1000,45,4.2,0
17:06:40,8342.97,925,1000,46,4.2,0
17:06:41,8343.162,925,1000,46,4.2,0
17:06:41,8343.369,925,1000,47,4.2,0
17:06:41,8343.559,925,1000,47,4.2,0
17:06:41,8343.767,925,1000,47,4.3,0
17:06:41,8343.959,925,1000,48,4.3,0
17:06:42,8344.166,925,1000,48,4.3,0
17:06:42,8344.357,925,1000,48,4.3,0
17:06:42,8344.564,926,1000,49,4.3,0
17:06:42,8344.756,927,1000,49,4.3,0
17:06:42,8344.964,928,1000,50,4.3,0
17:06:42,8345.155,928,1000,50,4.4,0
17:06:43,8345.362,929,1000,50,4.4,0
17:06:43,8345.554,929,1000,51,4.4,0
17:06:43,8345.763,929,1000,51,4.4,0
17:06:43,8345.954,930,1000,51,4.4,0
17:06:44,8346.162,930,1000,52,4.4,0
17:06:44,8346.353,930,1000,52,4.4,0
17:06:44,8346.562,930,1000,52,4.5,0
17:06:44,8346.754,930,1000,53,4.5,0
17:06:44,8346.946,929,1000,53,4.5,0
17:06:44,8347.154,929,1000,53,4.5,0
17:06:45,8347.361,929,1000,54,4.5,0
17:06:45,8347.553,929,1000,54,4.5,0
17:06:45,8347.745,930,1000,54,4.5,0
17:06:45,8347.953,931,1000,55,4.5,0
17:06:45,8348.145,931,1000,55,4.6,0
17:06:46,8348.352,932,1000,55,4.6,0
17:06:46,8348.543,932,1000,56,4.6,0
17:06:46,8348.751,933,1000,56,4.6,0
17:06:46,8348.942,933,1000,56,4.6,0
17:06:46,8349.149,933,1000,57,4.6,0
17:06:47,8349.356,933,1000,57,4.6,0
17:06:47,8349.549,933,1000,57,4.7,0
17:06:47,8349.741,933,1000,58,4.7,0
17:06:47,8349.949,933,1000,58,4.7,0
17:06:47,8350.14,933,1000,58,4.7,0
17:06:48,8350.346,932,1000,59,4.7,0
17:06:48,8350.538,934,1000,59,4.7,0
17:06:48,8350.746,935,1000,59,4.7,0
17:06:48,8350.938,936,1000,60,4.7,0
17:06:48,8351.145,936,1000,60,4.8,0
17:06:49,8351.336,937,1000,60,4.8,0
17:06:49,8351.544,937,1000,61,4.8,0
17:06:49,8351.735,937,1000,61,4.8,0
17:06:49,8351.943,937,1000,61,4.8,0
17:06:49,8352.135,937,1000,62,4.8,0
17:06:50,8352.342,937,1000,62,4.8,0
17:06:50,8352.535,937,1000,62,4.8,0
17:06:50,8352.742,937,1000,63,4.9,0
17:06:50,8352.933,936,1000,63,4.9,0
17:06:50,8353.141,936,1000,63,4.9,0
17:06:51,8353.332,936,1000,64,4.9,0
17:06:51,8353.539,935,1000,64,4.9,0
17:06:51,8353.73,936,1000,64,4.9,0
17:06:51,8353.939,936,1000,65,4.9,0
17:06:51,8354.13,937,1000,65,4.9,0
17:06:52,8354.339,937,1000,65,5,0
17:06:52,8354.531,937,1000,65,5,0
17:06:52,8354.739,937,1000,66,5,0
17:06:52,8354.93,937,1000,66,5,0
17:06:52,8355.137,937,1000,66,5,0
17:06:53,8355.327,938,1000,67,5,0
17:06:53,8355.537,937,1000,67,5,0
17:06:53,8355.727,937,1000,67,5,0
17:06:53,8355.934,937,1000,68,5,0
17:06:53,8356.131,937,1000,68,5.1,0
17:06:54,8356.338,937,1000,68,5.1,0
17:06:54,8356.529,937,1000,69,5.1,0
17:06:54,8356.736,938,1000,69,5.1,0
17:06:54,8356.929,938,1000,69,5.1,0
17:06:54,8357.125,938,1000,69,5.1,0
17:06:55,8357.328,939,1000,70,5.1,0
17:06:55,8357.535,940,1000,70,5.1,0
17:06:55,8357.726,940,1000,70,5.2,0
17:06:55,8357.933,941,1000,71,5.2,0
17:06:55,8358.127,941,1000,71,5.2,0
17:06:56,8358.333,942,1000,71,5.2,0
17:06:56,8358.526,942,1000,72,5.2,0
17:06:56,8358.717,943,1000,72,5.2,0
17:06:56,8358.925,943,1000,72,5.2,0
17:06:56,8359.117,944,1000,72,5.2,0
17:06:57,8359.324,944,1000,73,5.2,0
17:06:57,8359.516,945,1000,73,5.2,0
17:06:57,8359.723,945,1000,73,5.3,0
17:06:57,8359.915,946,1000,73,5.3,0
17:06:57,8360.123,946,1000,74,5.3,0
17:06:58,8360.315,947,1000,74,5.3,0
17:06:58,8360.523,948,1000,74,5.3,0
17:06:58,8360.715,948,1000,75,5.3,0
17:06:58,8360.923,949,1000,75,5.3,0
17:06:58,8361.114,950,1000,75,5.3,0
17:06:59,8361.322,951,1000,75,5.3,0
17:06:59,8361.514,952,1000,75,5.3,0
17:06:59,8361.721,953,1000,76,5.3,0
17:06:59,8361.912,954,1000,76,5.3,0
17:06:59,8362.12,955,1000,76,5.4,0
17:07:00,8362.31,956,1000,76,5.4,0
17:07:00,8362.518,956,1000,77,5.4,0
17:07:00,8362.709,957,1000,77,5.4,0
17:07:00,8362.917,957,1000,77,5.4,0
17:07:00,8363.109,957,1000,77,5.4,0
17:07:01,8363.317,958,1000,77,5.4,0
17:07:01,8363.509,958,1000,78,5.4,0
17:07:01,8363.717,958,1000,78,5.5,0
17:07:01,8363.91,958,1000,78,5.5,0
17:07:01,8364.118,957,1000,78,5.5,0
17:07:02,8364.311,957,1000,79,5.5,0
17:07:02,8364.517,958,1000,79,5.5,0
17:07:02,8364.708,958,1000,79,5.6,0
17:07:02,8364.915,958,1000,79,5.6,0
17:07:02,8365.107,958,1000,79,5.6,0
17:07:03,8365.315,958,1000,80,5.6,0
17:07:03,8365.507,958,1000,80,5.7,0
17:07:03,8365.698,958,1000,80,5.7,0
17:07:03,8365.907,958,1000,80,5.7,0
17:07:03,8366.098,957,1000,80,5.7,0
17:07:04,8366.306,958,1000,81,5.7,0
17:07:04,8366.498,958,1000,81,5.8,0
17:07:04,8366.705,958,1000,81,5.8,0
17:07:04,8366.895,959,1000,81,5.8,0
17:07:04,8367.102,959,1000,81,5.8,0
17:07:05,8367.309,959,1000,82,5.9,0
17:07:05,8367.5,959,1000,82,5.9,0
17:07:05,8367.693,959,1000,82,5.9,0
17:07:05,8367.902,959,1000,82,5.9,0
17:07:05,8368.092,959,1000,82,5.9,0
17:07:06,8368.298,959,1000,83,6,0
17:07:06,8368.505,960,1000,83,6,0
17:07:06,8368.696,960,1000,83,6,0
17:07:06,8368.904,960,1000,83,6,0
17:07:06,8369.094,960,1000,83,6,0
17:07:07,8369.299,960,1000,84,6.1,0
17:07:07,8369.49,960,1000,84,6.1,0
17:07:07,8369.698,960,1000,84,6.1,0
17:07:07,8369.89,960,1000,84,6.1,0
17:07:07,8370.097,960,1000,84,6.2,0
17:07:08,8370.287,960,1000,85,6.2,0
17:07:08,8370.495,960,1000,85,6.2,0
17:07:08,8370.686,960,1000,85,6.2,0
17:07:08,8370.893,960,1000,85,6.2,0
17:07:08,8371.085,959,1000,85,6.3,0
17:07:09,8371.292,959,1000,86,6.3,0
17:07:09,8371.483,959,1000,86,6.3,0
17:07:09,8371.69,959,1000,86,6.3,0
17:07:09,8371.881,958,1000,86,6.4,0
17:07:09,8372.088,958,1000,86,6.4,0
17:07:10,8372.295,958,1000,87,6.4,0
17:07:10,8372.486,958,1000,87,6.4,0
17:07:10,8372.693,958,1000,87,6.5,0
17:07:10,8372.884,958,1000,87,6.5,0
17:07:10,8373.092,957,1000,87,6.5,0
17:07:11,8373.282,957,1000,88,6.6,0
17:07:11,8373.489,957,1000,88,6.7,0
17:07:11,8373.681,957,1000,88,6.7,0
17:07:11,8373.888,957,1000,88,6.8,0
17:07:11,8374.08,957,1000,89,6.9,0
17:07:12,8374.288,957,1000,89,7,0
17:07:12,8374.479,957,1000,89,7,0
17:07:12,8374.686,957,1000,89,7.1,0
17:07:12,8374.877,957,1000,89,7.2,0
17:07:12,8375.085,957,1000,90,7.3,0
17:07:13,8375.276,957,1000,90,7.3,0
17:07:13,8375.483,957,1000,90,7.4,0
17:07:13,8375.674,958,1000,90,7.5,0
17:07:13,8375.882,958,1000,90,7.6,0
17:07:13,8376.072,958,1000,91,7.6,0
17:07:14,8376.279,958,1000,91,7.7,0
17:07:14,8376.471,958,1000,91,7.8,0
17:07:14,8376.678,958,1000,91,7.8,0
17:07:14,8376.87,958,1000,91,7.9,0
17:07:14,8377.077,958,1000,92,8,0
17:07:15,8377.27,958,1000,92,8,0
17:07:15,8377.478,958,1000,92,8.1,0
17:07:15,8377.671,958,1000,92,8.2,0
17:07:15,8377.878,959,1000,92,8.3,0
17:07:15,8378.07,959,1000,93,8.3,0
17:07:16,8378.277,959,1000,93,8.4,0
17:07:16,8378.468,959,1000,93,8.5,0
17:07:16,8378.677,959,1000,93,8.5,0
17:07:16,8378.869,959,1000,93,8.6,0
17:07:16,8379.078,959,1000,94,8.7,0
17:07:17,8379.269,959,1000,94,8.7,0
17:07:17,8379.481,960,1000,94,8.8,0
17:07:17,8379.667,960,1000,94,8.9,0
17:07:17,8379.874,960,1000,94,8.9,0
17:07:17,8380.066,960,1000,95,9,0
17:07:18,8380.273,960,1000,95,9.1,0
17:07:18,8380.464,960,1000,95,9.2,0
17:07:18,8380.671,960,1000,95,9.2,0
17:07:18,8380.862,960,1000,95,9.3,0
17:07:18,8381.07,960,1000,96,9.4,0
17:07:19,8381.262,959,1000,96,9.4,0
17:07:19,8381.469,959,1000,96,9.5,0
17:07:19,8381.661,959,1000,96,9.6,0
17:07:19,8381.869,959,1000,96,9.7,0
17:07:19,8382.061,959,1000,97,9.7,0
17:07:20,8382.268,959,1000,97,9.8,0
17:07:20,8382.461,959,1000,97,9.9,0
17:07:20,8382.668,959,1000,97,9.9,0
17:07:20,8382.86,958,1000,98,10,10
17:07:20,8383.068,958,1000,98,10,10
17:07:21,8383.26,957,1000,98,10,10
17:07:21,8383.453,960,1000,98,10,10
17:07:21,8383.66,1025,1000,98,9,0
17:07:21,8383.852,1072,1000,98,8.1,0
17:07:21,8384.059,1110,1000,97,7.2,0
17:07:22,8384.251,1141,1000,96,6.5,0
17:07:22,8384.46,1101,1000,96,7,0
17:07:22,8384.653,1068,1000,96,7.4,0
17:07:22,8384.859,1043,1000,95,7.8,0
17:07:22,8385.052,1023,1000,95,8.1,0
17:07:23,8385.26,1007,1000,95,8.3,0
17:07:23,8385.452,995,1000,95,8.5,0
17:07:23,8385.659,985,1000,95,8.8,0
17:07:23,8385.851,977,1000,95,8.9,0
17:07:23,8386.058,970,1000,95,9.1,0
17:07:24,8386.251,965,1000,96,9.3,0
17:07:24,8386.457,960,1000,96,9.4,0
17:07:24,8386.648,957,1000,96,9.6,0
17:07:24,8386.856,954,1000,96,9.7,0
17:07:24,8387.047,952,1000,97,9.8,0
17:07:25,8387.254,950,1000,97,9.9,0
17:07:25,8387.445,949,1000,97,10,10
17:07:25,8387.651,947,1000,97,10,10
17:07:25,8387.842,946,1000,98,10,10
17:07:25,8388.048,968,1000,98,9.9,0
17:07:26,8388.255,1025,1000,98,8.9,0
17:07:26,8388.446,1071,1000,97,8,0
17:07:26,8388.652,1104,1000,97,7.2,0
17:07:26,8388.842,1125,1000,96,6.6,0
17:07:26,8389.05,1086,1000,96,7.2,0
17:07:27,8389.241,1055,1000,95,7.6,0
17:07:27,8389.447,1030,1000,95,8,0
17:07:27,8389.638,1011,1000,95,8.3,0
17:07:27,8389.847,996,1000,95,8.5,0
17:07:27,8390.05,984,1000,95,8.8,0
17:07:28,8390.241,975,1000,95,9,0
17:07:28,8390.449,967,1000,96,9.2,0
17:07:28,8390.64,961,1000,96,9.4,0
17:07:28,8390.848,956,1000,96,9.5,0
17:07:28,8391.039,952,1000,96,9.7,0
17:07:29,8391.246,950,1000,96,9.8,0
17:07:29,8391.44,948,1000,97,9.9,0
17:07:29,8391.645,946,1000,97,10,10
17:07:29,8391.836,944,1000,97,10,10
17:07:29,8392.043,943,1000,98,10,10
17:07:30,8392.235,943,1000,98,10,11
17:07:30,8392.443,1009,1000,98,9.2,0
17:07:30,8392.634,1056,1000,97,8.3,0
17:07:30,8392.841,1093,1000,97,7.5,0
17:07:30,8393.031,1073,1000,97,7.7,0
17:07:31,8393.239,1045,1000,96,8.1,0
17:07:31,8393.429,1023,1000,96,8.5,0
17:07:31,8393.637,1006,1000,96,8.8,0
17:07:31,8393.829,991,1000,96,9,0
17:07:31,8394.036,977,1000,96,9.3,0
17:07:32,8394.229,964,1000,97,9.6,0
17:07:32,8394.437,951,1000,97,9.9,0
17:07:32,8394.628,936,1000,97,10,10
17:07:32,8394.838,905,1000,98,10,12
17:07:32,8395.028,892,1000,98,10,13
17:07:33,8395.236,926,1000,99,10,12
17:07:33,8395.427,952,1000,99,10,11
17:07:33,8395.634,968,1000,99,10,10
17:07:33,8395.826,981,1000,99,10,10
17:07:33,8396.033,983,1000,99,10,10
17:07:34,8396.225,980,1000,99,10,10
17:07:34,8396.433,938,1000,100,10,12
17:07:34,8396.624,907,1000,100,10,14
17:07:34,8396.832,907,1000,100,10,15
17:07:34,8397.024,940,1000,101,10,13
17:07:35,8397.23,969,1000,101,10,12
17:07:35,8397.42,996,1000,101,10,11
17:07:35,8397.628,1009,1000,101,10,10
17:07:35,8397.819,1012,1000,101,10,10
17:07:35,8398.027,1014,1000,101,10,10
17:07:36,8398.219,1010,1000,101,10,10
17:07:36,8398.426,1008,1000,101,10,10
17:07:36,8398.617,1006,1000,101,10,10
17:07:36,8398.826,1003,1000,101,10,10
17:07:36,8399.017,999,1000,101,10,10
17:07:37,8399.227,994,1000,101,10,11
17:07:37,8399.418,987,1000,101,10,11
17:07:37,8399.621,989,1000,101,10,11
17:07:37,8399.813,991,1000,101,10,11
17:07:37,8400.02,994,1000,101,10,11
17:07:38,8400.215,999,1000,101,10,11
17:07:38,8400.419,998,1000,101,10,11
17:07:38,8400.615,999,1000,101,10,11
17:07:38,8400.819,1000,1000,101,10,11
17:07:38,8401.01,1000,1000,101,10,11
17:07:39,8401.218,997,1000,101,10,11
17:07:39,8401.409,999,1000,101,10,11
17:07:39,8401.617,1000,1000,101,10,11
17:07:39,8401.809,998,1000,101,10,11
17:07:39,8402.018,995,1000,101,10,11
17:07:40,8402.208,997,1000,101,10,11
17:07:40,8402.416,998,1000,101,10,11
17:07:40,8402.608,997,1000,101,10,11
17:07:40,8402.815,998,1000,101,10,11
17:07:40,8403.005,998,1000,101,10,11
17:07:41,8403.212,999,1000,101,10,11
17:07:41,8403.403,996,1000,101,10,11
17:07:41,8403.611,998,1000,101,10,11
17:07:41,8403.802,998,1000,101,10,11
17:07:41,8404.01,998,1000,101,10,11
17:07:42,8404.202,995,1000,101,10,11
17:07:42,8404.412,997,1000,101,10,11
17:07:42,8404.601,997,1000,101,10,11
17:07:42,8404.811,997,1000,101,10,11
17:07:42,8405.001,997,1000,101,10,11
17:07:43,8405.21,997,1000,101,10,11
17:07:43,8405.402,998,1000,101,10,11
17:07:43,8405.595,995,1000,101,10,11
17:07:43,8405.803,996,1000,101,10,11
17:07:43,8405.995,997,1000,101,10,11
17:07:44,8406.203,995,1000,101,10,11
17:07:44,8406.395,996,1000,101,10,11
17:07:44,8406.604,997,1000,101,10,11
17:07:44,8406.796,998,1000,101,10,11
17:07:44,8407.004,995,1000,101,10,11
17:07:45,8407.196,996,1000,101,10,11
17:07:45,8407.406,996,1000,101,10,11
17:07:45,8407.598,995,1000,101,10,11
17:07:45,8407.806,996,1000,101,10,11
17:07:45,8407.997,997,1000,101,10,11
17:07:46,8408.189,997,1000,101,10,11
17:07:46,8408.396,994,1000,101,10,11
17:07:46,8408.588,995,1000,101,10,11
17:07:46,8408.794,996,1000,101,10,11
17:07:46,8409.001,994,1000,101,10,11
17:07:47,8409.192,995,1000,101,10,11
17:07:47,8409.4,996,1000,101,10,11
17:07:47,8409.591,994,1000,101,10,11
17:07:47,8409.798,995,1000,101,10,11
17:07:47,8409.99,996,1000,101,10,11
17:07:48,8410.198,996,1000,101,10,11
17:07:48,8410.389,995,1000,101,10,11
17:07:48,8410.597,996,1000,101,10,11
17:07:48,8410.788,996,1000,101,10,11
17:07:48,8410.995,994,1000,101,10,11
17:07:49,8411.188,995,1000,101,10,11
17:07:49,8411.38,996,1000,101,10,11
17:07:49,8411.588,997,1000,101,10,11
17:07:49,8411.78,994,1000,101,10,11
17:07:49,8411.987,995,1000,101,10,11
17:07:50,8412.178,998,1000,101,10,11
17:07:50,8412.385,994,1000,101,10,11
17:07:50,8412.577,996,1000,101,10,11
17:07:50,8412.785,999,1000,101,10,11
17:07:50,8412.976,999,1000,101,10,11
17:07:51,8413.183,996,1000,101,10,11
17:07:51,8413.375,997,1000,101,10,11
17:07:51,8413.582,997,1000,101,10,11
17:07:51,8413.789,994,1000,101,10,11
17:07:51,8413.981,996,1000,101,10,11
17:07:52,8414.189,999,1000,101,10,11
17:07:52,8414.381,999,1000,101,10,11
17:07:52,8414.588,996,1000,101,10,11
17:07:52,8414.779,997,1000,101,10,11
17:07:52,8414.986,998,1000,101,10,11
17:07:53,8415.178,997,1000,101,10,11
17:07:53,8415.385,997,1000,101,10,11
17:07:53,8415.576,998,1000,101,10,11
17:07:53,8415.784,999,1000,101,10,11
17:07:53,8415.975,996,1000,101,10,11
17:07:54,8416.183,995,1000,101,10,11
17:07:54,8416.374,997,1000,101,10,11
17:07:54,8416.581,999,1000,101,10,11
17:07:54,8416.773,996,1000,101,10,11
17:07:54,8416.98,998,1000,101,10,11
17:07:55,8417.172,1000,1000,101,10,11
17:07:55,8417.38,1001,1000,101,10,11
17:07:55,8417.573,998,1000,101,10,11
17:07:55,8417.765,1000,1000,101,10,11
17:07:55,8417.974,1001,1000,101,10,11
17:07:56,8418.166,1003,1000,101,10,11
17:07:56,8418.374,1002,1000,101,10,11
17:07:56,8418.566,1000,1000,101,10,11
17:07:56,8418.775,1002,1000,101,10,11
17:07:56,8418.967,1003,1000,101,10,11
17:07:57,8419.173,1004,1000,101,10,11
17:07:57,8419.363,1002,1000,101,10,11
17:07:57,8419.57,1003,1000,101,10,11
17:07:57,8419.761,1004,1000,101,10,11
17:07:57,8419.968,1005,1000,101,10,11
17:07:58,8420.163,1006,1000,101,10,10
17:07:58,8420.368,1003,1000,101,10,11
17:07:58,8420.572,1005,1000,101,10,11
17:07:58,8420.763,1006,1000,101,10,10
17:07:58,8420.972,1006,1000,101,10,10
17:07:59,8421.161,1004,1000,101,10,11
17:07:59,8421.367,1002,1000,101,10,11
17:07:59,8421.557,1004,1000,101,10,11
17:07:59,8421.763,1006,1000,101,10,10
17:07:59,8421.958,1003,1000,101,10,11
17:08:00,8422.163,1004,1000,101,10,11
17:08:00,8422.369,1006,1000,101,10,10
17:08:00,8422.56,1003,1000,101,10,11
17:08:00,8422.759,1005,1000,101,10,10
17:08:00,8422.959,1006,1000,101,10,10
17:08:01,8423.164,1005,1000,101,10,10
17:08:01,8423.356,1002,1000,101,10,11
17:08:01,8423.563,1001,1000,101,10,11
17:08:01,8423.756,1002,1000,101,10,11
17:08:01,8423.963,1004,1000,101,10,11
17:08:01,8424.155,1003,1000,101,10,11
17:08:02,8424.361,1005,1000,101,10,10
17:08:02,8424.554,1002,1000,101,10,11
17:08:02,8424.762,1003,1000,101,10,11
17:08:02,8424.953,1003,1000,101,10,11
17:08:02,8425.151,1005,1000,101,10,10
17:08:03,8425.353,1004,1000,101,10,11
17:08:03,8425.545,1005,1000,101,10,10
17:08:03,8425.753,1005,1000,101,10,10
17:08:03,8425.946,1003,1000,101,10,10
17:08:03,8426.154,1002,1000,101,10,10
17:08:04,8426.344,1003,1000,101,10,10
17:08:04,8426.553,1003,1000,101,10,10
17:08:04,8426.745,1001,1000,101,10,10
17:08:04,8426.954,998,1000,101,10,10
17:08:04,8427.145,999,1000,101,10,10
17:08:05,8427.353,1000,1000,101,10,10
17:08:05,8427.546,1000,1000,101,10,10
17:08:05,8427.753,998,1000,101,10,10
17:08:05,8427.944,999,1000,101,10,10
17:08:05,8428.152,999,1000,101,10,10
17:08:06,8428.343,996,1000,101,10,10
17:08:06,8428.55,995,1000,101,10,10
17:08:06,8428.741,996,1000,101,10,10
17:08:06,8428.947,994,1000,101,10,11
17:08:06,8429.138,992,1000,101,10,11
17:08:07,8429.345,996,1000,101,10,11
17:08:07,8429.537,998,1000,101,10,11
17:08:07,8429.742,1000,1000,101,10,11
17:08:07,8429.933,998,1000,101,10,11
17:08:07,8430.139,1000,1000,101,10,11
17:08:08,8430.346,1001,1000,101,10,11
17:08:08,8430.537,1002,1000,101,10,11
17:08:08,8430.746,999,1000,101,10,11
17:08:08,8430.938,998,1000,101,10,11
17:08:08,8431.145,1000,1000,101,10,11
17:08:09,8431.336,1000,1000,101,10,11
17:08:09,8431.544,998,1000,101,10,11
17:08:09,8431.736,999,1000,101,10,11
17:08:09,8431.944,1000,1000,101,10,11
17:08:09,8432.136,1001,1000,101,10,11
17:08:10,8432.327,998,1000,101,10,11
17:08:10,8432.534,998,1000,101,10,11
17:08:10,8432.74,999,1000,101,10,11
17:08:10,8432.929,999,1000,101,10,11
17:08:10,8433.136,996,1000,101,10,11
17:08:11,8433.326,997,1000,101,10,11
17:08:11,8433.533,998,1000,101,10,11
17:08:11,8433.725,999,1000,101,10,11
17:08:11,8433.932,997,1000,101,10,11
17:08:11,8434.125,997,1000,101,10,11
17:08:12,8434.333,998,1000,101,10,11
17:08:12,8434.524,995,1000,101,10,11
17:08:12,8434.731,996,1000,101,10,11
17:08:12,8434.923,997,1000,101,10,11
17:08:12,8435.132,996,1000,101,10,11
17:08:13,8435.323,994,1000,101,10,11
17:08:13,8435.53,995,1000,101,10,11
17:08:13,8435.72,996,1000,101,10,11
17:08:13,8435.927,995,1000,101,10,11
17:08:13,8436.118,997,1000,101,10,11
17:08:14,8436.325,997,1000,101,10,11
17:08:14,8436.516,998,1000,101,10,11
17:08:14,8436.724,994,1000,101,10,11
17:08:14,8436.915,996,1000,101,10,11
17:08:14,8437.124,997,1000,101,10,11
17:08:15,8437.314,994,1000,101,10,11
17:08:15,8437.522,995,1000,101,10,11
17:08:15,8437.713,996,1000,101,10,11
17:08:15,8437.921,995,1000,101,10,11
17:08:15,8438.114,996,1000,101,10,11
17:08:16,8438.321,997,1000,101,10,11
17:08:16,8438.513,997,1000,101,10,11
17:08:16,8438.721,994,1000,101,10,11
17:08:16,8438.912,995,1000,101,10,11
17:08:16,8439.119,996,1000,101,10,11
17:08:17,8439.31,994,1000,101,10,11
17:08:17,8439.516,995,1000,101,10,11
17:08:17,8439.714,996,1000,101,10,11
17:08:17,8439.916,996,1000,101,10,11
17:08:17,8440.107,994,1000,101,10,11
17:08:18,8440.315,993,1000,101,10,11
17:08:18,8440.521,992,1000,101,10,11
17:08:18,8440.712,993,1000,101,10,11
17:08:18,8440.918,994,1000,101,10,11
17:08:18,8441.109,993,1000,101,10,11
17:08:19,8441.317,992,1000,101,10,11
17:08:19,8441.507,991,1000,101,10,11
17:08:19,8441.714,986,1000,101,10,12
17:08:19,8441.905,986,1000,101,10,12
17:08:19,8442.112,982,1000,101,10,12
17:08:20,8442.304,983,1000,101,10,12
17:08:20,8442.512,984,1000,101,10,12
17:08:20,8442.704,982,1000,102,10,12
17:08:20,8442.912,982,1000,102,10,12
17:08:20,8443.103,979,1000,102,10,12
17:08:21,8443.31,981,1000,102,10,12
17:08:21,8443.502,982,1000,102,10,12
17:08:21,8443.71,981,1000,102,10,13
17:08:21,8443.902,982,1000,102,10,13
17:08:21,8444.11,978,1000,102,10,13
17:08:22,8444.301,976,1000,102,10,13
17:08:22,8444.51,972,1000,102,10,13
17:08:22,8444.699,969,1000,103,10,14
17:08:22,8444.907,972,1000,103,10,14
17:08:22,8445.1,974,1000,103,10,14
17:08:23,8445.307,977,1000,103,10,14
17:08:23,8445.499,978,1000,103,10,14
17:08:23,8445.705,975,1000,103,10,14
17:08:23,8445.897,976,1000,103,10,14
17:08:23,8446.104,973,1000,103,10,14
17:08:24,8446.296,971,1000,104,10,14
17:08:24,8446.501,974,1000,104,10,14
17:08:24,8446.689,974,1000,104,10,15
17:08:24,8446.895,977,1000,104,10,15
17:08:24,8447.087,972,1000,104,10,15
17:08:25,8447.294,970,1000,104,10,15
17:08:25,8447.502,972,1000,104,10,15
17:08:25,8447.694,969,1000,105,10,15
17:08:25,8447.885,968,1000,105,10,16
17:08:25,8448.093,972,1000,105,10,16
17:08:26,8448.285,972,1000,105,10,16
17:08:26,8448.492,977,1000,105,10,16
17:08:26,8448.684,980,1000,105,10,15
17:08:26,8448.89,981,1000,105,10,16
17:08:26,8449.083,982,1000,105,10,16
17:08:27,8449.29,978,1000,105,10,16
17:08:27,8449.482,979,1000,106,10,16
17:08:27,8449.689,978,1000,106,10,16
17:08:27,8449.896,980,1000,106,10,16
17:08:27,8450.087,976,1000,106,10,16
17:08:28,8450.294,973,1000,106,10,17
17:08:28,8450.484,976,1000,106,10,17
17:08:28,8450.692,979,1000,106,10,16
17:08:28,8450.883,982,1000,106,10,16
17:08:28,8451.091,978,1000,106,10,17
17:08:29,8451.283,981,1000,106,10,17
17:08:29,8451.491,984,1000,107,10,17
17:08:29,8451.683,980,1000,107,10,17
17:08:29,8451.89,978,1000,107,10,17
17:08:29,8452.083,974,1000,107,10,17
17:08:30,8452.29,977,1000,107,10,17
17:08:30,8452.484,977,1000,107,10,17
17:08:30,8452.688,977,1000,107,10,18
17:08:30,8452.879,980,1000,107,10,17
17:08:30,8453.086,983,1000,107,10,17
17:08:31,8453.277,984,1000,108,10,17
17:08:31,8453.489,984,1000,108,10,17
17:08:31,8453.675,982,1000,108,10,18
17:08:31,8453.882,982,1000,108,10,18
17:08:31,8454.073,981,1000,108,10,18
17:08:32,8454.28,980,1000,108,10,18
17:08:32,8454.472,984,1000,108,10,18
17:08:32,8454.679,982,1000,108,10,18
17:08:32,8454.869,982,1000,108,10,18
17:08:32,8455.076,987,1000,108,10,18
17:08:33,8455.274,991,1000,108,10,18
17:08:33,8455.476,990,1000,108,10,18
17:08:33,8455.668,991,1000,108,10,18
17:08:33,8455.874,990,1000,108,10,18
17:08:33,8456.065,986,1000,109,10,18
17:08:34,8456.271,990,1000,109,10,18
17:08:34,8456.478,992,1000,109,10,18
17:08:34,8456.669,991,1000,109,10,18
17:08:34,8456.875,993,1000,109,10,18
17:08:34,8457.067,995,1000,109,10,18
17:08:35,8457.275,995,1000,109,10,18
17:08:35,8457.466,993,1000,109,10,18
17:08:35,8457.675,992,1000,109,10,18
17:08:35,8457.867,988,1000,109,10,18
17:08:35,8458.074,991,1000,109,10,18
17:08:36,8458.265,992,1000,109,10,18
17:08:36,8458.474,993,1000,109,10,18
17:08:36,8458.666,994,1000,109,10,18
17:08:36,8458.858,995,1000,109,10,18
17:08:36,8459.065,995,1000,109,10,18
17:08:37,8459.257,994,1000,109,10,18
17:08:37,8459.465,996,1000,109,10,18
17:08:37,8459.657,997,1000,109,10,18
17:08:37,8459.865,992,1000,109,10,18
17:08:37,8460.056,993,1000,109,10,18
17:08:38,8460.264,997,1000,109,10,18
17:08:38,8460.455,992,1000,109,10,18
17:08:38,8460.663,991,1000,109,10,19
17:08:38,8460.855,996,1000,109,10,18
17:08:38,8461.061,995,1000,109,10,18
17:08:39,8461.253,996,1000,109,10,18
17:08:39,8461.46,997,1000,109,10,18
17:08:39,8461.652,998,1000,109,10,18
17:08:39,8461.86,994,1000,109,10,18
17:08:39,8462.051,997,1000,109,10,18
17:08:40,8462.257,999,1000,109,10,18
17:08:40,8462.45,994,1000,109,10,18
17:08:40,8462.656,997,1000,109,10,18
17:08:40,8462.863,999,1000,109,10,18
17:08:40,8463.054,997,1000,109,10,18
17:08:41,8463.259,998,1000,109,10,18
17:08:41,8463.448,998,1000,109,10,18
17:08:41,8463.655,997,1000,109,10,18
17:08:41,8463.847,996,1000,109,10,18
17:08:41,8464.055,997,1000,109,10,18
17:08:42,8464.246,996,1000,109,10,18
17:08:42,8464.453,994,1000,109,10,18
17:08:42,8464.645,995,1000,109,10,18
17:08:42,8464.852,999,1000,109,10,18
17:08:42,8465.045,998,1000,109,10,18
17:08:43,8465.252,997,1000,109,10,18
17:08:43,8465.444,997,1000,109,10,18
17:08:43,8465.652,998,1000,109,10,18
17:08:43,8465.843,994,1000,109,10,18
17:08:43,8466.05,998,1000,109,10,18
17:08:44,8466.241,1001,1000,109,10,18
17:08:44,8466.449,999,1000,109,10,18
17:08:44,8466.64,1000,1000,109,10,18
17:08:44,8466.848,1000,1000,109,10,18
17:08:44,8467.04,1000,1000,109,10,18
17:08:45,8467.247,996,1000,109,10,18
17:08:45,8467.441,997,1000,109,10,18
17:08:45,8467.646,998,1000,109,10,18
17:08:45,8467.842,993,1000,109,10,19
17:08:45,8468.045,996,1000,109,10,18
17:08:46,8468.236,997,1000,109,10,18
17:08:46,8468.443,996,1000,109,10,18
17:08:46,8468.634,997,1000,109,10,18
17:08:46,8468.841,998,1000,109,10,18
17:08:46,8469.032,995,1000,109,10,18
17:08:47,8469.24,996,1000,109,10,18
17:08:47,8469.445,996,1000,109,10,18
17:08:47,8469.636,994,1000,109,10,19
17:08:47,8469.842,996,1000,109,10,18
17:08:47,8470.032,999,1000,109,10,18
17:08:48,8470.238,1000,1000,109,10,18
17:08:48,8470.43,994,1000,109,10,19
17:08:48,8470.638,996,1000,109,10,18
17:08:48,8470.829,998,1000,109,10,18
17:08:48,8471.038,997,1000,109,10,18
17:08:49,8471.229,998,1000,109,10,18
17:08:49,8471.436,999,1000,109,10,18
17:08:49,8471.627,1000,1000,109,10,18
17:08:49,8471.834,995,1000,109,10,18
17:08:49,8472.027,996,1000,109,10,18
17:08:50,8472.235,997,1000,109,10,18
17:08:50,8472.426,997,1000,109,10,18
17:08:50,8472.634,995,1000,109,10,18
17:08:50,8472.826,996,1000,109,10,18
17:08:50,8473.034,997,1000,109,10,18
17:08:51,8473.231,992,1000,109,10,19
17:08:51,8473.434,994,1000,109,10,19
17:08:51,8473.624,995,1000,109,10,18
17:08:51,8473.834,991,1000,109,10,19
17:08:51,8474.024,993,1000,109,10,19
17:08:52,8474.232,997,1000,109,10,18
17:08:52,8474.423,992,1000,109,10,19
17:08:52,8474.63,995,1000,109,10,18
17:08:52,8474.823,998,1000,109,10,18
17:08:52,8475.032,995,1000,109,10,18
17:08:53,8475.222,995,1000,109,10,18
17:08:53,8475.43,995,1000,109,10,18
17:08:53,8475.621,991,1000,110,10,19
17:08:53,8475.829,994,1000,110,10,19
17:08:53,8476.021,997,1000,110,10,19
17:08:54,8476.227,998,1000,110,10,19
17:08:54,8476.419,992,1000,110,10,19
17:08:54,8476.627,994,1000,110,10,19
17:08:54,8476.819,997,1000,110,10,19
17:08:54,8477.027,998,1000,110,10,19
17:08:55,8477.219,994,1000,110,10,19
17:08:55,8477.426,997,1000,110,10,19
17:08:55,8477.618,999,1000,110,10,19
17:08:55,8477.825,995,1000,110,10,19
17:08:55,8478.017,997,1000,110,10,19
17:08:56,8478.224,999,1000,110,10,19
17:08:56,8478.415,999,1000,110,10,19
17:08:56,8478.623,996,1000,110,10,19
17:08:56,8478.816,998,1000,110,10,19
17:08:56,8479.008,999,1000,110,10,19
17:08:57,8479.215,994,1000,110,10,19
17:08:57,8479.406,995,1000,110,10,19
17:08:57,8479.613,998,1000,110,10,19
17:08:57,8479.805,1000,1000,110,10,19
17:08:57,8480.013,998,1000,110,10,19
17:08:58,8480.204,999,1000,110,10,19
17:08:58,8480.41,1001,1000,110,10,19
17:08:58,8480.618,1002,1000,110,10,19
17:08:58,8480.809,996,1000,110,10,19
17:08:58,8481.018,997,1000,110,10,19
17:08:59,8481.209,998,1000,110,10,19
17:08:59,8481.403,996,1000,110,10,19
17:08:59,8481.61,992,1000,110,10,19
17:08:59,8481.801,995,1000,110,10,19
17:08:59,8482.008,997,1000,110,10,19
17:09:00,8482.2,997,1000,110,10,19
17:09:00,8482.408,997,1000,110,10,19
17:09:00,8482.6,998,1000,110,10,19
17:09:00,8482.807,1000,1000,110,10,19
17:09:00,8482.999,995,1000,110,10,19
17:09:01,8483.206,994,1000,110,10,19
17:09:01,8483.396,997,1000,110,10,19
17:09:01,8483.604,999,1000,110,10,19
17:09:01,8483.797,998,1000,110,10,19
17:09:01,8484.005,999,1000,110,10,19
17:09:02,8484.197,1001,1000,110,10,19
17:09:02,8484.405,1003,1000,110,10,19
17:09:02,8484.598,1001,1000,110,10,19
17:09:02,8484.807,1002,1000,110,10,19
17:09:02,8484.996,1003,1000,110,10,19
17:09:03,8485.205,1005,1000,110,10,18
17:09:03,8485.396,1002,1000,110,10,19
17:09:03,8485.604,995,1000,110,10,19
17:09:03,8485.792,996,1000,110,10,19
17:09:03,8485.998,998,1000,110,10,19
17:09:04,8486.192,995,1000,110,10,19
17:09:04,8486.396,997,1000,110,10,19
17:09:04,8486.603,999,1000,110,10,19
17:09:04,8486.796,1001,1000,110,10,19
17:09:04,8486.999,998,1000,110,10,19
17:09:05,8487.189,997,1000,110,10,19
17:09:05,8487.396,1001,1000,110,10,19
17:09:05,8487.591,997,1000,110,10,19
17:09:05,8487.794,997,1000,110,10,19
17:09:05,8487.998,1000,1000,110,10,19
17:09:06,8488.201,1003,1000,110,10,19
17:09:06,8488.391,1006,1000,110,10,18
17:09:06,8488.582,1004,1000,110,10,19
17:09:06,8488.79,1005,1000,110,10,18
17:09:06,8488.981,1006,1000,110,10,18
17:09:07,8489.189,1007,1000,110,10,18
17:09:07,8489.395,1001,1000,110,10,19
17:09:07,8489.586,1003,1000,110,10,19
17:09:07,8489.794,1005,1000,110,10,18
17:09:07,8489.985,1001,1000,110,10,19
17:09:08,8490.192,1001,1000,110,10,19
17:09:08,8490.383,1003,1000,110,10,19
17:09:08,8490.589,1000,1000,110,10,19
17:09:08,8490.784,1003,1000,110,10,19
17:09:08,8490.988,999,1000,110,10,19
17:09:09,8491.18,1002,1000,110,10,19
17:09:09,8491.388,999,1000,110,10,19
17:09:09,8491.58,1002,1000,110,10,19
17:09:09,8491.789,1004,1000,110,10,19
17:09:09,8491.98,1006,1000,110,10,18
17:09:10,8492.187,1007,1000,109,10,18
17:09:10,8492.379,1002,1000,109,10,18
17:09:10,8492.586,1003,1000,109,10,18
17:09:10,8492.777,999,1000,109,10,18
17:09:10,8492.984,998,1000,109,10,18
17:09:11,8493.177,1001,1000,109,10,18
17:09:11,8493.382,1003,1000,109,10,18
17:09:11,8493.573,1004,1000,109,10,18
17:09:11,8493.78,1000,1000,109,10,18
17:09:11,8493.972,1002,1000,109,10,18
17:09:12,8494.179,1003,1000,109,10,18
17:09:12,8494.37,1004,1000,109,10,18
17:09:12,8494.576,1003,1000,109,10,18
17:09:12,8494.767,1001,1000,109,10,18
17:09:12,8494.975,1001,1000,109,10,18
17:09:13,8495.182,1000,1000,109,10,18
17:09:13,8495.373,994,1000,110,10,19
17:09:13,8495.565,996,1000,110,10,19
17:09:13,8495.773,998,1000,110,10,19
17:09:13,8495.98,993,1000,110,10,19
17:09:14,8496.171,997,1000,110,10,19
17:09:14,8496.363,1000,1000,110,10,19
17:09:14,8496.571,997,1000,110,10,19
17:09:14,8496.763,996,1000,110,10,19
17:09:14,8496.97,995,1000,110,10,19
17:09:15,8497.161,993,1000,110,10,19
17:09:15,8497.368,988,1000,110,10,19
17:09:15,8497.561,981,1000,110,10,20
17:09:15,8497.769,981,1000,110,10,20
17:09:15,8497.961,977,1000,110,10,20
17:09:16,8498.169,975,1000,110,10,20
17:09:16,8498.359,978,1000,110,10,20
17:09:16,8498.567,977,1000,110,10,20
17:09:16,8498.757,977,1000,110,10,20
17:09:16,8498.965,971,1000,111,10,21
17:09:16,8499.157,969,1000,111,10,21
17:09:17,8499.363,968,1000,111,10,21
17:09:17,8499.571,970,1000,111,10,21
17:09:17,8499.761,973,1000,111,10,21
17:09:17,8499.968,969,1000,111,10,21
17:09:18,8500.16,970,1000,111,10,22
17:09:18,8500.367,975,1000,112,10,21
17:09:18,8500.56,975,1000,112,10,22
17:09:18,8500.752,979,1000,112,10,21
17:09:18,8500.959,982,1000,112,10,21
17:09:18,8501.156,978,1000,112,10,22
17:09:19,8501.358,981,1000,112,10,22
17:09:19,8501.55,982,1000,112,10,22
17:09:19,8501.759,986,1000,112,10,22
17:09:19,8501.95,988,1000,112,10,22
17:09:19,8502.156,988,1000,112,10,22
17:09:20,8502.363,989,1000,112,10,22
17:09:20,8502.554,991,1000,112,10,22
17:09:20,8502.762,989,1000,112,10,22
17:09:20,8502.955,991,1000,113,10,22
17:09:20,8503.155,994,1000,113,10,21
17:09:21,8503.355,992,1000,113,10,22
17:09:21,8503.547,993,1000,113,10,22
17:09:21,8503.755,993,1000,113,10,22
17:09:21,8503.946,987,1000,113,10,22
17:09:21,8504.154,991,1000,113,10,22
17:09:22,8504.345,993,1000,113,10,22
17:09:22,8504.553,991,1000,113,10,22
17:09:22,8504.745,993,1000,113,10,22
17:09:22,8504.953,995,1000,113,10,22
17:09:22,8505.15,995,1000,113,10,22
17:09:23,8505.352,994,1000,113,10,22
17:09:23,8505.544,995,1000,113,10,22
17:09:23,8505.752,994,1000,113,10,22
17:09:23,8505.944,995,1000,113,10,22
17:09:23,8506.152,997,1000,113,10,22
17:09:24,8506.343,996,1000,113,10,22
17:09:24,8506.552,994,1000,113,10,22
17:09:24,8506.744,995,1000,113,10,22
17:09:24,8506.951,995,1000,113,10,22
17:09:24,8507.143,994,1000,113,10,22
17:09:25,8507.343,995,1000,113,10,22
17:09:25,8507.548,995,1000,113,10,22
17:09:25,8507.74,990,1000,113,10,22
17:09:25,8507.949,992,1000,113,10,22
17:09:25,8508.141,995,1000,113,10,22
17:09:26,8508.348,995,1000,113,10,22
17:09:26,8508.541,995,1000,113,10,22
17:09:26,8508.733,995,1000,113,10,22
17:09:26,8508.941,990,1000,113,10,22
17:09:26,8509.133,989,1000,113,10,22
17:09:27,8509.34,979,1000,113,10,23
17:09:27,8509.53,971,1000,113,10,23
17:09:27,8509.739,973,1000,114,10,23
17:09:27,8509.93,970,1000,114,10,24
17:09:27,8510.138,968,1000,114,10,24
17:09:28,8510.329,976,1000,114,10,24
17:09:28,8510.536,978,1000,114,10,24
17:09:28,8510.727,976,1000,114,10,24
17:09:28,8510.934,984,1000,114,10,23
17:09:28,8511.125,987,1000,114,10,23
17:09:29,8511.333,989,1000,114,10,23
17:09:29,8511.54,995,1000,114,10,23
17:09:29,8511.731,996,1000,114,10,23
17:09:29,8511.938,998,1000,114,10,23
17:09:29,8512.13,1000,1000,114,10,23
17:09:30,8512.337,998,1000,114,10,23
17:09:30,8512.529,1001,1000,114,10,23
17:09:30,8512.737,997,1000,114,10,23
17:09:30,8512.927,1000,1000,114,10,23
17:09:30,8513.135,997,1000,114,10,23
17:09:31,8513.328,1002,1000,114,10,23
17:09:31,8513.534,1006,1000,114,10,23
17:09:31,8513.726,1005,1000,114,10,23
17:09:31,8513.933,1007,1000,114,10,22
17:09:31,8514.125,1007,1000,114,10,22
17:09:32,8514.332,1001,1000,114,10,23
17:09:32,8514.523,1004,1000,114,10,23
17:09:32,8514.73,1000,1000,114,10,23
17:09:32,8514.921,1005,1000,114,10,22
17:09:32,8515.129,1000,1000,114,10,23
17:09:33,8515.321,1003,1000,114,10,23
17:09:33,8515.527,1005,1000,114,10,22
17:09:33,8515.719,998,1000,114,10,23
17:09:33,8515.927,999,1000,114,10,23
17:09:33,8516.119,1003,1000,114,10,23
17:09:34,8516.328,1001,1000,114,10,23
17:09:34,8516.518,1006,1000,114,10,22
17:09:34,8516.725,1013,1000,114,10,22
17:09:34,8516.917,1013,1000,114,10,22
17:09:34,8517.126,1013,1000,114,10,22
17:09:35,8517.317,1017,1000,114,10,22
17:09:35,8517.524,1017,1000,114,10,22
17:09:35,8517.715,1017,1000,114,10,21
17:09:35,8517.922,1011,1000,114,10,22
17:09:35,8518.115,1007,1000,114,10,22
17:09:36,8518.322,1010,1000,114,10,22
17:09:36,8518.514,1010,1000,113,10,22
17:09:36,8518.722,1012,1000,113,10,21
17:09:36,8518.913,1009,1000,113,10,22
17:09:36,8519.121,1010,1000,113,10,21
17:09:37,8519.312,1011,1000,113,10,21
17:09:37,8519.519,1010,1000,113,10,21
17:09:37,8519.712,1011,1000,113,10,21
17:09:37,8519.904,1005,1000,113,10,22
17:09:37,8520.111,1007,1000,113,10,21
17:09:38,8520.302,1007,1000,113,10,21
17:09:38,8520.511,1009,1000,113,10,21
17:09:38,8520.701,1004,1000,113,10,22
17:09:38,8520.909,1006,1000,113,10,21
17:09:38,8521.1,1009,1000,113,10,21
17:09:39,8521.308,1009,1000,113,10,21
17:09:39,8521.5,1009,1000,113,10,21
17:09:39,8521.706,1009,1000,113,10,21
17:09:39,8521.898,1007,1000,113,10,21
17:09:39,8522.104,1001,1000,113,10,21
17:09:40,8522.298,1002,1000,113,10,21
17:09:40,8522.505,1003,1000,113,10,21
17:09:40,8522.696,1000,1000,113,10,21
17:09:40,8522.903,1004,1000,113,10,21
17:09:40,8523.11,1000,1000,113,10,21
17:09:41,8523.301,1000,1000,113,10,21
17:09:41,8523.507,1004,1000,113,10,21
17:09:41,8523.699,1004,1000,113,10,21
17:09:41,8523.907,1007,1000,113,10,21
17:09:41,8524.099,1003,1000,113,10,21
17:09:42,8524.306,1006,1000,113,10,21
17:09:42,8524.498,1008,1000,113,10,21
17:09:42,8524.707,1008,1000,113,10,21
17:09:42,8524.896,1008,1000,113,10,21
17:09:42,8525.09,1008,1000,113,10,21
17:09:43,8525.296,1001,1000,113,10,21
17:09:43,8525.504,1002,1000,113,10,21
17:09:43,8525.695,1003,1000,113,10,21
17:09:43,8525.903,1002,1000,113,10,21
17:09:43,8526.094,996,1000,113,10,21
17:09:44,8526.301,998,1000,113,10,21
17:09:44,8526.494,1000,1000,113,10,21
17:09:44,8526.701,1001,1000,113,10,21
17:09:44,8526.893,996,1000,113,10,21
17:09:44,8527.101,998,1000,113,10,21
17:09:45,8527.292,1000,1000,113,10,21
17:09:45,8527.5,999,1000,113,10,21
17:09:45,8527.693,999,1000,113,10,21
17:09:45,8527.884,1000,1000,113,10,21
17:09:45,8528.092,1000,1000,113,10,21
17:09:46,8528.283,994,1000,113,10,21
17:09:46,8528.49,996,1000,113,10,21
17:09:46,8528.682,999,1000,113,10,21
17:09:46,8528.891,998,1000,113,10,21
17:09:46,8529.082,993,1000,113,10,22
17:09:47,8529.289,996,1000,113,10,21
17:09:47,8529.481,998,1000,113,10,21
17:09:47,8529.689,999,1000,113,10,21
17:09:47,8529.88,997,1000,113,10,21
17:09:47,8530.087,999,1000,113,10,21
17:09:48,8530.278,1001,1000,113,10,21
17:09:48,8530.486,998,1000,113,10,21
17:09:48,8530.677,993,1000,113,10,22
17:09:48,8530.884,996,1000,113,10,21
17:09:48,8531.074,1000,1000,113,10,21
17:09:49,8531.282,1002,1000,113,10,21
17:09:49,8531.474,997,1000,113,10,21
17:09:49,8531.682,1000,1000,113,10,21
17:09:49,8531.873,1003,1000,113,10,21
17:09:49,8532.08,999,1000,113,10,21
17:09:50,8532.271,1002,1000,113,10,21
17:09:50,8532.478,1004,1000,113,10,21
17:09:50,8532.685,1006,1000,113,10,21
17:09:50,8532.876,1007,1000,113,10,21
17:09:50,8533.083,999,1000,113,10,21
17:09:51,8533.275,1000,1000,113,10,21
17:09:51,8533.482,1000,1000,113,10,21
17:09:51,8533.673,995,1000,113,10,21
17:09:51,8533.88,997,1000,113,10,21
17:09:51,8534.071,998,1000,113,10,21
17:09:52,8534.278,997,1000,113,10,21
17:09:52,8534.47,998,1000,113,10,21
17:09:52,8534.678,999,1000,113,10,21
17:09:52,8534.869,1000,1000,113,10,21
17:09:52,8535.077,994,1000,113,10,21
17:09:53,8535.27,997,1000,113,10,21
17:09:53,8535.477,1000,1000,113,10,21
17:09:53,8535.671,1002,1000,113,10,21
17:09:53,8535.876,1000,1000,113,10,21
17:09:53,8536.067,1000,1000,113,10,21
17:09:54,8536.273,1000,1000,113,10,21
17:09:54,8536.466,1001,1000,113,10,21
17:09:54,8536.674,995,1000,113,10,21
17:09:54,8536.867,996,1000,113,10,21
17:09:54,8537.075,996,1000,113,10,21
17:09:55,8537.268,991,1000,113,10,22
17:09:55,8537.46,994,1000,113,10,22
17:09:55,8537.666,996,1000,113,10,21
17:09:55,8537.859,991,1000,113,10,22
17:09:55,8538.067,992,1000,113,10,22
17:09:56,8538.259,997,1000,113,10,21
17:09:56,8538.467,992,1000,113,10,22
17:09:56,8538.658,994,1000,113,10,22
17:09:56,8538.865,996,1000,113,10,21
17:09:56,8539.057,994,1000,113,10,22
17:09:57,8539.265,996,1000,113,10,21
17:09:57,8539.456,994,1000,113,10,22
17:09:57,8539.664,997,1000,113,10,22
17:09:57,8539.856,1000,1000,113,10,22
17:09:57,8540.064,994,1000,113,10,22
17:09:58,8540.255,998,1000,113,10,22
17:09:58,8540.462,997,1000,113,10,22
17:09:58,8540.653,998,1000,113,10,22
17:09:58,8540.86,998,1000,113,10,22
17:09:58,8541.052,997,1000,113,10,22
17:09:59,8541.258,997,1000,113,10,22
17:09:59,8541.45,998,1000,113,10,22
17:09:59,8541.657,997,1000,113,10,22
17:09:59,8541.849,995,1000,113,10,22
17:09:59,8542.055,996,1000,113,10,22
17:10:00,8542.261,997,1000,113,10,22
17:10:00,8542.453,993,1000,113,10,22
17:10:00,8542.661,996,1000,113,10,22
17:10:00,8542.853,999,1000,113,10,22
17:10:00,8543.045,995,1000,113,10,22
17:10:01,8543.253,990,1000,113,10,22
17:10:01,8543.46,994,1000,113,10,22
17:10:01,8543.653,997,1000,113,10,22
17:10:01,8543.845,995,1000,113,10,22
17:10:01,8544.052,999,1000,113,10,22
17:10:02,8544.244,1001,1000,113,10,22
17:10:02,8544.452,1003,1000,113,10,22
17:10:02,8544.643,999,1000,113,10,22
17:10:02,8544.85,1001,1000,113,10,22
17:10:02,8545.042,1002,1000,113,10,22
17:10:03,8545.25,997,1000,113,10,22
17:10:03,8545.442,1000,1000,113,10,22
17:10:03,8545.65,1002,1000,113,10,22
17:10:03,8545.844,1004,1000,113,10,22
17:10:03,8546.049,1003,1000,113,10,22
17:10:04,8546.241,1001,1000,113,10,22
17:10:04,8546.448,1003,1000,113,10,22
17:10:04,8546.64,1004,1000,113,10,22
17:10:04,8546.848,1003,1000,113,10,22
17:10:04,8547.039,1002,1000,113,10,22
17:10:05,8547.247,1003,1000,113,10,22
17:10:05,8547.441,1004,1000,113,10,22
17:10:05,8547.634,1002,1000,113,10,22
17:10:05,8547.842,996,1000,113,10,22
17:10:05,8548.034,998,1000,113,10,22
17:10:06,8548.243,1000,1000,113,10,22
17:10:06,8548.433,1000,1000,113,10,22
17:10:06,8548.64,997,1000,113,10,22
17:10:06,8548.832,999,1000,113,10,22
17:10:06,8549.039,1000,1000,113,10,22
17:10:07,8549.231,997,1000,113,10,22
17:10:07,8549.438,993,1000,113,10,22
17:10:07,8549.631,995,1000,113,10,22
17:10:07,8549.837,997,1000,113,10,22
17:10:07,8550.044,993,1000,113,10,22
17:10:08,8550.235,996,1000,113,10,22
17:10:08,8550.428,998,1000,113,10,22
17:10:08,8550.635,998,1000,113,10,22
17:10:08,8550.841,996,1000,113,10,22
17:10:08,8551.032,997,1000,113,10,22
17:10:09,8551.241,999,1000,113,10,22
17:10:09,8551.433,993,1000,113,10,22
17:10:09,8551.624,994,1000,113,10,22
17:10:09,8551.832,996,1000,113,10,22
17:10:09,8552.039,995,1000,113,10,22
17:10:10,8552.229,990,1000,113,10,22
17:10:10,8552.435,993,1000,113,10,22
17:10:10,8552.626,991,1000,113,10,22
17:10:10,8552.834,992,1000,113,10,22
17:10:10,8553.022,996,1000,113,10,22
17:10:11,8553.229,999,1000,113,10,22
17:10:11,8553.42,1001,1000,113,10,22
17:10:11,8553.627,1001,1000,113,10,22
17:10:11,8553.819,996,1000,113,10,22
17:10:11,8554.026,994,1000,113,10,22
17:10:12,8554.217,996,1000,113,10,22
17:10:12,8554.424,993,1000,113,10,22
17:10:12,8554.616,996,1000,113,10,22
17:10:12,8554.824,1000,1000,113,10,22
17:10:12,8555.016,1001,1000,113,10,22
17:10:13,8555.226,1002,1000,113,10,22
17:10:13,8555.416,1002,1000,113,10,22
17:10:13,8555.622,1000,1000,113,10,22
17:10:13,8555.828,1000,1000,113,10,22
17:10:13,8556.019,1000,1000,113,10,22
17:10:14,8556.225,1001,1000,113,10,22
17:10:14,8556.415,995,1000,113,10,22
17:10:14,8556.622,997,1000,113,10,22
17:10:14,8556.814,998,1000,113,10,22
17:10:14,8557.021,995,1000,113,10,22
17:10:15,8557.212,997,1000,113,10,22
17:10:15,8557.42,998,1000,113,10,22
17:10:15,8557.613,998,1000,113,10,22
17:10:15,8557.819,997,1000,113,10,22
17:10:15,8558.014,999,1000,113,10,22
17:10:16,8558.219,1000,1000,113,10,22
17:10:16,8558.411,994,1000,113,10,22
17:10:16,8558.618,997,1000,113,10,22
17:10:16,8558.81,999,1000,113,10,22
17:10:16,8559.017,995,1000,113,10,22
17:10:17,8559.209,997,1000,113,10,22
17:10:17,8559.417,998,1000,113,10,22
17:10:17,8559.608,997,1000,113,10,22
17:10:17,8559.816,997,1000,113,10,22
17:10:17,8560.004,998,1000,113,10,22
17:10:18,8560.212,998,1000,113,10,22
17:10:18,8560.417,993,1000,113,10,22
17:10:18,8560.607,997,1000,113,10,22
17:10:18,8560.813,996,1000,113,10,22
17:10:18,8561.007,999,1000,113,10,22
17:10:19,8561.21,998,1000,113,10,22
17:10:19,8561.401,992,1000,113,10,22
17:10:19,8561.609,996,1000,113,10,22
17:10:19,8561.8,993,1000,113,10,22
17:10:19,8562.008,994,1000,113,10,22
17:10:20,8562.203,997,1000,113,10,22
17:10:20,8562.406,994,1000,114,10,22
17:10:20,8562.598,995,1000,114,10,22
17:10:20,8562.806,998,1000,114,10,22
17:10:20,8562.998,994,1000,114,10,22
17:10:21,8563.206,997,1000,114,10,22
17:10:21,8563.398,999,1000,114,10,22
17:10:21,8563.607,998,1000,114,10,22
17:10:21,8563.798,1000,1000,114,10,22
17:10:21,8564.006,1001,1000,114,10,22
17:10:22,8564.199,999,1000,114,10,22
17:10:22,8564.403,1002,1000,114,10,22
17:10:22,8564.595,1002,1000,114,10,22
17:10:22,8564.806,999,1000,114,10,22
17:10:22,8564.996,1001,1000,114,10,22
17:10:23,8565.204,1004,1000,114,10,22
17:10:23,8565.395,1005,1000,114,10,22
17:10:23,8565.602,1000,1000,114,10,22
17:10:23,8565.796,1002,1000,114,10,22
17:10:23,8566,1001,1000,114,10,22
17:10:24,8566.189,1001,1000,114,10,22
17:10:24,8566.397,1004,1000,114,10,22
17:10:24,8566.588,1002,1000,114,10,22
17:10:24,8566.796,1002,1000,114,10,22
17:10:24,8566.987,1004,1000,114,10,22
17:10:25,8567.194,1006,1000,113,10,22
17:10:25,8567.387,999,1000,113,10,22
17:10:25,8567.593,999,1000,113,10,22
17:10:25,8567.785,1001,1000,113,10,22
17:10:25,8567.992,1002,1000,113,10,22
17:10:26,8568.182,998,1000,113,10,22
17:10:26,8568.389,1001,1000,113,10,22
17:10:26,8568.595,1003,1000,113,10,22
17:10:26,8568.787,1005,1000,113,10,22
17:10:26,8568.996,1003,1000,113,10,22
17:10:27,8569.189,1003,1000,113,10,22
17:10:27,8569.38,1005,1000,113,10,22
17:10:27,8569.588,1004,1000,113,10,22
17:10:27,8569.779,998,1000,113,10,22
17:10:27,8569.985,997,1000,113,10,22
17:10:28,8570.192,1000,1000,113,10,22
17:10:28,8570.384,1002,1000,113,10,22
17:10:28,8570.577,1003,1000,113,10,22
17:10:28,8570.784,998,1000,113,10,22
17:10:28,8570.976,1001,1000,113,10,22
17:10:29,8571.183,1003,1000,113,10,22
17:10:29,8571.374,1005,1000,113,10,22
17:10:29,8571.582,1004,1000,113,10,22
17:10:29,8571.774,999,1000,113,10,22
17:10:29,8571.981,1002,1000,113,10,22
17:10:30,8572.173,1004,1000,113,10,22
17:10:30,8572.381,1003,1000,113,10,22
17:10:30,8572.572,1003,1000,113,10,22
17:10:30,8572.78,1005,1000,113,10,22
17:10:30,8572.971,1004,1000,113,10,22
17:10:31,8573.178,999,1000,113,10,22
17:10:31,8573.37,993,1000,113,10,22
17:10:31,8573.578,997,1000,113,10,22
17:10:31,8573.77,1000,1000,113,10,22
17:10:31,8573.978,998,1000,113,10,22
17:10:32,8574.17,1001,1000,113,10,22
17:10:32,8574.378,1003,1000,113,10,22
17:10:32,8574.568,1005,1000,113,10,22
17:10:32,8574.776,1002,1000,113,10,22
17:10:32,8574.967,995,1000,113,10,22
17:10:33,8575.176,995,1000,113,10,22
17:10:33,8575.367,995,1000,113,10,22
17:10:33,8575.577,989,1000,113,10,23
17:10:33,8575.767,993,1000,113,10,22
17:10:33,8575.975,994,1000,114,10,22
17:10:34,8576.167,992,1000,114,10,22
17:10:34,8576.374,998,1000,114,10,22
17:10:34,8576.566,995,1000,114,10,22
17:10:34,8576.773,998,1000,114,10,22
17:10:34,8576.964,1001,1000,114,10,22
17:10:35,8577.172,1002,1000,114,10,22
17:10:35,8577.362,1000,1000,114,10,22
17:10:35,8577.57,1002,1000,114,10,22
17:10:35,8577.762,1004,1000,114,10,22
17:10:35,8577.97,1005,1000,114,10,22
17:10:36,8578.163,1004,1000,114,10,22
17:10:36,8578.369,997,1000,114,10,22
17:10:36,8578.562,1000,1000,114,10,22
17:10:36,8578.755,1002,1000,114,10,22
17:10:36,8578.963,1004,1000,114,10,22
17:10:36,8579.155,1000,1000,114,10,22
17:10:37,8579.363,1002,1000,114,10,22
17:10:37,8579.555,1004,1000,114,10,22
17:10:37,8579.763,1005,1000,113,10,22
17:10:37,8579.955,1001,1000,113,10,22
17:10:38,8580.161,995,1000,113,10,22
17:10:38,8580.355,998,1000,113,10,22
17:10:38,8580.562,1001,1000,113,10,22
17:10:38,8580.756,1001,1000,113,10,22
17:10:38,8580.96,997,1000,113,10,22
17:10:38,8581.157,1000,1000,113,10,22
17:10:39,8581.359,1002,1000,113,10,22
17:10:39,8581.551,1004,1000,113,10,22
17:10:39,8581.759,1002,1000,113,10,22
17:10:39,8581.951,1003,1000,113,10,22
17:10:40,8582.16,1005,1000,113,10,22
17:10:40,8582.348,1006,1000,113,10,22
17:10:40,8582.555,1001,1000,113,10,22
17:10:40,8582.745,1001,1000,113,10,22
17:10:40,8582.951,1002,1000,113,10,22
17:10:41,8583.158,1004,1000,113,10,22
17:10:41,8583.35,999,1000,113,10,22
17:10:41,8583.555,1000,1000,113,10,22
17:10:41,8583.747,1002,1000,113,10,22
17:10:41,8583.954,997,1000,113,10,22
17:10:41,8584.15,999,1000,113,10,22
17:10:42,8584.353,1001,1000,113,10,22
17:10:42,8584.545,999,1000,113,10,22
17:10:42,8584.752,1002,1000,113,10,22
17:10:42,8584.944,1003,1000,113,10,22
17:10:42,8585.152,1001,1000,113,10,22
17:10:43,8585.344,1003,1000,113,10,22
17:10:43,8585.551,1005,1000,113,10,22
17:10:43,8585.742,1003,1000,113,10,22
17:10:43,8585.949,1003,1000,113,10,22
17:10:43,8586.14,1005,1000,113,10,22
17:10:44,8586.348,1000,1000,113,10,22
17:10:44,8586.54,1001,1000,113,10,22
17:10:44,8586.748,1002,1000,113,10,22
17:10:44,8586.939,1000,1000,113,10,22
17:10:44,8587.15,1000,1000,113,10,22
17:10:45,8587.339,1001,1000,113,10,22
17:10:45,8587.547,1002,1000,113,10,22
17:10:45,8587.74,996,1000,113,10,22
17:10:45,8587.931,997,1000,113,10,22
17:10:45,8588.138,998,1000,113,10,22
17:10:46,8588.345,998,1000,113,10,22
17:10:46,8588.537,993,1000,113,10,22
17:10:46,8588.729,997,1000,113,10,22
17:10:46,8588.937,998,1000,113,10,22
17:10:46,8589.128,995,1000,113,10,22
17:10:47,8589.335,999,1000,113,10,22
17:10:47,8589.542,996,1000,113,10,22
17:10:47,8589.733,999,1000,113,10,22
17:10:47,8589.942,1002,1000,113,10,22
17:10:47,8590.133,1003,1000,113,10,22
17:10:48,8590.34,1006,1000,113,10,22
17:10:48,8590.532,1000,1000,113,10,22
17:10:48,8590.723,1001,1000,113,10,22
17:10:48,8590.931,1001,1000,113,10,22
17:10:48,8591.123,999,1000,113,10,22
17:10:49,8591.33,1000,1000,113,10,22
17:10:49,8591.522,1001,1000,113,10,22
17:10:49,8591.73,1001,1000,113,10,22
17:10:49,8591.921,998,1000,113,10,22
17:10:49,8592.128,999,1000,113,10,22
17:10:50,8592.32,1000,1000,113,10,22
17:10:50,8592.528,999,1000,113,10,22
17:10:50,8592.719,997,1000,113,10,22
17:10:50,8592.928,998,1000,113,10,22
17:10:50,8593.119,999,1000,113,10,22
17:10:51,8593.326,993,1000,113,10,22
17:10:51,8593.518,997,1000,113,10,22
17:10:51,8593.725,995,1000,113,10,22
17:10:51,8593.916,999,1000,113,10,22
17:10:51,8594.123,999,1000,113,10,22
17:10:52,8594.32,996,1000,113,10,22
17:10:52,8594.521,999,1000,113,10,22
17:10:52,8594.713,1001,1000,113,10,22
17:10:52,8594.922,1003,1000,113,10,22
17:10:52,8595.113,1002,1000,113,10,22
17:10:53,8595.319,1002,1000,113,10,22
17:10:53,8595.511,1004,1000,113,10,22
17:10:53,8595.719,1006,1000,113,10,22
17:10:53,8595.91,1006,1000,113,10,22
17:10:53,8596.116,998,1000,113,10,22
17:10:54,8596.322,998,1000,113,10,22
17:10:54,8596.514,998,1000,113,10,22
17:10:54,8596.722,991,1000,113,10,22
17:10:54,8596.913,995,1000,113,10,22
17:10:54,8597.122,998,1000,113,10,22
17:10:55,8597.314,999,1000,113,10,22
17:10:55,8597.506,996,1000,113,10,22
17:10:55,8597.715,997,1000,113,10,22
17:10:55,8597.907,995,1000,113,10,22
17:10:55,8598.115,995,1000,113,10,22
17:10:56,8598.308,996,1000,113,10,22
17:10:56,8598.513,994,1000,113,10,22
17:10:56,8598.704,997,1000,113,10,22
17:10:56,8598.913,1000,1000,113,10,22
17:10:56,8599.104,1002,1000,113,10,22
17:10:57,8599.313,1004,1000,113,10,22
17:10:57,8599.504,998,1000,113,10,22
17:10:57,8599.712,1000,1000,113,10,22
17:10:57,8599.904,1002,1000,113,10,22
17:10:57,8600.112,1004,1000,113,10,22
17:10:58,8600.303,999,1000,113,10,22
17:10:58,8600.51,998,1000,113,10,22
17:10:58,8600.702,1000,1000,113,10,22
17:10:58,8600.909,1002,1000,113,10,22
17:10:58,8601.102,1002,1000,113,10,22
17:10:59,8601.309,999,1000,113,10,22
17:10:59,8601.502,1002,1000,113,10,22
17:10:59,8601.708,1003,1000,113,10,22
17:10:59,8601.899,1003,1000,113,10,22
17:10:59,8602.107,1000,1000,113,10,22
17:11:00,8602.298,1002,1000,113,10,22
17:11:00,8602.506,1004,1000,113,10,22
17:11:00,8602.698,1005,1000,113,10,22
17:11:00,8602.906,998,1000,113,10,22
17:11:00,8603.097,998,1000,113,10,22
17:11:01,8603.304,998,1000,113,10,22
17:11:01,8603.495,991,1000,113,10,22
17:11:01,8603.705,995,1000,113,10,22
17:11:01,8603.895,998,1000,113,10,22
17:11:01,8604.105,998,1000,113,10,22
17:11:02,8604.294,996,1000,113,10,22
17:11:02,8604.501,999,1000,113,10,22
17:11:02,8604.692,1001,1000,113,10,22
17:11:02,8604.9,1001,1000,113,10,22
17:11:02,8605.091,997,1000,113,10,22
17:11:03,8605.298,999,1000,113,10,22
17:11:03,8605.489,1001,1000,113,10,22
17:11:03,8605.697,1003,1000,113,10,22
17:11:03,8605.888,998,1000,113,10,22
17:11:03,8606.096,997,1000,113,10,22
17:11:04,8606.288,999,1000,113,10,22
17:11:04,8606.496,1002,1000,113,10,22
17:11:04,8606.688,1001,1000,113,10,22
17:11:04,8606.896,999,1000,113,10,22
17:11:04,8607.087,1001,1000,113,10,22
17:11:05,8607.296,1003,1000,113,10,22
17:11:05,8607.484,1002,1000,113,10,22
17:11:05,8607.691,1000,1000,113,10,22
17:11:05,8607.882,1002,1000,113,10,22
17:11:05,8608.09,1003,1000,113,10,22
17:11:06,8608.281,1003,1000,113,10,22
17:11:06,8608.488,998,1000,113,10,22
17:11:06,8608.684,1000,1000,113,10,22
17:11:06,8608.885,1002,1000,113,10,22
17:11:06,8609.092,1003,1000,113,10,22
17:11:07,8609.284,998,1000,113,10,22
17:11:07,8609.491,997,1000,113,10,22
17:11:07,8609.683,1000,1000,113,10,22
17:11:07,8609.889,1002,1000,113,10,22
17:11:07,8610.079,1000,1000,113,10,22
17:11:08,8610.286,1000,1000,113,10,22
17:11:08,8610.478,1002,1000,113,10,22
17:11:08,8610.686,1003,1000,113,10,22
17:11:08,8610.878,1001,1000,113,10,22
17:11:08,8611.085,1002,1000,113,10,22
17:11:09,8611.275,1003,1000,113,10,22
17:11:09,8611.482,1004,1000,113,10,22
17:11:09,8611.673,1001,1000,113,10,22
17:11:09,8611.879,996,1000,113,10,22
17:11:09,8612.071,999,1000,113,10,22
17:11:10,8612.279,1001,1000,113,10,22
17:11:10,8612.471,1001,1000,113,10,22
17:11:10,8612.678,997,1000,113,10,22
17:11:10,8612.868,999,1000,113,10,22
17:11:10,8613.075,1001,1000,113,10,22
17:11:11,8613.282,1000,1000,113,10,22
17:11:11,8613.472,995,1000,113,10,22
17:11:11,8613.679,997,1000,113,10,22
17:11:11,8613.87,999,1000,113,10,22
17:11:11,8614.078,1000,1000,113,10,22
17:11:12,8614.269,995,1000,113,10,22
17:11:12,8614.477,998,1000,113,10,22
17:11:12,8614.667,1000,1000,113,10,22
17:11:12,8614.875,999,1000,113,10,22
17:11:12,8615.066,999,1000,113,10,22
17:11:13,8615.273,1001,1000,113,10,22
17:11:13,8615.466,1002,1000,113,10,22
17:11:13,8615.675,1002,1000,113,10,22
17:11:13,8615.867,997,1000,113,10,22
17:11:13,8616.074,1000,1000,113,10,22
17:11:14,8616.265,1001,1000,113,10,22
17:11:14,8616.473,999,1000,113,10,22
17:11:14,8616.665,1000,1000,113,10,22
17:11:14,8616.872,1002,1000,113,10,22
17:11:14,8617.064,1003,1000,113,10,22
17:11:15,8617.256,998,1000,113,10,22
17:11:15,8617.466,995,1000,113,10,22
17:11:15,8617.657,998,1000,113,10,22
17:11:15,8617.865,999,1000,113,10,22
17:11:15,8618.056,997,1000,113,10,22
17:11:16,8618.264,999,1000,113,10,22
17:11:16,8618.456,1001,1000,113,10,22
17:11:16,8618.663,1002,1000,113,10,22
17:11:16,8618.854,996,1000,113,10,22
17:11:16,8619.064,996,1000,113,10,22
17:11:17,8619.254,998,1000,113,10,22
17:11:17,8619.462,999,1000,113,10,22
17:11:17,8619.652,995,1000,113,10,22
17:11:17,8619.859,998,1000,113,10,22
17:11:17,8620.05,1000,1000,113,10,22
17:11:18,8620.258,1001,1000,113,10,22
17:11:18,8620.45,995,1000,113,10,22
17:11:18,8620.658,998,1000,113,10,22
17:11:18,8620.849,1000,1000,113,10,22
17:11:18,8621.058,999,1000,113,10,22
17:11:19,8621.249,998,1000,113,10,22
17:11:19,8621.457,1000,1000,113,10,22
17:11:19,8621.647,1002,1000,113,10,22
17:11:19,8621.856,997,1000,113,10,22
17:11:19,8622.048,994,1000,113,10,22
17:11:20,8622.255,997,1000,113,10,22
17:11:20,8622.446,999,1000,113,10,22
17:11:20,8622.654,996,1000,113,10,22
17:11:20,8622.845,998,1000,113,10,22
17:11:20,8623.054,1000,1000,113,10,22
17:11:21,8623.246,1002,1000,113,10,22
17:11:21,8623.453,996,1000,113,10,22
17:11:21,8623.645,998,1000,113,10,22
17:11:21,8623.854,1000,1000,113,10,22
17:11:21,8624.046,999,1000,113,10,22
17:11:22,8624.253,993,1000,113,10,22
17:11:22,8624.444,996,1000,113,10,22
17:11:22,8624.652,998,1000,113,10,22
17:11:22,8624.845,998,1000,113,10,22
17:11:22,8625.052,996,1000,113,10,22
17:11:23,8625.242,998,1000,113,10,22
17:11:23,8625.449,1000,1000,113,10,22
17:11:23,8625.641,996,1000,113,10,22
17:11:23,8625.848,998,1000,113,10,22
17:11:23,8626.039,1000,1000,113,10,22
17:11:24,8626.247,1001,1000,113,10,22
17:11:24,8626.438,997,1000,113,10,22
17:11:24,8626.646,999,1000,113,10,22
17:11:24,8626.838,1001,1000,113,10,22
17:11:24,8627.046,1002,1000,113,10,22
17:11:25,8627.238,996,1000,113,10,22
17:11:25,8627.445,998,1000,113,10,22
17:11:25,8627.637,1000,1000,113,10,22
17:11:25,8627.845,998,1000,113,10,22
17:11:25,8628.037,999,1000,113,10,22
17:11:26,8628.243,1000,1000,113,10,22
17:11:26,8628.435,1002,1000,113,10,22
17:11:26,8628.643,996,1000,113,10,22
17:11:26,8628.834,995,1000,113,10,22
17:11:26,8629.042,998,1000,113,10,22
17:11:27,8629.232,998,1000,113,10,22
17:11:27,8629.44,994,1000,114,10,22
17:11:27,8629.631,996,1000,114,10,22
17:11:27,8629.839,998,1000,114,10,22
17:11:27,8630.032,999,1000,114,10,22
17:11:28,8630.238,995,1000,114,10,22
17:11:28,8630.43,998,1000,114,10,22
17:11:28,8630.637,999,1000,114,10,22
17:11:28,8630.829,996,1000,114,10,22
17:11:28,8631.038,993,1000,114,10,22
17:11:29,8631.231,995,1000,114,10,22
17:11:29,8631.422,997,1000,114,10,22
17:11:29,8631.629,994,1000,114,10,22
17:11:29,8631.821,997,1000,114,10,22
17:11:29,8632.029,999,1000,114,10,22
17:11:30,8632.221,1000,1000,114,10,22
17:11:30,8632.429,994,1000,114,10,22
17:11:30,8632.621,997,1000,114,10,22
17:11:30,8632.829,999,1000,114,10,22
17:11:30,8633.021,997,1000,114,10,22
17:11:31,8633.228,992,1000,114,10,23
17:11:31,8633.419,995,1000,114,10,22
17:11:31,8633.627,993,1000,114,10,23
17:11:31,8633.818,990,1000,114,10,23
17:11:31,8634.026,996,1000,114,10,22
17:11:32,8634.217,999,1000,114,10,22
17:11:32,8634.425,1001,1000,114,10,22
17:11:32,8634.616,1002,1000,114,10,22
17:11:32,8634.823,1000,1000,114,10,22
17:11:32,8635.019,994,1000,114,10,23
17:11:33,8635.223,998,1000,114,10,22
17:11:33,8635.415,997,1000,114,10,22
17:11:33,8635.622,994,1000,114,10,23
17:11:33,8635.814,999,1000,114,10,22
17:11:33,8636.022,1000,1000,114,10,22
17:11:34,8636.213,1003,1000,114,10,22
17:11:34,8636.419,999,1000,114,10,22
17:11:34,8636.609,1003,1000,114,10,22
17:11:34,8636.817,1006,1000,114,10,22
17:11:34,8637.009,1004,1000,114,10,22
17:11:35,8637.217,1005,1000,114,10,22
17:11:35,8637.408,1005,1000,114,10,22
17:11:35,8637.615,998,1000,114,10,22
17:11:35,8637.806,998,1000,114,10,22
17:11:35,8638.013,999,1000,114,10,22
17:11:36,8638.204,999,1000,114,10,22
17:11:36,8638.412,994,1000,114,10,23
17:11:36,8638.618,997,1000,114,10,22
17:11:36,8638.81,997,1000,114,10,22
17:11:36,8639.018,992,1000,114,10,23
17:11:37,8639.21,997,1000,114,10,22
17:11:37,8639.402,996,1000,114,10,22
17:11:37,8639.608,994,1000,114,10,23
17:11:37,8639.815,998,1000,114,10,22
17:11:37,8640.006,999,1000,114,10,22
17:11:38,8640.213,1003,1000,114,10,22
17:11:38,8640.405,999,1000,114,10,22
17:11:38,8640.614,1003,1000,114,10,22
17:11:38,8640.803,1006,1000,114,10,22
17:11:38,8641.01,1004,1000,114,10,22
17:11:39,8641.203,1005,1000,114,10,22
17:11:39,8641.407,1005,1000,114,10,22
17:11:39,8641.597,999,1000,114,10,22
17:11:39,8641.806,997,1000,114,10,22
17:11:39,8641.997,999,1000,114,10,22
17:11:40,8642.204,999,1000,114,10,22
17:11:40,8642.394,995,1000,114,10,22
17:11:40,8642.599,997,1000,114,10,22
17:11:40,8642.806,999,1000,114,10,22
17:11:40,8642.997,1000,1000,114,10,22
17:11:41,8643.204,995,1000,114,10,22
17:11:41,8643.394,998,1000,114,10,22
17:11:41,8643.601,999,1000,114,10,22
17:11:41,8643.793,996,1000,114,10,22
17:11:41,8644,998,1000,114,10,22
17:11:42,8644.191,1000,1000,114,10,22
17:11:42,8644.398,1001,1000,114,10,22
17:11:42,8644.59,995,1000,114,10,22
17:11:42,8644.798,998,1000,114,10,22
17:11:42,8644.989,1000,1000,114,10,22
17:11:43,8645.197,1001,1000,114,10,22
17:11:43,8645.387,995,1000,114,10,22
17:11:43,8645.596,998,1000,114,10,22
17:11:43,8645.788,999,1000,114,10,22
17:11:43,8645.994,999,1000,114,10,22
17:11:44,8646.189,997,1000,114,10,22
17:11:44,8646.394,999,1000,114,10,22
17:11:44,8646.586,1000,1000,114,10,22
17:11:44,8646.793,997,1000,114,10,22
17:11:44,8646.985,993,1000,114,10,23
17:11:45,8647.193,997,1000,114,10,22
17:11:45,8647.385,994,1000,114,10,23
17:11:45,8647.593,997,1000,114,10,22
17:11:45,8647.784,1001,1000,114,10,22
17:11:45,8647.992,1002,1000,114,10,22
17:11:46,8648.183,1005,1000,114,10,22
17:11:46,8648.393,999,1000,114,10,22
17:11:46,8648.583,1000,1000,114,10,22
17:11:46,8648.79,1002,1000,114,10,22
17:11:46,8648.982,1002,1000,114,10,22
17:11:47,8649.189,997,1000,114,10,22
17:11:47,8649.382,999,1000,114,10,22
17:11:47,8649.589,1001,1000,114,10,22
17:11:47,8649.78,1002,1000,114,10,22
17:11:47,8649.987,996,1000,114,10,22
17:11:48,8650.178,999,1000,114,10,22
17:11:48,8650.386,1001,1000,114,10,22
17:11:48,8650.578,1000,1000,114,10,22
17:11:48,8650.786,998,1000,114,10,22
17:11:48,8650.977,1000,1000,114,10,22
17:11:49,8651.185,1001,1000,114,10,22
17:11:49,8651.377,999,1000,114,10,22
17:11:49,8651.568,994,1000,114,10,23
17:11:49,8651.778,998,1000,114,10,22
17:11:49,8651.967,998,1000,114,10,22
17:11:50,8652.173,995,1000,114,10,22
17:11:50,8652.382,1000,1000,114,10,22
17:11:50,8652.573,1004,1000,114,10,22
17:11:50,8652.78,1004,1000,114,10,22
17:11:50,8652.973,1007,1000,114,10,22
17:11:51,8653.165,1001,1000,114,10,22
17:11:51,8653.373,1002,1000,114,10,22
17:11:51,8653.564,1003,1000,114,10,22
17:11:51,8653.772,1004,1000,114,10,22
17:11:51,8653.964,998,1000,114,10,22
17:11:52,8654.173,1000,1000,114,10,22
17:11:52,8654.364,1001,1000,114,10,22
17:11:52,8654.572,1000,1000,114,10,22
17:11:52,8654.764,1000,1000,114,10,22
17:11:52,8654.971,1002,1000,114,10,22
17:11:53,8655.164,1003,1000,114,10,22
17:11:53,8655.371,1000,1000,114,10,22
17:11:53,8655.562,995,1000,114,10,22
17:11:53,8655.77,997,1000,114,10,22
17:11:53,8655.962,1000,1000,114,10,22
17:11:54,8656.169,1000,1000,114,10,22
17:11:54,8656.361,998,1000,114,10,22
17:11:54,8656.568,1000,1000,114,10,22
17:11:54,8656.76,1002,1000,114,10,22
17:11:54,8656.968,1000,1000,114,10,22
17:11:55,8657.159,995,1000,114,10,22
17:11:55,8657.368,998,1000,114,10,22
17:11:55,8657.559,1000,1000,114,10,22
17:11:55,8657.767,1001,1000,114,10,22
17:11:55,8657.96,996,1000,114,10,22
17:11:56,8658.169,999,1000,114,10,22
17:11:56,8658.359,1001,1000,114,10,22
17:11:56,8658.565,1002,1000,114,10,22
17:11:56,8658.757,996,1000,114,10,22
17:11:56,8658.964,999,1000,114,10,22
17:11:56,8659.156,1001,1000,114,10,22
17:11:57,8659.363,1003,1000,114,10,22
17:11:57,8659.553,1000,1000,114,10,22
17:11:57,8659.762,1002,1000,114,10,22
17:11:57,8659.954,1004,1000,114,10,22
17:11:57,8660.157,1005,1000,114,10,22
17:11:58,8660.349,1002,1000,114,10,22
17:11:58,8660.556,997,1000,114,10,22
17:11:58,8660.747,999,1000,114,10,22
17:11:58,8660.956,1001,1000,114,10,22
17:11:58,8661.148,1003,1000,114,10,22
17:11:59,8661.357,998,1000,114,10,22
17:11:59,8661.549,1000,1000,114,10,22
17:11:59,8661.742,1002,1000,114,10,22
17:11:59,8661.949,1003,1000,114,10,22
17:11:59,8662.149,998,1000,114,10,22
17:12:00,8662.349,998,1000,114,10,22
17:12:00,8662.54,1000,1000,114,10,22
17:12:00,8662.748,1002,1000,114,10,22
17:12:00,8662.939,1002,1000,114,10,22
17:12:00,8663.147,1000,1000,114,10,22
17:12:01,8663.338,1002,1000,114,10,22
17:12:01,8663.548,1004,1000,114,10,22
17:12:01,8663.739,1003,1000,114,10,22
17:12:01,8663.946,999,1000,114,10,22
17:12:01,8664.139,1001,1000,114,10,22
17:12:02,8664.345,1003,1000,114,10,22
17:12:02,8664.537,1005,1000,114,10,22
17:12:02,8664.744,1001,1000,114,10,22
17:12:02,8664.935,1003,1000,114,10,22
17:12:02,8665.144,1004,1000,114,10,22
17:12:03,8665.335,1006,1000,114,10,22
17:12:03,8665.543,1006,1000,114,10,22
17:12:03,8665.735,999,1000,114,10,22
17:12:03,8665.943,1001,1000,114,10,22
17:12:03,8666.134,1003,1000,114,10,22
17:12:04,8666.342,1003,1000,114,10,22
17:12:04,8666.533,1000,1000,114,10,22
17:12:04,8666.74,1002,1000,114,10,22
17:12:04,8666.934,1004,1000,114,10,22
17:12:04,8667.14,1005,1000,114,10,22
17:12:05,8667.335,1002,1000,114,10,22
17:12:05,8667.539,1004,1000,114,10,22
17:12:05,8667.735,1005,1000,114,10,22
17:12:05,8667.938,1006,1000,114,10,22
17:12:05,8668.13,1002,1000,114,10,22
17:12:06,8668.337,1003,1000,114,10,22
17:12:06,8668.529,1005,1000,113,10,22
17:12:06,8668.737,1005,1000,113,10,22
17:12:06,8668.929,1002,1000,113,10,22
17:12:06,8669.138,1001,1000,113,10,22
17:12:07,8669.327,1003,1000,113,10,22
17:12:07,8669.534,1005,1000,113,10,22
17:12:07,8669.725,998,1000,113,10,22
17:12:07,8669.933,998,1000,113,10,22
17:12:07,8670.125,1000,1000,113,10,22
17:12:08,8670.333,1000,1000,113,10,22
17:12:08,8670.524,1000,1000,113,10,22
17:12:08,8670.731,1002,1000,113,10,22
17:12:08,8670.923,1004,1000,113,10,22
17:12:08,8671.131,1005,1000,113,10,22
17:12:09,8671.321,1002,1000,113,10,22
17:12:09,8671.529,1002,1000,113,10,22
17:12:09,8671.72,1004,1000,113,10,22
17:12:09,8671.929,1006,1000,113,10,22
17:12:09,8672.12,999,1000,113,10,22
17:12:10,8672.328,996,1000,113,10,22
17:12:10,8672.518,997,1000,113,10,22
17:12:10,8672.725,992,1000,113,10,22
17:12:10,8672.916,991,1000,113,10,22
17:12:10,8673.124,994,1000,113,10,22
17:12:11,8673.328,994,1000,114,10,22
17:12:11,8673.518,996,1000,114,10,22
17:12:11,8673.725,999,1000,114,10,22
17:12:11,8673.915,999,1000,114,10,22
17:12:11,8674.124,1002,1000,114,10,22
17:12:12,8674.314,1001,1000,114,10,22
17:12:12,8674.522,1001,1000,114,10,22
17:12:12,8674.716,1004,1000,114,10,22
17:12:12,8674.919,1002,1000,114,10,22
17:12:12,8675.113,1003,1000,114,10,22
17:12:13,8675.32,1005,1000,113,10,22
17:12:13,8675.509,1003,1000,113,10,22
17:12:13,8675.715,1005,1000,113,10,22
17:12:13,8675.922,1005,1000,113,10,22
17:12:13,8676.113,1004,1000,113,10,22
17:12:14,8676.319,1001,1000,113,10,22
17:12:14,8676.51,1003,1000,113,10,22
17:12:14,8676.716,1004,1000,113,10,22
17:12:14,8676.907,1001,1000,113,10,22
17:12:14,8677.114,1003,1000,113,10,22
17:12:15,8677.304,998,1000,113,10,22
17:12:15,8677.51,1001,1000,113,10,22
17:12:15,8677.717,1003,1000,113,10,22
17:12:15,8677.909,998,1000,113,10,22
17:12:15,8678.116,1000,1000,113,10,22
17:12:16,8678.308,1002,1000,113,10,22
17:12:16,8678.516,998,1000,113,10,22
17:12:16,8678.708,999,1000,113,10,22
17:12:16,8678.899,1002,1000,113,10,22
17:12:16,8679.106,1004,1000,113,10,22
17:12:17,8679.313,1006,1000,113,10,22
17:12:17,8679.505,1005,1000,113,10,22
17:12:17,8679.709,1004,1000,113,10,22
17:12:17,8679.9,1004,1000,113,10,22
17:12:17,8680.107,996,1000,113,10,22
17:12:18,8680.298,998,1000,113,10,22
17:12:18,8680.504,998,1000,113,10,22
17:12:18,8680.694,992,1000,113,10,22
17:12:18,8680.902,996,1000,113,10,22
17:12:18,8681.107,998,1000,113,10,22
17:12:19,8681.299,994,1000,113,10,22
17:12:19,8681.503,998,1000,113,10,22
17:12:19,8681.694,995,1000,113,10,22
17:12:19,8681.902,999,1000,113,10,22
17:12:19,8682.093,1002,1000,113,10,22
17:12:20,8682.302,1004,1000,113,10,22
17:12:20,8682.493,1000,1000,113,10,22
17:12:20,8682.699,1001,1000,113,10,22
17:12:20,8682.892,1004,1000,113,10,22
17:12:20,8683.1,1006,1000,113,10,22
17:12:21,8683.291,1007,1000,113,10,22
17:12:21,8683.5,1001,1000,113,10,22
17:12:21,8683.692,1001,1000,113,10,22
17:12:21,8683.9,1002,1000,113,10,22
17:12:21,8684.092,999,1000,113,10,22
17:12:22,8684.3,1000,1000,113,10,22
17:12:22,8684.491,1001,1000,113,10,22
17:12:22,8684.699,1001,1000,113,10,22
17:12:22,8684.891,995,1000,113,10,22
17:12:22,8685.098,997,1000,113,10,22
17:12:23,8685.29,998,1000,113,10,22
17:12:23,8685.497,998,1000,113,10,22
17:12:23,8685.689,996,1000,113,10,22
17:12:23,8685.897,997,1000,113,10,22
17:12:23,8686.091,999,1000,113,10,22
17:12:24,8686.282,993,1000,113,10,22
17:12:24,8686.49,998,1000,113,10,22
17:12:24,8686.681,1000,1000,113,10,22
17:12:24,8686.889,996,1000,113,10,22
17:12:24,8687.081,998,1000,113,10,22
17:12:25,8687.29,999,1000,113,10,22
17:12:25,8687.482,998,1000,113,10,22
17:12:25,8687.69,998,1000,113,10,22
17:12:25,8687.881,999,1000,113,10,22
17:12:25,8688.088,1001,1000,113,10,22
17:12:26,8688.279,995,1000,113,10,22
17:12:26,8688.488,996,1000,113,10,22
17:12:26,8688.68,998,1000,113,10,22
17:12:26,8688.886,999,1000,113,10,22
17:12:26,8689.078,994,1000,113,10,22
17:12:27,8689.286,998,1000,113,10,22
17:12:27,8689.478,1001,1000,113,10,22
17:12:27,8689.685,997,1000,113,10,22
17:12:27,8689.877,1001,1000,113,10,22
17:12:27,8690.084,1004,1000,113,10,22
17:12:28,8690.278,1005,1000,113,10,22
17:12:28,8690.482,1005,1000,113,10,22
17:12:28,8690.673,1003,1000,113,10,22
17:12:28,8690.882,1003,1000,113,10,22
17:12:28,8691.073,1003,1000,113,10,22
17:12:29,8691.28,1004,1000,113,10,22
17:12:29,8691.472,998,1000,113,10,22
17:12:29,8691.68,999,1000,113,10,22
17:12:29,8691.871,1001,1000,113,10,22
17:12:29,8692.08,1000,1000,113,10,22
17:12:30,8692.269,998,1000,113,10,22
17:12:30,8692.478,1000,1000,113,10,22
17:12:30,8692.67,1001,1000,113,10,22
17:12:30,8692.879,1001,1000,113,10,22
17:12:30,8693.071,997,1000,113,10,22
17:12:31,8693.279,999,1000,113,10,22
17:12:31,8693.471,1001,1000,113,10,22
17:12:31,8693.678,998,1000,113,10,22
17:12:31,8693.871,1000,1000,113,10,22
17:12:31,8694.062,1001,1000,113,10,22
17:12:32,8694.269,1002,1000,113,10,22
17:12:32,8694.461,997,1000,113,10,22
17:12:32,8694.669,998,1000,113,10,22
17:12:32,8694.86,999,1000,113,10,22
17:12:32,8695.068,1000,1000,113,10,22
17:12:33,8695.259,996,1000,113,10,22
17:12:33,8695.467,998,1000,113,10,22
17:12:33,8695.659,1000,1000,113,10,22
17:12:33,8695.866,1001,1000,113,10,22
17:12:33,8696.058,996,1000,113,10,22
17:12:34,8696.265,998,1000,113,10,22
17:12:34,8696.457,1000,1000,113,10,22
17:12:34,8696.664,999,1000,113,10,22
17:12:34,8696.856,995,1000,113,10,22
17:12:34,8697.063,997,1000,113,10,22
17:12:35,8697.254,999,1000,113,10,22
17:12:35,8697.462,1001,1000,113,10,22
17:12:35,8697.654,995,1000,113,10,22
17:12:35,8697.861,998,1000,113,10,22
17:12:35,8698.051,1000,1000,113,10,22
17:12:36,8698.259,1000,1000,113,10,22
17:12:36,8698.45,998,1000,113,10,22
17:12:36,8698.657,1000,1000,113,10,22
17:12:36,8698.864,1002,1000,113,10,22
17:12:36,8699.057,1000,1000,113,10,22
17:12:37,8699.264,995,1000,113,10,22
17:12:37,8699.454,998,1000,113,10,22
17:12:37,8699.661,1000,1000,113,10,22
17:12:37,8699.852,1002,1000,113,10,22
17:12:37,8700.059,996,1000,113,10,22
17:12:38,8700.25,999,1000,113,10,22
17:12:38,8700.457,1001,1000,113,10,22
17:12:38,8700.648,1002,1000,113,10,22
17:12:38,8700.855,1000,1000,113,10,22
17:12:38,8701.046,1001,1000,113,10,22
17:12:39,8701.253,1003,1000,113,10,22
17:12:39,8701.449,1004,1000,113,10,22
17:12:39,8701.65,1002,1000,113,10,22
17:12:39,8701.842,1003,1000,113,10,22
17:12:39,8702.049,1004,1000,113,10,22
17:12:40,8702.256,1005,1000,113,10,22
17:12:40,8702.447,1003,1000,113,10,22
17:12:40,8702.654,997,1000,113,10,22
17:12:40,8702.847,1000,1000,113,10,22
17:12:40,8703.052,1002,1000,113,10,22
17:12:41,8703.243,1003,1000,113,10,22
17:12:41,8703.451,997,1000,113,10,22
17:12:41,8703.64,999,1000,113,10,22
17:12:41,8703.848,1001,1000,113,10,22
17:12:41,8704.039,1003,1000,113,10,22
17:12:42,8704.245,1002,1000,113,10,22
17:12:42,8704.437,1003,1000,113,10,22
17:12:42,8704.644,1009,1000,113,10,21
17:12:42,8704.836,1011,1000,113,10,21
17:12:42,8705.045,1013,1000,113,10,21
17:12:43,8705.236,1010,1000,113,10,21
17:12:43,8705.444,1005,1000,113,10,21
17:12:43,8705.636,1009,1000,113,10,21
17:12:43,8705.845,1008,1000,113,10,21
17:12:43,8706.036,1011,1000,113,10,21
17:12:44,8706.244,1012,1000,113,10,21
17:12:44,8706.435,1014,1000,113,10,21
17:12:44,8706.642,1017,1000,113,10,21
17:12:44,8706.833,1011,1000,113,10,21
17:12:44,8707.04,1009,1000,113,10,21
17:12:45,8707.232,1012,1000,113,10,21
17:12:45,8707.441,1009,1000,112,10,21
17:12:45,8707.63,1011,1000,112,10,21
17:12:45,8707.838,1011,1000,112,10,21
17:12:45,8708.029,1010,1000,112,10,21
17:12:46,8708.235,1013,1000,112,10,20
17:12:46,8708.428,1017,1000,112,10,20
17:12:46,8708.635,1016,1000,112,10,20
17:12:46,8708.827,1020,1000,112,10,20
17:12:46,8709.034,1014,1000,112,10,20
17:12:47,8709.225,1016,1000,112,10,20
17:12:47,8709.433,1018,1000,112,10,20
17:12:47,8709.625,1014,1000,112,10,20
17:12:47,8709.832,1016,1000,112,10,20
17:12:47,8710.027,1018,1000,111,10,19
17:12:48,8710.232,1012,1000,111,10,20
17:12:48,8710.422,1014,1000,111,10,20
17:12:48,8710.63,1009,1000,111,10,20
17:12:48,8710.822,1011,1000,111,10,20
17:12:48,8711.03,1008,1000,111,10,20
17:12:49,8711.221,1005,1000,111,10,20
17:12:49,8711.429,1009,1000,111,10,20
17:12:49,8711.621,1008,1000,111,10,20
17:12:49,8711.828,1008,1000,111,10,19
17:12:49,8712.019,1011,1000,111,10,19
17:12:50,8712.226,1009,1000,111,10,19
17:12:50,8712.417,1009,1000,111,10,19
17:12:50,8712.624,1010,1000,111,10,19
17:12:50,8712.816,1010,1000,111,10,19
17:12:50,8713.024,1011,1000,111,10,19
17:12:51,8713.216,1005,1000,111,10,19
17:12:51,8713.425,1004,1000,111,10,20
17:12:51,8713.617,1007,1000,111,10,19
17:12:51,8713.823,1006,1000,111,10,19
17:12:51,8714.018,1007,1000,111,10,19
17:12:52,8714.221,1009,1000,111,10,19
17:12:52,8714.418,1009,1000,110,10,19
17:12:52,8714.619,1008,1000,110,10,19
17:12:52,8714.81,1002,1000,110,10,19
17:12:52,8715.019,1003,1000,110,10,19
17:12:53,8715.214,1005,1000,110,10,19
17:12:53,8715.415,1004,1000,110,10,19
17:12:53,8715.622,1000,1000,110,10,19
17:12:53,8715.813,1003,1000,110,10,19
17:12:53,8716.022,1003,1000,110,10,19
17:12:54,8716.212,999,1000,110,10,19
17:12:54,8716.422,1002,1000,110,10,19
17:12:54,8716.612,998,1000,110,10,19
17:12:54,8716.82,1001,1000,110,10,19
17:12:54,8717.012,1003,1000,110,10,19
17:12:55,8717.203,999,1000,110,10,19
17:12:55,8717.411,1000,1000,110,10,19
17:12:55,8717.603,1002,1000,110,10,19
17:12:55,8717.81,1005,1000,110,10,19
17:12:55,8718.016,1006,1000,110,10,19
17:12:56,8718.207,1007,1000,110,10,19
17:12:56,8718.414,1005,1000,110,10,19
17:12:56,8718.608,1005,1000,110,10,19
17:12:56,8718.813,998,1000,110,10,19
17:12:56,8719.006,1001,1000,110,10,19
17:12:57,8719.215,1002,1000,110,10,19
17:12:57,8719.405,999,1000,110,10,19
17:12:57,8719.612,1001,1000,110,10,19
17:12:57,8719.803,998,1000,110,10,19
17:12:57,8720.01,1001,1000,110,10,19
17:12:58,8720.203,1003,1000,110,10,19
17:12:58,8720.41,1005,1000,110,10,19
17:12:58,8720.602,1001,1000,110,10,19
17:12:58,8720.809,1002,1000,110,10,19
17:12:58,8721.001,1004,1000,110,10,19
17:12:59,8721.209,1000,1000,110,10,19
17:12:59,8721.401,1000,1000,110,10,19
17:12:59,8721.593,1002,1000,110,10,19
17:12:59,8721.801,1005,1000,110,10,19
17:12:59,8721.992,1006,1000,110,10,19
17:13:00,8722.199,1004,1000,110,10,19
17:13:00,8722.391,1005,1000,110,10,19
17:13:00,8722.598,1006,1000,110,10,19
17:13:00,8722.79,999,1000,110,10,19
17:13:00,8722.996,1000,1000,110,10,19
17:13:01,8723.203,1000,1000,110,10,19
17:13:01,8723.396,1001,1000,110,10,19
17:13:01,8723.588,1000,1000,110,10,19
17:13:01,8723.795,1003,1000,110,10,19
17:13:01,8723.988,999,1000,110,10,19
17:13:02,8724.196,1001,1000,110,10,19
17:13:02,8724.387,1004,1000,110,10,19
17:13:02,8724.595,1006,1000,110,10,19
17:13:02,8724.786,1006,1000,110,10,19
17:13:02,8724.995,1000,1000,110,10,19
17:13:03,8725.185,1000,1000,110,10,19
17:13:03,8725.392,1001,1000,110,10,19
17:13:03,8725.583,1001,1000,110,10,19
17:13:03,8725.79,1000,1000,110,10,19
17:13:03,8725.982,1003,1000,110,10,19
17:13:04,8726.189,999,1000,110,10,19
17:13:04,8726.381,1002,1000,110,10,19
17:13:04,8726.587,1004,1000,110,10,19
17:13:04,8726.794,1006,1000,110,10,19
17:13:04,8726.987,1005,1000,110,10,19
17:13:05,8727.194,1000,1000,110,10,19
17:13:05,8727.386,1000,1000,110,10,19
17:13:05,8727.579,1001,1000,110,10,19
17:13:05,8727.786,999,1000,110,10,19
17:13:05,8727.978,999,1000,110,10,19
17:13:06,8728.186,1000,1000,110,10,19
17:13:06,8728.377,1000,1000,110,10,19
17:13:06,8728.585,995,1000,110,10,19
17:13:06,8728.776,996,1000,110,10,19
17:13:06,8728.984,998,1000,110,10,19
17:13:07,8729.176,993,1000,110,10,19
17:13:07,8729.385,993,1000,110,10,19
17:13:07,8729.577,997,1000,110,10,19
17:13:07,8729.784,1000,1000,110,10,19
17:13:07,8729.976,1003,1000,110,10,19
17:13:08,8730.185,1004,1000,110,10,19
17:13:08,8730.376,1006,1000,110,10,19
17:13:08,8730.584,1001,1000,110,10,19
17:13:08,8730.776,1001,1000,110,10,19
17:13:08,8730.984,1001,1000,110,10,19
17:13:09,8731.175,998,1000,110,10,19
17:13:09,8731.383,999,1000,110,10,19
17:13:09,8731.576,1000,1000,110,10,19
17:13:09,8731.767,999,1000,110,10,19
17:13:09,8731.974,998,1000,110,10,19
17:13:10,8732.166,999,1000,110,10,19
17:13:10,8732.373,1000,1000,110,10,19
17:13:10,8732.565,994,1000,110,10,19
17:13:10,8732.772,997,1000,110,10,19
17:13:10,8732.978,999,1000,110,10,19
17:13:11,8733.168,996,1000,110,10,19
17:13:11,8733.376,1000,1000,110,10,19
17:13:11,8733.566,997,1000,110,10,19
17:13:11,8733.774,1000,1000,110,10,19
17:13:11,8733.966,1003,1000,110,10,19
17:13:12,8734.174,1005,1000,110,10,19
17:13:12,8734.365,1004,1000,110,10,19
17:13:12,8734.573,1000,1000,110,10,19
17:13:12,8734.764,1001,1000,110,10,19
17:13:12,8734.972,1001,1000,110,10,19
17:13:13,8735.165,1000,1000,110,10,19
17:13:13,8735.372,999,1000,110,10,19
17:13:13,8735.564,999,1000,110,10,19
17:13:13,8735.77,1000,1000,110,10,19
17:13:13,8735.96,995,1000,110,10,19
17:13:14,8736.167,996,1000,110,10,19
17:13:14,8736.358,998,1000,110,10,19
17:13:14,8736.566,995,1000,110,10,19
17:13:14,8736.757,991,1000,110,10,19
17:13:14,8736.967,995,1000,110,10,19
17:13:15,8737.162,993,1000,110,10,19
17:13:15,8737.367,993,1000,110,10,19
17:13:15,8737.558,997,1000,110,10,19
17:13:15,8737.768,1000,1000,110,10,19
17:13:15,8737.957,1003,1000,110,10,19
17:13:16,8738.163,999,1000,110,10,19
17:13:16,8738.355,1002,1000,110,10,19
17:13:16,8738.563,998,1000,110,10,19
17:13:16,8738.754,1002,1000,110,10,19
17:13:16,8738.962,998,1000,110,10,19
17:13:16,8739.154,1001,1000,110,10,19
17:13:17,8739.361,1003,1000,110,10,19
17:13:17,8739.551,1005,1000,110,10,19
17:13:17,8739.756,1006,1000,110,10,19
17:13:17,8739.946,1000,1000,110,10,19
17:13:17,8740.155,1001,1000,110,10,19
17:13:18,8740.36,1001,1000,110,10,19
17:13:18,8740.551,1002,1000,110,10,19
17:13:18,8740.758,999,1000,110,10,19
17:13:18,8740.948,1002,1000,110,10,19
17:13:18,8741.156,998,1000,110,10,19
17:13:19,8741.348,1002,1000,110,10,19
17:13:19,8741.554,1004,1000,110,10,19
17:13:19,8741.745,1006,1000,110,10,19
17:13:19,8741.951,1006,1000,110,10,19
17:13:19,8742.15,1006,1000,110,10,19
17:13:20,8742.351,1001,1000,110,10,19
17:13:20,8742.543,996,1000,110,10,19
17:13:20,8742.751,997,1000,110,10,19
17:13:20,8742.947,996,1000,110,10,19
17:13:20,8743.149,992,1000,110,10,19
17:13:21,8743.34,996,1000,110,10,19
17:13:21,8743.547,995,1000,110,10,19
17:13:21,8743.739,992,1000,110,10,19
17:13:21,8743.945,996,1000,110,10,19
17:13:21,8744.137,994,1000,110,10,19
17:13:22,8744.345,995,1000,110,10,19
17:13:22,8744.537,999,1000,110,10,19
17:13:22,8744.746,1001,1000,110,10,19
17:13:22,8744.937,1004,1000,110,10,19
17:13:22,8745.144,1000,1000,110,10,19
17:13:23,8745.335,1003,1000,110,10,19
17:13:23,8745.543,1005,1000,110,10,19
17:13:23,8745.734,1004,1000,110,10,19
17:13:23,8745.941,1004,1000,110,10,19
17:13:23,8746.133,1004,1000,110,10,19
17:13:24,8746.339,1001,1000,110,10,19
17:13:24,8746.545,1000,1000,110,10,19
17:13:24,8746.736,1003,1000,110,10,19
17:13:24,8746.943,1004,1000,110,10,19
17:13:24,8747.135,1006,1000,110,10,19
17:13:25,8747.343,1000,1000,110,10,19
17:13:25,8747.536,1001,1000,110,10,19
17:13:25,8747.727,1001,1000,110,10,19
17:13:25,8747.934,998,1000,110,10,19
17:13:25,8748.126,999,1000,110,10,19
17:13:26,8748.333,1000,1000,110,10,19
17:13:26,8748.525,1000,1000,110,10,19
17:13:26,8748.732,997,1000,110,10,19
17:13:26,8748.923,998,1000,110,10,19
17:13:26,8749.13,999,1000,110,10,19
17:13:27,8749.322,994,1000,110,10,19
17:13:27,8749.529,996,1000,110,10,19
17:13:27,8749.721,1000,1000,110,10,19
17:13:27,8749.93,1000,1000,110,10,19
17:13:27,8750.122,1001,1000,110,10,19
17:13:28,8750.33,1001,1000,110,10,19
17:13:28,8750.521,996,1000,110,10,19
17:13:28,8750.73,998,1000,110,10,19
17:13:28,8750.922,999,1000,110,10,19
17:13:28,8751.129,998,1000,110,10,19
17:13:29,8751.32,998,1000,110,10,19
17:13:29,8751.526,999,1000,110,10,19
17:13:29,8751.717,1000,1000,110,10,19
17:13:29,8751.926,994,1000,110,10,19
17:13:29,8752.118,998,1000,110,10,19
17:13:30,8752.326,1000,1000,110,10,19
17:13:30,8752.517,998,1000,110,10,19
17:13:30,8752.725,1001,1000,110,10,19
17:13:30,8752.917,998,1000,110,10,19
17:13:30,8753.125,1001,1000,110,10,19
17:13:31,8753.317,998,1000,110,10,19
17:13:31,8753.526,1001,1000,110,10,19
17:13:31,8753.717,1004,1000,110,10,19
17:13:31,8753.925,1006,1000,110,10,19
17:13:31,8754.117,1005,1000,110,10,19
17:13:32,8754.31,999,1000,110,10,19
17:13:32,8754.517,997,1000,110,10,19
17:13:32,8754.714,998,1000,110,10,19
17:13:32,8754.918,996,1000,110,10,19
17:13:32,8755.11,991,1000,110,10,19
17:13:33,8755.32,995,1000,110,10,19
17:13:33,8755.511,993,1000,110,10,19
17:13:33,8755.715,993,1000,110,10,19
17:13:33,8755.911,997,1000,110,10,19
17:13:33,8756.115,1000,1000,110,10,19
17:13:34,8756.307,1003,1000,110,10,19
17:13:34,8756.515,999,1000,110,10,19
17:13:34,8756.707,1002,1000,110,10,19
17:13:34,8756.913,998,1000,110,10,19
17:13:34,8757.104,1001,1000,110,10,19
17:13:35,8757.312,998,1000,110,10,19
17:13:35,8757.505,1001,1000,110,10,19
17:13:35,8757.712,997,1000,110,10,19
17:13:35,8757.903,1000,1000,110,10,19
17:13:35,8758.11,1003,1000,110,10,19
17:13:36,8758.302,1005,1000,110,10,19
17:13:36,8758.51,1003,1000,110,10,19
17:13:36,8758.701,997,1000,110,10,19
17:13:36,8758.908,999,1000,110,10,19
17:13:36,8759.1,997,1000,110,10,19
17:13:37,8759.308,994,1000,110,10,19
17:13:37,8759.5,998,1000,110,10,19
17:13:37,8759.707,995,1000,110,10,19
17:13:37,8759.899,999,1000,110,10,19
17:13:37,8760.106,999,1000,110,10,19
17:13:38,8760.297,996,1000,110,10,19
17:13:38,8760.506,999,1000,110,10,19
17:13:38,8760.697,996,1000,110,10,19
17:13:38,8760.905,999,1000,110,10,19
17:13:38,8761.097,996,1000,110,10,19
17:13:39,8761.306,999,1000,110,10,19
17:13:39,8761.497,1002,1000,110,10,19
17:13:39,8761.705,998,1000,110,10,19
17:13:39,8761.898,1001,1000,110,10,19
17:13:39,8762.09,1003,1000,110,10,19
17:13:40,8762.296,1005,1000,110,10,19
17:13:40,8762.504,1004,1000,110,10,19
17:13:40,8762.695,1004,1000,110,10,19
17:13:40,8762.902,998,1000,110,10,19
17:13:40,8763.093,1001,1000,110,10,19
17:13:41,8763.301,1003,1000,110,10,19
17:13:41,8763.491,1005,1000,110,10,19
17:13:41,8763.699,1001,1000,110,10,19
17:13:41,8763.891,995,1000,110,10,19
17:13:41,8764.098,997,1000,110,10,19
17:13:42,8764.29,1000,1000,110,10,19
17:13:42,8764.498,999,1000,110,10,19
17:13:42,8764.689,1000,1000,110,10,19
17:13:42,8764.897,1002,1000,110,10,19
17:13:42,8765.088,1004,1000,110,10,19
17:13:43,8765.296,1005,1000,110,10,19
17:13:43,8765.488,1002,1000,110,10,19
17:13:43,8765.696,1001,1000,110,10,19
17:13:43,8765.886,1001,1000,110,10,19
17:13:43,8766.094,998,1000,110,10,19
17:13:44,8766.285,998,1000,110,10,19
17:13:44,8766.494,998,1000,110,10,19
17:13:44,8766.686,996,1000,110,10,19
17:13:44,8766.879,996,1000,110,10,19
17:13:44,8767.086,997,1000,110,10,19
17:13:45,8767.278,995,1000,110,10,19
17:13:45,8767.486,996,1000,110,10,19
17:13:45,8767.678,996,1000,110,10,19
17:13:45,8767.885,995,1000,110,10,19
17:13:45,8768.076,996,1000,110,10,19
17:13:46,8768.284,996,1000,110,10,19
17:13:46,8768.477,995,1000,110,10,19
17:13:46,8768.685,995,1000,110,10,19
17:13:46,8768.877,996,1000,110,10,19
17:13:46,8769.085,995,1000,110,10,19
17:13:47,8769.278,995,1000,110,10,19
17:13:47,8769.485,995,1000,110,10,19
17:13:47,8769.677,995,1000,110,10,19
17:13:47,8769.882,995,1000,110,10,19
17:13:47,8770.072,995,1000,110,10,19
17:13:48,8770.278,994,1000,110,10,19
17:13:48,8770.47,997,1000,110,10,19
17:13:48,8770.678,999,1000,110,10,19
17:13:48,8770.869,1001,1000,110,10,19
17:13:48,8771.077,1002,1000,110,10,19
17:13:49,8771.269,998,1000,110,10,19
17:13:49,8771.476,1000,1000,110,10,19
17:13:49,8771.668,1002,1000,110,10,19
17:13:49,8771.877,1004,1000,110,10,19
17:13:49,8772.069,1000,1000,110,10,19
17:13:50,8772.276,996,1000,110,10,19
17:13:50,8772.468,999,1000,110,10,19
17:13:50,8772.675,1001,1000,110,10,19
17:13:50,8772.866,1002,1000,110,10,19
17:13:50,8773.074,998,1000,110,10,19
17:13:51,8773.264,1000,1000,110,10,19
17:13:51,8773.47,1002,1000,110,10,19
17:13:51,8773.661,1003,1000,110,10,19
17:13:51,8773.869,999,1000,110,10,19
17:13:51,8774.06,998,1000,110,10,19
17:13:52,8774.267,1001,1000,110,10,19
17:13:52,8774.459,1002,1000,110,10,19
17:13:52,8774.667,1002,1000,110,10,19
17:13:52,8774.874,1000,1000,110,10,19
17:13:52,8775.065,1002,1000,110,10,19
17:13:53,8775.273,1003,1000,110,10,19
17:13:53,8775.465,1003,1000,110,10,19
17:13:53,8775.673,998,1000,110,10,19
17:13:53,8775.865,1000,1000,110,10,19
17:13:53,8776.056,1002,1000,110,10,19
17:13:54,8776.264,1003,1000,110,10,19
17:13:54,8776.456,998,1000,110,10,19
17:13:54,8776.665,1000,1000,110,10,19
17:13:54,8776.857,1002,1000,110,10,19
17:13:54,8777.065,1003,1000,110,10,19
17:13:55,8777.256,998,1000,110,10,19
17:13:55,8777.464,998,1000,110,10,19
17:13:55,8777.657,1000,1000,110,10,19
17:13:55,8777.863,1002,1000,110,10,19
17:13:55,8778.057,1001,1000,110,10,19
17:13:56,8778.262,1000,1000,110,10,19
17:13:56,8778.453,1002,1000,110,10,19
17:13:56,8778.661,1003,1000,110,10,19
17:13:56,8778.852,1002,1000,110,10,19
17:13:56,8779.06,998,1000,110,10,19
17:13:57,8779.251,1000,1000,110,10,19
17:13:57,8779.46,1001,1000,110,10,19
17:13:57,8779.651,1003,1000,110,10,19
17:13:57,8779.861,998,1000,110,10,19
17:13:57,8780.051,1000,1000,110,10,19
17:13:58,8780.261,1001,1000,110,10,19
17:13:58,8780.451,1003,1000,110,10,19
17:13:58,8780.659,998,1000,110,10,19
17:13:58,8780.851,999,1000,110,10,19
17:13:58,8781.059,1001,1000,110,10,19
17:13:59,8781.253,1002,1000,110,10,19
17:13:59,8781.46,1001,1000,110,10,19
17:13:59,8781.652,1001,1000,110,10,19
17:13:59,8781.843,1003,1000,110,10,19
17:13:59,8782.049,1004,1000,110,10,19
17:14:00,8782.257,1002,1000,110,10,19
17:14:00,8782.449,997,1000,110,10,19
17:14:00,8782.641,1000,1000,110,10,19
17:14:00,8782.848,1002,1000,110,10,19
17:14:00,8783.04,1003,1000,110,10,19
17:14:01,8783.247,998,1000,110,10,19
17:14:01,8783.439,1000,1000,110,10,19
17:14:01,8783.648,1002,1000,110,10,19
17:14:01,8783.839,1003,1000,110,10,19
17:14:01,8784.047,998,1000,110,10,19
17:14:02,8784.238,999,1000,110,10,19
17:14:02,8784.444,1001,1000,110,10,19
17:14:02,8784.652,1002,1000,110,10,19
17:14:02,8784.844,1000,1000,110,10,19
17:14:02,8785.035,1001,1000,110,10,19
17:14:03,8785.243,1003,1000,110,10,19
17:14:03,8785.436,1004,1000,110,10,19
17:14:03,8785.644,1001,1000,110,10,19
17:14:03,8785.835,997,1000,110,10,19
17:14:03,8786.042,999,1000,110,10,19
17:14:04,8786.234,1001,1000,110,10,19
17:14:04,8786.443,1002,1000,110,10,19
17:14:04,8786.634,997,1000,110,10,19
17:14:04,8786.842,1000,1000,110,10,19
17:14:04,8787.034,1001,1000,110,10,19
17:14:05,8787.241,1003,1000,110,10,19
17:14:05,8787.433,998,1000,110,10,19
17:14:05,8787.641,999,1000,110,10,19
17:14:05,8787.833,1001,1000,110,10,19
17:14:05,8788.041,1003,1000,110,10,19
17:14:06,8788.233,1002,1000,110,10,19
17:14:06,8788.441,1001,1000,110,10,19
17:14:06,8788.632,1003,1000,110,10,19
17:14:06,8788.84,1004,1000,110,10,19
17:14:06,8789.032,1004,1000,110,10,19
17:14:07,8789.24,1000,1000,110,10,19
17:14:07,8789.432,1002,1000,110,10,19
17:14:07,8789.639,1004,1000,110,10,19
17:14:07,8789.83,1005,1000,110,10,19
17:14:07,8790.037,1001,1000,110,10,19
17:14:08,8790.23,1001,1000,110,10,19
17:14:08,8790.437,1000,1000,110,10,19
17:14:08,8790.629,998,1000,110,10,19
17:14:08,8790.822,998,1000,110,10,19
17:14:08,8791.029,998,1000,110,10,19
17:14:09,8791.221,996,1000,110,10,19
17:14:09,8791.428,991,1000,110,10,19
17:14:09,8791.62,995,1000,110,10,19
17:14:09,8791.826,998,1000,110,10,19
17:14:09,8792.034,1000,1000,110,10,19
17:14:10,8792.226,997,1000,110,10,19
17:14:10,8792.418,1000,1000,110,10,19
17:14:10,8792.626,1002,1000,110,10,19
17:14:10,8792.816,1004,1000,110,10,19
17:14:10,8793.023,1003,1000,110,10,19
17:14:11,8793.23,999,1000,110,10,19
17:14:11,8793.421,1002,1000,110,10,19
17:14:11,8793.626,1004,1000,110,10,19
17:14:11,8793.817,1006,1000,110,10,19
17:14:11,8794.025,1003,1000,110,10,19
17:14:12,8794.216,996,1000,110,10,19
17:14:12,8794.424,997,1000,110,10,19
17:14:12,8794.615,998,1000,110,10,19
17:14:12,8794.824,994,1000,110,10,19
17:14:12,8795.016,997,1000,110,10,19
17:14:13,8795.224,996,1000,110,10,19
17:14:13,8795.418,994,1000,110,10,19
17:14:13,8795.622,998,1000,110,10,19
17:14:13,8795.813,995,1000,110,10,19
17:14:13,8796.021,999,1000,110,10,19
17:14:14,8796.215,996,1000,110,10,19
17:14:14,8796.421,999,1000,110,10,19
17:14:14,8796.613,1002,1000,110,10,19
17:14:14,8796.819,1004,1000,110,10,19
17:14:14,8797.011,1001,1000,110,10,19
17:14:15,8797.218,1001,1000,110,10,19
17:14:15,8797.409,1004,1000,110,10,19
17:14:15,8797.619,1005,1000,110,10,19
17:14:15,8797.809,1006,1000,110,10,19
17:14:15,8798.017,1005,1000,110,10,19
17:14:16,8798.209,1000,1000,110,10,19
17:14:16,8798.416,996,1000,110,10,19
17:14:16,8798.607,997,1000,110,10,19
17:14:16,8798.815,998,1000,110,10,19
17:14:16,8799.008,993,1000,110,10,19
17:14:17,8799.215,998,1000,110,10,19
17:14:17,8799.406,1000,1000,110,10,19
17:14:17,8799.613,995,1000,110,10,19
17:14:17,8799.804,996,1000,110,10,19
17:14:17,8800.012,998,1000,110,10,19
17:14:18,8800.203,995,1000,110,10,19
17:14:18,8800.41,996,1000,110,10,19
17:14:18,8800.604,997,1000,110,10,19
17:14:18,8800.812,996,1000,110,10,19
17:14:18,8801.004,997,1000,110,10,19
17:14:19,8801.196,998,1000,110,10,19
17:14:19,8801.404,999,1000,110,10,19
17:14:19,8801.595,994,1000,110,10,19
17:14:19,8801.805,997,1000,110,10,19
17:14:19,8801.996,998,1000,110,10,19
17:14:20,8802.203,997,1000,110,10,19
17:14:20,8802.394,1001,1000,110,10,19
17:14:20,8802.601,997,1000,110,10,19
17:14:20,8802.796,1000,1000,110,10,19
17:14:20,8802.999,1003,1000,110,10,19
17:14:21,8803.208,1004,1000,110,10,19
17:14:21,8803.398,1006,1000,110,10,19
17:14:21,8803.591,1000,1000,110,10,19
17:14:21,8803.8,1001,1000,110,10,19
17:14:21,8803.992,1001,1000,110,10,19
17:14:22,8804.201,998,1000,110,10,19
17:14:22,8804.392,999,1000,110,10,19
17:14:22,8804.599,1000,1000,110,10,19
17:14:22,8804.79,1000,1000,110,10,19
17:14:22,8804.998,997,1000,110,10,19
17:14:23,8805.189,998,1000,110,10,19
17:14:23,8805.397,999,1000,110,10,19
17:14:23,8805.588,994,1000,110,10,19
17:14:23,8805.796,996,1000,110,10,19
17:14:23,8805.986,999,1000,110,10,19
17:14:24,8806.192,1002,1000,110,10,19
17:14:24,8806.401,1004,1000,110,10,19
17:14:24,8806.589,1005,1000,110,10,19
17:14:24,8806.796,1004,1000,110,10,19
17:14:24,8806.987,1004,1000,110,10,19
17:14:25,8807.193,998,1000,110,10,19
17:14:25,8807.39,995,1000,110,10,19
17:14:25,8807.58,996,1000,110,10,19
17:14:25,8807.788,993,1000,110,10,19
17:14:25,8807.995,990,1000,110,10,20
17:14:26,8808.186,994,1000,110,10,19
17:14:26,8808.394,995,1000,110,10,19
17:14:26,8808.585,993,1000,110,10,19
17:14:26,8808.794,997,1000,110,10,19
17:14:26,8808.986,999,1000,110,10,19
17:14:27,8809.189,1002,1000,110,10,19
17:14:27,8809.382,1001,1000,110,10,19
17:14:27,8809.589,1001,1000,110,10,19
17:14:27,8809.78,1003,1000,110,10,19
17:14:27,8809.987,1005,1000,110,10,19
17:14:28,8810.181,1004,1000,110,10,19
17:14:28,8810.385,998,1000,110,10,19
17:14:28,8810.576,1000,1000,110,10,19
17:14:28,8810.783,1002,1000,110,10,19
17:14:28,8810.975,1004,1000,110,10,19
17:14:29,8811.183,999,1000,110,10,19
17:14:29,8811.374,998,1000,110,10,19
17:14:29,8811.58,1001,1000,110,10,19
17:14:29,8811.772,1003,1000,110,10,19
17:14:29,8811.98,1004,1000,110,10,19
17:14:30,8812.17,1000,1000,110,10,19
17:14:30,8812.377,1002,1000,110,10,19
17:14:30,8812.569,1004,1000,110,10,19
17:14:30,8812.777,1005,1000,110,10,19
17:14:30,8812.97,1000,1000,110,10,19
17:14:31,8813.178,995,1000,110,10,19
17:14:31,8813.369,998,1000,110,10,19
17:14:31,8813.576,1000,1000,110,10,19
17:14:31,8813.77,999,1000,110,10,19
17:14:31,8813.979,1000,1000,110,10,19
17:14:32,8814.17,1003,1000,110,10,19
17:14:32,8814.379,1005,1000,110,10,19
17:14:32,8814.57,1003,1000,110,10,19
17:14:32,8814.778,998,1000,110,10,19
17:14:32,8814.97,1000,1000,110,10,19
17:14:33,8815.168,1002,1000,110,10,19
17:14:33,8815.368,1004,1000,110,10,19
17:14:33,8815.574,1001,1000,110,10,19
17:14:33,8815.767,1003,1000,110,10,19
17:14:33,8815.974,1005,1000,110,10,19
17:14:34,8816.166,1004,1000,110,10,19
17:14:34,8816.374,998,1000,110,10,19
17:14:34,8816.565,996,1000,110,10,19
17:14:34,8816.757,999,1000,110,10,19
17:14:34,8816.966,996,1000,110,10,19
17:14:35,8817.165,999,1000,110,10,19
17:14:35,8817.363,996,1000,110,10,19
17:14:35,8817.571,998,1000,110,10,19
17:14:35,8817.763,1001,1000,110,10,19
17:14:35,8817.956,1003,1000,110,10,19
17:14:36,8818.163,1005,1000,110,10,19
17:14:36,8818.354,1004,1000,110,10,19
17:14:36,8818.561,1003,1000,110,10,19
17:14:36,8818.754,1003,1000,110,10,19
17:14:36,8818.962,996,1000,110,10,19
17:14:37,8819.16,997,1000,110,10,19
17:14:37,8819.36,998,1000,110,10,19
17:14:37,8819.552,993,1000,110,10,19
17:14:37,8819.76,997,1000,110,10,19
17:14:37,8819.952,998,1000,110,10,19
17:14:38,8820.16,998,1000,110,10,19
17:14:38,8820.351,1001,1000,110,10,19
17:14:38,8820.559,997,1000,110,10,19
17:14:38,8820.75,1001,1000,110,10,19
17:14:38,8820.961,997,1000,110,10,19
17:14:38,8821.15,1001,1000,110,10,19
17:14:39,8821.358,997,1000,110,10,19
17:14:39,8821.55,1001,1000,110,10,19
17:14:39,8821.758,1003,1000,110,10,19
17:14:39,8821.949,1005,1000,110,10,19
17:14:39,8822.157,1006,1000,110,10,19
17:14:40,8822.348,1000,1000,110,10,19
17:14:40,8822.555,1001,1000,110,10,19
17:14:40,8822.747,1001,1000,110,10,19
17:14:40,8822.954,999,1000,110,10,19
17:14:40,8823.146,1000,1000,110,10,19
17:14:41,8823.351,1000,1000,110,10,19
17:14:41,8823.546,1001,1000,110,10,19
17:14:41,8823.749,995,1000,110,10,19
17:14:41,8823.941,997,1000,110,10,19
17:14:41,8824.148,998,1000,110,10,19
17:14:42,8824.34,995,1000,110,10,19
17:14:42,8824.548,991,1000,110,10,19
17:14:42,8824.738,996,1000,110,10,19
17:14:42,8824.946,994,1000,110,10,19
17:14:42,8825.137,997,1000,110,10,19
17:14:43,8825.344,1001,1000,110,10,19
17:14:43,8825.536,1003,1000,110,10,19
17:14:43,8825.743,1005,1000,110,10,19
17:14:43,8825.934,999,1000,110,10,19
17:14:43,8826.142,1000,1000,110,10,19
17:14:44,8826.333,1001,1000,110,10,19
17:14:44,8826.541,999,1000,110,10,19
17:14:44,8826.733,1001,1000,110,10,19
17:14:44,8826.94,1004,1000,110,10,19
17:14:44,8827.133,1005,1000,110,10,19
17:14:45,8827.341,1006,1000,110,10,19
17:14:45,8827.533,1006,1000,110,10,19
17:14:45,8827.74,1004,1000,110,10,19
17:14:45,8827.933,998,1000,110,10,19
17:14:45,8828.141,1000,1000,110,10,19
17:14:46,8828.332,1001,1000,110,10,19
17:14:46,8828.541,1000,1000,110,10,19
17:14:46,8828.733,998,1000,110,10,19
17:14:46,8828.942,1000,1000,110,10,19
17:14:46,8829.134,1001,1000,110,10,19
17:14:47,8829.326,998,1000,110,10,19
17:14:47,8829.533,999,1000,110,10,19
17:14:47,8829.724,1001,1000,110,10,19
17:14:47,8829.931,1002,1000,110,10,19
17:14:47,8830.123,1000,1000,110,10,19
17:14:48,8830.331,1001,1000,110,10,19
17:14:48,8830.523,1002,1000,110,10,19
17:14:48,8830.73,1003,1000,110,10,19
17:14:48,8830.923,1000,1000,110,10,19
17:14:48,8831.131,1001,1000,110,10,19
17:14:49,8831.323,1003,1000,110,10,19
17:14:49,8831.531,1004,1000,110,10,19
17:14:49,8831.722,999,1000,110,10,19
17:14:49,8831.93,998,1000,110,10,19
17:14:49,8832.122,1000,1000,110,10,19
17:14:50,8832.331,1002,1000,110,10,19
17:14:50,8832.522,1001,1000,110,10,19
17:14:50,8832.73,1001,1000,110,10,19
17:14:50,8832.923,1002,1000,110,10,19
17:14:50,8833.115,1004,1000,110,10,19
17:14:51,8833.321,1003,1000,110,10,19
17:14:51,8833.514,998,1000,110,10,19
17:14:51,8833.721,1000,1000,110,10,19
17:14:51,8833.913,1002,1000,110,10,19
17:14:51,8834.121,1004,1000,110,10,19
17:14:52,8834.313,999,1000,110,10,19
17:14:52,8834.521,1001,1000,110,10,19
17:14:52,8834.713,1003,1000,110,10,19
17:14:52,8834.921,1004,1000,110,10,19
17:14:52,8835.113,1001,1000,110,10,19
17:14:53,8835.32,997,1000,110,10,19
17:14:53,8835.513,1000,1000,110,10,19
17:14:53,8835.719,1002,1000,110,10,19
17:14:53,8835.911,1004,1000,110,10,19
17:14:53,8836.119,999,1000,110,10,19
17:14:54,8836.31,1000,1000,110,10,19
17:14:54,8836.517,1002,1000,110,10,19
17:14:54,8836.708,1004,1000,110,10,19
17:14:54,8836.915,1005,1000,110,10,19
17:14:54,8837.107,1000,1000,110,10,19
17:14:55,8837.314,1003,1000,110,10,19
17:14:55,8837.505,1004,1000,110,10,19
17:14:55,8837.713,1006,1000,110,10,19
17:14:55,8837.904,1004,1000,110,10,19
17:14:55,8838.113,1000,1000,110,10,19
17:14:56,8838.305,1002,1000,110,10,19
17:14:56,8838.513,1004,1000,110,10,19
17:14:56,8838.703,1006,1000,110,10,19
17:14:56,8838.911,1001,1000,110,10,19
17:14:56,8839.102,1004,1000,110,10,19
17:14:57,8839.308,1005,1000,110,10,19
17:14:57,8839.499,1000,1000,110,10,19
17:14:57,8839.707,1002,1000,110,10,19
17:14:57,8839.898,1004,1000,110,10,19
17:14:57,8840.104,1000,1000,110,10,19
17:14:58,8840.311,1001,1000,110,10,19
17:14:58,8840.502,1003,1000,110,10,19
17:14:58,8840.71,1005,1000,110,10,19
17:14:58,8840.904,1007,1000,110,10,18
17:14:58,8841.095,1004,1000,110,10,19
17:14:59,8841.302,1004,1000,110,10,19
17:14:59,8841.494,1006,1000,110,10,18
17:14:59,8841.702,1005,1000,110,10,18
17:14:59,8841.892,1005,1000,110,10,18
17:14:59,8842.099,1004,1000,110,10,19
17:15:00,8842.305,998,1000,110,10,19
17:15:00,8842.497,999,1000,110,10,19
17:15:00,8842.706,1000,1000,110,10,19
17:15:00,8842.898,1001,1000,110,10,19
17:15:00,8843.089,999,1000,110,10,19
17:15:01,8843.296,1002,1000,110,10,19
17:15:01,8843.487,999,1000,110,10,19
17:15:01,8843.695,1001,1000,110,10,19
17:15:01,8843.886,1004,1000,110,10,19
17:15:01,8844.094,1006,1000,110,10,18
17:15:02,8844.301,1006,1000,110,10,18
17:15:02,8844.494,1000,1000,110,10,19
17:15:02,8844.686,1001,1000,110,10,19
17:15:02,8844.892,1002,1000,110,10,19
17:15:02,8845.086,1002,1000,110,10,19
17:15:03,8845.291,999,1000,110,10,19
17:15:03,8845.487,1002,1000,110,10,19
17:15:03,8845.689,999,1000,110,10,19
17:15:03,8845.888,1003,1000,110,10,19
17:15:03,8846.089,1000,1000,110,10,19
17:15:04,8846.281,1003,1000,110,10,19
17:15:04,8846.489,1000,1000,110,10,19
17:15:04,8846.681,1001,1000,110,10,19
17:15:04,8846.89,1004,1000,110,10,19
17:15:04,8847.08,1005,1000,110,10,18
17:15:05,8847.288,1006,1000,110,10,18
17:15:05,8847.483,1007,1000,110,10,18
17:15:05,8847.687,1005,1000,110,10,18
17:15:05,8847.879,998,1000,110,10,19
17:15:05,8848.088,1000,1000,110,10,19
17:15:06,8848.279,1002,1000,110,10,19
17:15:06,8848.488,1003,1000,110,10,19
17:15:06,8848.68,998,1000,110,10,19
17:15:06,8848.887,1001,1000,110,10,19
17:15:06,8849.079,1002,1000,110,10,19
17:15:07,8849.285,1004,1000,110,10,19
17:15:07,8849.477,1003,1000,110,10,19
17:15:07,8849.683,1002,1000,110,10,19
17:15:07,8849.875,1004,1000,110,10,19
17:15:07,8850.082,1005,1000,109,10,18
17:15:08,8850.273,1006,1000,109,10,18
17:15:08,8850.482,999,1000,109,10,18
17:15:08,8850.673,1000,1000,109,10,18
17:15:08,8850.881,1003,1000,109,10,18
17:15:08,8851.073,1005,1000,109,10,18
17:15:09,8851.281,1004,1000,109,10,18
17:15:09,8851.474,1002,1000,109,10,18
17:15:09,8851.68,1004,1000,109,10,18
17:15:09,8851.871,1000,1000,109,10,18
17:15:09,8852.079,1003,1000,109,10,18
17:15:10,8852.269,1005,1000,109,10,18
17:15:10,8852.477,1006,1000,109,10,18
17:15:10,8852.668,1004,1000,109,10,18
17:15:10,8852.878,997,1000,109,10,18
17:15:10,8853.066,1000,1000,109,10,18
17:15:11,8853.275,999,1000,109,10,18
17:15:11,8853.463,997,1000,109,10,18
17:15:11,8853.669,1000,1000,109,10,18
17:15:11,8853.876,997,1000,109,10,18
17:15:11,8854.065,1000,1000,109,10,18
17:15:12,8854.273,1003,1000,109,10,18
17:15:12,8854.463,1005,1000,109,10,18
17:15:12,8854.671,1007,1000,109,10,18
17:15:12,8854.863,1003,1000,109,10,18
17:15:12,8855.071,1003,1000,109,10,18
17:15:13,8855.261,1005,1000,109,10,18
17:15:13,8855.468,999,1000,109,10,18
17:15:13,8855.659,1000,1000,109,10,18
17:15:13,8855.866,1003,1000,109,10,18
17:15:13,8856.057,1000,1000,109,10,18
17:15:14,8856.265,1002,1000,109,10,18
17:15:14,8856.457,1005,1000,109,10,18
17:15:14,8856.663,1003,1000,109,10,18
17:15:14,8856.853,1004,1000,109,10,18
17:15:14,8857.058,1004,1000,109,10,18
17:15:15,8857.263,1001,1000,109,10,18
17:15:15,8857.452,996,1000,109,10,18
17:15:15,8857.66,998,1000,109,10,18
17:15:15,8857.852,1000,1000,109,10,18
17:15:15,8858.06,999,1000,109,10,18
17:15:16,8858.252,999,1000,109,10,18
17:15:16,8858.461,1001,1000,109,10,18
17:15:16,8858.653,1002,1000,109,10,18
17:15:16,8858.861,1001,1000,109,10,18
17:15:16,8859.054,1001,1000,109,10,18
17:15:17,8859.261,1003,1000,109,10,18
17:15:17,8859.453,1004,1000,109,10,18
17:15:17,8859.66,1005,1000,109,10,18
17:15:17,8859.851,1001,1000,109,10,18
17:15:17,8860.057,1003,1000,109,10,18
17:15:18,8860.247,1004,1000,109,10,18
17:15:18,8860.454,1006,1000,109,10,18
17:15:18,8860.644,1004,1000,109,10,18
17:15:18,8860.852,1000,1000,109,10,18
17:15:18,8861.044,1003,1000,109,10,18
17:15:19,8861.251,1003,1000,109,10,18
17:15:19,8861.442,999,1000,109,10,18
17:15:19,8861.65,1002,1000,109,10,18
17:15:19,8861.841,999,1000,109,10,18
17:15:19,8862.049,1001,1000,109,10,18
17:15:20,8862.239,1004,1000,109,10,18
17:15:20,8862.447,1006,1000,109,10,18
17:15:20,8862.638,1007,1000,109,10,18
17:15:20,8862.845,1006,1000,109,10,18
17:15:20,8863.037,1006,1000,109,10,18
17:15:21,8863.247,1005,1000,109,10,18
17:15:21,8863.437,1001,1000,109,10,18
17:15:21,8863.645,996,1000,109,10,18
17:15:21,8863.837,1000,1000,109,10,18
17:15:21,8864.045,1003,1000,109,10,18
17:15:22,8864.237,1005,1000,109,10,18
17:15:22,8864.445,1005,1000,109,10,18
17:15:22,8864.638,1004,1000,109,10,18
17:15:22,8864.845,1004,1000,109,10,18
17:15:22,8865.037,1001,1000,109,10,18
17:15:23,8865.245,1003,1000,109,10,18
17:15:23,8865.437,1000,1000,109,10,18
17:15:23,8865.644,1003,1000,109,10,18
17:15:23,8865.836,999,1000,109,10,18
17:15:23,8866.029,1002,1000,109,10,18
17:15:24,8866.237,1004,1000,109,10,18
17:15:24,8866.444,1006,1000,109,10,18
17:15:24,8866.636,1007,1000,109,10,18
17:15:24,8866.828,1006,1000,109,10,18
17:15:24,8867.036,1005,1000,109,10,18
17:15:25,8867.227,1004,1000,109,10,18
17:15:25,8867.434,998,1000,109,10,18
17:15:25,8867.627,999,1000,109,10,18
17:15:25,8867.834,1002,1000,109,10,18
17:15:25,8868.027,1000,1000,109,10,18
17:15:26,8868.235,997,1000,109,10,18
17:15:26,8868.428,1000,1000,109,10,18
17:15:26,8868.636,1002,1000,109,10,18
17:15:26,8868.828,1004,1000,109,10,18
17:15:26,8869.034,1003,1000,109,10,18
17:15:27,8869.226,1003,1000,109,10,18
17:15:27,8869.433,1004,1000,109,10,18
17:15:27,8869.625,1006,1000,109,10,18
17:15:27,8869.833,1004,1000,109,10,18
17:15:27,8870.025,998,1000,109,10,18
17:15:28,8870.232,998,1000,109,10,18
17:15:28,8870.425,998,1000,109,10,18
17:15:28,8870.632,993,1000,109,10,18
17:15:28,8870.825,996,1000,109,10,18
17:15:28,8871.034,999,1000,109,10,18
17:15:29,8871.223,1002,1000,109,10,18
17:15:29,8871.43,998,1000,109,10,18
17:15:29,8871.621,998,1000,109,10,18
17:15:29,8871.829,1000,1000,109,10,18
17:15:29,8872.021,1002,1000,109,10,18
17:15:30,8872.214,1004,1000,109,10,18
17:15:30,8872.421,1000,1000,109,10,18
17:15:30,8872.613,1002,1000,109,10,18
17:15:30,8872.821,1004,1000,109,10,18
17:15:30,8873.012,1006,1000,109,10,18
17:15:31,8873.22,1002,1000,109,10,18
17:15:31,8873.412,996,1000,109,10,18
17:15:31,8873.619,997,1000,109,10,18
17:15:31,8873.81,996,1000,109,10,18
17:15:31,8874.018,991,1000,109,10,18
17:15:32,8874.209,996,1000,109,10,18
17:15:32,8874.416,995,1000,109,10,18
17:15:32,8874.609,993,1000,109,10,18
17:15:32,8874.817,997,1000,109,10,18
17:15:32,8875.009,995,1000,109,10,18
17:15:33,8875.217,999,1000,109,10,18
17:15:33,8875.407,996,1000,109,10,18
17:15:33,8875.615,999,1000,109,10,18
17:15:33,8875.807,1003,1000,109,10,18
17:15:33,8876.016,1004,1000,109,10,18
17:15:34,8876.207,1007,1000,109,10,18
17:15:34,8876.414,1001,1000,109,10,18
17:15:34,8876.605,1002,1000,109,10,18
17:15:34,8876.813,1003,1000,109,10,18
17:15:34,8877.006,1000,1000,109,10,18
17:15:35,8877.214,1003,1000,109,10,18
17:15:35,8877.407,1006,1000,109,10,18
17:15:35,8877.614,1003,1000,109,10,18
17:15:35,8877.806,1004,1000,109,10,18
17:15:35,8878.013,1004,1000,109,10,18
17:15:36,8878.206,1001,1000,109,10,18
17:15:36,8878.398,1002,1000,109,10,18
17:15:36,8878.606,1003,1000,109,10,18
17:15:36,8878.797,1003,1000,109,10,18
17:15:36,8879.005,1002,1000,109,10,18
17:15:37,8879.198,1001,1000,109,10,18
17:15:37,8879.406,1002,1000,109,10,18
17:15:37,8879.598,1003,1000,109,10,18
17:15:37,8879.807,999,1000,109,10,18
17:15:37,8879.998,1000,1000,109,10,18
17:15:38,8880.206,1001,1000,109,10,18
17:15:38,8880.398,1002,1000,109,10,18
17:15:38,8880.606,997,1000,109,10,18
17:15:38,8880.798,999,1000,109,10,18
17:15:38,8881.006,1001,1000,109,10,18
17:15:39,8881.197,1001,1000,109,10,18
17:15:39,8881.404,996,1000,109,10,18
17:15:39,8881.597,998,1000,109,10,18
17:15:39,8881.789,1000,1000,109,10,18
17:15:39,8881.997,1001,1000,109,10,18
17:15:40,8882.188,997,1000,109,10,18
17:15:40,8882.396,998,1000,109,10,18
17:15:40,8882.588,1000,1000,109,10,18
17:15:40,8882.793,1000,1000,109,10,18
17:15:40,8883.002,996,1000,109,10,18
17:15:41,8883.193,998,1000,109,10,18
17:15:41,8883.397,1000,1000,109,10,18
17:15:41,8883.587,1002,1000,109,10,18
17:15:41,8883.796,998,1000,109,10,18
17:15:41,8883.989,1000,1000,109,10,18
17:15:42,8884.197,1002,1000,109,10,18
17:15:42,8884.389,1004,1000,109,10,18
17:15:42,8884.596,1001,1000,109,10,18
17:15:42,8884.788,998,1000,109,10,18
17:15:42,8884.981,1001,1000,109,10,18
17:15:43,8885.189,1000,1000,109,10,18
17:15:43,8885.381,997,1000,109,10,18
17:15:43,8885.589,1001,1000,109,10,18
17:15:43,8885.781,998,1000,109,10,18
17:15:43,8885.99,1001,1000,109,10,18
17:15:44,8886.182,1004,1000,109,10,18
17:15:44,8886.389,1001,1000,109,10,18
17:15:44,8886.581,1005,1000,109,10,18
17:15:44,8886.79,1003,1000,109,10,18
17:15:44,8886.982,1002,1000,109,10,18
17:15:45,8887.19,1006,1000,109,10,18
17:15:45,8887.382,1005,1000,109,10,18
17:15:45,8887.59,1006,1000,109,10,17
17:15:45,8887.78,1006,1000,109,10,17
17:15:45,8887.989,1005,1000,109,10,17
17:15:46,8888.181,1007,1000,109,10,17
17:15:46,8888.372,1004,1000,109,10,18
17:15:46,8888.58,1008,1000,109,10,17
17:15:46,8888.787,1011,1000,109,10,17
17:15:46,8888.978,1008,1000,108,10,17
17:15:47,8889.172,1009,1000,108,10,17
17:15:47,8889.376,1010,1000,108,10,17
17:15:47,8889.583,1010,1000,108,10,17
17:15:47,8889.774,1006,1000,108,10,17
17:15:47,8889.981,1005,1000,108,10,17
17:15:48,8890.174,1007,1000,108,10,17
17:15:48,8890.382,1007,1000,108,10,17
17:15:48,8890.575,1009,1000,108,10,17
17:15:48,8890.78,1005,1000,108,10,17
17:15:48,8890.972,1006,1000,108,10,17
17:15:49,8891.18,1008,1000,108,10,17
17:15:49,8891.371,1007,1000,108,10,17
17:15:49,8891.58,1009,1000,108,10,17
17:15:49,8891.772,1007,1000,108,10,17
17:15:49,8891.979,1003,1000,108,10,17
17:15:50,8892.17,1004,1000,108,10,17
17:15:50,8892.377,1002,1000,108,10,17
17:15:50,8892.568,1003,1000,108,10,17
17:15:50,8892.778,1005,1000,108,10,17
17:15:50,8892.968,1006,1000,108,10,17
17:15:51,8893.16,1005,1000,108,10,17
17:15:51,8893.367,1000,1000,108,10,17
17:15:51,8893.575,1001,1000,108,10,17
17:15:51,8893.767,1001,1000,108,10,17
17:15:51,8893.959,1001,1000,108,10,17
17:15:52,8894.167,999,1000,108,10,17
17:15:52,8894.359,999,1000,108,10,17
17:15:52,8894.566,1000,1000,108,10,17
17:15:52,8894.758,994,1000,108,10,17
17:15:52,8894.966,995,1000,108,10,17
17:15:52,8895.158,995,1000,108,10,17
17:15:53,8895.365,990,1000,108,10,17
17:15:53,8895.557,991,1000,108,10,17
17:15:53,8895.766,994,1000,108,10,17
17:15:53,8895.958,992,1000,108,10,18
17:15:54,8896.166,990,1000,108,10,18
17:15:54,8896.357,994,1000,108,10,17
17:15:54,8896.565,991,1000,108,10,18
17:15:54,8896.758,992,1000,108,10,18
17:15:54,8896.965,996,1000,108,10,17
17:15:54,8897.157,992,1000,108,10,18
17:15:55,8897.364,993,1000,108,10,18
17:15:55,8897.556,997,1000,108,10,17
17:15:55,8897.763,993,1000,108,10,18
17:15:55,8897.955,994,1000,108,10,18
17:15:56,8898.163,998,1000,108,10,17
17:15:56,8898.356,997,1000,108,10,17
17:15:56,8898.548,992,1000,108,10,18
17:15:56,8898.757,995,1000,108,10,17
17:15:56,8898.948,999,1000,108,10,17
17:15:56,8899.155,998,1000,108,10,17
17:15:57,8899.347,996,1000,108,10,17
17:15:57,8899.556,997,1000,108,10,17
17:15:57,8899.746,997,1000,108,10,17
17:15:57,8899.954,994,1000,108,10,18
17:15:57,8900.146,995,1000,108,10,17
17:15:58,8900.353,998,1000,108,10,17
17:15:58,8900.545,993,1000,108,10,18
17:15:58,8900.753,993,1000,108,10,18
17:15:58,8900.945,997,1000,108,10,18
17:15:58,8901.154,1000,1000,108,10,18
17:15:59,8901.345,1001,1000,108,10,18
17:15:59,8901.553,997,1000,108,10,18
17:15:59,8901.747,999,1000,108,10,18
17:15:59,8901.939,1001,1000,108,10,18
17:15:59,8902.148,1000,1000,108,10,18
17:16:00,8902.339,996,1000,108,10,18
17:16:00,8902.545,998,1000,108,10,18
17:16:00,8902.737,1000,1000,108,10,18
17:16:00,8902.945,1001,1000,108,10,18
17:16:00,8903.14,997,1000,108,10,18
17:16:01,8903.344,999,1000,108,10,18
17:16:01,8903.536,1000,1000,108,10,18
17:16:01,8903.744,1001,1000,108,10,18
17:16:01,8903.936,997,1000,108,10,18
17:16:01,8904.144,999,1000,108,10,18
17:16:02,8904.336,1001,1000,108,10,18
17:16:02,8904.544,1000,1000,108,10,18
17:16:02,8904.735,996,1000,108,10,18
17:16:02,8904.943,998,1000,108,10,18
17:16:02,8905.135,1000,1000,108,10,18
17:16:03,8905.343,1002,1000,108,10,18
17:16:03,8905.535,997,1000,108,10,18
17:16:03,8905.743,998,1000,108,10,18
17:16:03,8905.934,999,1000,108,10,18
17:16:03,8906.143,1001,1000,108,10,18
17:16:04,8906.335,998,1000,108,10,18
17:16:04,8906.527,1000,1000,108,10,18
17:16:04,8906.734,1001,1000,108,10,18
17:16:04,8906.925,1003,1000,108,10,18
17:16:04,8907.132,997,1000,108,10,18
17:16:05,8907.339,999,1000,108,10,18
17:16:05,8907.532,1000,1000,108,10,18
17:16:05,8907.736,999,1000,108,10,18
17:16:05,8907.929,998,1000,108,10,18
17:16:05,8908.135,999,1000,108,10,18
17:16:06,8908.323,1000,1000,108,10,18
17:16:06,8908.531,995,1000,108,10,18
17:16:06,8908.722,995,1000,108,10,18
17:16:06,8908.929,996,1000,108,10,18
17:16:06,8909.12,998,1000,108,10,18
17:16:07,8909.328,993,1000,108,10,18
17:16:07,8909.533,996,1000,108,10,18
17:16:07,8909.725,999,1000,108,10,18
17:16:07,8909.93,1001,1000,108,10,18
17:16:07,8910.121,996,1000,108,10,18
17:16:08,8910.33,998,1000,108,10,18
17:16:08,8910.521,999,1000,108,10,18
17:16:08,8910.728,996,1000,108,10,18
17:16:08,8910.92,992,1000,108,10,18
17:16:08,8911.128,996,1000,108,10,18
17:16:09,8911.317,999,1000,108,10,18
17:16:09,8911.523,999,1000,108,10,18
17:16:09,8911.715,998,1000,108,10,18
17:16:09,8911.924,1000,1000,108,10,18
17:16:09,8912.115,1000,1000,108,10,18
17:16:10,8912.323,998,1000,108,10,18
17:16:10,8912.513,993,1000,109,10,18
17:16:10,8912.72,997,1000,109,10,18
17:16:10,8912.916,1000,1000,109,10,18
17:16:10,8913.118,1002,1000,109,10,18
17:16:11,8913.325,999,1000,109,10,18
17:16:11,8913.516,1002,1000,109,10,18
17:16:11,8913.723,1004,1000,109,10,18
17:16:11,8913.913,1006,1000,108,10,17
17:16:11,8914.12,1000,1000,108,10,18
17:16:12,8914.312,999,1000,108,10,18
17:16:12,8914.52,1000,1000,108,10,18
17:16:12,8914.711,998,1000,108,10,18
17:16:12,8914.918,995,1000,108,10,18
17:16:12,8915.111,997,1000,108,10,18
17:16:13,8915.319,999,1000,108,10,18
17:16:13,8915.51,1001,1000,108,10,18
17:16:13,8915.72,997,1000,108,10,18
17:16:13,8915.911,999,1000,108,10,18
17:16:13,8916.12,1001,1000,108,10,18
17:16:14,8916.31,1003,1000,108,10,18
17:16:14,8916.502,1002,1000,108,10,18
17:16:14,8916.71,1001,1000,108,10,18
17:16:14,8916.902,1003,1000,108,10,18
17:16:14,8917.11,1004,1000,108,10,18
17:16:15,8917.302,1006,1000,108,10,17
17:16:15,8917.51,1000,1000,108,10,18
17:16:15,8917.701,1000,1000,108,10,18
17:16:15,8917.909,1001,1000,108,10,18
17:16:15,8918.101,1002,1000,108,10,18
17:16:16,8918.308,1000,1000,108,10,18
17:16:16,8918.5,1002,1000,108,10,18
17:16:16,8918.707,1004,1000,108,10,18
17:16:16,8918.9,1002,1000,108,10,18
17:16:16,8919.107,1003,1000,108,10,18
17:16:17,8919.298,1004,1000,108,10,18
17:16:17,8919.509,1005,1000,108,10,17
17:16:17,8919.697,1005,1000,108,10,17
17:16:17,8919.902,1000,1000,108,10,18
17:16:17,8920.092,1001,1000,108,10,18
17:16:18,8920.301,1002,1000,108,10,18
17:16:18,8920.505,1002,1000,108,10,18
17:16:18,8920.694,998,1000,108,10,18
17:16:18,8920.901,1000,1000,108,10,18
17:16:18,8921.093,1002,1000,108,10,18
17:16:19,8921.3,1002,1000,108,10,18
17:16:19,8921.493,998,1000,108,10,18
17:16:19,8921.701,1000,1000,108,10,18
17:16:19,8921.893,1002,1000,108,10,18
17:16:19,8922.101,1003,1000,108,10,18
17:16:20,8922.293,999,1000,108,10,18
17:16:20,8922.501,1001,1000,108,10,18
17:16:20,8922.693,1003,1000,108,10,18
17:16:20,8922.898,1004,1000,108,10,18
17:16:20,8923.089,1000,1000,108,10,18
17:16:21,8923.296,997,1000,108,10,18
17:16:21,8923.488,999,1000,108,10,18
17:16:21,8923.695,1001,1000,108,10,18
17:16:21,8923.887,1002,1000,108,10,18
17:16:21,8924.096,998,1000,108,10,18
17:16:22,8924.288,1000,1000,108,10,18
17:16:22,8924.496,1002,1000,108,10,18
17:16:22,8924.688,1003,1000,108,10,18
17:16:22,8924.88,999,1000,108,10,18
17:16:22,8925.088,1001,1000,108,10,18
17:16:23,8925.28,1003,1000,108,10,18
17:16:23,8925.487,1005,1000,108,10,17
17:16:23,8925.68,1005,1000,108,10,17
17:16:23,8925.888,1000,1000,108,10,17
17:16:23,8926.079,1002,1000,108,10,17
17:16:24,8926.287,1003,1000,108,10,17
17:16:24,8926.479,1004,1000,108,10,17
17:16:24,8926.686,1002,1000,108,10,17
17:16:24,8926.879,1003,1000,108,10,17
17:16:24,8927.086,1005,1000,108,10,17
17:16:25,8927.277,1006,1000,108,10,17
17:16:25,8927.485,1007,1000,108,10,17
17:16:25,8927.676,1001,1000,108,10,17
17:16:25,8927.884,1001,1000,108,10,17
17:16:25,8928.076,1003,1000,108,10,17
17:16:26,8928.284,1000,1000,108,10,17
17:16:26,8928.476,1002,1000,108,10,17
17:16:26,8928.685,1005,1000,108,10,17
17:16:26,8928.876,1002,1000,108,10,17
17:16:26,8929.084,1006,1000,108,10,17
17:16:27,8929.275,1003,1000,108,10,17
17:16:27,8929.483,1001,1000,108,10,17
17:16:27,8929.675,1005,1000,108,10,17
17:16:27,8929.867,1004,1000,108,10,17
17:16:27,8930.074,1006,1000,108,10,17
17:16:28,8930.266,1004,1000,108,10,17
17:16:28,8930.474,1006,1000,108,10,17
17:16:28,8930.666,1009,1000,108,10,17
17:16:28,8930.873,1006,1000,108,10,17
17:16:28,8931.065,1009,1000,108,10,17
17:16:29,8931.272,1005,1000,108,10,17
17:16:29,8931.464,1007,1000,108,10,17
17:16:29,8931.672,1003,1000,108,10,17
17:16:29,8931.864,1005,1000,108,10,17
17:16:29,8932.072,1008,1000,108,10,17
17:16:30,8932.267,1004,1000,108,10,17
17:16:30,8932.471,1007,1000,108,10,17
17:16:30,8932.663,1005,1000,108,10,17
17:16:30,8932.872,1007,1000,108,10,17
17:16:30,8933.063,1009,1000,108,10,16
17:16:31,8933.27,1007,1000,108,10,16
17:16:31,8933.461,1009,1000,108,10,16
17:16:31,8933.67,1005,1000,108,10,17
17:16:31,8933.861,1006,1000,108,10,16
17:16:31,8934.068,1003,1000,108,10,17
17:16:32,8934.259,1006,1000,108,10,16
17:16:32,8934.468,1004,1000,108,10,17
17:16:32,8934.661,1002,1000,108,10,17
17:16:32,8934.869,1006,1000,107,10,16
17:16:32,8935.06,1004,1000,107,10,17
17:16:33,8935.261,1007,1000,107,10,16
17:16:33,8935.461,1006,1000,107,10,16
17:16:33,8935.653,1006,1000,107,10,16
17:16:33,8935.862,1007,1000,107,10,16
17:16:33,8936.053,1007,1000,107,10,16
17:16:34,8936.262,1004,1000,107,10,17
17:16:34,8936.452,1006,1000,107,10,16
17:16:34,8936.659,1003,1000,107,10,16
17:16:34,8936.852,1005,1000,107,10,16
17:16:34,8937.06,1007,1000,107,10,16
17:16:35,8937.25,1007,1000,107,10,16
17:16:35,8937.458,1006,1000,107,10,16
17:16:35,8937.651,1003,1000,107,10,16
17:16:35,8937.856,996,1000,107,10,16
17:16:35,8938.047,995,1000,107,10,16
17:16:36,8938.255,995,1000,107,10,16
17:16:36,8938.446,992,1000,107,10,17
17:16:36,8938.654,995,1000,107,10,16
17:16:36,8938.844,997,1000,107,10,16
17:16:36,8939.052,993,1000,107,10,17
17:16:37,8939.244,996,1000,107,10,16
17:16:37,8939.452,998,1000,107,10,16
17:16:37,8939.643,998,1000,107,10,16
17:16:37,8939.851,994,1000,107,10,17
17:16:37,8940.042,997,1000,107,10,16
17:16:38,8940.249,999,1000,107,10,16
17:16:38,8940.442,1000,1000,107,10,16
17:16:38,8940.65,996,1000,107,10,16
17:16:38,8940.842,998,1000,107,10,16
17:16:38,8941.05,999,1000,107,10,16
17:16:39,8941.246,996,1000,107,10,16
17:16:39,8941.45,997,1000,107,10,16
17:16:39,8941.642,998,1000,107,10,16
17:16:39,8941.85,998,1000,107,10,16
17:16:39,8942.042,997,1000,107,10,16
17:16:40,8942.25,998,1000,107,10,16
17:16:40,8942.442,999,1000,107,10,16
17:16:40,8942.65,997,1000,107,10,16
17:16:40,8942.842,997,1000,107,10,16
17:16:40,8943.046,998,1000,107,10,16
17:16:41,8943.238,998,1000,107,10,16
17:16:41,8943.445,994,1000,107,10,17
17:16:41,8943.635,995,1000,107,10,16
17:16:41,8943.844,996,1000,107,10,16
17:16:41,8944.035,993,1000,107,10,17
17:16:42,8944.24,997,1000,107,10,17
17:16:42,8944.432,1000,1000,107,10,17
17:16:42,8944.64,999,1000,107,10,17
17:16:42,8944.832,1003,1000,107,10,17
17:16:42,8945.041,1001,1000,107,10,17
17:16:43,8945.232,1004,1000,107,10,17
17:16:43,8945.439,1000,1000,107,10,17
17:16:43,8945.631,1001,1000,107,10,17
17:16:43,8945.839,1003,1000,107,10,17
17:16:43,8946.03,1004,1000,107,10,17
17:16:44,8946.238,1005,1000,107,10,16
17:16:44,8946.43,998,1000,107,10,16
17:16:44,8946.638,997,1000,107,10,16
17:16:44,8946.83,993,1000,107,10,17
17:16:44,8947.039,986,1000,107,10,17
17:16:45,8947.23,987,1000,107,10,17
17:16:45,8947.438,988,1000,107,10,17
17:16:45,8947.629,993,1000,108,10,17
17:16:45,8947.837,998,1000,108,10,17
17:16:45,8948.029,996,1000,108,10,17
17:16:46,8948.221,997,1000,108,10,17
17:16:46,8948.428,996,1000,108,10,17
17:16:46,8948.62,991,1000,108,10,17
17:16:46,8948.828,993,1000,108,10,17
17:16:46,8949.021,996,1000,108,10,17
17:16:47,8949.229,993,1000,108,10,17
17:16:47,8949.421,995,1000,108,10,17
17:16:47,8949.627,997,1000,108,10,17
17:16:47,8949.818,997,1000,108,10,17
17:16:47,8950.026,995,1000,108,10,17
17:16:48,8950.217,997,1000,108,10,17
17:16:48,8950.424,998,1000,108,10,17
17:16:48,8950.616,997,1000,108,10,17
17:16:48,8950.824,998,1000,108,10,17
17:16:48,8951.014,999,1000,108,10,17
17:16:49,8951.222,999,1000,108,10,17
17:16:49,8951.414,995,1000,108,10,17
17:16:49,8951.621,997,1000,108,10,17
17:16:49,8951.813,998,1000,108,10,17
17:16:49,8952.021,997,1000,108,10,17
17:16:50,8952.213,998,1000,108,10,17
17:16:50,8952.42,999,1000,108,10,17
17:16:50,8952.612,1000,1000,108,10,17
17:16:50,8952.82,996,1000,108,10,17
17:16:50,8953.012,995,1000,108,10,17
17:16:51,8953.222,997,1000,108,10,17
17:16:51,8953.411,998,1000,108,10,17
17:16:51,8953.618,995,1000,108,10,17
17:16:51,8953.81,997,1000,108,10,17
17:16:51,8954.018,999,1000,108,10,17
17:16:52,8954.209,1001,1000,108,10,17
17:16:52,8954.417,996,1000,108,10,17
17:16:52,8954.608,998,1000,108,10,17
17:16:52,8954.816,1000,1000,108,10,17
17:16:52,8955.007,1000,1000,108,10,17
17:16:53,8955.215,996,1000,108,10,17
17:16:53,8955.406,998,1000,108,10,17
17:16:53,8955.615,999,1000,108,10,17
17:16:53,8955.807,1000,1000,108,10,17
17:16:53,8956.015,996,1000,108,10,17
17:16:54,8956.207,998,1000,108,10,17
17:16:54,8956.414,999,1000,108,10,17
17:16:54,8956.606,997,1000,108,10,17
17:16:54,8956.815,999,1000,108,10,17
17:16:54,8957.006,1000,1000,108,10,17
17:16:55,8957.199,1001,1000,108,10,17
17:16:55,8957.407,1001,1000,108,10,17
17:16:55,8957.599,999,1000,108,10,17
17:16:55,8957.808,1001,1000,108,10,17
17:16:55,8958.001,1002,1000,108,10,17
17:16:56,8958.209,1001,1000,108,10,17
17:16:56,8958.4,1001,1000,108,10,17
17:16:56,8958.61,1003,1000,108,10,17
17:16:56,8958.8,1004,1000,108,10,17
17:16:56,8959.008,1003,1000,108,10,17
17:16:57,8959.2,999,1000,108,10,17
17:16:57,8959.408,1002,1000,108,10,17
17:16:57,8959.6,1004,1000,108,10,17
17:16:57,8959.808,1005,1000,108,10,17
17:16:57,8960,1002,1000,108,10,17
17:16:58,8960.192,1001,1000,108,10,17
17:16:58,8960.4,1001,1000,108,10,17
17:16:58,8960.592,1000,1000,108,10,17
17:16:58,8960.8,995,1000,108,10,17
17:16:58,8960.992,997,1000,108,10,17
17:16:59,8961.2,997,1000,108,10,17
17:16:59,8961.39,996,1000,108,10,17
17:16:59,8961.598,997,1000,108,10,17
17:16:59,8961.791,998,1000,108,10,17
17:16:59,8961.999,998,1000,108,10,17
17:17:00,8962.19,995,1000,108,10,17
17:17:00,8962.399,996,1000,108,10,17
17:17:00,8962.59,997,1000,108,10,17
17:17:00,8962.797,993,1000,108,10,17
17:17:00,8962.989,997,1000,108,10,17
17:17:01,8963.196,998,1000,108,10,17
17:17:01,8963.388,998,1000,108,10,17
17:17:01,8963.596,1001,1000,108,10,17
17:17:01,8963.787,998,1000,108,10,17
17:17:01,8963.994,1001,1000,108,10,17
17:17:02,8964.185,999,1000,108,10,17
17:17:02,8964.391,1001,1000,108,10,17
17:17:02,8964.582,1004,1000,108,10,17
17:17:02,8964.79,1005,1000,108,10,17
17:17:02,8964.981,1006,1000,108,10,16
17:17:03,8965.188,1005,1000,108,10,16
17:17:03,8965.394,1005,1000,108,10,16
17:17:03,8965.586,1000,1000,108,10,17
17:17:03,8965.789,1001,1000,108,10,17
17:17:03,8965.982,1002,1000,108,10,17
17:17:04,8966.19,1001,1000,108,10,17
17:17:04,8966.381,1000,1000,108,10,17
17:17:04,8966.588,1001,1000,108,10,17
17:17:04,8966.78,1002,1000,108,10,17
17:17:04,8966.987,999,1000,108,10,17
17:17:05,8967.177,995,1000,108,10,17
17:17:05,8967.383,998,1000,108,10,17
17:17:05,8967.574,1000,1000,108,10,17
17:17:05,8967.782,1000,1000,108,10,17
17:17:05,8967.973,998,1000,108,10,17
17:17:06,8968.181,1000,1000,108,10,17
17:17:06,8968.373,1002,1000,108,10,17
17:17:06,8968.582,1002,1000,108,10,17
17:17:06,8968.778,998,1000,108,10,17
17:17:06,8968.978,1000,1000,108,10,17
17:17:07,8969.185,1002,1000,108,10,17
17:17:07,8969.378,1004,1000,108,10,17
17:17:07,8969.57,1001,1000,108,10,17
17:17:07,8969.777,1003,1000,108,10,17
17:17:07,8969.97,1004,1000,108,10,17
17:17:08,8970.176,1006,1000,107,10,16
17:17:08,8970.381,1005,1000,107,10,16
17:17:08,8970.572,1002,1000,107,10,17
17:17:08,8970.778,1004,1000,107,10,17
17:17:08,8970.97,1005,1000,107,10,16
17:17:09,8971.178,1006,1000,107,10,16
17:17:09,8971.371,1001,1000,107,10,17
17:17:09,8971.578,997,1000,107,10,17
17:17:09,8971.771,999,1000,107,10,17
17:17:09,8971.978,1002,1000,107,10,17
17:17:10,8972.168,1002,1000,107,10,17
17:17:10,8972.376,999,1000,107,10,17
17:17:10,8972.568,1001,1000,107,10,17
17:17:10,8972.775,1003,1000,107,10,17
17:17:10,8972.966,1004,1000,107,10,17
17:17:11,8973.173,1000,1000,107,10,17
17:17:11,8973.367,1000,1000,107,10,17
17:17:11,8973.57,1002,1000,107,10,17
17:17:11,8973.761,1004,1000,107,10,17
17:17:11,8973.97,1005,1000,107,10,16
17:17:12,8974.161,1001,1000,107,10,17
17:17:12,8974.368,1003,1000,107,10,17
17:17:12,8974.561,1005,1000,107,10,16
17:17:12,8974.769,1005,1000,107,10,16
17:17:12,8974.961,1004,1000,107,10,17
17:17:13,8975.17,1001,1000,107,10,17
17:17:13,8975.36,1003,1000,107,10,17
17:17:13,8975.567,1001,1000,107,10,17
17:17:13,8975.76,1003,1000,107,10,17
17:17:13,8975.967,1006,1000,107,10,16
17:17:14,8976.159,1003,1000,107,10,17
17:17:14,8976.368,1003,1000,107,10,17
17:17:14,8976.559,1004,1000,107,10,17
17:17:14,8976.752,1002,1000,107,10,17
17:17:14,8976.96,1005,1000,107,10,16
17:17:14,8977.151,1001,1000,107,10,16
17:17:15,8977.359,999,1000,107,10,16
17:17:15,8977.55,1001,1000,107,10,16
17:17:15,8977.758,999,1000,107,10,16
17:17:15,8977.95,997,1000,107,10,16
17:17:15,8978.157,1002,1000,107,10,16
17:17:16,8978.348,1002,1000,107,10,16
17:17:16,8978.556,1005,1000,107,10,16
17:17:16,8978.749,1001,1000,107,10,16
17:17:16,8978.955,1001,1000,107,10,16
17:17:16,8979.15,1003,1000,107,10,16
17:17:17,8979.355,1005,1000,107,10,16
17:17:17,8979.551,1001,1000,107,10,16
17:17:17,8979.751,1003,1000,107,10,16
17:17:17,8979.957,1005,1000,107,10,16
17:17:17,8980.152,1006,1000,107,10,16
17:17:18,8980.353,1006,1000,107,10,16
17:17:18,8980.561,1002,1000,107,10,16
17:17:18,8980.75,1004,1000,107,10,16
17:17:18,8980.956,1003,1000,107,10,16
17:17:18,8981.146,1002,1000,107,10,16
17:17:19,8981.353,1005,1000,107,10,16
17:17:19,8981.546,1002,1000,107,10,16
17:17:19,8981.753,1004,1000,107,10,16
17:17:19,8981.942,1007,1000,107,10,16
17:17:19,8982.14,1007,1000,107,10,16
17:17:20,8982.347,1006,1000,107,10,16
17:17:20,8982.539,1006,1000,107,10,16
17:17:20,8982.747,1003,1000,107,10,16
17:17:20,8982.939,998,1000,107,10,16
17:17:20,8983.146,1002,1000,107,10,16
17:17:21,8983.338,1000,1000,107,10,16
17:17:21,8983.545,1002,1000,107,10,16
17:17:21,8983.737,1005,1000,107,10,16
17:17:21,8983.943,1004,1000,107,10,16
17:17:21,8984.136,1005,1000,107,10,16
17:17:22,8984.344,1006,1000,107,10,16
17:17:22,8984.536,1001,1000,107,10,16
17:17:22,8984.744,1002,1000,107,10,16
17:17:22,8984.936,1004,1000,107,10,16
17:17:22,8985.143,1003,1000,107,10,16
17:17:23,8985.334,1002,1000,107,10,16
17:17:23,8985.542,1006,1000,107,10,16
17:17:23,8985.734,1001,1000,107,10,16
17:17:23,8985.942,1003,1000,107,10,16
17:17:23,8986.134,1004,1000,107,10,16
17:17:24,8986.342,1005,1000,107,10,16
17:17:24,8986.532,1003,1000,107,10,16
17:17:24,8986.74,1004,1000,107,10,16
17:17:24,8986.932,1005,1000,107,10,16
17:17:24,8987.139,1007,1000,107,10,16
17:17:25,8987.332,1007,1000,107,10,16
17:17:25,8987.539,1004,1000,107,10,16
17:17:25,8987.729,1005,1000,107,10,16
17:17:25,8987.938,1006,1000,107,10,16
17:17:25,8988.13,1005,1000,107,10,16
17:17:26,8988.338,1000,1000,107,10,16
17:17:26,8988.531,1002,1000,107,10,16
17:17:26,8988.723,1004,1000,107,10,16
17:17:26,8988.93,1005,1000,107,10,16
17:17:26,8989.122,1003,1000,107,10,16
17:17:27,8989.33,998,1000,107,10,16
17:17:27,8989.521,1001,1000,107,10,16
17:17:27,8989.728,1002,1000,107,10,16
17:17:27,8989.935,1004,1000,107,10,16
17:17:27,8990.127,999,1000,107,10,16
17:17:28,8990.319,999,1000,107,10,16
17:17:28,8990.526,1001,1000,107,10,16
17:17:28,8990.718,1002,1000,107,10,16
17:17:28,8990.927,1000,1000,107,10,16
17:17:28,8991.118,1000,1000,107,10,16
17:17:29,8991.324,1000,1000,107,10,16
17:17:29,8991.515,1001,1000,107,10,16
17:17:29,8991.722,1002,1000,107,10,16
17:17:29,8991.914,1007,1000,107,10,15
17:17:29,8992.122,1016,1000,106,10,15
17:17:30,8992.313,1025,1000,106,10,14
17:17:30,8992.52,1031,1000,106,10,14
17:17:30,8992.712,1038,1000,106,10,14
17:17:30,8992.92,1052,1000,106,10,13
17:17:30,8993.112,1065,1000,105,10,12
17:17:31,8993.319,1072,1000,105,10,11
17:17:31,8993.511,1079,1000,105,10,11
17:17:31,8993.719,1084,1000,104,10,10
17:17:31,8993.91,1081,1000,104,10,10
17:17:31,8994.118,1079,1000,103,10,0
17:17:32,8994.309,1075,1000,103,9.9,0
17:17:32,8994.517,1070,1000,103,9.9,0
17:17:32,8994.708,1006,1000,103,10,12
17:17:32,8994.917,956,1000,103,10,14
17:17:32,8995.108,964,1000,103,10,14
17:17:33,8995.315,1009,1000,103,10,12
17:17:33,8995.507,1046,1000,103,10,10
17:17:33,8995.712,1071,1000,102,9.8,0
17:17:33,8995.918,1074,1000,102,9.6,0
17:17:33,8996.109,1076,1000,102,9.4,0
17:17:34,8996.315,1076,1000,101,9.3,0
17:17:34,8996.505,1014,1000,101,10,10
17:17:34,8996.711,965,1000,101,10,13
17:17:34,8996.903,941,1000,102,10,14
17:17:34,8997.11,987,1000,102,10,12
17:17:35,8997.299,1028,1000,102,10,10
17:17:35,8997.506,1050,1000,101,9.7,0
17:17:35,8997.713,1066,1000,101,9.3,0
17:17:35,8997.903,1069,1000,101,9.2,0
17:17:35,8998.11,1035,1000,100,9.7,0
17:17:36,8998.302,982,1000,101,10,11
17:17:36,8998.509,940,1000,101,10,13
17:17:36,8998.702,949,1000,101,10,13
17:17:36,8998.909,988,1000,101,10,11
17:17:36,8999.101,1023,1000,101,10,10
17:17:37,8999.309,1047,1000,101,9.6,0
17:17:37,8999.5,1061,1000,100,9.3,0
17:17:37,8999.707,1064,1000,100,9.1,0
17:17:37,8999.899,1006,1000,100,10,10
17:17:37,9000.108,960,1000,100,10,12
17:17:38,9000.299,923,1000,101,10,14
17:17:38,9000.507,972,1000,101,10,12
17:17:38,9000.699,1016,1000,101,10,10
17:17:38,9000.907,1042,1000,101,9.6,0
17:17:38,9001.1,1054,1000,100,9.3,0
17:17:39,9001.291,1070,1000,100,8.9,0
17:17:39,9001.498,1097,1000,99,8.3,0
17:17:39,9001.691,1080,1000,99,8.4,0
17:17:39,9001.898,1076,1000,99,8.4,0
17:17:39,9002.092,1081,1000,98,8.1,0
17:17:40,9002.298,1086,1000,98,7.9,0
17:17:40,9002.492,1092,1000,97,7.6,0
17:17:40,9002.696,1096,1000,97,7.4,0
17:17:40,9002.893,1100,1000,96,7.2,0
17:17:40,9003.093,1102,1000,96,6.9,0
17:17:41,9003.3,1103,1000,95,6.7,0
17:17:41,9003.493,1104,1000,95,6.5,0
17:17:41,9003.698,1104,1000,94,6.5,0
17:17:41,9003.889,1104,1000,94,6.4,0
17:17:41,9004.097,1104,1000,93,6.3,0
17:17:42,9004.289,1103,1000,93,6.3,0
17:17:42,9004.498,1103,1000,92,6.2,0
17:17:42,9004.687,1102,1000,92,6.2,0
17:17:42,9004.896,1102,1000,91,6.1,0
17:17:42,9005.089,1100,1000,91,6.1,0
17:17:43,9005.28,1099,1000,90,6,0
17:17:43,9005.488,1098,1000,90,6,0
17:17:43,9005.679,1097,1000,89,5.9,0
17:17:43,9005.888,1096,1000,89,5.9,0
17:17:43,9006.081,1095,1000,88,5.8,0
17:17:44,9006.289,1094,1000,88,5.8,0
17:17:44,9006.482,1093,1000,87,5.7,0
17:17:44,9006.69,1092,1000,87,5.7,0
17:17:44,9006.881,1091,1000,86,5.7,0
17:17:44,9007.089,1090,1000,86,5.6,0
17:17:45,9007.279,1089,1000,85,5.6,0
17:17:45,9007.487,1088,1000,85,5.5,0
17:17:45,9007.679,1088,1000,85,5.5,0
17:17:45,9007.885,1087,1000,84,5.4,0
17:17:45,9008.076,1086,1000,84,5.4,0
17:17:46,9008.283,1085,1000,83,5.4,0
17:17:46,9008.475,1085,1000,83,5.4,0
17:17:46,9008.682,1084,1000,82,5.3,0
17:17:46,9008.873,1084,1000,82,5.3,0
17:17:46,9009.079,1084,1000,82,5.3,0
17:17:47,9009.286,1084,1000,81,5.3,0
17:17:47,9009.479,1083,1000,81,5.3,0
17:17:47,9009.671,1082,1000,80,5.3,0
17:17:47,9009.879,1081,1000,80,5.3,0
17:17:47,9010.07,1081,1000,80,5.2,0
17:17:48,9010.279,1080,1000,79,5.2,0
17:17:48,9010.468,1080,1000,79,5.2,0
17:17:48,9010.675,1079,1000,78,5.2,0
17:17:48,9010.866,1079,1000,78,5.2,0
17:17:48,9011.073,1078,1000,78,5.2,0
17:17:49,9011.279,1078,1000,77,5.1,0
17:17:49,9011.472,1078,1000,77,5.1,0
17:17:49,9011.675,1077,1000,76,5.1,0
17:17:49,9011.867,1077,1000,76,5.1,0
17:17:49,9012.073,1076,1000,76,5.1,0
17:17:50,9012.264,1075,1000,75,5.1,0
17:17:50,9012.47,1074,1000,75,5.1,0
17:17:50,9012.677,1073,1000,75,5.1,0
17:17:50,9012.872,1072,1000,74,5,0
17:17:50,9013.063,1071,1000,74,5,0
17:17:51,9013.27,1070,1000,73,5,0
17:17:51,9013.461,1069,1000,73,5,0
17:17:51,9013.67,1068,1000,73,5,0
17:17:51,9013.861,1068,1000,72,5,0
17:17:51,9014.068,1067,1000,72,5,0
17:17:52,9014.259,1066,1000,72,5,0
17:17:52,9014.469,1065,1000,71,4.9,0
17:17:52,9014.658,1065,1000,71,4.9,0
17:17:52,9014.866,1064,1000,71,4.9,0
17:17:52,9015.058,1063,1000,70,4.9,0
17:17:53,9015.265,1062,1000,70,4.9,0
17:17:53,9015.457,1060,1000,70,4.9,0
17:17:53,9015.664,1059,1000,70,4.9,0
17:17:53,9015.856,1057,1000,69,4.9,0
17:17:53,9016.065,1056,1000,69,4.9,0
17:17:54,9016.257,1054,1000,69,4.9,0
17:17:54,9016.466,1053,1000,68,4.9,0
17:17:54,9016.658,1052,1000,68,4.8,0
17:17:54,9016.865,1051,1000,68,4.8,0
17:17:54,9017.056,1049,1000,68,4.8,0
17:17:55,9017.264,1048,1000,67,4.8,0
17:17:55,9017.455,1047,1000,67,4.8,0
17:17:55,9017.664,1046,1000,67,4.8,0
17:17:55,9017.856,1046,1000,67,4.8,0
17:17:55,9018.048,1045,1000,66,4.8,0
17:17:56,9018.254,1044,1000,66,4.8,0
17:17:56,9018.461,1043,1000,66,4.8,0
17:17:56,9018.653,1043,1000,66,4.8,0
17:17:56,9018.86,1042,1000,66,4.8,0
17:17:56,9019.053,1042,1000,65,4.8,0
17:17:57,9019.26,1041,1000,65,4.7,0
17:17:57,9019.451,1041,1000,65,4.7,0
17:17:57,9019.658,1040,1000,65,4.7,0
17:17:57,9019.848,1040,1000,65,4.7,0
17:17:57,9020.055,1040,1000,64,4.7,0
17:17:58,9020.246,1040,1000,64,4.7,0
17:17:58,9020.457,1040,1000,64,4.7,0
17:17:58,9020.647,1039,1000,64,4.7,0
17:17:58,9020.854,1038,1000,64,4.7,0
17:17:58,9021.046,1037,1000,63,4.7,0
17:17:59,9021.254,1036,1000,63,4.7,0
17:17:59,9021.446,1036,1000,63,4.7,0
17:17:59,9021.654,1035,1000,63,4.7,0
17:17:59,9021.846,1035,1000,63,4.7,0
17:17:59,9022.053,1035,1000,62,4.6,0
17:18:00,9022.245,1035,1000,62,4.6,0
17:18:00,9022.452,1035,1000,62,4.6,0
17:18:00,9022.644,1035,1000,62,4.6,0
17:18:00,9022.836,1035,1000,62,4.6,0
17:18:00,9023.043,1036,1000,62,4.6,0
17:18:01,9023.235,1036,1000,61,4.6,0
17:18:01,9023.441,1036,1000,61,4.6,0
17:18:01,9023.647,1037,1000,61,4.6,0
17:18:01,9023.836,1037,1000,61,4.6,0
17:18:01,9024.043,1038,1000,61,4.6,0
17:18:02,9024.234,1038,1000,60,4.6,0
17:18:02,9024.442,1039,1000,60,4.6,0
17:18:02,9024.634,1039,1000,60,4.5,0
17:18:02,9024.842,1040,1000,60,4.5,0
17:18:02,9025.034,1040,1000,60,4.5,0
17:18:03,9025.242,1041,1000,59,4.5,0
17:18:03,9025.434,1041,1000,59,4.5,0
17:18:03,9025.64,1042,1000,59,4.5,0
17:18:03,9025.834,1041,1000,59,4.5,0
17:18:03,9026.039,1040,1000,59,4.5,0
17:18:04,9026.23,1039,1000,58,4.5,0
17:18:04,9026.437,1039,1000,58,4.5,0
17:18:04,9026.629,1038,1000,58,4.5,0
17:18:04,9026.836,1038,1000,58,4.5,0
17:18:04,9027.027,1037,1000,58,4.5,0
17:18:05,9027.236,1037,1000,57,4.4,0
17:18:05,9027.426,1037,1000,57,4.4,0
17:18:05,9027.632,1037,1000,57,4.4,0
17:18:05,9027.824,1037,1000,57,4.4,0
17:18:05,9028.031,1037,1000,57,4.4,0
17:18:06,9028.222,1037,1000,57,4.4,0
17:18:06,9028.429,1037,1000,56,4.4,0
17:18:06,9028.622,1037,1000,56,4.4,0
17:18:06,9028.83,1037,1000,56,4.4,0
17:18:06,9029.023,1037,1000,56,4.4,0
17:18:07,9029.23,1038,1000,56,4.4,0
17:18:07,9029.423,1038,1000,55,4.4,0
17:18:07,9029.631,1038,1000,55,4.4,0
17:18:07,9029.823,1038,1000,55,4.3,0
17:18:07,9030.016,1038,1000,55,4.3,0
17:18:08,9030.223,1038,1000,55,4.3,0
17:18:08,9030.415,1038,1000,54,4.3,0
17:18:08,9030.623,1038,1000,54,4.3,0
17:18:08,9030.814,1038,1000,54,4.3,0
17:18:08,9031.022,1038,1000,54,4.3,0
17:18:09,9031.214,1037,1000,54,4.3,0
17:18:09,9031.422,1036,1000,54,4.3,0
17:18:09,9031.614,1035,1000,53,4.3,0
17:18:09,9031.822,1034,1000,53,4.3,0
17:18:09,9032.014,1033,1000,53,4.3,0
17:18:10,9032.22,1033,1000,53,4.3,0
17:18:10,9032.411,1033,1000,53,4.3,0
17:18:10,9032.619,1033,1000,52,4.3,0
17:18:10,9032.81,1033,1000,52,4.2,0
17:18:10,9033.017,1033,1000,52,4.2,0
17:18:11,9033.223,1033,1000,52,4.2,0
17:18:11,9033.413,1033,1000,52,4.2,0
17:18:11,9033.619,1033,1000,52,4.2,0
17:18:11,9033.809,1033,1000,51,4.2,0
17:18:11,9034.017,1034,1000,51,4.2,0
17:18:12,9034.207,1034,1000,51,4.2,0
17:18:12,9034.415,1034,1000,51,4.2,0
17:18:12,9034.606,1035,1000,51,4.2,0
17:18:12,9034.813,1040,1000,51,4.2,0
17:18:12,9035.005,1048,1000,50,4.2,0
17:18:13,9035.212,1055,1000,50,4.1,0
17:18:13,9035.403,1061,1000,50,4.1,0
17:18:13,9035.61,1066,1000,49,4.1,0
17:18:13,9035.801,1068,1000,49,4.1,0
17:18:13,9036.009,1070,1000,49,4.1,0
17:18:14,9036.206,1072,1000,48,4.1,0
17:18:14,9036.408,1073,1000,48,4,0
17:18:14,9036.598,1074,1000,48,4,0
17:18:14,9036.807,1074,1000,47,4,0
17:18:14,9036.999,1075,1000,47,4,0
17:18:15,9037.206,1076,1000,47,4,0
17:18:15,9037.397,1076,1000,46,4,0
17:18:15,9037.605,1076,1000,46,4,0
17:18:15,9037.797,1077,1000,45,4,0
17:18:15,9038.005,1077,1000,45,3.9,0
17:18:16,9038.197,1077,1000,45,3.9,0
17:18:16,9038.404,1077,1000,44,3.9,0
17:18:16,9038.597,1078,1000,44,3.9,0
17:18:16,9038.804,1078,1000,43,3.9,0
17:18:16,9038.996,1078,1000,43,3.9,0
17:18:17,9039.204,1083,1000,43,3.9,0
17:18:17,9039.396,1088,1000,42,3.8,0
17:18:17,9039.603,1092,1000,42,3.8,0
17:18:17,9039.793,1095,1000,41,3.8,0
17:18:17,9040.001,1098,1000,41,3.8,0
17:18:18,9040.193,1100,1000,40,3.7,0
17:18:18,9040.4,1102,1000,40,3.7,0
17:18:18,9040.591,1104,1000,39,3.7,0
17:18:18,9040.797,1104,1000,39,3.7,0
17:18:18,9040.989,1104,1000,38,3.6,0
17:18:19,9041.196,1104,1000,38,3.6,0
17:18:19,9041.388,1104,1000,37,3.6,0
17:18:19,9041.597,1104,1000,37,3.6,0
17:18:19,9041.789,1104,1000,36,3.6,0
17:18:19,9041.996,1104,1000,36,3.5,0
17:18:20,9042.188,1104,1000,35,3.5,0
17:18:20,9042.396,1104,1000,35,3.5,0
17:18:20,9042.589,1102,1000,34,3.5,0
17:18:20,9042.796,1101,1000,33,3.5,0
17:18:20,9042.99,1099,1000,33,3.4,0
17:18:21,9043.199,1098,1000,32,3.4,0
17:18:21,9043.388,1097,1000,32,3.4,0
17:18:21,9043.596,1096,1000,32,3.4,0
17:18:21,9043.788,1095,1000,31,3.4,0
17:18:21,9043.995,1094,1000,31,3.4,0
17:18:22,9044.188,1093,1000,30,3.3,0
17:18:22,9044.392,1091,1000,30,3.3,0
17:18:22,9044.583,1089,1000,29,3.3,0
17:18:22,9044.79,1087,1000,29,3.3,0
17:18:22,9044.982,1085,1000,28,3.3,0
17:18:23,9045.191,1077,1000,28,3.3,0
17:18:23,9045.381,1071,1000,28,3.3,0
17:18:23,9045.585,1072,1000,27,3.3,0
17:18:23,9045.78,1072,1000,27,3.2,0
17:18:23,9045.987,1072,1000,26,3.2,0
17:18:24,9046.178,1073,1000,26,3.2,0
17:18:24,9046.384,1074,1000,26,3.2,0
17:18:24,9046.579,1074,1000,25,3.2,0
17:18:24,9046.782,1074,1000,25,3.2,0
17:18:24,9046.973,1072,1000,25,3.2,0
17:18:25,9047.18,1070,1000,24,3.2,0
17:18:25,9047.372,1067,1000,24,3.1,0
17:18:25,9047.58,1062,1000,24,3.1,0
17:18:25,9047.771,1057,1000,23,3.1,0
17:18:25,9047.978,1054,1000,23,3.1,0
17:18:26,9048.169,1052,1000,23,3.1,0
17:18:26,9048.377,1052,1000,23,3.1,0
17:18:26,9048.569,1053,1000,22,3.1,0
17:18:26,9048.777,1054,1000,22,3.1,0
17:18:26,9048.969,1054,1000,22,3.1,0
17:18:27,9049.178,1054,1000,21,3,0
17:18:27,9049.369,1054,1000,21,3,0
17:18:27,9049.577,1053,1000,21,3,0
17:18:27,9049.768,1051,1000,21,3,0
17:18:27,9049.975,1048,1000,20,3,0
17:18:28,9050.168,1045,1000,20,3,0
17:18:28,9050.376,1043,1000,20,3,0
17:18:28,9050.567,1041,1000,20,3,0
17:18:28,9050.775,1040,1000,20,3,0
17:18:28,9050.966,1038,1000,19,3,0
17:18:29,9051.174,1037,1000,19,2.9,0
17:18:29,9051.366,1036,1000,19,2.9,0
17:18:29,9051.573,1035,1000,19,2.9,0
17:18:29,9051.765,1033,1000,19,2.9,0
17:18:29,9051.973,1032,1000,19,2.9,0
17:18:30,9052.166,1031,1000,18,2.9,0
17:18:30,9052.357,1030,1000,18,2.9,0
17:18:30,9052.563,1030,1000,18,2.9,0
17:18:30,9052.771,1028,1000,18,2.9,0
17:18:30,9052.963,1027,1000,18,2.9,0
17:18:30,9053.155,1026,1000,18,2.9,0
17:18:31,9053.362,1026,1000,17,2.9,0
17:18:31,9053.559,1025,1000,17,2.9,0
17:18:31,9053.761,1024,1000,17,2.9,0
17:18:31,9053.953,1021,1000,17,2.9,0
17:18:32,9054.16,1017,1000,17,2.9,0
17:18:32,9054.352,1016,1000,17,2.9,0
17:18:32,9054.56,1014,1000,17,2.9,0
17:18:32,9054.751,1013,1000,17,2.9,0
17:18:32,9054.96,1012,1000,17,2.9,0
17:18:32,9055.152,1011,1000,17,2.9,0
17:18:33,9055.361,1010,1000,17,2.9,0
17:18:33,9055.553,1009,1000,17,2.9,0
17:18:33,9055.761,1009,1000,17,2.9,0
17:18:33,9055.952,1008,1000,17,2.9,0
17:18:34,9056.16,1008,1000,16,2.9,0
17:18:34,9056.353,1006,1000,16,2.9,0
17:18:34,9056.56,1005,1000,16,2.9,0
17:18:34,9056.752,1005,1000,16,2.9,0
17:18:34,9056.945,1006,1000,16,2.9,0
17:18:34,9057.153,1003,1000,16,2.9,0
17:18:35,9057.344,1002,1000,16,2.9,0
17:18:35,9057.553,1002,1000,16,2.9,0
17:18:35,9057.745,1003,1000,16,2.9,0
17:18:35,9057.953,1003,1000,16,2.9,0
17:18:35,9058.145,1004,1000,16,2.9,0
17:18:36,9058.353,1004,1000,16,2.9,0
17:18:36,9058.545,1004,1000,16,2.9,0
17:18:36,9058.753,1004,1000,16,2.9,0
17:18:36,9058.945,1004,1000,16,2.9,0
17:18:36,9059.138,1004,1000,16,2.9,0
17:18:37,9059.346,1003,1000,16,2.9,0
17:18:37,9059.538,1003,1000,16,2.9,0
17:18:37,9059.745,1003,1000,16,2.9,0
17:18:37,9059.937,1002,1000,16,2.9,0
17:18:37,9060.144,1002,1000,16,2.9,0
17:18:38,9060.336,1001,1000,16,2.9,0
17:18:38,9060.545,1001,1000,16,2.9,0
17:18:38,9060.736,1000,1000,16,2.9,0
17:18:38,9060.944,1000,1000,16,2.9,0
17:18:38,9061.137,999,1000,16,2.9,0
17:18:39,9061.345,998,1000,16,2.9,0
17:18:39,9061.537,998,1000,16,2.9,0
17:18:39,9061.746,997,1000,16,2.9,0
17:18:39,9061.939,996,1000,16,2.9,0
17:18:39,9062.132,995,1000,16,2.9,0
17:18:40,9062.341,994,1000,16,2.9,0
17:18:40,9062.53,994,1000,16,2.9,0
17:18:40,9062.737,993,1000,16,2.9,0
17:18:40,9062.928,992,1000,16,2.9,0
17:18:40,9063.135,992,1000,17,2.9,0
17:18:41,9063.341,991,1000,17,2.9,0
17:18:41,9063.533,990,1000,17,2.9,0
17:18:41,9063.739,990,1000,17,2.9,0
17:18:41,9063.93,989,1000,17,2.9,0
17:18:41,9064.138,989,1000,17,2.9,0
17:18:42,9064.33,988,1000,17,3,0
17:18:42,9064.537,988,1000,17,3,0
17:18:42,9064.728,987,1000,17,3,0
17:18:42,9064.936,987,1000,17,3,0
17:18:42,9065.126,987,1000,17,3,0
17:18:43,9065.334,986,1000,17,3,0
17:18:43,9065.525,986,1000,17,3,0
17:18:43,9065.732,986,1000,17,3,0
17:18:43,9065.924,986,1000,17,3,0
17:18:43,9066.134,986,1000,17,3,0
17:18:44,9066.324,986,1000,17,3,0
17:18:44,9066.532,985,1000,18,3,0
17:18:44,9066.723,985,1000,18,3,0
17:18:44,9066.932,985,1000,18,3,0
17:18:44,9067.125,987,1000,18,3,0
17:18:45,9067.317,989,1000,18,3,0
17:18:45,9067.526,988,1000,18,3,0
17:18:45,9067.717,990,1000,18,3,0
17:18:45,9067.925,991,1000,18,3,0
17:18:45,9068.116,992,1000,18,3,0
17:18:46,9068.326,993,1000,18,3,0
17:18:46,9068.517,994,1000,18,3,0
17:18:46,9068.727,994,1000,18,3,0
17:18:46,9068.918,992,1000,18,3,0
17:18:46,9069.127,994,1000,18,3,0
17:18:47,9069.317,995,1000,18,3,0
17:18:47,9069.509,994,1000,18,3,0
17:18:47,9069.716,994,1000,18,3,0
17:18:47,9069.923,994,1000,18,3,0
17:18:47,9070.115,988,1000,18,3.1,0
17:18:48,9070.308,980,1000,18,3.1,0
17:18:48,9070.516,972,1000,19,3.1,0
17:18:48,9070.709,957,1000,19,3.2,0
17:18:48,9070.917,940,1000,19,3.2,0
17:18:48,9071.108,925,1000,19,3.2,0
17:18:49,9071.315,911,1000,20,3.3,0
17:18:49,9071.507,893,1000,20,3.3,0
17:18:49,9071.716,879,1000,21,3.4,0
17:18:49,9071.909,868,1000,22,3.4,0
17:18:49,9072.116,864,1000,22,3.5,0
17:18:50,9072.307,876,1000,23,3.5,0
17:18:50,9072.515,898,1000,23,3.5,0
17:18:50,9072.706,916,1000,24,3.4,0
17:18:50,9072.914,935,1000,24,3.4,0
17:18:50,9073.106,953,1000,24,3.4,0
17:18:51,9073.311,967,1000,25,3.4,0
17:18:51,9073.504,979,1000,25,3.3,0
17:18:51,9073.711,989,1000,25,3.3,0
17:18:51,9073.903,996,1000,25,3.3,0
17:18:51,9074.11,999,1000,25,3.3,0
17:18:52,9074.301,1002,1000,25,3.3,0
17:18:52,9074.508,1004,1000,25,3.3,0
17:18:52,9074.7,1006,1000,25,3.3,0
17:18:52,9074.908,1007,1000,25,3.3,0
17:18:52,9075.099,1009,1000,25,3.3,0
17:18:53,9075.307,1010,1000,25,3.3,0
17:18:53,9075.498,1010,1000,24,3.3,0
17:18:53,9075.706,1011,1000,24,3.3,0
17:18:53,9075.898,1011,1000,24,3.3,0
17:18:53,9076.106,1012,1000,24,3.3,0
17:18:54,9076.296,1012,1000,24,3.3,0
17:18:54,9076.504,1012,1000,24,3.3,0
17:18:54,9076.694,1012,1000,24,3.3,0
17:18:54,9076.901,1012,1000,24,3.3,0
17:18:54,9077.092,1012,1000,24,3.3,0
17:18:55,9077.297,1013,1000,24,3.3,0
17:18:55,9077.505,1013,1000,24,3.2,0
17:18:55,9077.695,1013,1000,24,3.2,0
17:18:55,9077.901,1013,1000,24,3.2,0
17:18:55,9078.092,1013,1000,24,3.2,0
17:18:56,9078.299,1013,1000,24,3.2,0
17:18:56,9078.489,1013,1000,24,3.2,0
17:18:56,9078.697,1014,1000,23,3.2,0
17:18:56,9078.888,1014,1000,23,3.2,0
17:18:56,9079.095,1014,1000,23,3.2,0
17:18:57,9079.286,1014,1000,23,3.2,0
17:18:57,9079.495,1014,1000,23,3.2,0
17:18:57,9079.686,1014,1000,23,3.2,0
17:18:57,9079.894,1015,1000,23,3.2,0
17:18:57,9080.085,1015,1000,23,3.2,0
17:18:58,9080.292,1015,1000,23,3.2,0
17:18:58,9080.484,1015,1000,23,3.2,0
17:18:58,9080.693,1015,1000,23,3.2,0
17:18:58,9080.885,1015,1000,23,3.2,0
17:18:58,9081.092,1015,1000,23,3.2,0
17:18:59,9081.285,1015,1000,22,3.2,0
17:18:59,9081.491,1015,1000,22,3.2,0
17:18:59,9081.683,1014,1000,22,3.2,0
17:18:59,9081.891,1014,1000,22,3.2,0
17:18:59,9082.084,1014,1000,22,3.2,0
17:19:00,9082.291,1012,1000,22,3.2,0
17:19:00,9082.483,1010,1000,22,3.2,0
17:19:00,9082.675,1009,1000,22,3.2,0
17:19:00,9082.883,1010,1000,22,3.2,0
17:19:00,9083.074,1008,1000,22,3.2,0
17:19:01,9083.28,1008,1000,22,3.2,0
17:19:01,9083.488,1007,1000,22,3.2,0
17:19:01,9083.679,1006,1000,22,3.2,0
17:19:01,9083.888,1006,1000,22,3.2,0
17:19:01,9084.081,1006,1000,22,3.2,0
17:19:02,9084.272,1005,1000,22,3.2,0
17:19:02,9084.481,1004,1000,22,3.2,0
17:19:02,9084.674,1005,1000,22,3.2,0
17:19:02,9084.881,1004,1000,22,3.2,0
17:19:02,9085.073,1005,1000,22,3.2,0
17:19:03,9085.281,1004,1000,22,3.2,0
17:19:03,9085.472,1004,1000,22,3.2,0
17:19:03,9085.681,1006,1000,22,3.2,0
17:19:03,9085.873,1004,1000,22,3.2,0
17:19:03,9086.081,1004,1000,22,3.2,0
17:19:04,9086.273,1006,1000,22,3.2,0
17:19:04,9086.465,1004,1000,22,3.2,0
17:19:04,9086.673,1004,1000,22,3.2,0
17:19:04,9086.865,1006,1000,22,3.2,0
17:19:04,9087.073,1004,1000,22,3.2,0
17:19:05,9087.264,1004,1000,22,3.2,0
17:19:05,9087.471,1005,1000,22,3.2,0
17:19:05,9087.664,1004,1000,22,3.2,0
17:19:05,9087.872,1004,1000,22,3.2,0
17:19:05,9088.065,1005,1000,22,3.2,0
17:19:06,9088.27,1003,1000,22,3.2,0
17:19:06,9088.466,1003,1000,22,3.2,0
17:19:06,9088.669,1004,1000,22,3.2,0
17:19:06,9088.866,1005,1000,22,3.2,0
17:19:06,9089.067,1004,1000,22,3.2,0
17:19:07,9089.273,1004,1000,22,3.2,0
17:19:07,9089.464,1004,1000,22,3.2,0
17:19:07,9089.671,1004,1000,22,3.2,0
17:19:07,9089.861,1005,1000,21,3.2,0
17:19:07,9090.069,1003,1000,21,3.2,0
17:19:08,9090.258,1001,1000,21,3.2,0
17:19:08,9090.465,999,1000,21,3.2,0
17:19:08,9090.657,997,1000,21,3.2,0
17:19:08,9090.864,996,1000,21,3.2,0
17:19:08,9091.055,995,1000,21,3.2,0
17:19:09,9091.262,993,1000,22,3.2,0
17:19:09,9091.454,995,1000,22,3.2,0
17:19:09,9091.662,996,1000,22,3.2,0
17:19:09,9091.854,997,1000,22,3.2,0
17:19:09,9092.059,998,1000,22,3.2,0
17:19:10,9092.265,999,1000,22,3.2,0
17:19:10,9092.457,999,1000,22,3.2,0
17:19:10,9092.662,999,1000,22,3.2,0
17:19:10,9092.854,1000,1000,22,3.2,0
17:19:10,9093.06,1000,1000,22,3.2,0
17:19:11,9093.252,1000,1000,22,3.2,0
17:19:11,9093.459,1000,1000,22,3.2,0
17:19:11,9093.65,1000,1000,22,3.2,0
17:19:11,9093.858,1000,1000,22,3.2,0
17:19:11,9094.049,1000,1000,22,3.2,0
17:19:12,9094.258,1000,1000,22,3.2,0
17:19:12,9094.448,1000,1000,22,3.2,0
17:19:12,9094.656,1000,1000,22,3.2,0
17:19:12,9094.848,1000,1000,22,3.2,0
17:19:12,9095.055,999,1000,22,3.2,0
17:19:13,9095.247,999,1000,22,3.2,0
17:19:13,9095.454,999,1000,22,3.2,0
17:19:13,9095.646,999,1000,22,3.2,0
17:19:13,9095.853,999,1000,22,3.2,0
17:19:13,9096.045,1000,1000,22,3.2,0
17:19:14,9096.253,1000,1000,22,3.2,0
17:19:14,9096.444,1000,1000,22,3.2,0
17:19:14,9096.652,1000,1000,22,3.2,0
17:19:14,9096.844,1000,1000,22,3.2,0
17:19:14,9097.052,1000,1000,22,3.2,0
17:19:15,9097.242,1000,1000,22,3.2,0
17:19:15,9097.45,1000,1000,22,3.2,0
17:19:15,9097.641,1000,1000,22,3.2,0
17:19:15,9097.85,1000,1000,22,3.2,0
17:19:15,9098.041,1000,1000,22,3.2,0
17:19:16,9098.248,1000,1000,22,3.2,0
17:19:16,9098.439,1001,1000,22,3.2,0
17:19:16,9098.647,1001,1000,22,3.2,0
17:19:16,9098.838,1001,1000,22,3.2,0
17:19:16,9099.046,1001,1000,22,3.2,0
17:19:17,9099.237,1000,1000,22,3.2,0
17:19:17,9099.445,1000,1000,22,3.2,0
17:19:17,9099.635,1000,1000,22,3.2,0
17:19:17,9099.842,1000,1000,22,3.2,0
17:19:17,9100.034,1000,1000,22,3.2,0
17:19:18,9100.242,999,1000,22,3.2,0
17:19:18,9100.433,999,1000,22,3.2,0
17:19:18,9100.641,999,1000,22,3.2,0
17:19:18,9100.832,998,1000,22,3.2,0
17:19:18,9101.041,998,1000,22,3.2,0
17:19:19,9101.232,998,1000,22,3.2,0
17:19:19,9101.441,997,1000,22,3.2,0
17:19:19,9101.632,997,1000,22,3.2,0
17:19:19,9101.841,997,1000,22,3.2,0
17:19:19,9102.03,997,1000,22,3.2,0
17:19:20,9102.239,996,1000,22,3.2,0
17:19:20,9102.429,996,1000,22,3.2,0
17:19:20,9102.621,996,1000,22,3.2,0
17:19:20,9102.829,996,1000,22,3.2,0
17:19:20,9103.02,996,1000,22,3.2,0
17:19:21,9103.229,996,1000,22,3.2,0
17:19:21,9103.419,996,1000,22,3.2,0
17:19:21,9103.627,996,1000,22,3.2,0
17:19:21,9103.819,995,1000,22,3.2,0
17:19:21,9104.026,995,1000,22,3.2,0
17:19:22,9104.218,995,1000,22,3.2,0
17:19:22,9104.426,994,1000,22,3.2,0
17:19:22,9104.618,994,1000,22,3.2,0
17:19:22,9104.827,994,1000,22,3.2,0
17:19:22,9105.018,993,1000,22,3.2,0
17:19:23,9105.226,993,1000,22,3.2,0
17:19:23,9105.418,993,1000,22,3.2,0
17:19:23,9105.626,993,1000,22,3.2,0
17:19:23,9105.817,993,1000,22,3.2,0
17:19:23,9106.025,993,1000,22,3.2,0
17:19:24,9106.216,992,1000,22,3.2,0
17:19:24,9106.423,993,1000,22,3.2,0
17:19:24,9106.615,992,1000,22,3.2,0
17:19:24,9106.823,992,1000,22,3.2,0
17:19:24,9107.014,992,1000,22,3.2,0
17:19:25,9107.221,992,1000,22,3.2,0
17:19:25,9107.416,992,1000,22,3.2,0
17:19:25,9107.618,992,1000,22,3.2,0
17:19:25,9107.81,992,1000,22,3.2,0
17:19:25,9108.017,992,1000,22,3.2,0
17:19:26,9108.211,991,1000,22,3.2,0
17:19:26,9108.416,992,1000,22,3.2,0
17:19:26,9108.608,992,1000,22,3.2,0
17:19:26,9108.815,992,1000,22,3.2,0
17:19:26,9109.007,992,1000,22,3.2,0
17:19:27,9109.215,992,1000,22,3.2,0
17:19:27,9109.407,992,1000,22,3.2,0
17:19:27,9109.613,992,1000,22,3.2,0
17:19:27,9109.808,992,1000,23,3.2,0
17:19:27,9110.012,992,1000,23,3.2,0
17:19:28,9110.204,991,1000,23,3.2,0
17:19:28,9110.412,991,1000,23,3.2,0
17:19:28,9110.604,992,1000,23,3.2,0
17:19:28,9110.812,992,1000,23,3.2,0
17:19:28,9111.004,992,1000,23,3.2,0
17:19:29,9111.212,992,1000,23,3.2,0
17:19:29,9111.405,992,1000,23,3.2,0
17:19:29,9111.612,992,1000,23,3.3,0
17:19:29,9111.804,992,1000,23,3.3,0
17:19:29,9112.013,992,1000,23,3.3,0
17:19:30,9112.202,992,1000,23,3.3,0
17:19:30,9112.41,992,1000,23,3.3,0
17:19:30,9112.602,992,1000,23,3.3,0
17:19:30,9112.795,992,1000,23,3.3,0
17:19:30,9113.003,992,1000,23,3.3,0
17:19:31,9113.195,992,1000,23,3.3,0
17:19:31,9113.402,992,1000,23,3.3,0
17:19:31,9113.593,992,1000,23,3.3,0
17:19:31,9113.801,992,1000,23,3.3,0
17:19:31,9113.993,992,1000,23,3.3,0
17:19:32,9114.201,992,1000,23,3.3,0
17:19:32,9114.393,992,1000,23,3.3,0
17:19:32,9114.601,992,1000,23,3.3,0
17:19:32,9114.793,992,1000,23,3.3,0
17:19:32,9115,992,1000,24,3.3,0
17:19:33,9115.192,992,1000,24,3.3,0
17:19:33,9115.399,992,1000,24,3.3,0
17:19:33,9115.59,992,1000,24,3.3,0
17:19:33,9115.798,992,1000,24,3.3,0
17:19:33,9115.989,992,1000,24,3.3,0
17:19:34,9116.197,992,1000,24,3.3,0
17:19:34,9116.388,992,1000,24,3.3,0
17:19:34,9116.596,992,1000,24,3.3,0
17:19:34,9116.788,992,1000,24,3.3,0
17:19:34,9116.995,993,1000,24,3.3,0
17:19:35,9117.187,993,1000,24,3.3,0
17:19:35,9117.395,993,1000,24,3.3,0
17:19:35,9117.587,993,1000,24,3.3,0
17:19:35,9117.781,993,1000,24,3.3,0
17:19:35,9117.989,993,1000,24,3.3,0
17:19:36,9118.18,993,1000,24,3.3,0
17:19:36,9118.387,993,1000,24,3.3,0
17:19:36,9118.579,993,1000,24,3.3,0
17:19:36,9118.787,993,1000,24,3.3,0
17:19:36,9118.978,993,1000,24,3.3,0
17:19:37,9119.185,994,1000,24,3.3,0
17:19:37,9119.377,994,1000,24,3.3,0
17:19:37,9119.585,994,1000,24,3.3,0
17:19:37,9119.777,994,1000,24,3.3,0
17:19:37,9119.985,994,1000,24,3.3,0
17:19:38,9120.177,994,1000,24,3.3,0
17:19:38,9120.385,994,1000,24,3.3,0
17:19:38,9120.577,994,1000,24,3.3,0
17:19:38,9120.785,994,1000,24,3.3,0
17:19:38,9120.977,994,1000,24,3.3,0
17:19:39,9121.184,994,1000,25,3.3,0
17:19:39,9121.376,994,1000,25,3.3,0
17:19:39,9121.584,994,1000,25,3.3,0
17:19:39,9121.776,994,1000,25,3.3,0
17:19:39,9121.984,994,1000,25,3.3,0
17:19:40,9122.175,994,1000,25,3.3,0
17:19:40,9122.382,994,1000,25,3.3,0
17:19:40,9122.574,994,1000,25,3.3,0
17:19:40,9122.784,994,1000,25,3.3,0
17:19:40,9122.972,994,1000,25,3.3,0
17:19:41,9123.18,994,1000,25,3.3,0
17:19:41,9123.373,994,1000,25,3.3,0
17:19:41,9123.578,994,1000,25,3.3,0
17:19:41,9123.768,994,1000,25,3.3,0
17:19:41,9123.977,994,1000,25,3.3,0
17:19:42,9124.169,994,1000,25,3.3,0
17:19:42,9124.377,994,1000,25,3.3,0
17:19:42,9124.567,994,1000,25,3.3,0
17:19:42,9124.774,994,1000,25,3.3,0
17:19:42,9124.964,994,1000,25,3.3,0
17:19:43,9125.172,994,1000,25,3.3,0
17:19:43,9125.363,993,1000,25,3.3,0
17:19:43,9125.569,993,1000,25,3.3,0
17:19:43,9125.762,993,1000,25,3.3,0
17:19:43,9125.967,993,1000,25,3.3,0
17:19:44,9126.16,995,1000,25,3.3,0
17:19:44,9126.366,996,1000,25,3.3,0
17:19:44,9126.557,995,1000,25,3.3,0
17:19:44,9126.765,995,1000,25,3.3,0
17:19:44,9126.957,994,1000,25,3.3,0
17:19:45,9127.165,994,1000,25,3.3,0
17:19:45,9127.358,996,1000,25,3.3,0
17:19:45,9127.565,996,1000,25,3.3,0
17:19:45,9127.758,995,1000,25,3.3,0
17:19:45,9127.965,995,1000,25,3.3,0
17:19:45,9128.157,994,1000,25,3.3,0
17:19:46,9128.365,996,1000,25,3.3,0
17:19:46,9128.556,997,1000,25,3.3,0
17:19:46,9128.764,996,1000,25,3.3,0
17:19:46,9128.955,995,1000,25,3.3,0
17:19:47,9129.163,995,1000,25,3.3,0
17:19:47,9129.355,994,1000,25,3.3,0
17:19:47,9129.563,996,1000,25,3.3,0
17:19:47,9129.754,997,1000,25,3.3,0
17:19:47,9129.962,997,1000,25,3.3,0
17:19:47,9130.154,996,1000,25,3.3,0
17:19:48,9130.361,996,1000,25,3.3,0
17:19:48,9130.554,996,1000,25,3.3,0
17:19:48,9130.763,995,1000,25,3.3,0
17:19:48,9130.953,996,1000,25,3.3,0
17:19:48,9131.151,996,1000,25,3.3,0
17:19:49,9131.352,996,1000,25,3.3,0
17:19:49,9131.558,996,1000,25,3.3,0
17:19:49,9131.752,997,1000,25,3.3,0
17:19:49,9131.955,997,1000,25,3.3,0
17:19:49,9132.145,998,1000,25,3.3,0
17:19:50,9132.351,998,1000,25,3.3,0
17:19:50,9132.541,999,1000,25,3.3,0
17:19:50,9132.748,999,1000,25,3.3,0
17:19:50,9132.955,1000,1000,25,3.3,0
17:19:50,9133.147,1001,1000,25,3.3,0
17:19:51,9133.339,1002,1000,25,3.3,0
17:19:51,9133.547,1002,1000,25,3.3,0
17:19:51,9133.74,1003,1000,25,3.3,0
17:19:51,9133.947,1004,1000,25,3.3,0
17:19:51,9134.138,1004,1000,25,3.3,0
17:19:52,9134.346,1005,1000,25,3.3,0
17:19:52,9134.538,1006,1000,25,3.3,0
17:19:52,9134.746,1006,1000,25,3.3,0
17:19:52,9134.938,1007,1000,25,3.3,0
17:19:52,9135.147,1008,1000,25,3.3,0
17:19:53,9135.339,1008,1000,25,3.3,0
17:19:53,9135.547,1009,1000,25,3.3,0
17:19:53,9135.74,1010,1000,25,3.3,0
17:19:53,9135.947,1010,1000,25,3.3,0
17:19:53,9136.138,1011,1000,25,3.3,0
17:19:54,9136.346,1011,1000,25,3.3,0
17:19:54,9136.537,1012,1000,25,3.3,0
17:19:54,9136.744,1012,1000,25,3.3,0
17:19:54,9136.935,1012,1000,25,3.3,0
17:19:54,9137.143,1012,1000,25,3.3,0
17:19:55,9137.334,1012,1000,24,3.3,0
17:19:55,9137.542,1012,1000,24,3.3,0
17:19:55,9137.733,1013,1000,24,3.3,0
17:19:55,9137.941,1013,1000,24,3.3,0
17:19:55,9138.133,1013,1000,24,3.3,0
17:19:56,9138.341,1013,1000,24,3.3,0
17:19:56,9138.533,1013,1000,24,3.3,0
17:19:56,9138.725,1013,1000,24,3.3,0
17:19:56,9138.932,1013,1000,24,3.3,0
17:19:56,9139.124,1014,1000,24,3.2,0
17:19:57,9139.33,1014,1000,24,3.2,0
17:19:57,9139.537,1014,1000,24,3.2,0
17:19:57,9139.728,1015,1000,24,3.2,0
17:19:57,9139.936,1015,1000,24,3.2,0
17:19:57,9140.129,1016,1000,24,3.2,0
17:19:58,9140.32,1016,1000,23,3.2,0
17:19:58,9140.53,1017,1000,23,3.2,0
17:19:58,9140.72,1017,1000,23,3.2,0
17:19:58,9140.928,1018,1000,23,3.2,0
17:19:58,9141.119,1018,1000,23,3.2,0
17:19:59,9141.325,1019,1000,23,3.2,0
17:19:59,9141.533,1020,1000,23,3.2,0
17:19:59,9141.725,1021,1000,23,3.2,0
17:19:59,9141.917,1022,1000,23,3.2,0
17:19:59,9142.125,1023,1000,23,3.2,0
17:20:00,9142.316,1023,1000,22,3.2,0
17:20:00,9142.523,1022,1000,22,3.2,0
17:20:00,9142.715,1021,1000,22,3.2,0
17:20:00,9142.923,1021,1000,22,3.2,0
17:20:00,9143.12,1021,1000,22,3.2,0
17:20:01,9143.322,1021,1000,22,3.2,0
17:20:01,9143.514,1022,1000,22,3.1,0
17:20:01,9143.722,1022,1000,22,3.1,0
17:20:01,9143.914,1023,1000,22,3.1,0
17:20:01,9144.122,1024,1000,21,3.1,0
17:20:02,9144.313,1024,1000,21,3.1,0
17:20:02,9144.521,1025,1000,21,3.1,0
17:20:02,9144.714,1026,1000,21,3.1,0
17:20:02,9144.922,1027,1000,21,3.1,0
17:20:02,9145.114,1027,1000,21,3.1,0
17:20:03,9145.322,1028,1000,21,3.1,0
17:20:03,9145.513,1029,1000,20,3.1,0
17:20:03,9145.722,1029,1000,20,3.1,0
17:20:03,9145.913,1030,1000,20,3,0
17:20:03,9146.105,1031,1000,20,3,0
17:20:04,9146.314,1031,1000,20,3,0
17:20:04,9146.506,1030,1000,20,3,0
17:20:04,9146.713,1028,1000,20,3,0
17:20:04,9146.903,1026,1000,19,3,0
17:20:04,9147.112,1025,1000,19,3,0
17:20:05,9147.304,1024,1000,19,3,0
17:20:05,9147.512,1023,1000,19,3,0
17:20:05,9147.704,1022,1000,19,3,0
17:20:05,9147.912,1022,1000,19,3,0
17:20:05,9148.104,1021,1000,19,3,0
17:20:06,9148.312,1021,1000,19,3,0
17:20:06,9148.504,1021,1000,19,3,0
17:20:06,9148.712,1021,1000,18,2.9,0
17:20:06,9148.903,1021,1000,18,2.9,0
17:20:06,9149.11,1021,1000,18,2.9,0
17:20:07,9149.3,1021,1000,18,2.9,0
17:20:07,9149.508,1021,1000,18,2.9,0
17:20:07,9149.698,1022,1000,18,2.9,0
17:20:07,9149.905,1022,1000,18,2.9,0
17:20:07,9150.096,1022,1000,18,2.9,0
17:20:08,9150.304,1022,1000,18,2.9,0
17:20:08,9150.495,1022,1000,17,2.9,0
17:20:08,9150.703,1022,1000,17,2.9,0
17:20:08,9150.895,1022,1000,17,2.9,0
17:20:08,9151.103,1021,1000,17,2.9,0
17:20:09,9151.294,1019,1000,17,2.9,0
17:20:09,9151.502,1016,1000,17,2.9,0
17:20:09,9151.695,1014,1000,17,2.9,0
17:20:09,9151.903,1015,1000,17,2.9,0
17:20:09,9152.094,1013,1000,17,2.9,0
17:20:10,9152.3,1012,1000,17,2.9,0
17:20:10,9152.495,1010,1000,17,2.9,0
17:20:10,9152.696,1009,1000,17,2.9,0
17:20:10,9152.887,1007,1000,16,2.9,0
17:20:10,9153.093,1008,1000,16,2.9,0
17:20:11,9153.299,1008,1000,16,2.9,0
17:20:11,9153.49,1006,1000,16,2.9,0
17:20:11,9153.699,1004,1000,16,2.9,0
17:20:11,9153.887,1003,1000,16,2.9,0
17:20:11,9154.094,1004,1000,16,2.9,0
17:20:12,9154.285,1005,1000,16,2.9,0
17:20:12,9154.492,1004,1000,16,2.9,0
17:20:12,9154.683,1003,1000,16,2.9,0
17:20:12,9154.892,1003,1000,16,2.9,0
17:20:12,9155.084,1003,1000,16,2.9,0
17:20:13,9155.291,1002,1000,16,2.9,0
17:20:13,9155.483,1002,1000,16,2.9,0
17:20:13,9155.689,1001,1000,16,2.9,0
17:20:13,9155.879,1000,1000,16,2.9,0
17:20:13,9156.087,1000,1000,16,2.9,0
17:20:14,9156.279,999,1000,16,2.9,0
17:20:14,9156.486,998,1000,16,2.9,0
17:20:14,9156.676,997,1000,16,2.9,0
17:20:14,9156.884,996,1000,16,2.9,0
17:20:14,9157.077,995,1000,16,2.9,0
17:20:15,9157.285,994,1000,16,2.9,0
17:20:15,9157.476,993,1000,16,2.9,0
17:20:15,9157.684,993,1000,16,2.9,0
17:20:15,9157.876,992,1000,16,2.9,0
17:20:15,9158.084,991,1000,16,2.9,0
17:20:16,9158.276,990,1000,17,2.9,0
17:20:16,9158.483,990,1000,17,2.9,0
17:20:16,9158.675,989,1000,17,2.9,0
17:20:16,9158.882,989,1000,17,2.9,0
17:20:16,9159.074,988,1000,17,2.9,0
17:20:17,9159.283,988,1000,17,3,0
17:20:17,9159.475,987,1000,17,3,0
17:20:17,9159.681,987,1000,17,3,0
17:20:17,9159.87,987,1000,17,3,0
17:20:17,9160.076,987,1000,17,3,0
17:20:18,9160.266,987,1000,17,3,0
17:20:18,9160.473,987,1000,17,3,0
17:20:18,9160.679,987,1000,17,3,0
17:20:18,9160.87,987,1000,17,3,0
17:20:18,9161.077,987,1000,17,3,0
17:20:19,9161.268,988,1000,17,3,0
17:20:19,9161.475,988,1000,17,3,0
17:20:19,9161.667,988,1000,18,3,0
17:20:19,9161.872,989,1000,18,3,0
17:20:19,9162.063,989,1000,18,3,0
17:20:20,9162.268,989,1000,18,3,0
17:20:20,9162.462,989,1000,18,3,0
17:20:20,9162.665,989,1000,18,3,0
17:20:20,9162.872,989,1000,18,3,0
17:20:20,9163.063,991,1000,18,3,0
17:20:21,9163.269,991,1000,18,3,0
17:20:21,9163.461,993,1000,18,3,0
17:20:21,9163.668,993,1000,18,3,0
17:20:21,9163.858,992,1000,18,3,0
17:20:21,9164.065,993,1000,18,3,0
17:20:22,9164.261,994,1000,18,3,0
17:20:22,9164.462,994,1000,18,3,0
17:20:22,9164.668,995,1000,18,3,0
17:20:22,9164.858,993,1000,18,3,0
17:20:22,9165.065,992,1000,18,3,0
17:20:23,9165.257,992,1000,18,3,0
17:20:23,9165.463,992,1000,18,3,0
17:20:23,9165.654,991,1000,18,3,0
17:20:23,9165.862,991,1000,18,3.1,0
17:20:23,9166.053,990,1000,18,3.1,0
17:20:24,9166.26,989,1000,18,3.1,0
17:20:24,9166.456,989,1000,19,3.1,0
17:20:24,9166.657,988,1000,19,3.1,0
17:20:24,9166.847,987,1000,19,3.1,0
17:20:24,9167.056,987,1000,19,3.1,0
17:20:25,9167.258,986,1000,19,3.1,0
17:20:25,9167.449,985,1000,19,3.1,0
17:20:25,9167.656,984,1000,19,3.1,0
17:20:25,9167.846,984,1000,19,3.1,0
17:20:25,9168.052,983,1000,19,3.1,0
17:20:26,9168.258,983,1000,19,3.1,0
17:20:26,9168.449,982,1000,19,3.1,0
17:20:26,9168.656,981,1000,19,3.1,0
17:20:26,9168.847,981,1000,19,3.1,0
17:20:26,9169.054,980,1000,20,3.1,0
17:20:27,9169.245,980,1000,20,3.1,0
17:20:27,9169.453,979,1000,20,3.1,0
17:20:27,9169.643,979,1000,20,3.2,0
17:20:27,9169.852,978,1000,20,3.2,0
17:20:27,9170.044,977,1000,20,3.2,0
17:20:28,9170.245,977,1000,20,3.2,0
17:20:28,9170.454,976,1000,20,3.2,0
17:20:28,9170.642,976,1000,20,3.2,0
17:20:28,9170.849,978,1000,20,3.2,0
17:20:28,9171.04,979,1000,21,3.2,0
17:20:29,9171.249,980,1000,21,3.2,0
17:20:29,9171.442,981,1000,21,3.2,0
17:20:29,9171.649,982,1000,21,3.2,0
17:20:29,9171.839,982,1000,21,3.2,0
17:20:29,9172.045,982,1000,21,3.2,0
17:20:30,9172.236,982,1000,21,3.2,0
17:20:30,9172.443,982,1000,21,3.2,0
17:20:30,9172.633,982,1000,21,3.2,0
17:20:30,9172.839,982,1000,21,3.2,0
17:20:30,9173.047,981,1000,21,3.2,0
17:20:31,9173.236,981,1000,22,3.2,0
17:20:31,9173.442,981,1000,22,3.2,0
17:20:31,9173.631,981,1000,22,3.2,0
17:20:31,9173.839,980,1000,22,3.2,0
17:20:31,9174.029,980,1000,22,3.2,0
17:20:32,9174.236,980,1000,22,3.2,0
17:20:32,9174.443,980,1000,22,3.2,0
17:20:32,9174.635,980,1000,22,3.2,0
17:20:32,9174.842,980,1000,22,3.3,0
17:20:32,9175.035,980,1000,22,3.3,0
17:20:33,9175.229,980,1000,23,3.3,0
17:20:33,9175.434,980,1000,23,3.3,0
17:20:33,9175.63,980,1000,23,3.3,0
17:20:33,9175.832,980,1000,23,3.3,0
17:20:33,9176.03,980,1000,23,3.3,0
17:20:34,9176.232,980,1000,23,3.3,0
17:20:34,9176.43,980,1000,23,3.3,0
17:20:34,9176.632,980,1000,23,3.3,0
17:20:34,9176.823,980,1000,23,3.3,0
17:20:34,9177.031,980,1000,23,3.3,0
17:20:35,9177.234,980,1000,24,3.3,0
17:20:35,9177.425,980,1000,24,3.3,0
17:20:35,9177.631,980,1000,24,3.3,0
17:20:35,9177.823,980,1000,24,3.3,0
17:20:35,9178.033,981,1000,24,3.3,0
17:20:36,9178.222,981,1000,24,3.3,0
17:20:36,9178.428,981,1000,24,3.3,0
17:20:36,9178.62,981,1000,24,3.3,0
17:20:36,9178.827,981,1000,24,3.3,0
17:20:36,9179.02,981,1000,24,3.3,0
17:20:37,9179.227,981,1000,24,3.3,0
17:20:37,9179.419,981,1000,25,3.3,0
17:20:37,9179.627,981,1000,25,3.3,0
17:20:37,9179.818,983,1000,25,3.3,0
17:20:37,9180.026,985,1000,25,3.3,0
17:20:38,9180.218,987,1000,25,3.3,0
17:20:38,9180.426,988,1000,25,3.3,0
17:20:38,9180.617,988,1000,25,3.3,0
17:20:38,9180.826,988,1000,25,3.3,0
17:20:38,9181.019,989,1000,25,3.3,0
17:20:39,9181.211,990,1000,25,3.3,0
17:20:39,9181.419,991,1000,25,3.3,0
17:20:39,9181.611,992,1000,25,3.3,0
17:20:39,9181.818,993,1000,25,3.3,0
17:20:39,9182.011,993,1000,25,3.3,0
17:20:40,9182.218,994,1000,25,3.3,0
17:20:40,9182.408,994,1000,25,3.3,0
17:20:40,9182.615,994,1000,25,3.3,0
17:20:40,9182.805,995,1000,25,3.3,0
17:20:40,9183.012,993,1000,25,3.3,0
17:20:41,9183.204,993,1000,25,3.4,0
17:20:41,9183.411,994,1000,25,3.4,0
17:20:41,9183.617,994,1000,25,3.4,0
17:20:41,9183.808,995,1000,25,3.3,0
17:20:41,9184.016,993,1000,26,3.4,0
17:20:42,9184.209,992,1000,26,3.4,0
17:20:42,9184.414,993,1000,26,3.4,0
17:20:42,9184.605,994,1000,26,3.4,0
17:20:42,9184.812,995,1000,26,3.3,0
17:20:42,9185.004,995,1000,26,3.3,0
17:20:43,9185.211,996,1000,26,3.3,0
17:20:43,9185.404,996,1000,26,3.3,0
17:20:43,9185.612,996,1000,26,3.3,0
17:20:43,9185.803,997,1000,26,3.3,0
17:20:43,9186.01,997,1000,26,3.3,0
17:20:44,9186.201,997,1000,26,3.3,0
17:20:44,9186.41,998,1000,26,3.3,0
17:20:44,9186.601,998,1000,26,3.3,0
17:20:44,9186.809,998,1000,26,3.3,0
17:20:44,9187.002,998,1000,26,3.3,0
17:20:45,9187.211,999,1000,26,3.3,0
17:20:45,9187.401,999,1000,26,3.3,0
17:20:45,9187.608,999,1000,26,3.3,0
17:20:45,9187.8,999,1000,26,3.3,0
17:20:45,9187.992,999,1000,26,3.3,0
17:20:46,9188.201,999,1000,26,3.3,0
17:20:46,9188.392,999,1000,26,3.3,0
17:20:46,9188.599,999,1000,26,3.3,0
17:20:46,9188.791,999,1000,26,3.3,0
17:20:46,9188.999,999,1000,26,3.3,0
17:20:47,9189.191,999,1000,26,3.3,0
17:20:47,9189.399,999,1000,26,3.3,0
17:20:47,9189.593,998,1000,26,3.3,0
17:20:47,9189.8,998,1000,26,3.3,0
17:20:47,9189.992,998,1000,26,3.3,0
17:20:48,9190.2,998,1000,26,3.3,0
17:20:48,9190.394,997,1000,26,3.3,0
17:20:48,9190.586,997,1000,26,3.3,0
17:20:48,9190.793,997,1000,26,3.3,0
17:20:48,9190.986,996,1000,26,3.3,0
17:20:49,9191.195,996,1000,26,3.3,0
17:20:49,9191.386,996,1000,26,3.3,0
17:20:49,9191.593,996,1000,26,3.3,0
17:20:49,9191.785,996,1000,26,3.3,0
17:20:49,9191.994,996,1000,26,3.3,0
17:20:50,9192.185,995,1000,26,3.3,0
17:20:50,9192.392,995,1000,26,3.3,0
17:20:50,9192.585,995,1000,26,3.3,0
17:20:50,9192.793,995,1000,26,3.3,0
17:20:50,9192.985,995,1000,26,3.3,0
17:20:51,9193.192,995,1000,26,3.3,0
17:20:51,9193.382,995,1000,26,3.3,0
17:20:51,9193.591,996,1000,26,3.3,0
17:20:51,9193.783,996,1000,26,3.3,0
17:20:51,9193.99,996,1000,26,3.3,0
17:20:52,9194.181,996,1000,26,3.3,0
17:20:52,9194.388,996,1000,26,3.3,0
17:20:52,9194.58,997,1000,26,3.3,0
17:20:52,9194.788,997,1000,26,3.3,0
17:20:52,9194.981,997,1000,26,3.3,0
17:20:53,9195.188,998,1000,26,3.3,0
17:20:53,9195.378,998,1000,26,3.3,0
17:20:53,9195.586,999,1000,26,3.3,0
17:20:53,9195.778,999,1000,26,3.3,0
17:20:53,9195.985,1000,1000,26,3.3,0
17:20:54,9196.177,1000,1000,26,3.3,0
17:20:54,9196.384,1001,1000,26,3.3,0
17:20:54,9196.576,1001,1000,26,3.3,0
17:20:54,9196.783,1002,1000,26,3.3,0
17:20:54,9196.975,1003,1000,26,3.3,0
17:20:55,9197.181,1003,1000,26,3.3,0
17:20:55,9197.373,1004,1000,26,3.3,0
17:20:55,9197.58,1004,1000,26,3.3,0
17:20:55,9197.773,1005,1000,26,3.3,0
17:20:55,9197.979,1004,1000,26,3.3,0
17:20:56,9198.17,1005,1000,26,3.3,0
17:20:56,9198.378,1005,1000,26,3.3,0
17:20:56,9198.569,1004,1000,26,3.3,0
17:20:56,9198.777,1005,1000,26,3.3,0
17:20:56,9198.969,1006,1000,25,3.3,0
17:20:57,9199.177,1005,1000,25,3.3,0
17:20:57,9199.37,1005,1000,25,3.3,0
17:20:57,9199.561,1005,1000,25,3.3,0
17:20:57,9199.767,1005,1000,25,3.3,0
17:20:57,9199.976,1005,1000,25,3.3,0
17:20:58,9200.166,1005,1000,25,3.3,0
17:20:58,9200.375,1005,1000,25,3.3,0
17:20:58,9200.567,1005,1000,25,3.3,0
17:20:58,9200.759,1006,1000,25,3.3,0
17:20:58,9200.967,1006,1000,25,3.3,0
17:20:59,9201.16,1006,1000,25,3.3,0
17:20:59,9201.367,1007,1000,25,3.3,0
17:20:59,9201.561,1007,1000,25,3.3,0
17:20:59,9201.767,1008,1000,25,3.3,0
17:20:59,9201.959,1008,1000,25,3.3,0
17:21:00,9202.166,1008,1000,25,3.3,0
17:21:00,9202.358,1009,1000,25,3.3,0
17:21:00,9202.566,1009,1000,25,3.3,0
17:21:00,9202.759,1009,1000,25,3.3,0
17:21:00,9202.965,1010,1000,25,3.3,0
17:21:00,9203.157,1010,1000,25,3.3,0
17:21:01,9203.366,1011,1000,25,3.3,0
17:21:01,9203.558,1011,1000,25,3.3,0
17:21:01,9203.75,1011,1000,25,3.3,0
17:21:01,9203.957,1011,1000,24,3.3,0
17:21:02,9204.164,1012,1000,24,3.3,0
17:21:02,9204.355,1012,1000,24,3.3,0
17:21:02,9204.561,1012,1000,24,3.3,0
17:21:02,9204.751,1012,1000,24,3.3,0
17:21:02,9204.959,1012,1000,24,3.3,0
17:21:02,9205.149,1012,1000,24,3.3,0
17:21:03,9205.356,1013,1000,24,3.3,0
17:21:03,9205.548,1013,1000,24,3.3,0
17:21:03,9205.755,1013,1000,24,3.3,0
17:21:03,9205.946,1013,1000,24,3.2,0
17:21:03,9206.153,1013,1000,24,3.2,0
17:21:04,9206.344,1013,1000,24,3.2,0
17:21:04,9206.55,1012,1000,24,3.2,0
17:21:04,9206.742,1012,1000,24,3.2,0
17:21:04,9206.948,1012,1000,24,3.2,0
17:21:05,9207.187,1012,1000,23,3.2,0
17:21:05,9207.346,1011,1000,23,3.2,0
17:21:05,9207.552,1011,1000,23,3.2,0
17:21:05,9207.746,1011,1000,23,3.2,0
17:21:05,9207.949,1010,1000,23,3.2,0
17:21:05,9208.14,1010,1000,23,3.2,0
17:21:06,9208.348,1010,1000,23,3.2,0
17:21:06,9208.543,1009,1000,23,3.2,0
17:21:06,9208.743,1009,1000,23,3.2,0
17:21:06,9208.95,1009,1000,23,3.2,0
17:21:06,9209.138,1009,1000,23,3.2,0
17:21:07,9209.344,1009,1000,23,3.2,0
17:21:07,9209.54,1009,1000,23,3.2,0
17:21:07,9209.744,1008,1000,23,3.2,0
17:21:07,9209.948,1008,1000,23,3.2,0
17:21:07,9210.138,1008,1000,23,3.2,0
17:21:08,9210.344,1008,1000,23,3.2,0
17:21:08,9210.535,1008,1000,23,3.2,0
17:21:08,9210.743,1008,1000,23,3.2,0
17:21:08,9210.936,1007,1000,23,3.2,0
17:21:08,9211.143,1007,1000,23,3.2,0
17:21:09,9211.336,1007,1000,22,3.2,0
17:21:09,9211.539,1006,1000,22,3.2,0
17:21:09,9211.731,1006,1000,22,3.2,0
17:21:09,9211.937,1006,1000,22,3.2,0
17:21:09,9212.134,1005,1000,22,3.2,0
17:21:10,9212.334,1005,1000,22,3.2,0
17:21:10,9212.54,1005,1000,22,3.2,0
17:21:10,9212.732,1005,1000,22,3.2,0
17:21:10,9212.938,1005,1000,22,3.2,0
17:21:10,9213.129,1005,1000,22,3.2,0
17:21:11,9213.337,1005,1000,22,3.2,0
17:21:11,9213.528,1005,1000,22,3.2,0
17:21:11,9213.734,1006,1000,22,3.2,0
17:21:11,9213.927,1006,1000,22,3.2,0
17:21:11,9214.135,1006,1000,22,3.2,0
17:21:12,9214.327,1006,1000,22,3.2,0
17:21:12,9214.534,1006,1000,22,3.2,0
17:21:12,9214.724,1006,1000,22,3.2,0
17:21:12,9214.93,1006,1000,22,3.2,0
17:21:12,9215.122,1006,1000,22,3.2,0
17:21:13,9215.327,1006,1000,22,3.2,0
17:21:13,9215.533,1006,1000,22,3.2,0
17:21:13,9215.724,1006,1000,22,3.2,0
17:21:13,9215.933,1004,1000,22,3.2,0
17:21:13,9216.123,1005,1000,22,3.2,0
17:21:14,9216.328,1005,1000,22,3.2,0
17:21:14,9216.518,1003,1000,22,3.2,0
17:21:14,9216.726,1004,1000,22,3.2,0
17:21:14,9216.917,1004,1000,22,3.2,0
17:21:14,9217.126,1004,1000,22,3.2,0
17:21:15,9217.317,1004,1000,22,3.2,0
17:21:15,9217.525,1004,1000,22,3.2,0
17:21:15,9217.717,1004,1000,22,3.2,0
17:21:15,9217.925,1004,1000,22,3.2,0
17:21:15,9218.117,1004,1000,22,3.2,0
17:21:16,9218.323,1004,1000,22,3.2,0
,,,,,,
,,,,,,
,,,,,,
,,,,,,
,,,,,,
,,,,,,
,,,,,,
,,,,,,
,,,,,,
,,,,,,
,,,,,,
,,,,,,
,,,,,,
,,,,,,
,,,,,,
,,,,,,
,,,,,,
,,,,,,
,,,,,,
,,,,,,
,,,,,,
,,,,,,
,,,,,,
,,,,,,
,,,,,,
,,,,,,
,,,,,,
,,,,,,
,,,,,,
,,,,,,
,,,,,,
,,,,,,
,,,,,,
,,,,,,
,,,,,,
,,,,,,
,,,,,,
,,,,,,
,,,,,,
,,,,,,
,,,,,,
,,,,,,
,,,,,,
,,,,,,
,,,,,,
,,,,,,
,,,,,,
,,,,,,
,,,,,,
,,,,,,
,,,,,,
,,,,,,
,,,,,,
,,,,,,
,,,,,,
,,,,,,
,,,,,,
,,,,,,
,,,,,,
,,,,,,
,,,,,,
,,,,,,
,,,,,,
,,,,,,
,,,,,,
,,,,,,
,,,,,,
,,,,,,
,,,,,,
,,,,,,
,,,,,,
,,,,,,
,,,,,,
,,,,,,
,,,,,,
,,,,,,
,,,,,,
,,,,,,
,,,,,,
,,,,,,
,,,,,,
,,,,,,
,,,,,,
,,,,,,
,,,,,,
,,,,,,
,,,,,,
,,,,,,
,,,,,,
,,,,,,
,,,,,,
,,,,,,
,,,,,,
,,,,,,
,,,,,,
,,,,,,
,,,,,,
,,,,,,
,,,,,,
,,,,,,
,,,,,,
,,,,,,
,,,,,,
,,,,,,
,,,,,,
,,,,,,
,,,,,,
,,,,,,
,,,,,,
,,,,,,
,,,,,,
,,,,,,
,,,,,,
,,,,,,
,,,,,,
,,,,,,
,,,,,,
,,,,,,
,,,,,,
,,,,,,
,,,,,,
,,,,,,
,,,,,,
,,,,,,
,,,,,,
,,,,,,
,,,,,,
,,,,,,
,,,,,,
,,,,,,
,,,,,,
,,,,,,
,,,,,,
,,,,,,
,,,,,,
,,,,,,
,,,,,,
,,,,,,
,,,,,,
,,,,,,
,,,,,,
,,,,,,
,,,,,,
,,,,,,
,,,,,,
,,,,,,
,,,,,,
,,,,,,
,,,,,,
,,,,,,
,,,,,,
,,,,,,
,,,,,,
,,,,,,
,,,,,,
,,,,,,
,,,,,,
,,,,,,
,,,,,,
,,,,,,
,,,,,,
,,,,,,
,,,,,,
,,,,,,
,,,,,,
,,,,,,
,,,,,,
,,,,,,
,,,,,,
,,,,,,
,,,,,,
,,,,,,
,,,,,,
,,,,,,
,,,,,,
,,,,,,
,,,,,,
,,,,,,
,,,,,,
,,,,,,
,,,,,,
,,,,,,
,,,,,,
,,,,,,
,,,,,,
,,,,,,
,,,,,,
,,,,,,
,,,,,,
,,,,,,
,,,,,,
,,,,,,
,,,,,,
,,,,,,
,,,,,,
,,,,,,
,,,,,,
,,,,,,
,,,,,,
,,,,,,
,,,,,,
,,,,,,
,,,,,,
,,,,,,
,,,,,,
,,,,,,
,,,,,,
,,,,,,
,,,,,,
,,,,,,
,,,,,,
,,,,,,
,,,,,,
,,,,,,
,,,,,,
,,,,,,
,,,,,,
,,,,,,
,,,,,,
,,,,,,
,,,,,,
,,,,,,
,,,,,,
,,,,,,
,,,,,,
,,,,,,
,,,,,,
,,,,,,
,,,,,,
,,,,,,
,,,,,,
,,,,,,
,,,,,,
,,,,,,
,,,,,,
,,,,,,
,,,,,,
,,,,,,
,,,,,,
,,,,,,
,,,,,,
,,,,,,
,,,,,,
,,,,,,
,,,,,,
,,,,,,
,,,,,,
,,,,,,
,,,,,,
,,,,,,
,,,,,,
,,,,,,
,,,,,,
,,,,,,
,,,,,,
,,,,,,
,,,,,,
,,,,,,
,,,,,,
,,,,,,
,,,,,,
,,,,,,
,,,,,,
,,,,,,
,,,,,,
,,,,,,
,,,,,,
,,,,,,
,,,,,,
,,,,,,
,,,,,,
,,,,,,
,,,,,,
,,,,,,
,,,,,,
,,,,,,
,,,,,,
,,,,,,
,,,,,,
,,,,,,
,,,,,,
,,,,,,
,,,,,,
,,,,,,
,,,,,,
,,,,,,
,,,,,,
,,,,,,
,,,,,,
,,,,,,
,,,,,,
,,,,,,
,,,,,,
,,,,,,
,,,,,,
,,,,,,
,,,,,,
,,,,,,
,,,,,,
,,,,,,
,,,,,,
,,,,,,
,,,,,,
,,,,,,
,,,,,,
,,,,,,
,,,,,,
,,,,,,
,,,,,,
,,,,,,
,,,,,,
,,,,,,
,,,,,,
,,,,,,
,,,,,,
,,,,,,
,,,,,,
,,,,,,
,,,,,,
,,,,,,
,,,,,,
,,,,,,
,,,,,,
,,,,,,
,,,,,,
,,,,,,
,,,,,,
,,,,,,
,,,,,,
,,,,,,
,,,,,,
,,,,,,
,,,,,,
,,,,,,
,,,,,,
,,,,,,
,,,,,,
,,,,,,
,,,,,,
,,,,,,
,,,,,,
,,,,,,
,,,,,,
,,,,,,
,,,,,,
,,,,,,
,,,,,,
,,,,,,
,,,,,,
,,,,,,
,,,,,,
,,,,,,
,,,,,,
,,,,,,
,,,,,,
,,,,,,
,,,,,,
,,,,,,
,,,,,,
,,,,,,
,,,,,,
,,,,,,
,,,,,,
,,,,,,
,,,,,,
,,,,,,
,,,,,,
,,,,,,
,,,,,,
,,,,,,
,,,,,,
,,,,,,
,,,,,,
,,,,,,
,,,,,,
,,,,,,
,,,,,,
,,,,,,
,,,,,,
,,,,,,
,,,,,,
,,,,,,
,,,,,,
,,,,,,
,,,,,,
,,,,,,
,,,,,,
,,,,,,
,,,,,,
,,,,,,
,,,,,,
,,,,,,
,,,,,,
,,,,,,
,,,,,,
,,,,,,
,,,,,,
,,,,,,
,,,,,,
,,,,,,
,,,,,,
,,,,,,
,,,,,,
,,,,,,
,,,,,,
,,,,,,
,,,,,,
,,,,,,
,,,,,,
,,,,,,
,,,,,,
,,,,,,
,,,,,,
,,,,,,
,,,,,,
,,,,,,
,,,,,,
,,,,,,
,,,,,,
,,,,,,
,,,,,,
,,,,,,
,,,,,,
,,,,,,
,,,,,,
,,,,,,
,,,,,,
,,,,,,
,,,,,,
,,,,,,
,,,,,,
,,,,,,
,,,,,,
,,,,,,
,,,,,,
,,,,,,
,,,,,,
,,,,,,
,,,,,,
,,,,,,
,,,,,,
,,,,,,
,,,,,,
,,,,,,
,,,,,,
,,,,,,
,,,,,,
,,,,,,
,,,,,,
,,,,,,
,,,,,,
,,,,,,
,,,,,,
,,,,,,
,,,,,,
,,,,,,
,,,,,,
,,,,,,
,,,,,,
,,,,,,
,,,,,,
,,,,,,
,,,,,,
,,,,,,
,,,,,,
,,,,,,
,,,,,,
,,,,,,
,,,,,,
,,,,,,
,,,,,,
,,,,,,
,,,,,,
,,,,,,
,,,,,,
,,,,,,
,,,,,,
,,,,,,
,,,,,,
,,,,,,
,,,,,,
,,,,,,
,,,,,,
,,,,,,
,,,,,,
,,,,,,
,,,,,,
,,,,,,
,,,,,,
,,,,,,
,,,,,,
,,,,,,
,,,,,,
,,,,,,
,,,,,,
,,,,,,
,,,,,,
,,,,,,
,,,,,,
,,,,,,
,,,,,,
,,,,,,
,,,,,,
,,,,,,
,,,,,,
,,,,,,
,,,,,,
,,,,,,
,,,,,,
,,,,,,
,,,,,,
,,,,,,
,,,,,,
,,,,,,
,,,,,,
,,,,,,
,,,,,,
,,,,,,
,,,,,,
,,,,,,
,,,,,,
,,,,,,
,,,,,,
,,,,,,
,,,,,,
,,,,,,
,,,,,,
,,,,,,
,,,,,,
,,,,,,
,,,,,,
,,,,,,
,,,,,,
,,,,,,
,,,,,,
,,,,,,
,,,,,,
,,,,,,
,,,,,,
,,,,,,
,,,,,,
,,,,,,
,,,,,,
,,,,,,
,,,,,,
,,,,,,
,,,,,,
,,,,,,
,,,,,,
,,,,,,
,,,,,,
,,,,,,
,,,,,,
,,,,,,
,,,,,,
,,,,,,
,,,,,,
,,,,,,
,,,,,,
,,,,,,
,,,,,,
,,,,,,
,,,,,,
,,,,,,
,,,,,,
,,,,,,
,,,,,,
,,,,,,
,,,,,,
,,,,,,
,,,,,,
,,,,,,
,,,,,,
,,,,,,
,,,,,,
,,,,,,
,,,,,,
,,,,,,
,,,,,,
,,,,,,
,,,,,,
,,,,,,
,,,,,,
,,,,,,
,,,,,,
,,,,,,
,,,,,,
,,,,,,
,,,,,,
,,,,,,
,,,,,,
,,,,,,
,,,,,,
,,,,,,
,,,,,,
,,,,,,
,,,,,,
,,,,,,
,,,,,,
,,,,,,
,,,,,,
,,,,,,
,,,,,,
,,,,,,
,,,,,,
,,,,,,
,,,,,,
,,,,,,
,,,,,,
,,,,,,
,,,,,,
,,,,,,
,,,,,,
,,,,,,
,,,,,,
,,,,,,
,,,,,,
,,,,,,
,,,,,,
,,,,,,
,,,,,,
,,,,,,
,,,,,,
,,,,,,
,,,,,,
,,,,,,
,,,,,,
,,,,,,
,,,,,,
,,,,,,
,,,,,,
,,,,,,
,,,,,,
,,,,,,
,,,,,,
,,,,,,
,,,,,,
,,,,,,
,,,,,,
,,,,,,
,,,,,,
,,,,,,
,,,,,,
,,,,,,
,,,,,,
,,,,,,
,,,,,,
,,,,,,
,,,,,,
,,,,,,
,,,,,,
,,,,,,
,,,,,,
,,,,,,
,,,,,,
,,,,,,
,,,,,,
,,,,,,
,,,,,,
,,,,,,
,,,,,,
,,,,,,
,,,,,,
,,,,,,
,,,,,,
,,,,,,
,,,,,,
,,,,,,
,,,,,,
,,,,,,
,,,,,,
,,,,,,
,,,,,,
,,,,,,
,,,,,,
,,,,,,
,,,,,,
,,,,,,
,,,,,,
,,,,,,
,,,,,,
,,,,,,
,,,,,,
,,,,,,
,,,,,,
,,,,,,
,,,,,,
,,,,,,
,,,,,,
,,,,,,
,,,,,,
,,,,,,
,,,,,,
,,,,,,
,,,,,,
,,,,,,
,,,,,,
,,,,,,
,,,,,,
,,,,,,
,,,,,,
,,,,,,
,,,,,,
,,,,,,
,,,,,,
,,,,,,
,,,,,,
,,,,,,
,,,,,,
,,,,,,
,,,,,,
,,,,,,
,,,,,,
,,,,,,
,,,,,,
,,,,,,
,,,,,,
,,,,,,
,,,,,,
,,,,,,
,,,,,,
,,,,,,
,,,,,,
,,,,,,
,,,,,,
,,,,,,
,,,,,,
,,,,,,
,,,,,,
,,,,,,
,,,,,,
,,,,,,
,,,,,,
,,,,,,
,,,,,,
,,,,,,
,,,,,,
,,,,,,
,,,,,,
,,,,,,
,,,,,,
,,,,,,
,,,,,,
,,,,,,
,,,,,,
,,,,,,
,,,,,,
,,,,,,
,,,,,,
,,,,,,
,,,,,,
,,,,,,
,,,,,,
,,,,,,
,,,,,,
,,,,,,
,,,,,,
,,,,,,
,,,,,,
,,,,,,
,,,,,,
,,,,,,
,,,,,,
,,,,,,
,,,,,,
,,,,,,
,,,,,,
,,,,,,
,,,,,,
,,,,,,
,,,,,,
,,,,,,
,,,,,,
,,,,,,
,,,,,,
,,,,,,
,,,,,,
,,,,,,
,,,,,,
,,,,,,
,,,,,,
,,,,,,
,,,,,,
,,,,,,
,,,,,,
,,,,,,
,,,,,,
,,,,,,
,,,,,,
,,,,,,
,,,,,,
,,,,,,
,,,,,,
,,,,,,
,,,,,,
,,,,,,
,,,,,,
,,,,,,
,,,,,,
,,,,,,
,,,,,,
,,,,,,
,,,,,,
,,,,,,
,,,,,,
,,,,,,
,,,,,,
,,,,,,
,,,,,,
,,,,,,
,,,,,,
,,,,,,
,,,,,,
,,,,,,
,,,,,,
,,,,,,
,,,,,,
,,,,,,
,,,,,,
,,,,,,
,,,,,,
,,,,,,
,,,,,,
,,,,,,
,,,,,,
,,,,,,
,,,,,,
,,,,,,
,,,,,,
,,,,,,
,,,,,,
,,,,,,
,,,,,,
,,,,,,
,,,,,,
,,,,,,
,,,,,,
,,,,,,
,,,,,,
,,,,,,
,,,,,,
,,,,,,
,,,,,,
,,,,,,
,,,,,,
,,,,,,
,,,,,,
,,,,,,
,,,,,,
,,,,,,
,,,,,,
,,,,,,
,,,,,,
,,,,,,
,,,,,,
,,,,,,
,,,,,,
,,,,,,
,,,,,,
,,,,,,
,,,,,,
,,,,,,
,,,,,,
,,,,,,
,,,,,,
,,,,,,
,,,,,,
,,,,,,
,,,,,,
,,,,,,
,,,,,,
,,,,,,
,,,,,,
,,,,,,
,,,,,,
,,,,,,
,,,,,,
,,,,,,
,,,,,,
,,,,,,
,,,,,,
,,,,,,
,,,,,,
,,,,,,
,,,,,,
,,,,,,
,,,,,,
,,,,,,
,,,,,,
,,,,,,
,,,,,,
,,,,,,
,,,,,,
,,,,,,
,,,,,,
,,,,,,
,,,,,,
,,,,,,
,,,,,,
,,,,,,
,,,,,,
,,,,,,
,,,,,,
,,,,,,
,,,,,,
,,,,,,
,,,,,,
,,,,,,
,,,,,,
,,,,,,
,,,,,,
,,,,,,
,,,,,,
,,,,,,
,,,,,,
,,,,,,
,,,,,,
,,,,,,
,,,,,,
,,,,,,
,,,,,,
,,,,,,
,,,,,,
,,,,,,
,,,,,,
,,,,,,
,,,,,,
,,,,,,
,,,,,,
,,,,,,
,,,,,,
,,,,,,
,,,,,,
,,,,,,
,,,,,,
,,,,,,
,,,,,,
,,,,,,
,,,,,,
,,,,,,
,,,,,,
,,,,,,
,,,,,,
,,,,,,
,,,,,,
,,,,,,
,,,,,,
,,,,,,
,,,,,,
,,,,,,
,,,,,,
,,,,,,
,,,,,,
,,,,,,
,,,,,,
,,,,,,
,,,,,,
,,,,,,
,,,,,,
,,,,,,
,,,,,,
,,,,,,
,,,,,,
,,,,,,
,,,,,,
,,,,,,
,,,,,,
,,,,,,
,,,,,,
,,,,,,
,,,,,,
,,,,,,
,,,,,,
,,,,,,
,,,,,,
,,,,,,
,,,,,,
,,,,,,
,,,,,,
,,,,,,
,,,,,,
,,,,,,
,,,,,,
,,,,,,
,,,,,,
,,,,,,
,,,,,,
,,,,,,
,,,,,,
,,,,,,
,,,,,,
,,,,,,
,,,,,,
,,,,,,
,,,,,,
,,,,,,
,,,,,,
,,,,,,
,,,,,,
,,,,,,
,,,,,,
,,,,,,
,,,,,,
,,,,,,
,,,,,,
,,,,,,
,,,,,,
,,,,,,
,,,,,,
,,,,,,
,,,,,,
,,,,,,
,,,,,,
,,,,,,
,,,,,,
,,,,,,
,,,,,,
,,,,,,
,,,,,,
,,,,,,
,,,,,,
,,,,,,
,,,,,,
,,,,,,
,,,,,,
,,,,,,
,,,,,,
,,,,,,
,,,,,,
,,,,,,
,,,,,,
,,,,,,
,,,,,,
,,,,,,
,,,,,,
,,,,,,
,,,,,,
,,,,,,
,,,,,,
,,,,,,
,,,,,,
,,,,,,
,,,,,,
,,,,,,
,,,,,,
,,,,,,
,,,,,,
,,,,,,
,,,,,,
,,,,,,
,,,,,,
,,,,,,
,,,,,,
,,,,,,
,,,,,,
,,,,,,
,,,,,,
,,,,,,
,,,,,,
,,,,,,
,,,,,,
,,,,,,
,,,,,,
,,,,,,
,,,,,,
,,,,,,
,,,,,,
,,,,,,
,,,,,,
,,,,,,
,,,,,,
,,,,,,
,,,,,,
,,,,,,
,,,,,,
,,,,,,
,,,,,,
,,,,,,
,,,,,,
,,,,,,
,,,,,,
,,,,,,
,,,,,,
,,,,,,
,,,,,,
,,,,,,
,,,,,,
,,,,,,
,,,,,,
,,,,,,
,,,,,,
,,,,,,
,,,,,,
,,,,,,
,,,,,,
,,,,,,
,,,,,,
,,,,,,
,,,,,,
,,,,,,
,,,,,,
,,,,,,
,,,,,,
,,,,,,
,,,,,,
,,,,,,
,,,,,,
,,,,,,
,,,,,,
,,,,,,
,,,,,,
,,,,,,
,,,,,,
,,,,,,
,,,,,,
,,,,,,
,,,,,,
,,,,,,
,,,,,,
,,,,,,
,,,,,,
,,,,,,
,,,,,,
,,,,,,
,,,,,,
,,,,,,
,,,,,,
,,,,,,
,,,,,,
,,,,,,
,,,,,,
,,,,,,
,,,,,,
,,,,,,
,,,,,,
,,,,,,
,,,,,,
,,,,,,
,,,,,,
,,,,,,
,,,,,,
,,,,,,
,,,,,,
,,,,,,
,,,,,,
,,,,,,
,,,,,,
,,,,,,
,,,,,,
,,,,,,
,,,,,,
,,,,,,
,,,,,,
,,,,,,
,,,,,,
,,,,,,
,,,,,,
,,,,,,
,,,,,,
,,,,,,
,,,,,,
,,,,,,
,,,,,,
,,,,,,
,,,,,,
,,,,,,
,,,,,,
,,,,,,
,,,,,,
,,,,,,
,,,,,,
,,,,,,
,,,,,,
,,,,,,
,,,,,,
,,,,,,
,,,,,,
,,,,,,
,,,,,,
,,,,,,
,,,,,,
,,,,,,
,,,,,,
,,,,,,
,,,,,,
,,,,,,
,,,,,,
,,,,,,
,,,,,,
,,,,,,
,,,,,,
,,,,,,
,,,,,,
,,,,,,
,,,,,,
,,,,,,
,,,,,,
,,,,,,
,,,,,,
,,,,,,
,,,,,,
,,,,,,
,,,,,,
,,,,,,
,,,,,,
,,,,,,
,,,,,,
,,,,,,
,,,,,,
,,,,,,
,,,,,,
,,,,,,
,,,,,,
,,,,,,
,,,,,,
,,,,,,
,,,,,,
,,,,,,
,,,,,,
,,,,,,
,,,,,,
,,,,,,
,,,,,,
,,,,,,
,,,,,,
,,,,,,
,,,,,,
,,,,,,
,,,,,,
,,,,,,
,,,,,,
,,,,,,
,,,,,,
,,,,,,
,,,,,,
,,,,,,
,,,,,,
,,,,,,
,,,,,,
,,,,,,
,,,,,,
,,,,,,
,,,,,,
,,,,,,
,,,,,,
,,,,,,
,,,,,,
,,,,,,
,,,,,,
,,,,,,
,,,,,,
,,,,,,
,,,,,,
,,,,,,
,,,,,,
,,,,,,
,,,,,,
,,,,,,
,,,,,,
,,,,,,
,,,,,,
,,,,,,
,,,,,,
,,,,,,
,,,,,,
,,,,,,
,,,,,,
,,,,,,
,,,,,,
,,,,,,
,,,,,,
,,,,,,
,,,,,,
,,,,,,
,,,,,,
,,,,,,
,,,,,,
,,,,,,
,,,,,,
,,,,,,
,,,,,,
,,,,,,
,,,,,,
,,,,,,
,,,,,,
,,,,,,
,,,,,,
,,,,,,
,,,,,,
,,,,,,
,,,,,,
,,,,,,
,,,,,,
,,,,,,
,,,,,,
,,,,,,
,,,,,,
,,,,,,
,,,,,,
,,,,,,
,,,,,,
,,,,,,
,,,,,,
,,,,,,
,,,,,,
,,,,,,
,,,,,,
,,,,,,
,,,,,,
,,,,,,
,,,,,,
,,,,,,
,,,,,,
,,,,,,
,,,,,,
,,,,,,
,,,,,,
,,,,,,
,,,,,,
,,,,,,
,,,,,,
,,,,,,
,,,,,,
,,,,,,
,,,,,,
,,,,,,
,,,,,,
,,,,,,
,,,,,,
,,,,,,
,,,,,,
,,,,,,
,,,,,,
,,,,,,
,,,,,,
,,,,,,
,,,,,,
,,,,,,
,,,,,,
,,,,,,
,,,,,,
,,,,,,
,,,,,,
,,,,,,
,,,,,,
,,,,,,
,,,,,,
,,,,,,
,,,,,,
,,,,,,
,,,,,,
,,,,,,
,,,,,,
,,,,,,
,,,,,,
,,,,,,
,,,,,,
,,,,,,
,,,,,,
,,,,,,
,,,,,,
,,,,,,
,,,,,,
,,,,,,
,,,,,,
,,,,,,
,,,,,,
,,,,,,
,,,,,,
,,,,,,
,,,,,,
,,,,,,
,,,,,,
,,,,,,
,,,,,,
,,,,,,
,,,,,,
,,,,,,
,,,,,,
,,,,,,
,,,,,,
,,,,,,
,,,,,,
,,,,,,
,,,,,,
,,,,,,
,,,,,,
,,,,,,
,,,,,,
,,,,,,
,,,,,,
,,,,,,
,,,,,,
,,,,,,
,,,,,,
,,,,,,
,,,,,,
,,,,,,
,,,,,,
,,,,,,
,,,,,,
,,,,,,
,,,,,,
,,,,,,
,,,,,,
,,,,,,
,,,,,,
,,,,,,
,,,,,,
,,,,,,
,,,,,,
,,,,,,
,,,,,,
,,,,,,
,,,,,,
,,,,,,
,,,,,,
,,,,,,
,,,,,,
,,,,,,
,,,,,,
,,,,,,
,,,,,,
,,,,,,
,,,,,,
,,,,,,
,,,,,,
,,,,,,
,,,,,,
,,,,,,
,,,,,,
,,,,,,
,,,,,,
,,,,,,
,,,,,,
,,,,,,
,,,,,,
,,,,,,
,,,,,,
,,,,,,
,,,,,,
,,,,,,
,,,,,,
,,,,,,
,,,,,,
,,,,,,
,,,,,,
,,,,,,
,,,,,,
,,,,,,
,,,,,,
,,,,,,
,,,,,,
,,,,,,
,,,,,,
,,,,,,
,,,,,,
,,,,,,
,,,,,,
,,,,,,
,,,,,,
,,,,,,
,,,,,,
,,,,,,
,,,,,,
,,,,,,
,,,,,,
,,,,,,
,,,,,,
,,,,,,
,,,,,,
,,,,,,
,,,,,,
,,,,,,
,,,,,,
,,,,,,
,,,,,,
,,,,,,
,,,,,,
,,,,,,
,,,,,,
,,,,,,
,,,,,,
,,,,,,
,,,,,,
,,,,,,
,,,,,,
,,,,,,
,,,,,,
,,,,,,
,,,,,,
,,,,,,
,,,,,,
,,,,,,
,,,,,,
,,,,,,
,,,,,,
,,,,,,
,,,,,,
,,,,,,
,,,,,,
,,,,,,
,,,,,,
,,,,,,
,,,,,,
,,,,,,
,,,,,,
,,,,,,
,,,,,,
,,,,,,
,,,,,,
,,,,,,
,,,,,,
,,,,,,
,,,,,,
,,,,,,
,,,,,,
,,,,,,
,,,,,,
,,,,,,
,,,,,,
,,,,,,
,,,,,,
,,,,,,
,,,,,,
,,,,,,
,,,,,,
,,,,,,
,,,,,,
,,,,,,
,,,,,,
,,,,,,
,,,,,,
,,,,,,
,,,,,,
,,,,,,
,,,,,,
,,,,,,
,,,,,,
,,,,,,
,,,,,,
,,,,,,
,,,,,,
,,,,,,
,,,,,,
,,,,,,
,,,,,,
,,,,,,
,,,,,,
,,,,,,
,,,,,,
,,,,,,
,,,,,,
,,,,,,
,,,,,,
,,,,,,
,,,,,,
,,,,,,
,,,,,,
,,,,,,
,,,,,,
,,,,,,
,,,,,,
,,,,,,
,,,,,,
,,,,,,
,,,,,,
,,,,,,
,,,,,,
,,,,,,
,,,,,,
,,,,,,
,,,,,,
,,,,,,
,,,,,,
,,,,,,
,,,,,,
,,,,,,
,,,,,,
,,,,,,
,,,,,,
,,,,,,
,,,,,,
,,,,,,
,,,,,,
,,,,,,
,,,,,,
,,,,,,
,,,,,,
,,,,,,
,,,,,,
,,,,,,
,,,,,,
,,,,,,
,,,,,,
,,,,,,
,,,,,,
,,,,,,
,,,,,,
,,,,,,
,,,,,,
,,,,,,
,,,,,,
,,,,,,
,,,,,,
,,,,,,
,,,,,,
,,,,,,
,,,,,,
,,,,,,
,,,,,,
,,,,,,
,,,,,,
,,,,,,
,,,,,,
,,,,,,
,,,,,,
,,,,,,
,,,,,,
,,,,,,
,,,,,,
,,,,,,
,,,,,,
,,,,,,
,,,,,,
,,,,,,
,,,,,,
,,,,,,
,,,,,,
,,,,,,
,,,,,,
,,,,,,
,,,,,,
,,,,,,
,,,,,,
,,,,,,
,,,,,,
,,,,,,
,,,,,,
,,,,,,
,,,,,,
,,,,,,
,,,,,,
,,,,,,
,,,,,,
,,,,,,
,,,,,,
,,,,,,
,,,,,,
,,,,,,
,,,,,,
,,,,,,
,,,,,,
,,,,,,
,,,,,,
,,,,,,
,,,,,,
,,,,,,
,,,,,,
,,,,,,
,,,,,,
,,,,,,
,,,,,,
,,,,,,
,,,,,,
,,,,,,
,,,,,,
,,,,,,
,,,,,,
,,,,,,
,,,,,,
,,,,,,
,,,,,,
,,,,,,
,,,,,,
,,,,,,
,,,,,,
,,,,,,
,,,,,,
,,,,,,
,,,,,,
,,,,,,
,,,,,,
,,,,,,
,,,,,,
,,,,,,
,,,,,,
,,,,,,
,,,,,,
,,,,,,
,,,,,,
,,,,,,
,,,,,,
,,,,,,
,,,,,,
,,,,,,
,,,,,,
,,,,,,
,,,,,,
,,,,,,
,,,,,,
,,,,,,
,,,,,,
,,,,,,
,,,,,,
,,,,,,
,,,,,,
,,,,,,
,,,,,,
,,,,,,
,,,,,,
,,,,,,
,,,,,,
,,,,,,
,,,,,,
,,,,,,
,,,,,,
,,,,,,
,,,,,,
,,,,,,
,,,,,,
,,,,,,
,,,,,,
,,,,,,
,,,,,,
,,,,,,
,,,,,,
,,,,,,
,,,,,,
,,,,,,
,,,,,,
,,,,,,
,,,,,,
,,,,,,
,,,,,,
,,,,,,
,,,,,,
,,,,,,
,,,,,,
,,,,,,
,,,,,,
,,,,,,
,,,,,,
,,,,,,
,,,,,,
,,,,,,
,,,,,,
,,,,,,
,,,,,,
,,,,,,
,,,,,,
,,,,,,
,,,,,,
,,,,,,
,,,,,,
,,,,,,
,,,,,,
,,,,,,
,,,,,,
,,,,,,
,,,,,,
,,,,,,
,,,,,,
,,,,,,
,,,,,,
,,,,,,
,,,,,,
,,,,,,
,,,,,,
,,,,,,
,,,,,,
,,,,,,
,,,,,,
,,,,,,
,,,,,,
,,,,,,
,,,,,,
,,,,,,
,,,,,,
,,,,,,
,,,,,,
,,,,,,
,,,,,,
,,,,,,
,,,,,,
,,,,,,
,,,,,,
,,,,,,
,,,,,,
,,,,,,
,,,,,,
,,,,,,
,,,,,,
,,,,,,
,,,,,,
,,,,,,
,,,,,,
,,,,,,
,,,,,,
,,,,,,
,,,,,,
,,,,,,
,,,,,,
,,,,,,
,,,,,,
,,,,,,
,,,,,,
,,,,,,
,,,,,,
,,,,,,
,,,,,,
,,,,,,
,,,,,,
,,,,,,
,,,,,,
,,,,,,
,,,,,,
,,,,,,
,,,,,,
,,,,,,
,,,,,,
,,,,,,
,,,,,,
,,,,,,
,,,,,,
,,,,,,
,,,,,,
,,,,,,
,,,,,,
,,,,,,
,,,,,,
,,,,,,
,,,,,,
,,,,,,
,,,,,,
,,,,,,
,,,,,,
,,,,,,
,,,,,,
,,,,,,
,,,,,,
,,,,,,
,,,,,,
,,,,,,
,,,,,,
,,,,,,
,,,,,,
,,,,,,
,,,,,,
,,,,,,
,,,,,,
,,,,,,
,,,,,,
,,,,,,
,,,,,,
,,,,,,
,,,,,,
,,,,,,
,,,,,,
,,,,,,
,,,,,,
,,,,,,
,,,,,,
,,,,,,
,,,,,,
,,,,,,
,,,,,,
,,,,,,
,,,,,,
,,,,,,
,,,,,,
,,,,,,
,,,,,,
,,,,,,
,,,,,,
,,,,,,
,,,,,,
,,,,,,
,,,,,,
,,,,,,
,,,,,,
,,,,,,
,,,,,,
,,,,,,
,,,,,,
,,,,,,
,,,,,,
,,,,,,
,,,,,,
,,,,,,
,,,,,,
,,,,,,
,,,,,,
,,,,,,
,,,,,,
,,,,,,
,,,,,,
,,,,,,
,,,,,,
,,,,,,
,,,,,,
,,,,,,
,,,,,,
,,,,,,
,,,,,,
,,,,,,
,,,,,,
,,,,,,
,,,,,,
,,,,,,
,,,,,,
,,,,,,
,,,,,,
,,,,,,
,,,,,,
,,,,,,
,,,,,,
,,,,,,
,,,,,,
,,,,,,
,,,,,,
,,,,,,
,,,,,,
,,,,,,
,,,,,,
,,,,,,
,,,,,,
,,,,,,
,,,,,,
,,,,,,
,,,,,,
,,,,,,
,,,,,,
,,,,,,
,,,,,,
,,,,,,
,,,,,,
,,,,,,
,,,,,,
,,,,,,
,,,,,,
,,,,,,
,,,,,,
,,,,,,
,,,,,,
,,,,,,
,,,,,,
,,,,,,
,,,,,,
,,,,,,
,,,,,,
,,,,,,
,,,,,,
,,,,,,
,,,,,,
,,,,,,
,,,,,,
,,,,,,
,,,,,,
,,,,,,
,,,,,,
,,,,,,
,,,,,,
,,,,,,
,,,,,,
,,,,,,
,,,,,,
,,,,,,
,,,,,,
,,,,,,
,,,,,,
,,,,,,
,,,,,,
,,,,,,
,,,,,,
,,,,,,
,,,,,,
,,,,,,
,,,,,,
,,,,,,
,,,,,,
,,,,,,
,,,,,,
,,,,,,
,,,,,,
,,,,,,
,,,,,,
,,,,,,
,,,,,,
,,,,,,
,,,,,,
,,,,,,
,,,,,,
,,,,,,
,,,,,,
,,,,,,
,,,,,,
,,,,,,
,,,,,,
,,,,,,
,,,,,,
,,,,,,
,,,,,,
,,,,,,
,,,,,,
,,,,,,
,,,,,,
,,,,,,
,,,,,,
,,,,,,
,,,,,,
,,,,,,
,,,,,,
,,,,,,
,,,,,,
,,,,,,
,,,,,,
,,,,,,
,,,,,,
,,,,,,
,,,,,,
,,,,,,
,,,,,,
,,,,,,
,,,,,,
,,,,,,
,,,,,,
,,,,,,
,,,,,,
,,,,,,
,,,,,,
,,,,,,
,,,,,,
,,,,,,
,,,,,,
,,,,,,
,,,,,,
,,,,,,
,,,,,,
,,,,,,
,,,,,,
,,,,,,
,,,,,,
,,,,,,
,,,,,,
,,,,,,
,,,,,,
,,,,,,
,,,,,,
,,,,,,
,,,,,,
,,,,,,
,,,,,,
,,,,,,
,,,,,,
,,,,,,
,,,,,,
,,,,,,
,,,,,,
,,,,,,
,,,,,,
,,,,,,
,,,,,,
,,,,,,
,,,,,,
,,,,,,
,,,,,,
,,,,,,
,,,,,,
,,,,,,
,,,,,,
,,,,,,
,,,,,,
,,,,,,
,,,,,,
,,,,,,
,,,,,,
,,,,,,
,,,,,,
,,,,,,
,,,,,,
,,,,,,
,,,,,,
,,,,,,
,,,,,,
,,,,,,
,,,,,,
,,,,,,
,,,,,,
,,,,,,
,,,,,,
,,,,,,
,,,,,,
,,,,,,
,,,,,,
,,,,,,
,,,,,,
,,,,,,
,,,,,,
,,,,,,
,,,,,,
,,,,,,
,,,,,,
,,,,,,
,,,,,,
,,,,,,
,,,,,,
,,,,,,
,,,,,,
,,,,,,
,,,,,,
,,,,,,
,,,,,,
,,,,,,
,,,,,,
,,,,,,
,,,,,,
,,,,,,
,,,,,,
,,,,,,
,,,,,,
,,,,,,
,,,,,,
,,,,,,
,,,,,,
,,,,,,
,,,,,,
,,,,,,
,,,,,,
,,,,,,
,,,,,,
,,,,,,
,,,,,,
,,,,,,
,,,,,,
,,,,,,
,,,,,,
,,,,,,
,,,,,,
,,,,,,
,,,,,,
,,,,,,
,,,,,,
,,,,,,
,,,,,,
,,,,,,
,,,,,,
,,,,,,
,,,,,,
,,,,,,
,,,,,,
,,,,,,
,,,,,,
,,,,,,
,,,,,,
,,,,,,
,,,,,,
,,,,,,
,,,,,,
,,,,,,
,,,,,,
,,,,,,
,,,,,,
,,,,,,
,,,,,,
,,,,,,
,,,,,,
,,,,,,
,,,,,,
,,,,,,
,,,,,,
,,,,,,
,,,,,,
,,,,,,
,,,,,,
,,,,,,
,,,,,,
,,,,,,
,,,,,,
,,,,,,
,,,,,,
,,,,,,
,,,,,,
,,,,,,
,,,,,,
,,,,,,
,,,,,,
,,,,,,
,,,,,,
,,,,,,
,,,,,,
,,,,,,
,,,,,,
,,,,,,
,,,,,,
,,,,,,
,,,,,,
,,,,,,
,,,,,,
,,,,,,
,,,,,,
,,,,,,
,,,,,,
,,,,,,
,,,,,,
,,,,,,
,,,,,,
,,,,,,
,,,,,,
,,,,,,
,,,,,,
,,,,,,
,,,,,,
,,,,,,
,,,,,,
,,,,,,
,,,,,,
,,,,,,
,,,,,,
,,,,,,
,,,,,,
,,,,,,
,,,,,,
,,,,,,
,,,,,,
,,,,,,
,,,,,,
,,,,,,
,,,,,,
,,,,,,
,,,,,,
,,,,,,
,,,,,,
,,,,,,
,,,,,,
,,,,,,
,,,,,,
,,,,,,
,,,,,,
,,,,,,
,,,,,,
,,,,,,
,,,,,,
,,,,,,
,,,,,,
,,,,,,
,,,,,,
,,,,,,
,,,,,,
,,,,,,
,,,,,,
,,,,,,
,,,,,,
,,,,,,
,,,,,,
,,,,,,
,,,,,,
,,,,,,
,,,,,,
,,,,,,
,,,,,,
,,,,,,
,,,,,,
,,,,,,
,,,,,,
,,,,,,
,,,,,,
,,,,,,
,,,,,,
,,,,,,
,,,,,,
,,,,,,
,,,,,,
,,,,,,
,,,,,,
,,,,,,
,,,,,,
,,,,,,
,,,,,,
,,,,,,
,,,,,,
,,,,,,
,,,,,,
,,,,,,
,,,,,,
,,,,,,
,,,,,,
,,,,,,
,,,,,,
,,,,,,
,,,,,,
,,,,,,
,,,,,,
,,,,,,
,,,,,,
,,,,,,
,,,,,,
,,,,,,
,,,,,,
,,,,,,
,,,,,,
,,,,,,
,,,,,,
,,,,,,
,,,,,,
,,,,,,
,,,,,,
,,,,,,
,,,,,,
,,,,,,
,,,,,,
,,,,,,
,,,,,,
,,,,,,
,,,,,,
,,,,,,
,,,,,,
,,,,,,
,,,,,,
,,,,,,
,,,,,,
,,,,,,
,,,,,,
,,,,,,
,,,,,,
,,,,,,
,,,,,,
,,,,,,
,,,,,,
,,,,,,
,,,,,,
,,,,,,
,,,,,,
,,,,,,
,,,,,,
,,,,,,
,,,,,,
,,,,,,
,,,,,,
,,,,,,
,,,,,,
,,,,,,
,,,,,,
,,,,,,
,,,,,,
,,,,,,
,,,,,,
,,,,,,
,,,,,,
,,,,,,
,,,,,,
,,,,,,
,,,,,,
,,,,,,
,,,,,,
,,,,,,
,,,,,,
,,,,,,
,,,,,,
,,,,,,
,,,,,,
,,,,,,
,,,,,,
,,,,,,
,,,,,,
,,,,,,
,,,,,,
,,,,,,
,,,,,,
,,,,,,
,,,,,,
,,,,,,
,,,,,,
,,,,,,
,,,,,,
,,,,,,
,,,,,,
,,,,,,
,,,,,,
,,,,,,
,,,,,,
,,,,,,
,,,,,,
,,,,,,
,,,,,,
,,,,,,
,,,,,,
,,,,,,
,,,,,,
,,,,,,
,,,,,,
,,,,,,
,,,,,,
,,,,,,
,,,,,,
,,,,,,
,,,,,,
,,,,,,
,,,,,,
,,,,,,
,,,,,,
,,,,,,
,,,,,,
,,,,,,
,,,,,,
,,,,,,
,,,,,,
,,,,,,
,,,,,,
,,,,,,
,,,,,,
,,,,,,
,,,,,,
,,,,,,
,,,,,,
,,,,,,
,,,,,,
,,,,,,
,,,,,,
,,,,,,
,,,,,,
,,,,,,
,,,,,,
,,,,,,
,,,,,,
,,,,,,
,,,,,,
,,,,,,
,,,,,,
,,,,,,
,,,,,,
,,,,,,
,,,,,,
,,,,,,
,,,,,,
,,,,,,
,,,,,,
,,,,,,
,,,,,,
,,,,,,
,,,,,,
,,,,,,
,,,,,,
,,,,,,
,,,,,,
,,,,,,
,,,,,,
,,,,,,
,,,,,,
,,,,,,
,,,,,,
,,,,,,
,,,,,,
,,,,,,
,,,,,,
,,,,,,
,,,,,,
,,,,,,
,,,,,,
,,,,,,
,,,,,,
,,,,,,
,,,,,,
,,,,,,
,,,,,,
,,,,,,
,,,,,,
,,,,,,
,,,,,,
,,,,,,
,,,,,,
,,,,,,
,,,,,,
,,,,,,
,,,,,,
,,,,,,
,,,,,,
,,,,,,
,,,,,,
,,,,,,
,,,,,,
,,,,,,
,,,,,,
,,,,,,
,,,,,,
,,,,,,
,,,,,,
,,,,,,
,,,,,,
,,,,,,
,,,,,,
,,,,,,
,,,,,,
,,,,,,
,,,,,,
,,,,,,
,,,,,,
,,,,,,
,,,,,,
,,,,,,
,,,,,,
,,,,,,
,,,,,,
,,,,,,
,,,,,,
,,,,,,
,,,,,,
,,,,,,
,,,,,,
,,,,,,
,,,,,,
,,,,,,
,,,,,,
,,,,,,
,,,,,,
,,,,,,
,,,,,,
,,,,,,
,,,,,,
,,,,,,
,,,,,,
,,,,,,
,,,,,,
,,,,,,
,,,,,,
,,,,,,
,,,,,,
,,,,,,
,,,,,,
,,,,,,
,,,,,,
,,,,,,
,,,,,,
,,,,,,
,,,,,,
,,,,,,
,,,,,,
,,,,,,
,,,,,,
,,,,,,
,,,,,,
,,,,,,
,,,,,,
,,,,,,
,,,,,,
,,,,,,
,,,,,,
,,,,,,
,,,,,,
,,,,,,
,,,,,,
,,,,,,
,,,,,,
,,,,,,
,,,,,,
,,,,,,
,,,,,,
,,,,,,
,,,,,,
,,,,,,
,,,,,,
,,,,,,
,,,,,,
,,,,,,
,,,,,,
,,,,,,
,,,,,,
,,,,,,
,,,,,,
,,,,,,
,,,,,,
,,,,,,
,,,,,,
,,,,,,
,,,,,,
,,,,,,
,,,,,,
,,,,,,
,,,,,,
,,,,,,
,,,,,,
,,,,,,
,,,,,,
,,,,,,
,,,,,,
,,,,,,
,,,,,,
,,,,,,
,,,,,,
,,,,,,
,,,,,,
,,,,,,
,,,,,,
,,,,,,
,,,,,,
,,,,,,
,,,,,,
,,,,,,
,,,,,,
,,,,,,
,,,,,,
,,,,,,
,,,,,,
,,,,,,
,,,,,,
,,,,,,
,,,,,,
,,,,,,
,,,,,,
,,,,,,
,,,,,,
,,,,,,
,,,,,,
,,,,,,
,,,,,,
,,,,,,
,,,,,,
,,,,,,
,,,,,,
,,,,,,
,,,,,,
,,,,,,
,,,,,,
,,,,,,
,,,,,,
,,,,,,
,,,,,,
,,,,,,
,,,,,,
,,,,,,
,,,,,,
,,,,,,
,,,,,,
,,,,,,
,,,,,,
,,,,,,
,,,,,,
,,,,,,
,,,,,,
,,,,,,
,,,,,,
,,,,,,
,,,,,,
,,,,,,
,,,,,,
,,,,,,
,,,,,,
,,,,,,
,,,,,,
,,,,,,
,,,,,,
,,,,,,
,,,,,,
,,,,,,
,,,,,,
,,,,,,
,,,,,,
,,,,,,
,,,,,,
,,,,,,
,,,,,,
,,,,,,
,,,,,,
,,,,,,
,,,,,,
,,,,,,
,,,,,,
,,,,,,
,,,,,,
,,,,,,
,,,,,,
,,,,,,
,,,,,,
,,,,,,
,,,,,,
,,,,,,
,,,,,,
,,,,,,
,,,,,,
,,,,,,
,,,,,,
,,,,,,
,,,,,,
,,,,,,
,,,,,,
,,,,,,
,,,,,,
,,,,,,
,,,,,,
,,,,,,
,,,,,,
,,,,,,
,,,,,,
,,,,,,
,,,,,,
,,,,,,
,,,,,,
,,,,,,
,,,,,,
,,,,,,
,,,,,,
,,,,,,
,,,,,,
,,,,,,
,,,,,,
,,,,,,
,,,,,,
,,,,,,
,,,,,,
,,,,,,
,,,,,,
,,,,,,
,,,,,,
,,,,,,
,,,,,,
,,,,,,
,,,,,,
,,,,,,
,,,,,,
,,,,,,
,,,,,,
,,,,,,
,,,,,,
,,,,,,
,,,,,,
,,,,,,
,,,,,,
,,,,,,
,,,,,,
,,,,,,
,,,,,,
,,,,,,
,,,,,,
,,,,,,
,,,,,,
,,,,,,
,,,,,,
,,,,,,
,,,,,,
,,,,,,
,,,,,,
,,,,,,
,,,,,,
,,,,,,
,,,,,,
,,,,,,
,,,,,,
,,,,,,
,,,,,,
,,,,,,
,,,,,,
,,,,,,
,,,,,,
,,,,,,
,,,,,,
,,,,,,
,,,,,,
,,,,,,
,,,,,,
,,,,,,
,,,,,,
,,,,,,
,,,,,,
,,,,,,
,,,,,,
,,,,,,
,,,,,,
,,,,,,
,,,,,,
,,,,,,
,,,,,,
,,,,,,
,,,,,,
,,,,,,
,,,,,,
,,,,,,
,,,,,,
,,,,,,
,,,,,,
,,,,,,
,,,,,,
,,,,,,
,,,,,,
,,,,,,
,,,,,,
,,,,,,
,,,,,,
,,,,,,
,,,,,,
,,,,,,
,,,,,,
,,,,,,
,,,,,,
,,,,,,
,,,,,,
,,,,,,
,,,,,,
,,,,,,
,,,,,,
,,,,,,
,,,,,,
,,,,,,
,,,,,,
,,,,,,
,,,,,,
,,,,,,
,,,,,,
,,,,,,
,,,,,,
,,,,,,
,,,,,,
,,,,,,
,,,,,,
,,,,,,
,,,,,,
,,,,,,
,,,,,,
,,,,,,
,,,,,,
,,,,,,
,,,,,,
,,,,,,
,,,,,,
,,,,,,
,,,,,,
,,,,,,
,,,,,,
,,,,,,
,,,,,,
,,,,,,
,,,,,,
,,,,,,
,,,,,,
,,,,,,
,,,,,,
,,,,,,
,,,,,,
,,,,,,
,,,,,,
,,,,,,
,,,,,,
,,,,,,
,,,,,,
,,,,,,
,,,,,,
,,,,,,
,,,,,,
,,,,,,
,,,,,,
,,,,,,
,,,,,,
,,,,,,
,,,,,,
,,,,,,
,,,,,,
,,,,,,
,,,,,,
,,,,,,
,,,,,,
,,,,,,
,,,,,,
,,,,,,
,,,,,,
,,,,,,
,,,,,,
,,,,,,
,,,,,,
,,,,,,
,,,,,,
,,,,,,
,,,,,,
,,,,,,
,,,,,,
,,,,,,
,,,,,,
,,,,,,
,,,,,,
,,,,,,
,,,,,,
,,,,,,
,,,,,,
,,,,,,
,,,,,,
,,,,,,
,,,,,,
,,,,,,
,,,,,,
,,,,,,
,,,,,,
,,,,,,
,,,,,,
,,,,,,
,,,,,,
,,,,,,
,,,,,,
,,,,,,
,,,,,,
,,,,,,
,,,,,,
,,,,,,
,,,,,,
,,,,,,
,,,,,,
,,,,,,
,,,,,,
,,,,,,
,,,,,,
,,,,,,
,,,,,,
,,,,,,
,,,,,,
,,,,,,
,,,,,,
,,,,,,
,,,,,,
,,,,,,
,,,,,,
,,,,,,
,,,,,,
,,,,,,
,,,,,,
,,,,,,
,,,,,,
,,,,,,
,,,,,,
,,,,,,
,,,,,,
,,,,,,
,,,,,,
,,,,,,
,,,,,,
,,,,,,
,,,,,,
,,,,,,
,,,,,,
,,,,,,
,,,,,,
,,,,,,
,,,,,,
,,,,,,
,,,,,,
,,,,,,
,,,,,,
,,,,,,
,,,,,,
,,,,,,
,,,,,,
,,,,,,
,,,,,,
,,,,,,
,,,,,,
,,,,,,
,,,,,,
,,,,,,
,,,,,,
,,,,,,
,,,,,,
,,,,,,
,,,,,,
,,,,,,
,,,,,,
,,,,,,
,,,,,,
,,,,,,
,,,,,,
,,,,,,
,,,,,,
,,,,,,
,,,,,,
,,,,,,
,,,,,,
,,,,,,
,,,,,,
,,,,,,
,,,,,,
,,,,,,
,,,,,,
,,,,,,
,,,,,,
,,,,,,
,,,,,,
,,,,,,
,,,,,,
,,,,,,
,,,,,,
,,,,,,
,,,,,,
,,,,,,
,,,,,,
,,,,,,
,,,,,,
,,,,,,
,,,,,,
,,,,,,
,,,,,,
,,,,,,
,,,,,,
,,,,,,
,,,,,,
,,,,,,
,,,,,,
,,,,,,
,,,,,,
,,,,,,
,,,,,,
,,,,,,
,,,,,,
,,,,,,
,,,,,,
,,,,,,
,,,,,,
,,,,,,
,,,,,,
,,,,,,
,,,,,,
,,,,,,
,,,,,,
,,,,,,
,,,,,,
,,,,,,
,,,,,,
,,,,,,
,,,,,,
,,,,,,
,,,,,,
,,,,,,
,,,,,,
,,,,,,
,,,,,,
,,,,,,
,,,,,,
,,,,,,
,,,,,,
,,,,,,
,,,,,,
,,,,,,
,,,,,,
,,,,,,
,,,,,,
,,,,,,
,,,,,,
,,,,,,
,,,,,,
,,,,,,
,,,,,,
,,,,,,
,,,,,,
,,,,,,
,,,,,,
,,,,,,
,,,,,,
,,,,,,
,,,,,,
,,,,,,
,,,,,,
,,,,,,
,,,,,,
,,,,,,
,,,,,,
,,,,,,
,,,,,,
,,,,,,
,,,,,,
,,,,,,
,,,,,,
,,,,,,
,,,,,,
,,,,,,
,,,,,,
,,,,,,
,,,,,,
,,,,,,
,,,,,,
,,,,,,
,,,,,,
,,,,,,
,,,,,,
,,,,,,
,,,,,,
,,,,,,
,,,,,,
,,,,,,
,,,,,,
,,,,,,
,,,,,,
,,,,,,
,,,,,,
,,,,,,
,,,,,,
,,,,,,
,,,,,,
,,,,,,
,,,,,,
,,,,,,
,,,,,,
,,,,,,
,,,,,,
,,,,,,
,,,,,,
,,,,,,
,,,,,,
,,,,,,
,,,,,,
,,,,,,
,,,,,,
,,,,,,
,,,,,,
,,,,,,
,,,,,,
,,,,,,
,,,,,,
,,,,,,
,,,,,,
,,,,,,
,,,,,,
,,,,,,
,,,,,,
,,,,,,
,,,,,,
,,,,,,
,,,,,,
,,,,,,
,,,,,,
,,,,,,
,,,,,,
,,,,,,
,,,,,,
,,,,,,
,,,,,,
,,,,,,
,,,,,,
,,,,,,
,,,,,,
,,,,,,
,,,,,,
,,,,,,
,,,,,,
,,,,,,
,,,,,,
,,,,,,
,,,,,,
,,,,,,
,,,,,,
,,,,,,
,,,,,,
,,,,,,
,,,,,,
,,,,,,
,,,,,,
,,,,,,
,,,,,,
,,,,,,
,,,,,,
,,,,,,
,,,,,,
,,,,,,
,,,,,,
,,,,,,
,,,,,,
,,,,,,
,,,,,,
,,,,,,
,,,,,,
,,,,,,
,,,,,,
,,,,,,
,,,,,,
,,,,,,
,,,,,,
,,,,,,
,,,,,,
,,,,,,
,,,,,,
,,,,,,
,,,,,,
,,,,,,
,,,,,,
,,,,,,
,,,,,,
,,,,,,
,,,,,,
,,,,,,
,,,,,,
,,,,,,
,,,,,,
,,,,,,
,,,,,,
,,,,,,
,,,,,,
,,,,,,
,,,,,,
,,,,,,
,,,,,,
,,,,,,
,,,,,,
,,,,,,
,,,,,,
,,,,,,
,,,,,,
,,,,,,
,,,,,,
,,,,,,
,,,,,,
,,,,,,
,,,,,,
,,,,,,
,,,,,,
,,,,,,
,,,,,,
,,,,,,
,,,,,,
,,,,,,
,,,,,,
,,,,,,
,,,,,,
,,,,,,
,,,,,,
,,,,,,
,,,,,,
,,,,,,
,,,,,,
,,,,,,
,,,,,,
,,,,,,
,,,,,,
,,,,,,
,,,,,,
,,,,,,
,,,,,,
,,,,,,
,,,,,,
,,,,,,
,,,,,,
,,,,,,
,,,,,,
,,,,,,
,,,,,,
,,,,,,
,,,,,,
,,,,,,
,,,,,,
,,,,,,
,,,,,,
,,,,,,
,,,,,,
,,,,,,
,,,,,,
,,,,,,
,,,,,,
,,,,,,
,,,,,,
,,,,,,
,,,,,,
,,,,,,
,,,,,,
,,,,,,
,,,,,,
,,,,,,
,,,,,,
,,,,,,
,,,,,,
,,,,,,
,,,,,,
,,,,,,
,,,,,,
,,,,,,
,,,,,,
,,,,,,
,,,,,,
,,,,,,
,,,,,,
,,,,,,
,,,,,,
,,,,,,
,,,,,,
,,,,,,
,,,,,,
,,,,,,
,,,,,,
,,,,,,
,,,,,,
,,,,,,
,,,,,,
,,,,,,
,,,,,,
,,,,,,
,,,,,,
,,,,,,
,,,,,,
,,,,,,
,,,,,,
,,,,,,
,,,,,,
,,,,,,
,,,,,,
,,,,,,
,,,,,,
,,,,,,
,,,,,,
,,,,,,
,,,,,,
,,,,,,
,,,,,,
,,,,,,
,,,,,,
,,,,,,
,,,,,,
,,,,,,
,,,,,,
,,,,,,
,,,,,,
,,,,,,
,,,,,,
,,,,,,
,,,,,,
,,,,,,
,,,,,,
,,,,,,
,,,,,,
,,,,,,
,,,,,,
,,,,,,
,,,,,,
,,,,,,
,,,,,,
,,,,,,
,,,,,,
,,,,,,
,,,,,,
,,,,,,
,,,,,,
,,,,,,
,,,,,,
,,,,,,
,,,,,,
,,,,,,
,,,,,,
,,,,,,
,,,,,,
,,,,,,
,,,,,,
,,,,,,
,,,,,,
,,,,,,
,,,,,,
,,,,,,
,,,,,,
,,,,,,
,,,,,,
,,,,,,
,,,,,,
,,,,,,
,,,,,,
,,,,,,
,,,,,,
,,,,,,
,,,,,,
,,,,,,
,,,,,,
,,,,,,
,,,,,,
,,,,,,
,,,,,,
,,,,,,
,,,,,,
,,,,,,
,,,,,,
,,,,,,
,,,,,,
,,,,,,
,,,,,,
,,,,,,
,,,,,,
,,,,,,
,,,,,,
,,,,,,
,,,,,,
,,,,,,
,,,,,,
,,,,,,
,,,,,,
,,,,,,
,,,,,,
,,,,,,
,,,,,,
,,,,,,
,,,,,,
,,,,,,
,,,,,,
,,,,,,
,,,,,,
,,,,,,
,,,,,,
,,,,,,
,,,,,,
,,,,,,
,,,,,,
,,,,,,
,,,,,,
,,,,,,
,,,,,,
,,,,,,
,,,,,,
,,,,,,
,,,,,,
,,,,,,
,,,,,,
,,,,,,
,,,,,,
,,,,,,
,,,,,,
,,,,,,
,,,,,,
,,,,,,
,,,,,,
,,,,,,
,,,,,,
,,,,,,
,,,,,,
,,,,,,
,,,,,,
,,,,,,
,,,,,,
,,,,,,
,,,,,,
,,,,,,
,,,,,,
,,,,,,
,,,,,,
,,,,,,
,,,,,,
,,,,,,
,,,,,,
,,,,,,
,,,,,,
,,,,,,
,,,,,,
,,,,,,
,,,,,,
,,,,,,
,,,,,,
,,,,,,
,,,,,,
,,,,,,
,,,,,,
,,,,,,
,,,,,,
,,,,,,
,,,,,,
,,,,,,
,,,,,,
,,,,,,
,,,,,,
,,,,,,
,,,,,,
,,,,,,
,,,,,,
,,,,,,
,,,,,,
,,,,,,
,,,,,,
,,,,,,
,,,,,,
,,,,,,
,,,,,,
,,,,,,
,,,,,,
,,,,,,
,,,,,,
,,,,,,
,,,,,,
,,,,,,
,,,,,,
,,,,,,
,,,,,,
,,,,,,
,,,,,,
,,,,,,
,,,,,,
,,,,,,
,,,,,,
,,,,,,
,,,,,,
,,,,,,
,,,,,,
,,,,,,
,,,,,,
,,,,,,
,,,,,,
,,,,,,
,,,,,,
,,,,,,
,,,,,,
,,,,,,
,,,,,,
,,,,,,
,,,,,,
,,,,,,
,,,,,,
,,,,,,
,,,,,,
,,,,,,
,,,,,,
,,,,,,
,,,,,,
,,,,,,
,,,,,,
,,,,,,
,,,,,,
,,,,,,
,,,,,,
,,,,,,
,,,,,,
,,,,,,
,,,,,,
,,,,,,
,,,,,,
,,,,,,
,,,,,,
,,,,,,
,,,,,,
,,,,,,
,,,,,,
,,,,,,
,,,,,,
,,,,,,
,,,,,,
,,,,,,
,,,,,,
,,,,,,
,,,,,,
,,,,,,
,,,,,,
,,,,,,
,,,,,,
,,,,,,
,,,,,,
,,,,,,
,,,,,,
,,,,,,
,,,,,,
,,,,,,
,,,,,,
,,,,,,
,,,,,,
,,,,,,
,,,,,,
,,,,,,
,,,,,,
,,,,,,
,,,,,,
,,,,,,
,,,,,,
,,,,,,
,,,,,,
,,,,,,
,,,,,,
,,,,,,
,,,,,,
,,,,,,
,,,,,,
,,,,,,
,,,,,,
,,,,,,
,,,,,,
,,,,,,
,,,,,,
,,,,,,
,,,,,,
,,,,,,
,,,,,,
,,,,,,
,,,,,,
,,,,,,
,,,,,,
,,,,,,
,,,,,,
,,,,,,
,,,,,,
,,,,,,
,,,,,,
,,,,,,
,,,,,,
,,,,,,
,,,,,,
,,,,,,
,,,,,,
,,,,,,
,,,,,,
,,,,,,
,,,,,,
,,,,,,
,,,,,,
,,,,,,
,,,,,,
,,,,,,
,,,,,,
,,,,,,
,,,,,,
,,,,,,
,,,,,,
,,,,,,
,,,,,,
,,,,,,
,,,,,,
,,,,,,
,,,,,,
,,,,,,
,,,,,,
,,,,,,
,,,,,,
,,,,,,
,,,,,,
,,,,,,
,,,,,,
,,,,,,
,,,,,,
,,,,,,
,,,,,,
,,,,,,
,,,,,,
,,,,,,
,,,,,,
,,,,,,
,,,,,,
,,,,,,
,,,,,,
,,,,,,
,,,,,,
,,,,,,
,,,,,,
,,,,,,
,,,,,,
,,,,,,
,,,,,,
,,,,,,
,,,,,,
,,,,,,
,,,,,,
,,,,,,
,,,,,,
,,,,,,
,,,,,,
,,,,,,
,,,,,,
,,,,,,
,,,,,,
,,,,,,
,,,,,,
,,,,,,
,,,,,,
,,,,,,
,,,,,,
,,,,,,
,,,,,,
,,,,,,
,,,,,,
,,,,,,
,,,,,,
,,,,,,
,,,,,,
,,,,,,
,,,,,,
,,,,,,
,,,,,,
,,,,,,
,,,,,,
,,,,,,
,,,,,,
,,,,,,
,,,,,,
,,,,,,
,,,,,,
,,,,,,
,,,,,,
,,,,,,
,,,,,,
,,,,,,
,,,,,,
,,,,,,
,,,,,,
,,,,,,
,,,,,,
,,,,,,
,,,,,,
,,,,,,
,,,,,,
,,,,,,
,,,,,,
,,,,,,
,,,,,,
,,,,,,
,,,,,,
,,,,,,
,,,,,,
,,,,,,
,,,,,,
,,,,,,
,,,,,,
,,,,,,
,,,,,,
,,,,,,
,,,,,,
,,,,,,
,,,,,,
,,,,,,
,,,,,,
,,,,,,
,,,,,,
,,,,,,
,,,,,,
,,,,,,
,,,,,,
,,,,,,
,,,,,,
,,,,,,
,,,,,,
,,,,,,
,,,,,,
,,,,,,
,,,,,,
,,,,,,
,,,,,,
,,,,,,
,,,,,,
,,,,,,
,,,,,,
,,,,,,
,,,,,,
,,,,,,
,,,,,,
,,,,,,
,,,,,,
,,,,,,
,,,,,,
,,,,,,
,,,,,,
,,,,,,
,,,,,,
,,,,,,
,,,,,,
,,,,,,
,,,,,,
,,,,,,
,,,,,,
,,,,,,
,,,,,,
,,,,,,
,,,,,,
,,,,,,
,,,,,,
,,,,,,
,,,,,,
,,,,,,
,,,,,,
,,,,,,
,,,,,,
,,,,,,
,,,,,,
,,,,,,
,,,,,,
,,,,,,
,,,,,,
,,,,,,
,,,,,,
,,,,,,
,,,,,,
,,,,,,
,,,,,,
,,,,,,
,,,,,,
,,,,,,
,,,,,,
,,,,,,
,,,,,,
,,,,,,
,,,,,,
,,,,,,
,,,,,,
,,,,,,
,,,,,,
,,,,,,
,,,,,,
,,,,,,
,,,,,,
,,,,,,
,,,,,,
,,,,,,
,,,,,,
,,,,,,
,,,,,,
,,,,,,
,,,,,,
,,,,,,
,,,,,,
,,,,,,
,,,,,,
,,,,,,
,,,,,,
,,,,,,
,,,,,,
,,,,,,
,,,,,,
,,,,,,
,,,,,,
,,,,,,
,,,,,,
,,,,,,
,,,,,,
,,,,,,
,,,,,,
,,,,,,
,,,,,,
,,,,,,
,,,,,,
,,,,,,
,,,,,,
,,,,,,
,,,,,,
,,,,,,
,,,,,,
,,,,,,
,,,,,,
,,,,,,
,,,,,,
,,,,,,
,,,,,,
,,,,,,
,,,,,,
,,,,,,
,,,,,,
,,,,,,
,,,,,,
,,,,,,
,,,,,,
,,,,,,
,,,,,,
,,,,,,
,,,,,,
,,,,,,
,,,,,,
,,,,,,
,,,,,,
,,,,,,
,,,,,,
,,,,,,
,,,,,,
,,,,,,
,,,,,,
,,,,,,
,,,,,,
,,,,,,
,,,,,,
,,,,,,
,,,,,,
,,,,,,
,,,,,,
,,,,,,
,,,,,,
,,,,,,
,,,,,,
,,,,,,
,,,,,,
,,,,,,
,,,,,,
,,,,,,
,,,,,,
,,,,,,
,,,,,,
,,,,,,
,,,,,,
,,,,,,
,,,,,,
,,,,,,
,,,,,,
,,,,,,
,,,,,,
,,,,,,
,,,,,,
,,,,,,
,,,,,,
,,,,,,
,,,,,,
,,,,,,
,,,,,,
,,,,,,
,,,,,,
,,,,,,
,,,,,,
,,,,,,
,,,,,,
,,,,,,
,,,,,,
,,,,,,
,,,,,,
,,,,,,
,,,,,,
,,,,,,
,,,,,,
,,,,,,
,,,,,,
,,,,,,
,,,,,,
,,,,,,
,,,,,,
,,,,,,
,,,,,,
,,,,,,
,,,,,,
,,,,,,
,,,,,,
,,,,,,
,,,,,,
,,,,,,
,,,,,,
,,,,,,
,,,,,,
,,,,,,
,,,,,,
,,,,,,
,,,,,,
,,,,,,
,,,,,,
,,,,,,
,,,,,,
,,,,,,
,,,,,,
,,,,,,
,,,,,,
,,,,,,
,,,,,,
,,,,,,
,,,,,,
,,,,,,
,,,,,,
,,,,,,
,,,,,,
,,,,,,
,,,,,,
,,,,,,
,,,,,,
,,,,,,
,,,,,,
,,,,,,
,,,,,,
,,,,,,
,,,,,,
,,,,,,
,,,,,,
,,,,,,
,,,,,,
,,,,,,
,,,,,,
,,,,,,
,,,,,,
,,,,,,
,,,,,,
,,,,,,
,,,,,,
,,,,,,
,,,,,,
,,,,,,
,,,,,,
,,,,,,
,,,,,,
,,,,,,
,,,,,,
,,,,,,
,,,,,,
,,,,,,
,,,,,,
,,,,,,
,,,,,,
,,,,,,
,,,,,,
,,,,,,
,,,,,,
,,,,,,
,,,,,,
,,,,,,
,,,,,,
,,,,,,
,,,,,,
,,,,,,
,,,,,,
,,,,,,
,,,,,,
,,,,,,
,,,,,,
,,,,,,
,,,,,,
,,,,,,
,,,,,,
,,,,,,
,,,,,,
,,,,,,
,,,,,,
,,,,,,
,,,,,,
,,,,,,
,,,,,,
,,,,,,
,,,,,,
,,,,,,
,,,,,,
,,,,,,
,,,,,,
,,,,,,
,,,,,,
,,,,,,
,,,,,,
,,,,,,
,,,,,,
,,,,,,
,,,,,,
,,,,,,
,,,,,,
,,,,,,
,,,,,,
,,,,,,
,,,,,,
,,,,,,
,,,,,,
,,,,,,
,,,,,,
,,,,,,
,,,,,,
,,,,,,
,,,,,,
,,,,,,
,,,,,,
,,,,,,
,,,,,,
,,,,,,
,,,,,,
,,,,,,
,,,,,,
,,,,,,
,,,,,,
,,,,,,
,,,,,,
,,,,,,
,,,,,,
,,,,,,
,,,,,,
,,,,,,
,,,,,,
,,,,,,
,,,,,,
,,,,,,
,,,,,,
,,,,,,
,,,,,,
,,,,,,
,,,,,,
,,,,,,
,,,,,,
,,,,,,
,,,,,,
,,,,,,
,,,,,,
,,,,,,
,,,,,,
,,,,,,
,,,,,,
,,,,,,
,,,,,,
,,,,,,
,,,,,,
,,,,,,
,,,,,,
,,,,,,
,,,,,,
,,,,,,
,,,,,,
,,,,,,
,,,,,,
,,,,,,
,,,,,,
,,,,,,
,,,,,,
,,,,,,
,,,,,,
,,,,,,
,,,,,,
,,,,,,
,,,,,,
,,,,,,
,,,,,,
,,,,,,
,,,,,,
,,,,,,
,,,,,,
,,,,,,
,,,,,,
,,,,,,
,,,,,,
,,,,,,
,,,,,,
,,,,,,
,,,,,,
,,,,,,
,,,,,,
,,,,,,
,,,,,,
,,,,,,
,,,,,,
,,,,,,
,,,,,,
,,,,,,
,,,,,,
,,,,,,
,,,,,,
,,,,,,
,,,,,,
,,,,,,
,,,,,,
,,,,,,
,,,,,,
,,,,,,
,,,,,,
,,,,,,
,,,,,,
,,,,,,
,,,,,,
,,,,,,
,,,,,,
,,,,,,
,,,,,,
,,,,,,
,,,,,,
,,,,,,
,,,,,,
,,,,,,
,,,,,,
,,,,,,
,,,,,,
,,,,,,
,,,,,,
,,,,,,
,,,,,,
,,,,,,
,,,,,,
,,,,,,
,,,,,,
,,,,,,
,,,,,,
,,,,,,
,,,,,,
,,,,,,
,,,,,,
,,,,,,
,,,,,,
,,,,,,
,,,,,,
,,,,,,
,,,,,,
,,,,,,
,,,,,,
,,,,,,
,,,,,,
,,,,,,
,,,,,,
,,,,,,
,,,,,,
,,,,,,
,,,,,,
,,,,,,
,,,,,,
,,,,,,
,,,,,,
,,,,,,
,,,,,,
,,,,,,
,,,,,,
,,,,,,
,,,,,,
,,,,,,
,,,,,,
,,,,,,
,,,,,,
,,,,,,
,,,,,,
,,,,,,
,,,,,,
,,,,,,
,,,,,,
,,,,,,
,,,,,,
,,,,,,
,,,,,,
,,,,,,
,,,,,,
,,,,,,
,,,,,,
,,,,,,
,,,,,,
,,,,,,
,,,,,,
,,,,,,
,,,,,,
,,,,,,
,,,,,,
,,,,,,
,,,,,,
,,,,,,
,,,,,,
,,,,,,
,,,,,,
,,,,,,
,,,,,,
,,,,,,
,,,,,,
,,,,,,
,,,,,,
,,,,,,
,,,,,,
,,,,,,
,,,,,,
,,,,,,
,,,,,,
,,,,,,
,,,,,,
,,,,,,
,,,,,,
,,,,,,
,,,,,,
,,,,,,
,,,,,,
,,,,,,
,,,,,,
,,,,,,
,,,,,,
,,,,,,
,,,,,,
,,,,,,
,,,,,,
,,,,,,
,,,,,,
,,,,,,
,,,,,,
,,,,,,
,,,,,,
,,,,,,
,,,,,,
,,,,,,
,,,,,,
,,,,,,
,,,,,,
,,,,,,
,,,,,,
,,,,,,
,,,,,,
,,,,,,
,,,,,,
,,,,,,
,,,,,,
,,,,,,
,,,,,,
,,,,,,
,,,,,,
,,,,,,
,,,,,,
,,,,,,
,,,,,,
,,,,,,
,,,,,,
,,,,,,
,,,,,,
,,,,,,
,,,,,,
,,,,,,
,,,,,,
,,,,,,
,,,,,,
,,,,,,
,,,,,,
,,,,,,
,,,,,,
,,,,,,
,,,,,,
,,,,,,
,,,,,,
,,,,,,
,,,,,,
,,,,,,
,,,,,,
,,,,,,
,,,,,,
,,,,,,
,,,,,,
,,,,,,
,,,,,,
,,,,,,
,,,,,,
,,,,,,
,,,,,,
,,,,,,
,,,,,,
,,,,,,
,,,,,,
,,,,,,
,,,,,,
,,,,,,
,,,,,,
,,,,,,
,,,,,,
,,,,,,
,,,,,,
,,,,,,
,,,,,,
,,,,,,
,,,,,,
,,,,,,
,,,,,,
,,,,,,
,,,,,,
,,,,,,
,,,,,,
,,,,,,
,,,,,,
,,,,,,
,,,,,,
,,,,,,
,,,,,,
,,,,,,
,,,,,,
,,,,,,
,,,,,,
,,,,,,
,,,,,,
,,,,,,
,,,,,,
,,,,,,
,,,,,,
,,,,,,
,,,,,,
,,,,,,
,,,,,,
,,,,,,
,,,,,,
,,,,,,
,,,,,,
,,,,,,
,,,,,,
,,,,,,
,,,,,,
,,,,,,
,,,,,,
,,,,,,
,,,,,,
,,,,,,
,,,,,,
,,,,,,
,,,,,,
,,,,,,
,,,,,,
,,,,,,
,,,,,,
,,,,,,
,,,,,,
,,,,,,
,,,,,,
,,,,,,
,,,,,,
,,,,,,
,,,,,,
,,,,,,
,,,,,,
,,,,,,
,,,,,,
,,,,,,
,,,,,,
,,,,,,
,,,,,,
,,,,,,
,,,,,,
,,,,,,
,,,,,,
,,,,,,
,,,,,,
,,,,,,
,,,,,,
,,,,,,
,,,,,,
,,,,,,
,,,,,,
,,,,,,
,,,,,,
,,,,,,
,,,,,,
,,,,,,
,,,,,,
,,,,,,
,,,,,,
,,,,,,
,,,,,,
,,,,,,
,,,,,,
,,,,,,
,,,,,,
,,,,,,
,,,,,,
,,,,,,
,,,,,,
,,,,,,
,,,,,,
,,,,,,
,,,,,,
,,,,,,
,,,,,,
,,,,,,
,,,,,,
,,,,,,
,,,,,,
,,,,,,
,,,,,,
,,,,,,
,,,,,,
,,,,,,
,,,,,,
,,,,,,
,,,,,,
,,,,,,
,,,,,,
,,,,,,
,,,,,,
,,,,,,
,,,,,,
,,,,,,
,,,,,,
,,,,,,
,,,,,,
,,,,,,
,,,,,,
,,,,,,
,,,,,,
,,,,,,
,,,,,,
,,,,,,
,,,,,,
,,,,,,
,,,,,,
,,,,,,
,,,,,,
,,,,,,
,,,,,,
,,,,,,
,,,,,,
,,,,,,
,,,,,,
,,,,,,
,,,,,,
,,,,,,
,,,,,,
,,,,,,
,,,,,,
,,,,,,
,,,,,,
,,,,,,
,,,,,,
,,,,,,
,,,,,,
,,,,,,
,,,,,,
,,,,,,
,,,,,,
,,,,,,
,,,,,,
,,,,,,
,,,,,,
,,,,,,
,,,,,,
,,,,,,
,,,,,,
,,,,,,
,,,,,,
,,,,,,
,,,,,,
,,,,,,
,,,,,,
,,,,,,
,,,,,,
,,,,,,
,,,,,,
,,,,,,
,,,,,,
,,,,,,
,,,,,,
,,,,,,
,,,,,,
,,,,,,
,,,,,,
,,,,,,
,,,,,,
,,,,,,
,,,,,,
,,,,,,
,,,,,,
,,,,,,
,,,,,,
,,,,,,
,,,,,,
,,,,,,
,,,,,,
,,,,,,
,,,,,,
,,,,,,
,,,,,,
,,,,,,
,,,,,,
,,,,,,
,,,,,,
,,,,,,
,,,,,,
,,,,,,
,,,,,,
,,,,,,
,,,,,,
,,,,,,
,,,,,,
,,,,,,
,,,,,,
,,,,,,
,,,,,,
,,,,,,
,,,,,,
,,,,,,
,,,,,,
,,,,,,
,,,,,,
,,,,,,
,,,,,,
,,,,,,
,,,,,,
,,,,,,
,,,,,,
,,,,,,
,,,,,,
,,,,,,
,,,,,,
,,,,,,
,,,,,,
,,,,,,
,,,,,,
,,,,,,
,,,,,,
,,,,,,
,,,,,,
,,,,,,
,,,,,,
,,,,,,
,,,,,,
,,,,,,
,,,,,,
,,,,,,
,,,,,,
,,,,,,
,,,,,,
,,,,,,
,,,,,,
,,,,,,
,,,,,,
,,,,,,
,,,,,,
,,,,,,
,,,,,,
,,,,,,
,,,,,,
,,,,,,
,,,,,,
,,,,,,
,,,,,,
,,,,,,
,,,,,,
,,,,,,
,,,,,,
,,,,,,
,,,,,,
,,,,,,
,,,,,,
,,,,,,
,,,,,,
,,,,,,
,,,,,,
,,,,,,
,,,,,,
,,,,,,
,,,,,,
,,,,,,
,,,,,,
,,,,,,
,,,,,,
,,,,,,
,,,,,,
,,,,,,
,,,,,,
,,,,,,
,,,,,,
,,,,,,
,,,,,,
,,,,,,
,,,,,,
,,,,,,
,,,,,,
,,,,,,
,,,,,,
,,,,,,
,,,,,,
,,,,,,
,,,,,,
,,,,,,
,,,,,,
,,,,,,
,,,,,,
,,,,,,
,,,,,,
,,,,,,
,,,,,,
,,,,,,
,,,,,,
,,,,,,
,,,,,,
,,,,,,
,,,,,,
,,,,,,
,,,,,,
,,,,,,
,,,,,,
,,,,,,
,,,,,,
,,,,,,
,,,,,,
,,,,,,
,,,,,,
,,,,,,
,,,,,,
,,,,,,
,,,,,,
,,,,,,
,,,,,,
,,,,,,
,,,,,,
,,,,,,
,,,,,,
,,,,,,
,,,,,,
,,,,,,
,,,,,,
,,,,,,
,,,,,,
,,,,,,
,,,,,,
,,,,,,
,,,,,,
,,,,,,
,,,,,,
,,,,,,
,,,,,,
,,,,,,
,,,,,,
,,,,,,
,,,,,,
,,,,,,
,,,,,,
,,,,,,
,,,,,,
,,,,,,
,,,,,,
,,,,,,
,,,,,,
,,,,,,
,,,,,,
,,,,,,
,,,,,,
,,,,,,
,,,,,,
,,,,,,
,,,,,,
,,,,,,
,,,,,,
,,,,,,
,,,,,,
,,,,,,
,,,,,,
,,,,,,
,,,,,,
,,,,,,
,,,,,,
,,,,,,
,,,,,,
,,,,,,
,,,,,,
,,,,,,
,,,,,,
,,,,,,
,,,,,,
,,,,,,
,,,,,,
,,,,,,
,,,,,,
,,,,,,
,,,,,,
,,,,,,
,,,,,,
,,,,,,
,,,,,,
,,,,,,
,,,,,,
,,,,,,
,,,,,,
,,,,,,
,,,,,,
,,,,,,
,,,,,,
,,,,,,
,,,,,,
,,,,,,
,,,,,,
,,,,,,
,,,,,,
,,,,,,
,,,,,,
,,,,,,
,,,,,,
,,,,,,
,,,,,,
,,,,,,
,,,,,,
,,,,,,
,,,,,,
,,,,,,
,,,,,,
,,,,,,
,,,,,,
,,,,,,
,,,,,,
,,,,,,
,,,,,,
,,,,,,
,,,,,,
,,,,,,
,,,,,,
,,,,,,
,,,,,,
,,,,,,
,,,,,,
,,,,,,
,,,,,,
,,,,,,
,,,,,,
,,,,,,
,,,,,,
,,,,,,
,,,,,,
,,,,,,
,,,,,,
,,,,,,
,,,,,,
,,,,,,
,,,,,,
,,,,,,
,,,,,,
,,,,,,
,,,,,,
,,,,,,
,,,,,,
,,,,,,
,,,,,,
,,,,,,
,,,,,,
,,,,,,
,,,,,,
,,,,,,
,,,,,,
,,,,,,
,,,,,,
,,,,,,
,,,,,,
,,,,,,
,,,,,,
,,,,,,
,,,,,,
,,,,,,
,,,,,,
,,,,,,
,,,,,,
,,,,,,
,,,,,,
,,,,,,
,,,,,,
,,,,,,
,,,,,,
,,,,,,
,,,,,,
,,,,,,
,,,,,,
,,,,,,
,,,,,,
,,,,,,
,,,,,,
,,,,,,
,,,,,,
,,,,,,
,,,,,,
,,,,,,
,,,,,,
,,,,,,
,,,,,,
,,,,,,
,,,,,,
,,,,,,
,,,,,,
,,,,,,
,,,,,,
,,,,,,
,,,,,,
,,,,,,
,,,,,,
,,,,,,
,,,,,,
,,,,,,
,,,,,,
,,,,,,
,,,,,,
,,,,,,
,,,,,,
,,,,,,
,,,,,,
,,,,,,
,,,,,,
,,,,,,
,,,,,,
,,,,,,
,,,,,,
,,,,,,
,,,,,,
,,,,,,
,,,,,,
,,,,,,
,,,,,,
,,,,,,
,,,,,,
,,,,,,
,,,,,,
,,,,,,
,,,,,,
,,,,,,
,,,,,,
,,,,,,
,,,,,,
,,,,,,
,,,,,,
,,,,,,
,,,,,,
,,,,,,
,,,,,,
,,,,,,
,,,,,,
,,,,,,
,,,,,,
,,,,,,
,,,,,,
,,,,,,
,,,,,,
,,,,,,
,,,,,,
,,,,,,
,,,,,,
,,,,,,
,,,,,,
,,,,,,
,,,,,,
,,,,,,
,,,,,,
,,,,,,
,,,,,,
,,,,,,
,,,,,,
,,,,,,
,,,,,,
,,,,,,
,,,,,,
,,,,,,
,,,,,,
,,,,,,
,,,,,,
,,,,,,
,,,,,,
,,,,,,
,,,,,,
,,,,,,
,,,,,,
,,,,,,
,,,,,,
,,,,,,
,,,,,,
,,,,,,
,,,,,,
,,,,,,
,,,,,,
,,,,,,
,,,,,,
,,,,,,
,,,,,,
,,,,,,
,,,,,,
,,,,,,
,,,,,,
,,,,,,
,,,,,,
,,,,,,
,,,,,,
,,,,,,
,,,,,,
,,,,,,
,,,,,,
,,,,,,
,,,,,,
,,,,,,
,,,,,,
,,,,,,
,,,,,,
,,,,,,
,,,,,,
,,,,,,
,,,,,,
,,,,,,
,,,,,,
,,,,,,
,,,,,,
,,,,,,
,,,,,,
,,,,,,
,,,,,,
,,,,,,
,,,,,,
,,,,,,
,,,,,,
,,,,,,
,,,,,,
,,,,,,
,,,,,,
,,,,,,
,,,,,,
,,,,,,
,,,,,,
,,,,,,
,,,,,,
,,,,,,
,,,,,,
,,,,,,
,,,,,,
,,,,,,
,,,,,,
,,,,,,
,,,,,,
,,,,,,
,,,,,,
,,,,,,
,,,,,,
,,,,,,
,,,,,,
,,,,,,
,,,,,,
,,,,,,
,,,,,,
,,,,,,
,,,,,,
,,,,,,
,,,,,,
,,,,,,
,,,,,,
,,,,,,
,,,,,,
,,,,,,
,,,,,,
,,,,,,
,,,,,,
,,,,,,
,,,,,,
,,,,,,
,,,,,,
,,,,,,
,,,,,,
,,,,,,
,,,,,,
,,,,,,
,,,,,,
,,,,,,
,,,,,,
,,,,,,
,,,,,,
,,,,,,
,,,,,,
,,,,,,
,,,,,,
,,,,,,
,,,,,,
,,,,,,
,,,,,,
,,,,,,
,,,,,,
,,,,,,
,,,,,,
,,,,,,
,,,,,,
,,,,,,
,,,,,,
,,,,,,
,,,,,,
,,,,,,
,,,,,,
,,,,,,
,,,,,,
,,,,,,
,,,,,,
,,,,,,
,,,,,,
,,,,,,
,,,,,,
,,,,,,
,,,,,,
,,,,,,
,,,,,,
,,,,,,
,,,,,,
,,,,,,
,,,,,,
,,,,,,
,,,,,,
,,,,,,
,,,,,,
,,,,,,
,,,,,,
,,,,,,
,,,,,,
,,,,,,
,,,,,,
,,,,,,
,,,,,,
,,,,,,
,,,,,,
,,,,,,
,,,,,,
,,,,,,
,,,,,,
,,,,,,
,,,,,,
,,,,,,
,,,,,,
,,,,,,
,,,,,,
,,,,,,
,,,,,,
,,,,,,
,,,,,,
,,,,,,
,,,,,,
,,,,,,
,,,,,,
,,,,,,
,,,,,,
,,,,,,
,,,,,,
,,,,,,
,,,,,,
,,,,,,
,,,,,,
,,,,,,
,,,,,,
,,,,,,
,,,,,,
,,,,,,
,,,,,,
,,,,,,
,,,,,,
,,,,,,
,,,,,,
,,,,,,
,,,,,,
,,,,,,
,,,,,,
,,,,,,
,,,,,,
,,,,,,
,,,,,,
,,,,,,
,,,,,,
,,,,,,
,,,,,,
,,,,,,
,,,,,,
,,,,,,
,,,,,,
,,,,,,
,,,,,,
,,,,,,
,,,,,,
,,,,,,
,,,,,,
,,,,,,
,,,,,,
,,,,,,
,,,,,,
,,,,,,
,,,,,,
,,,,,,
,,,,,,
,,,,,,
,,,,,,
,,,,,,
,,,,,,
,,,,,,
,,,,,,
,,,,,,
,,,,,,
,,,,,,
,,,,,,
,,,,,,
,,,,,,
,,,,,,
,,,,,,
,,,,,,
,,,,,,
,,,,,,
,,,,,,
,,,,,,
,,,,,,
,,,,,,
,,,,,,
,,,,,,
,,,,,,
,,,,,,
,,,,,,
,,,,,,
,,,,,,
,,,,,,
,,,,,,
,,,,,,
,,,,,,
,,,,,,
,,,,,,
,,,,,,
,,,,,,
,,,,,,
,,,,,,
,,,,,,
,,,,,,
,,,,,,
,,,,,,
,,,,,,
,,,,,,
,,,,,,
,,,,,,
,,,,,,
,,,,,,
,,,,,,
,,,,,,
,,,,,,
,,,,,,
,,,,,,
,,,,,,
,,,,,,
,,,,,,
,,,,,,
,,,,,,
,,,,,,
,,,,,,
,,,,,,
,,,,,,
,,,,,,
,,,,,,
,,,,,,
,,,,,,
,,,,,,
,,,,,,
,,,,,,
,,,,,,
,,,,,,
,,,,,,
,,,,,,
,,,,,,
,,,,,,
,,,,,,
,,,,,,
,,,,,,
,,,,,,
,,,,,,
,,,,,,
,,,,,,
,,,,,,
,,,,,,
,,,,,,
,,,,,,
,,,,,,
,,,,,,
,,,,,,
,,,,,,
,,,,,,
,,,,,,
,,,,,,
,,,,,,
,,,,,,
,,,,,,
,,,,,,
,,,,,,
,,,,,,
,,,,,,
,,,,,,
,,,,,,
,,,,,,
,,,,,,
,,,,,,
,,,,,,
,,,,,,
,,,,,,
,,,,,,
,,,,,,
,,,,,,
,,,,,,
,,,,,,
,,,,,,
,,,,,,
,,,,,,
,,,,,,
,,,,,,
,,,,,,
,,,,,,
,,,,,,
,,,,,,
,,,,,,
,,,,,,
,,,,,,
,,,,,,
,,,,,,
,,,,,,
,,,,,,
,,,,,,
,,,,,,
,,,,,,
,,,,,,
,,,,,,
,,,,,,
,,,,,,
,,,,,,
,,,,,,
,,,,,,
,,,,,,
,,,,,,
,,,,,,
,,,,,,
,,,,,,
,,,,,,
,,,,,,
,,,,,,
,,,,,,
,,,,,,
,,,,,,
,,,,,,
,,,,,,
,,,,,,
,,,,,,
,,,,,,
,,,,,,
,,,,,,
,,,,,,
,,,,,,
,,,,,,
,,,,,,
,,,,,,
,,,,,,
,,,,,,
,,,,,,
,,,,,,
,,,,,,
,,,,,,
,,,,,,
,,,,,,
,,,,,,
,,,,,,
,,,,,,
,,,,,,
,,,,,,
,,,,,,
,,,,,,
,,,,,,
,,,,,,
,,,,,,
,,,,,,
,,,,,,
,,,,,,
,,,,,,
,,,,,,
,,,,,,
,,,,,,
,,,,,,
,,,,,,
,,,,,,
,,,,,,
,,,,,,
,,,,,,
,,,,,,
,,,,,,
,,,,,,
,,,,,,
,,,,,,
,,,,,,
,,,,,,
,,,,,,
,,,,,,
,,,,,,
,,,,,,
,,,,,,
,,,,,,
,,,,,,
,,,,,,
,,,,,,
,,,,,,
,,,,,,
,,,,,,
,,,,,,
,,,,,,
,,,,,,
,,,,,,
,,,,,,
,,,,,,
,,,,,,
,,,,,,
,,,,,,
,,,,,,
,,,,,,
,,,,,,
,,,,,,
,,,,,,
,,,,,,
,,,,,,
,,,,,,
,,,,,,
,,,,,,
,,,,,,
,,,,,,
,,,,,,
,,,,,,
,,,,,,
,,,,,,
,,,,,,
,,,,,,
,,,,,,
,,,,,,
,,,,,,
,,,,,,
,,,,,,
,,,,,,
,,,,,,
,,,,,,
,,,,,,
,,,,,,
,,,,,,
,,,,,,
,,,,,,
,,,,,,
,,,,,,
,,,,,,
,,,,,,
,,,,,,
,,,,,,
,,,,,,
,,,,,,
,,,,,,
,,,,,,
,,,,,,
,,,,,,
,,,,,,
,,,,,,
,,,,,,
,,,,,,
,,,,,,
,,,,,,
,,,,,,
,,,,,,
,,,,,,
,,,,,,
,,,,,,
,,,,,,
,,,,,,
,,,,,,
,,,,,,
,,,,,,
,,,,,,
,,,,,,
,,,,,,
,,,,,,
,,,,,,
,,,,,,
,,,,,,
,,,,,,
,,,,,,
,,,,,,
,,,,,,
,,,,,,
,,,,,,
,,,,,,
,,,,,,
,,,,,,
,,,,,,
,,,,,,
,,,,,,
,,,,,,
,,,,,,
,,,,,,
,,,,,,
,,,,,,
,,,,,,
,,,,,,
,,,,,,
,,,,,,
,,,,,,
,,,,,,
,,,,,,
,,,,,,
,,,,,,
,,,,,,
,,,,,,
,,,,,,
,,,,,,
,,,,,,
,,,,,,
,,,,,,
,,,,,,
,,,,,,
,,,,,,
,,,,,,
,,,,,,
,,,,,,
,,,,,,
,,,,,,
,,,,,,
,,,,,,
,,,,,,
,,,,,,
,,,,,,
,,,,,,
,,,,,,
,,,,,,
,,,,,,
,,,,,,
,,,,,,
,,,,,,
,,,,,,
,,,,,,
,,,,,,
,,,,,,
,,,,,,
,,,,,,
,,,,,,
,,,,,,
,,,,,,
,,,,,,
,,,,,,
,,,,,,
,,,,,,
,,,,,,
,,,,,,
,,,,,,
,,,,,,
,,,,,,
,,,,,,
,,,,,,
,,,,,,
,,,,,,
,,,,,,
,,,,,,
,,,,,,
,,,,,,
,,,,,,
,,,,,,
,,,,,,
,,,,,,
,,,,,,
,,,,,,
,,,,,,
,,,,,,
,,,,,,
,,,,,,
,,,,,,
,,,,,,
,,,,,,
,,,,,,
,,,,,,
,,,,,,
,,,,,,
,,,,,,
,,,,,,
,,,,,,
,,,,,,
,,,,,,
,,,,,,
,,,,,,
,,,,,,
,,,,,,
,,,,,,
,,,,,,
,,,,,,
,,,,,,
,,,,,,
,,,,,,
,,,,,,
,,,,,,
,,,,,,
,,,,,,
,,,,,,
,,,,,,
,,,,,,
,,,,,,
,,,,,,
,,,,,,
,,,,,,
,,,,,,
,,,,,,
,,,,,,
,,,,,,
,,,,,,
,,,,,,
,,,,,,
,,,,,,
,,,,,,
,,,,,,
,,,,,,
,,,,,,
,,,,,,
,,,,,,
,,,,,,
,,,,,,
,,,,,,
,,,,,,
,,,,,,
,,,,,,
,,,,,,
,,,,,,
,,,,,,
,,,,,,
,,,,,,
,,,,,,
,,,,,,
,,,,,,
,,,,,,
,,,,,,
,,,,,,
,,,,,,
,,,,,,
,,,,,,
,,,,,,
,,,,,,
,,,,,,
,,,,,,
,,,,,,
,,,,,,
,,,,,,
,,,,,,
,,,,,,
,,,,,,
,,,,,,
,,,,,,
,,,,,,
,,,,,,
,,,,,,
,,,,,,
,,,,,,
,,,,,,
,,,,,,
,,,,,,
,,,,,,
,,,,,,
,,,,,,
,,,,,,
,,,,,,
,,,,,,
,,,,,,
,,,,,,
,,,,,,
,,,,,,
,,,,,,
,,,,,,
,,,,,,
,,,,,,
,,,,,,
,,,,,,
,,,,,,
,,,,,,
,,,,,,
,,,,,,
,,,,,,
,,,,,,
,,,,,,
,,,,,,
,,,,,,
,,,,,,
,,,,,,
,,,,,,
,,,,,,
,,,,,,
,,,,,,
,,,,,,
,,,,,,
,,,,,,
,,,,,,
,,,,,,
,,,,,,
,,,,,,
,,,,,,
,,,,,,
,,,,,,
,,,,,,
,,,,,,
,,,,,,
,,,,,,
,,,,,,
,,,,,,
,,,,,,
,,,,,,
,,,,,,
,,,,,,
,,,,,,
,,,,,,
,,,,,,
,,,,,,
,,,,,,
,,,,,,
,,,,,,
,,,,,,
,,,,,,
,,,,,,
,,,,,,
,,,,,,
,,,,,,
,,,,,,
,,,,,,
,,,,,,
,,,,,,
,,,,,,
,,,,,,
,,,,,,
,,,,,,
,,,,,,
,,,,,,
,,,,,,
,,,,,,
,,,,,,
,,,,,,
,,,,,,
,,,,,,
,,,,,,
,,,,,,
,,,,,,
,,,,,,
,,,,,,
,,,,,,
,,,,,,
,,,,,,
,,,,,,
,,,,,,
,,,,,,
,,,,,,
,,,,,,
,,,,,,
,,,,,,
,,,,,,
,,,,,,
,,,,,,
,,,,,,
,,,,,,
,,,,,,
,,,,,,
,,,,,,
,,,,,,
,,,,,,
,,,,,,
,,,,,,
,,,,,,
,,,,,,
,,,,,,
,,,,,,
,,,,,,
,,,,,,
,,,,,,
,,,,,,
,,,,,,
,,,,,,
,,,,,,
,,,,,,
,,,,,,
,,,,,,
,,,,,,
,,,,,,
,,,,,,
,,,,,,
,,,,,,
,,,,,,
,,,,,,
,,,,,,
,,,,,,
,,,,,,
,,,,,,
,,,,,,
,,,,,,
,,,,,,
,,,,,,
,,,,,,
,,,,,,
,,,,,,
,,,,,,
,,,,,,
,,,,,,
,,,,,,
,,,,,,
,,,,,,
,,,,,,
,,,,,,
,,,,,,
,,,,,,
,,,,,,
,,,,,,
,,,,,,
,,,,,,
,,,,,,
,,,,,,
,,,,,,
,,,,,,
,,,,,,
,,,,,,
,,,,,,
,,,,,,
,,,,,,
,,,,,,
,,,,,,
,,,,,,
,,,,,,
,,,,,,
,,,,,,
,,,,,,
,,,,,,
,,,,,,
,,,,,,
,,,,,,
,,,,,,
,,,,,,
,,,,,,
,,,,,,
,,,,,,
,,,,,,
,,,,,,
,,,,,,
,,,,,,
,,,,,,
,,,,,,
,,,,,,
,,,,,,
,,,,,,
,,,,,,
,,,,,,
,,,,,,
,,,,,,
,,,,,,
,,,,,,
,,,,,,
,,,,,,
,,,,,,
,,,,,,
,,,,,,
,,,,,,
,,,,,,
,,,,,,
,,,,,,
,,,,,,
,,,,,,
,,,,,,
,,,,,,
,,,,,,
,,,,,,
,,,,,,
,,,,,,
,,,,,,
,,,,,,
,,,,,,
,,,,,,
,,,,,,
,,,,,,
,,,,,,
,,,,,,
,,,,,,
,,,,,,
,,,,,,
,,,,,,
,,,,,,
,,,,,,
,,,,,,
,,,,,,
,,,,,,
,,,,,,
,,,,,,
,,,,,,
,,,,,,
,,,,,,
,,,,,,
,,,,,,
,,,,,,
,,,,,,
,,,,,,
,,,,,,
,,,,,,
,,,,,,
,,,,,,
,,,,,,
,,,,,,
,,,,,,
,,,,,,
,,,,,,
,,,,,,
,,,,,,
,,,,,,
,,,,,,
,,,,,,
,,,,,,
,,,,,,
,,,,,,
,,,,,,
,,,,,,
,,,,,,
,,,,,,
,,,,,,
,,,,,,
,,,,,,
,,,,,,
,,,,,,
,,,,,,
,,,,,,
,,,,,,
,,,,,,
,,,,,,
,,,,,,
,,,,,,
,,,,,,
,,,,,,
,,,,,,
,,,,,,
,,,,,,
,,,,,,
,,,,,,
,,,,,,
,,,,,,
,,,,,,
,,,,,,
,,,,,,
,,,,,,
,,,,,,
,,,,,,
,,,,,,
,,,,,,
,,,,,,
,,,,,,
,,,,,,
,,,,,,
,,,,,,
,,,,,,
,,,,,,
,,,,,,
,,,,,,
,,,,,,
,,,,,,
,,,,,,
,,,,,,
,,,,,,
,,,,,,
,,,,,,
,,,,,,
,,,,,,
,,,,,,
,,,,,,
,,,,,,
,,,,,,
,,,,,,
,,,,,,
,,,,,,
,,,,,,
,,,,,,
,,,,,,
,,,,,,
,,,,,,
,,,,,,
,,,,,,
,,,,,,
,,,,,,
,,,,,,
,,,,,,
,,,,,,
,,,,,,
,,,,,,
,,,,,,
,,,,,,
,,,,,,
,,,,,,
,,,,,,
,,,,,,
,,,,,,
,,,,,,
,,,,,,
,,,,,,
,,,,,,
,,,,,,
,,,,,,
,,,,,,
,,,,,,
,,,,,,
,,,,,,
,,,,,,
,,,,,,
,,,,,,
,,,,,,
,,,,,,
,,,,,,
,,,,,,
,,,,,,
,,,,,,
,,,,,,
,,,,,,
,,,,,,
,,,,,,
,,,,,,
,,,,,,
,,,,,,
,,,,,,
,,,,,,
,,,,,,
,,,,,,
,,,,,,
,,,,,,
,,,,,,
,,,,,,
,,,,,,
,,,,,,
,,,,,,
,,,,,,
,,,,,,
,,,,,,
,,,,,,
,,,,,,
,,,,,,
,,,,,,
,,,,,,
,,,,,,
,,,,,,
,,,,,,
,,,,,,
,,,,,,
,,,,,,
,,,,,,
,,,,,,
,,,,,,
,,,,,,
,,,,,,
,,,,,,
,,,,,,
,,,,,,
,,,,,,
,,,,,,
,,,,,,
,,,,,,
,,,,,,
,,,,,,
,,,,,,
,,,,,,
,,,,,,
,,,,,,
,,,,,,
,,,,,,
,,,,,,
,,,,,,
,,,,,,
,,,,,,
,,,,,,
,,,,,,
,,,,,,
,,,,,,
,,,,,,
,,,,,,
,,,,,,
,,,,,,
,,,,,,
,,,,,,
,,,,,,
,,,,,,
,,,,,,
,,,,,,
,,,,,,
,,,,,,
,,,,,,
,,,,,,
,,,,,,
,,,,,,
,,,,,,
,,,,,,
,,,,,,
,,,,,,
,,,,,,
,,,,,,
,,,,,,
,,,,,,
,,,,,,
,,,,,,
,,,,,,
,,,,,,
,,,,,,
,,,,,,
,,,,,,
,,,,,,
,,,,,,
,,,,,,
,,,,,,
,,,,,,
,,,,,,
,,,,,,
,,,,,,
,,,,,,
,,,,,,
,,,,,,
,,,,,,
,,,,,,
,,,,,,
,,,,,,
,,,,,,
,,,,,,
,,,,,,
,,,,,,
,,,,,,
,,,,,,
,,,,,,
,,,,,,
,,,,,,
,,,,,,
,,,,,,
,,,,,,
,,,,,,
,,,,,,
,,,,,,
,,,,,,
,,,,,,
,,,,,,
,,,,,,
,,,,,,
,,,,,,
,,,,,,
,,,,,,
,,,,,,
,,,,,,
,,,,,,
,,,,,,
,,,,,,
,,,,,,
,,,,,,
,,,,,,
,,,,,,
,,,,,,
,,,,,,
,,,,,,
,,,,,,
,,,,,,
,,,,,,
,,,,,,
,,,,,,
,,,,,,
,,,,,,
,,,,,,
,,,,,,
,,,,,,
,,,,,,
,,,,,,
,,,,,,
,,,,,,
,,,,,,
,,,,,,
,,,,,,
,,,,,,
,,,,,,
,,,,,,
,,,,,,
,,,,,,
,,,,,,
,,,,,,
,,,,,,
,,,,,,
,,,,,,
,,,,,,
,,,,,,
,,,,,,
,,,,,,
,,,,,,
,,,,,,
,,,,,,
,,,,,,
,,,,,,
,,,,,,
,,,,,,
,,,,,,
,,,,,,
,,,,,,
,,,,,,
,,,,,,
,,,,,,
,,,,,,
,,,,,,
,,,,,,
,,,,,,
,,,,,,
,,,,,,
,,,,,,
,,,,,,
,,,,,,
,,,,,,
,,,,,,
,,,,,,
,,,,,,
,,,,,,
,,,,,,
,,,,,,
,,,,,,
,,,,,,
,,,,,,
,,,,,,
,,,,,,
,,,,,,
,,,,,,
,,,,,,
,,,,,,
,,,,,,
,,,,,,
,,,,,,
,,,,,,
,,,,,,
,,,,,,
,,,,,,
,,,,,,
,,,,,,
,,,,,,
,,,,,,
,,,,,,
,,,,,,
,,,,,,
,,,,,,
,,,,,,
,,,,,,
,,,,,,
,,,,,,
,,,,,,
,,,,,,
,,,,,,
,,,,,,
,,,,,,
,,,,,,
,,,,,,
,,,,,,
,,,,,,
,,,,,,
,,,,,,
,,,,,,
,,,,,,
,,,,,,
,,,,,,
,,,,,,
,,,,,,
,,,,,,
,,,,,,
,,,,,,
,,,,,,
,,,,,,
,,,,,,
,,,,,,
,,,,,,
,,,,,,
,,,,,,
,,,,,,
,,,,,,
,,,,,,
,,,,,,
,,,,,,
,,,,,,
,,,,,,
,,,,,,
,,,,,,
,,,,,,
,,,,,,
,,,,,,
,,,,,,
,,,,,,
,,,,,,
,,,,,,
,,,,,,
,,,,,,
,,,,,,
,,,,,,
,,,,,,
,,,,,,
,,,,,,
,,,,,,
,,,,,,
,,,,,,
,,,,,,
,,,,,,
,,,,,,
,,,,,,
,,,,,,
,,,,,,
,,,,,,
,,,,,,
,,,,,,
,,,,,,
,,,,,,
,,,,,,
,,,,,,
,,,,,,
,,,,,,
,,,,,,
,,,,,,
,,,,,,
,,,,,,
,,,,,,
,,,,,,
,,,,,,
,,,,,,
,,,,,,
,,,,,,
,,,,,,
,,,,,,
,,,,,,
,,,,,,
,,,,,,
,,,,,,
,,,,,,
,,,,,,
,,,,,,
,,,,,,
,,,,,,
,,,,,,
,,,,,,
,,,,,,
,,,,,,
,,,,,,
,,,,,,
,,,,,,
,,,,,,
,,,,,,
,,,,,,
,,,,,,
,,,,,,
,,,,,,
,,,,,,
,,,,,,
,,,,,,
,,,,,,
,,,,,,
,,,,,,
,,,,,,
,,,,,,
,,,,,,
,,,,,,
,,,,,,
,,,,,,
,,,,,,
,,,,,,
,,,,,,
,,,,,,
,,,,,,
,,,,,,
,,,,,,
,,,,,,
,,,,,,
,,,,,,
,,,,,,
,,,,,,
,,,,,,
,,,,,,
,,,,,,
,,,,,,
,,,,,,
,,,,,,
,,,,,,
,,,,,,
,,,,,,
,,,,,,
,,,,,,
,,,,,,
,,,,,,
,,,,,,
,,,,,,
,,,,,,
,,,,,,
,,,,,,
,,,,,,
,,,,,,
,,,,,,
,,,,,,
,,,,,,
,,,,,,
,,,,,,
,,,,,,
,,,,,,
,,,,,,
,,,,,,
,,,,,,
,,,,,,
,,,,,,
,,,,,,
,,,,,,
,,,,,,
,,,,,,
,,,,,,
,,,,,,
,,,,,,
,,,,,,
,,,,,,
,,,,,,
,,,,,,
,,,,,,
,,,,,,
,,,,,,
,,,,,,
,,,,,,
,,,,,,
,,,,,,
,,,,,,
,,,,,,
,,,,,,
,,,,,,
,,,,,,
,,,,,,
,,,,,,
,,,,,,
,,,,,,
,,,,,,
,,,,,,
,,,,,,
,,,,,,
,,,,,,
,,,,,,
,,,,,,
,,,,,,
,,,,,,
,,,,,,
,,,,,,
,,,,,,
,,,,,,
,,,,,,
,,,,,,
,,,,,,
,,,,,,
,,,,,,
,,,,,,
,,,,,,
,,,,,,
,,,,,,
,,,,,,
,,,,,,
,,,,,,
,,,,,,
,,,,,,
,,,,,,
,,,,,,
,,,,,,
,,,,,,
,,,,,,
,,,,,,
,,,,,,
,,,,,,
,,,,,,
,,,,,,
,,,,,,
,,,,,,
,,,,,,
,,,,,,
,,,,,,
,,,,,,
,,,,,,
,,,,,,
,,,,,,
,,,,,,
,,,,,,
,,,,,,
,,,,,,
,,,,,,
,,,,,,
,,,,,,
,,,,,,
,,,,,,
,,,,,,
,,,,,,
,,,,,,
,,,,,,
,,,,,,
,,,,,,
,,,,,,
,,,,,,
,,,,,,
,,,,,,
,,,,,,
,,,,,,
,,,,,,
,,,,,,
,,,,,,
,,,,,,
,,,,,,
,,,,,,
,,,,,,
,,,,,,
,,,,,,
,,,,,,
,,,,,,
,,,,,,
,,,,,,
,,,,,,
,,,,,,
,,,,,,
,,,,,,
,,,,,,
,,,,,,
,,,,,,
,,,,,,
,,,,,,
,,,,,,
,,,,,,
,,,,,,
,,,,,,
,,,,,,
,,,,,,
,,,,,,
,,,,,,
,,,,,,
,,,,,,
,,,,,,
,,,,,,
,,,,,,
,,,,,,
,,,,,,
,,,,,,
,,,,,,
,,,,,,
,,,,,,
,,,,,,
,,,,,,
,,,,,,
,,,,,,
,,,,,,
,,,,,,
,,,,,,
,,,,,,
,,,,,,
,,,,,,
,,,,,,
,,,,,,
,,,,,,
,,,,,,
,,,,,,
,,,,,,
,,,,,,
,,,,,,
,,,,,,
,,,,,,
,,,,,,
,,,,,,
,,,,,,
,,,,,,
,,,,,,
,,,,,,
,,,,,,
,,,,,,
,,,,,,
,,,,,,
,,,,,,
,,,,,,
,,,,,,
,,,,,,
,,,,,,
,,,,,,
,,,,,,
,,,,,,
,,,,,,
,,,,,,
,,,,,,
,,,,,,
,,,,,,
,,,,,,
,,,,,,
,,,,,,
,,,,,,
,,,,,,
,,,,,,
,,,,,,
,,,,,,
,,,,,,
,,,,,,
,,,,,,
,,,,,,
,,,,,,
,,,,,,
,,,,,,
,,,,,,
,,,,,,
,,,,,,
,,,,,,
,,,,,,
,,,,,,
,,,,,,
,,,,,,
,,,,,,
,,,,,,
,,,,,,
,,,,,,
,,,,,,
,,,,,,
,,,,,,
,,,,,,
,,,,,,
,,,,,,
,,,,,,
,,,,,,
,,,,,,
,,,,,,
,,,,,,
,,,,,,
,,,,,,
,,,,,,
,,,,,,
,,,,,,
,,,,,,
,,,,,,
,,,,,,
,,,,,,
,,,,,,
,,,,,,
,,,,,,
,,,,,,
,,,,,,
,,,,,,
,,,,,,
,,,,,,
,,,,,,
,,,,,,
,,,,,,
,,,,,,
,,,,,,
,,,,,,
,,,,,,
,,,,,,
,,,,,,
,,,,,,
,,,,,,
,,,,,,
,,,,,,
,,,,,,
,,,,,,
,,,,,,
,,,,,,
,,,,,,
,,,,,,
,,,,,,
,,,,,,
,,,,,,
,,,,,,
,,,,,,
,,,,,,
,,,,,,
,,,,,,
,,,,,,
,,,,,,
,,,,,,
,,,,,,
,,,,,,
,,,,,,
,,,,,,
,,,,,,
,,,,,,
,,,,,,
,,,,,,
,,,,,,
,,,,,,
,,,,,,
,,,,,,
,,,,,,
,,,,,,
,,,,,,
,,,,,,
,,,,,,
,,,,,,
,,,,,,
,,,,,,
,,,,,,
,,,,,,
,,,,,,
,,,,,,
,,,,,,
,,,,,,
,,,,,,
,,,,,,
,,,,,,
,,,,,,
,,,,,,
,,,,,,
,,,,,,
,,,,,,
,,,,,,
,,,,,,
,,,,,,
,,,,,,
,,,,,,
,,,,,,
,,,,,,
,,,,,,
,,,,,,
,,,,,,
,,,,,,
,,,,,,
,,,,,,
,,,,,,
,,,,,,
,,,,,,
,,,,,,
,,,,,,
,,,,,,
,,,,,,
,,,,,,
,,,,,,
,,,,,,
,,,,,,
,,,,,,
,,,,,,
,,,,,,
,,,,,,
,,,,,,
,,,,,,
,,,,,,
,,,,,,
,,,,,,
,,,,,,
,,,,,,
,,,,,,
,,,,,,
,,,,,,
,,,,,,
,,,,,,
,,,,,,
,,,,,,
,,,,,,
,,,,,,
,,,,,,
,,,,,,
,,,,,,
,,,,,,
,,,,,,
,,,,,,
,,,,,,
,,,,,,
,,,,,,
,,,,,,
,,,,,,
,,,,,,
,,,,,,
,,,,,,
,,,,,,
,,,,,,
,,,,,,
,,,,,,
,,,,,,
,,,,,,
,,,,,,
,,,,,,
,,,,,,
,,,,,,
,,,,,,
,,,,,,
,,,,,,
,,,,,,
,,,,,,
,,,,,,
,,,,,,
,,,,,,
,,,,,,
,,,,,,
,,,,,,
,,,,,,
,,,,,,
,,,,,,
,,,,,,
,,,,,,
,,,,,,
,,,,,,
,,,,,,
,,,,,,
,,,,,,
,,,,,,
,,,,,,
,,,,,,
,,,,,,
,,,,,,
,,,,,,
,,,,,,
,,,,,,
,,,,,,
,,,,,,
,,,,,,
,,,,,,
,,,,,,
,,,,,,
,,,,,,
,,,,,,
,,,,,,
,,,,,,
,,,,,,
,,,,,,
,,,,,,
,,,,,,
,,,,,,
,,,,,,
,,,,,,
,,,,,,
,,,,,,
,,,,,,
,,,,,,
,,,,,,
,,,,,,
,,,,,,
,,,,,,
,,,,,,
,,,,,,
,,,,,,
,,,,,,
,,,,,,
,,,,,,
,,,,,,
,,,,,,
,,,,,,
,,,,,,
,,,,,,
,,,,,,
,,,,,,
,,,,,,
,,,,,,
,,,,,,
,,,,,,
,,,,,,
,,,,,,
,,,,,,
,,,,,,
,,,,,,
,,,,,,
,,,,,,
,,,,,,
,,,,,,
,,,,,,
,,,,,,
,,,,,,
,,,,,,
,,,,,,
,,,,,,
,,,,,,
,,,,,,
,,,,,,
,,,,,,
,,,,,,
,,,,,,
,,,,,,
,,,,,,
,,,,,,
,,,,,,
,,,,,,
,,,,,,
,,,,,,
,,,,,,
,,,,,,
,,,,,,
,,,,,,
,,,,,,
,,,,,,
,,,,,,
,,,,,,
,,,,,,
,,,,,,
,,,,,,
,,,,,,
,,,,,,
,,,,,,
,,,,,,
,,,,,,
,,,,,,
,,,,,,
,,,,,,
,,,,,,
,,,,,,
,,,,,,
,,,,,,
,,,,,,
,,,,,,
,,,,,,
,,,,,,
,,,,,,
,,,,,,
,,,,,,
,,,,,,
,,,,,,
,,,,,,
,,,,,,
,,,,,,
,,,,,,
,,,,,,
,,,,,,
,,,,,,
,,,,,,
,,,,,,
,,,,,,
,,,,,,
,,,,,,
,,,,,,
,,,,,,
,,,,,,
,,,,,,
,,,,,,
,,,,,,
,,,,,,
,,,,,,
,,,,,,
,,,,,,
,,,,,,
,,,,,,
,,,,,,
,,,,,,
,,,,,,
,,,,,,
,,,,,,
,,,,,,
,,,,,,
,,,,,,
,,,,,,
,,,,,,
,,,,,,
,,,,,,
,,,,,,
,,,,,,
,,,,,,
,,,,,,
,,,,,,
,,,,,,
,,,,,,
,,,,,,
,,,,,,
,,,,,,
,,,,,,
,,,,,,
,,,,,,
,,,,,,
,,,,,,
,,,,,,
,,,,,,
,,,,,,
,,,,,,
,,,,,,
,,,,,,
,,,,,,
,,,,,,
,,,,,,
,,,,,,
,,,,,,
,,,,,,
,,,,,,
,,,,,,
,,,,,,
,,,,,,
,,,,,,
,,,,,,
,,,,,,
,,,,,,
,,,,,,
,,,,,,
,,,,,,
,,,,,,
,,,,,,
,,,,,,
,,,,,,
,,,,,,
,,,,,,
,,,,,,
,,,,,,
,,,,,,
,,,,,,
,,,,,,
,,,,,,
,,,,,,
,,,,,,
,,,,,,
,,,,,,
,,,,,,
,,,,,,
,,,,,,
,,,,,,
,,,,,,
,,,,,,
,,,,,,
,,,,,,
,,,,,,
,,,,,,
,,,,,,
,,,,,,
,,,,,,
,,,,,,
,,,,,,
,,,,,,
,,,,,,
,,,,,,
,,,,,,
,,,,,,
,,,,,,
,,,,,,
,,,,,,
,,,,,,
,,,,,,
,,,,,,
,,,,,,
,,,,,,
,,,,,,
,,,,,,
,,,,,,
,,,,,,
,,,,,,
,,,,,,
,,,,,,
,,,,,,
,,,,,,
,,,,,,
,,,,,,
,,,,,,
,,,,,,
,,,,,,
,,,,,,
,,,,,,
,,,,,,
,,,,,,
,,,,,,
,,,,,,
,,,,,,
,,,,,,
,,,,,,
,,,,,,
,,,,,,
,,,,,,
,,,,,,
,,,,,,
,,,,,,
,,,,,,
,,,,,,
,,,,,,
,,,,,,
,,,,,,
,,,,,,
,,,,,,
,,,,,,
,,,,,,
,,,,,,
,,,,,,
,,,,,,
,,,,,,
,,,,,,
,,,,,,
,,,,,,
,,,,,,
,,,,,,
,,,,,,
,,,,,,
,,,,,,
,,,,,,
,,,,,,
,,,,,,
,,,,,,
,,,,,,
,,,,,,
,,,,,,
,,,,,,
,,,,,,
,,,,,,
,,,,,,
,,,,,,
,,,,,,
,,,,,,
,,,,,,
,,,,,,
,,,,,,
,,,,,,
,,,,,,
,,,,,,
,,,,,,
,,,,,,
,,,,,,
,,,,,,
,,,,,,
,,,,,,
,,,,,,
,,,,,,
,,,,,,
,,,,,,
,,,,,,
,,,,,,
,,,,,,
,,,,,,
,,,,,,
,,,,,,
,,,,,,
,,,,,,
,,,,,,
,,,,,,
,,,,,,
,,,,,,
,,,,,,
,,,,,,
,,,,,,
,,,,,,
,,,,,,
,,,,,,
,,,,,,
,,,,,,
,,,,,,
,,,,,,
,,,,,,
,,,,,,
,,,,,,
,,,,,,
,,,,,,
,,,,,,
,,,,,,
,,,,,,
,,,,,,
,,,,,,
,,,,,,
,,,,,,
,,,,,,
,,,,,,
,,,,,,
,,,,,,
,,,,,,
,,,,,,
,,,,,,
,,,,,,
,,,,,,
,,,,,,
,,,,,,
,,,,,,
,,,,,,
,,,,,,
,,,,,,
,,,,,,
,,,,,,
,,,,,,
,,,,,,
,,,,,,
,,,,,,
,,,,,,
,,,,,,
,,,,,,
,,,,,,
,,,,,,
,,,,,,
,,,,,,
,,,,,,
,,,,,,
,,,,,,
,,,,,,
,,,,,,
,,,,,,
,,,,,,
,,,,,,
,,,,,,
,,,,,,
,,,,,,
,,,,,,
,,,,,,
,,,,,,
,,,,,,
,,,,,,
,,,,,,
,,,,,,
,,,,,,
,,,,,,
,,,,,,
,,,,,,
,,,,,,
,,,,,,
,,,,,,
,,,,,,
,,,,,,
,,,,,,
,,,,,,
,,,,,,
,,,,,,
,,,,,,
,,,,,,
,,,,,,
,,,,,,
,,,,,,
,,,,,,
,,,,,,
,,,,,,
,,,,,,
,,,,,,
,,,,,,
,,,,,,
,,,,,,
,,,,,,
,,,,,,
,,,,,,
,,,,,,
,,,,,,
,,,,,,
,,,,,,
,,,,,,
,,,,,,
,,,,,,
,,,,,,
,,,,,,
,,,,,,
,,,,,,
,,,,,,
,,,,,,
,,,,,,
,,,,,,
,,,,,,
,,,,,,
,,,,,,
,,,,,,
,,,,,,
,,,,,,
,,,,,,
,,,,,,
,,,,,,
,,,,,,
,,,,,,
,,,,,,
,,,,,,
,,,,,,
,,,,,,
,,,,,,
,,,,,,
,,,,,,
,,,,,,
,,,,,,
,,,,,,
,,,,,,
,,,,,,
,,,,,,
,,,,,,
,,,,,,
,,,,,,
,,,,,,
,,,,,,
,,,,,,
,,,,,,
,,,,,,
,,,,,,
,,,,,,
,,,,,,
,,,,,,
,,,,,,
,,,,,,
,,,,,,
,,,,,,
,,,,,,
,,,,,,
,,,,,,
,,,,,,
,,,,,,
,,,,,,
,,,,,,
,,,,,,
,,,,,,
,,,,,,
,,,,,,
,,,,,,
,,,,,,
,,,,,,
,,,,,,
,,,,,,
,,,,,,
,,,,,,
,,,,,,
,,,,,,
,,,,,,
,,,,,,
,,,,,,
,,,,,,
,,,,,,
,,,,,,
,,,,,,
,,,,,,
,,,,,,
,,,,,,
,,,,,,
,,,,,,
,,,,,,
,,,,,,
,,,,,,
,,,,,,
,,,,,,
,,,,,,
,,,,,,
,,,,,,
,,,,,,
,,,,,,
,,,,,,
,,,,,,
,,,,,,
,,,,,,
,,,,,,
,,,,,,
,,,,,,
,,,,,,
,,,,,,
,,,,,,
,,,,,,
,,,,,,
,,,,,,
,,,,,,
,,,,,,
,,,,,,
,,,,,,
,,,,,,
,,,,,,
,,,,,,
,,,,,,
,,,,,,
,,,,,,
,,,,,,
,,,,,,
,,,,,,
,,,,,,
,,,,,,
,,,,,,
,,,,,,
,,,,,,
,,,,,,
,,,,,,
,,,,,,
,,,,,,
,,,,,,
,,,,,,
,,,,,,
,,,,,,
,,,,,,
,,,,,,
,,,,,,
,,,,,,
,,,,,,
,,,,,,
,,,,,,
,,,,,,
,,,,,,
,,,,,,
,,,,,,
,,,,,,
,,,,,,
,,,,,,
,,,,,,
,,,,,,
,,,,,,
,,,,,,
,,,,,,
,,,,,,
,,,,,,
,,,,,,
,,,,,,
,,,,,,
,,,,,,
,,,,,,
,,,,,,
,,,,,,
,,,,,,
,,,,,,
,,,,,,
,,,,,,
,,,,,,
,,,,,,
,,,,,,
,,,,,,
,,,,,,
,,,,,,
,,,,,,
,,,,,,
,,,,,,
,,,,,,
,,,,,,
,,,,,,
,,,,,,
,,,,,,
,,,,,,
,,,,,,
,,,,,,
,,,,,,
,,,,,,
,,,,,,
,,,,,,
,,,,,,
,,,,,,
,,,,,,
,,,,,,
,,,,,,
,,,,,,
,,,,,,
,,,,,,
,,,,,,
,,,,,,
,,,,,,
,,,,,,
,,,,,,
,,,,,,
,,,,,,
,,,,,,
,,,,,,
,,,,,,
,,,,,,
,,,,,,
,,,,,,
,,,,,,
,,,,,,
,,,,,,
,,,,,,
,,,,,,
,,,,,,
,,,,,,
,,,,,,
,,,,,,
,,,,,,
,,,,,,
,,,,,,
,,,,,,
,,,,,,
,,,,,,
,,,,,,
,,,,,,
,,,,,,
,,,,,,
,,,,,,
,,,,,,
,,,,,,
,,,,,,
,,,,,,
,,,,,,
,,,,,,
,,,,,,
,,,,,,
,,,,,,
,,,,,,
,,,,,,
,,,,,,
,,,,,,
,,,,,,
,,,,,,
,,,,,,
,,,,,,
,,,,,,
,,,,,,
,,,,,,
,,,,,,
,,,,,,
,,,,,,
,,,,,,
,,,,,,
,,,,,,
,,,,,,
,,,,,,
,,,,,,
,,,,,,
,,,,,,
,,,,,,
,,,,,,
,,,,,,
,,,,,,
,,,,,,
,,,,,,
,,,,,,
,,,,,,
,,,,,,
,,,,,,
,,,,,,
,,,,,,
,,,,,,
,,,,,,
,,,,,,
,,,,,,
,,,,,,
,,,,,,
,,,,,,
,,,,,,
,,,,,,
,,,,,,
,,,,,,
,,,,,,
,,,,,,
,,,,,,
,,,,,,
,,,,,,
,,,,,,
,,,,,,
,,,,,,
,,,,,,
,,,,,,
,,,,,,
,,,,,,
,,,,,,
,,,,,,
,,,,,,
,,,,,,
,,,,,,
,,,,,,
,,,,,,
,,,,,,
,,,,,,
,,,,,,
,,,,,,
,,,,,,
,,,,,,
,,,,,,
,,,,,,
,,,,,,
,,,,,,
,,,,,,
,,,,,,
,,,,,,
,,,,,,
,,,,,,
,,,,,,
,,,,,,
,,,,,,
,,,,,,
,,,,,,
,,,,,,
,,,,,,
,,,,,,
,,,,,,
,,,,,,
,,,,,,
,,,,,,
,,,,,,
,,,,,,
,,,,,,
,,,,,,
,,,,,,
,,,,,,
,,,,,,
,,,,,,
,,,,,,
,,,,,,
,,,,,,
,,,,,,
,,,,,,
,,,,,,
,,,,,,
,,,,,,
,,,,,,
,,,,,,
,,,,,,
,,,,,,
,,,,,,
,,,,,,
,,,,,,
,,,,,,
,,,,,,
,,,,,,
,,,,,,
,,,,,,
,,,,,,
,,,,,,
,,,,,,
,,,,,,
,,,,,,
,,,,,,
,,,,,,
,,,,,,
,,,,,,
,,,,,,
,,,,,,
,,,,,,
,,,,,,
,,,,,,
,,,,,,
,,,,,,
,,,,,,
,,,,,,
,,,,,,
,,,,,,
,,,,,,
,,,,,,
,,,,,,
,,,,,,
,,,,,,
,,,,,,
,,,,,,
,,,,,,
,,,,,,
,,,,,,
,,,,,,
,,,,,,
,,,,,,
,,,,,,
,,,,,,
,,,,,,
,,,,,,
,,,,,,
,,,,,,
,,,,,,
,,,,,,
,,,,,,
,,,,,,
,,,,,,
,,,,,,
,,,,,,
,,,,,,
,,,,,,
,,,,,,
,,,,,,
,,,,,,
,,,,,,
,,,,,,
,,,,,,
,,,,,,
,,,,,,
,,,,,,
,,,,,,
,,,,,,
,,,,,,
,,,,,,
,,,,,,
,,,,,,
,,,,,,
,,,,,,
,,,,,,
,,,,,,
,,,,,,
,,,,,,
,,,,,,
,,,,,,
,,,,,,
,,,,,,
,,,,,,
,,,,,,
,,,,,,
,,,,,,
,,,,,,
,,,,,,
,,,,,,
,,,,,,
,,,,,,
,,,,,,
,,,,,,
,,,,,,
,,,,,,
,,,,,,
,,,,,,
,,,,,,
,,,,,,
,,,,,,
,,,,,,
,,,,,,
,,,,,,
,,,,,,
,,,,,,
,,,,,,
,,,,,,
,,,,,,
,,,,,,
,,,,,,
,,,,,,
,,,,,,
,,,,,,
,,,,,,
,,,,,,
,,,,,,
,,,,,,
,,,,,,
,,,,,,
,,,,,,
,,,,,,
,,,,,,
,,,,,,
,,,,,,
,,,,,,
,,,,,,
,,,,,,
,,,,,,
,,,,,,
,,,,,,
,,,,,,
,,,,,,
,,,,,,
,,,,,,
,,,,,,
,,,,,,
,,,,,,
,,,,,,
,,,,,,
,,,,,,
,,,,,,
,,,,,,
,,,,,,
,,,,,,
,,,,,,
,,,,,,
,,,,,,
,,,,,,
,,,,,,
,,,,,,
,,,,,,
,,,,,,
,,,,,,
,,,,,,
,,,,,,
,,,,,,
,,,,,,
,,,,,,
,,,,,,
,,,,,,
,,,,,,
,,,,,,
,,,,,,
,,,,,,
,,,,,,
,,,,,,
,,,,,,
,,,,,,
,,,,,,
,,,,,,
,,,,,,
,,,,,,
,,,,,,
,,,,,,
,,,,,,
,,,,,,
,,,,,,
,,,,,,
,,,,,,
,,,,,,
,,,,,,
,,,,,,
,,,,,,
,,,,,,
,,,,,,
,,,,,,
,,,,,,
,,,,,,
,,,,,,
,,,,,,
,,,,,,
,,,,,,
,,,,,,
,,,,,,
,,,,,,
,,,,,,
,,,,,,
,,,,,,
,,,,,,
,,,,,,
,,,,,,
,,,,,,
,,,,,,
,,,,,,
,,,,,,
,,,,,,
,,,,,,
,,,,,,
,,,,,,
,,,,,,
,,,,,,
,,,,,,
,,,,,,
,,,,,,
,,,,,,
,,,,,,
,,,,,,
,,,,,,
,,,,,,
,,,,,,
,,,,,,
,,,,,,
,,,,,,
,,,,,,
,,,,,,
,,,,,,
,,,,,,
,,,,,,
,,,,,,
,,,,,,
,,,,,,
,,,,,,
,,,,,,
,,,,,,
,,,,,,
,,,,,,
,,,,,,
,,,,,,
,,,,,,
,,,,,,
,,,,,,
,,,,,,
,,,,,,
,,,,,,
,,,,,,
,,,,,,
,,,,,,
,,,,,,
,,,,,,
,,,,,,
,,,,,,
,,,,,,
,,,,,,
,,,,,,
,,,,,,
,,,,,,
,,,,,,
,,,,,,
,,,,,,
,,,,,,
,,,,,,
,,,,,,
,,,,,,
,,,,,,
,,,,,,
,,,,,,
,,,,,,
,,,,,,
,,,,,,
,,,,,,
,,,,,,
,,,,,,
,,,,,,
,,,,,,
,,,,,,
,,,,,,
,,,,,,
,,,,,,
,,,,,,
,,,,,,
,,,,,,
,,,,,,
,,,,,,
,,,,,,
,,,,,,
,,,,,,
,,,,,,
,,,,,,
,,,,,,
,,,,,,
,,,,,,
,,,,,,
,,,,,,
,,,,,,
,,,,,,
,,,,,,
,,,,,,
,,,,,,
,,,,,,
,,,,,,
,,,,,,
,,,,,,
,,,,,,
,,,,,,
,,,,,,
,,,,,,
,,,,,,
,,,,,,
,,,,,,
,,,,,,
,,,,,,
,,,,,,
,,,,,,
,,,,,,
,,,,,,
,,,,,,
,,,,,,
,,,,,,
,,,,,,
,,,,,,
,,,,,,
,,,,,,
,,,,,,
,,,,,,
,,,,,,
,,,,,,
,,,,,,
,,,,,,
,,,,,,
,,,,,,
,,,,,,
,,,,,,
,,,,,,
,,,,,,
,,,,,,
,,,,,,
,,,,,,
,,,,,,
,,,,,,
,,,,,,
,,,,,,
,,,,,,
,,,,,,
,,,,,,
,,,,,,
,,,,,,
,,,,,,
,,,,,,
,,,,,,
,,,,,,
,,,,,,
,,,,,,
,,,,,,
,,,,,,
,,,,,,
,,,,,,
,,,,,,
,,,,,,
,,,,,,
,,,,,,
,,,,,,
,,,,,,
,,,,,,
,,,,,,
,,,,,,
,,,,,,
,,,,,,
,,,,,,
,,,,,,
,,,,,,
,,,,,,
,,,,,,
,,,,,,
,,,,,,
,,,,,,
,,,,,,
,,,,,,
,,,,,,
,,,,,,
,,,,,,
,,,,,,
,,,,,,
,,,,,,
,,,,,,
,,,,,,
,,,,,,
,,,,,,
,,,,,,
,,,,,,
,,,,,,
,,,,,,
,,,,,,
,,,,,,
,,,,,,
,,,,,,
,,,,,,
,,,,,,
,,,,,,
,,,,,,
,,,,,,
,,,,,,
,,,,,,
,,,,,,
,,,,,,
,,,,,,
,,,,,,
,,,,,,
,,,,,,
,,,,,,
,,,,,,
,,,,,,
,,,,,,
,,,,,,
,,,,,,
,,,,,,
,,,,,,
,,,,,,
,,,,,,
,,,,,,
,,,,,,
,,,,,,
,,,,,,
,,,,,,
,,,,,,
,,,,,,
,,,,,,
,,,,,,
,,,,,,
,,,,,,
,,,,,,
,,,,,,
,,,,,,
,,,,,,
,,,,,,
,,,,,,
,,,,,,
,,,,,,
,,,,,,
,,,,,,
,,,,,,
,,,,,,
,,,,,,
,,,,,,
,,,,,,
,,,,,,
,,,,,,
,,,,,,
,,,,,,
,,,,,,
,,,,,,
,,,,,,
,,,,,,
,,,,,,
,,,,,,
,,,,,,
,,,,,,
,,,,,,
,,,,,,
,,,,,,
,,,,,,
,,,,,,
,,,,,,
,,,,,,
,,,,,,
,,,,,,
,,,,,,
,,,,,,
,,,,,,
,,,,,,
,,,,,,
,,,,,,
,,,,,,
,,,,,,
,,,,,,
,,,,,,
,,,,,,
,,,,,,
,,,,,,
,,,,,,
,,,,,,
,,,,,,
,,,,,,
,,,,,,
,,,,,,
,,,,,,
,,,,,,
,,,,,,
,,,,,,
,,,,,,
,,,,,,
,,,,,,
,,,,,,
,,,,,,
,,,,,,
,,,,,,
,,,,,,
,,,,,,
,,,,,,
,,,,,,
,,,,,,
,,,,,,
,,,,,,
,,,,,,
,,,,,,
,,,,,,
,,,,,,
,,,,,,
,,,,,,
,,,,,,
,,,,,,
,,,,,,
,,,,,,
,,,,,,
,,,,,,
,,,,,,
,,,,,,
,,,,,,
,,,,,,
,,,,,,
,,,,,,
,,,,,,
,,,,,,
,,,,,,
,,,,,,
,,,,,,
,,,,,,
,,,,,,
,,,,,,
,,,,,,
,,,,,,
,,,,,,
,,,,,,
,,,,,,
,,,,,,
,,,,,,
,,,,,,
,,,,,,
,,,,,,
,,,,,,
,,,,,,
,,,,,,
,,,,,,
,,,,,,
,,,,,,
,,,,,,
,,,,,,
,,,,,,
,,,,,,
,,,,,,
,,,,,,
,,,,,,
,,,,,,
,,,,,,
,,,,,,
,,,,,,
,,,,,,
,,,,,,
,,,,,,
,,,,,,
,,,,,,
,,,,,,
,,,,,,
,,,,,,
,,,,,,
,,,,,,
,,,,,,
,,,,,,
,,,,,,
,,,,,,
,,,,,,
,,,,,,
,,,,,,
,,,,,,
,,,,,,
,,,,,,
,,,,,,
,,,,,,
,,,,,,
,,,,,,
,,,,,,
,,,,,,
,,,,,,
,,,,,,
,,,,,,
,,,,,,
,,,,,,
,,,,,,
,,,,,,
,,,,,,
,,,,,,
,,,,,,
,,,,,,
,,,,,,
,,,,,,
,,,,,,
,,,,,,
,,,,,,
,,,,,,
,,,,,,
,,,,,,
,,,,,,
,,,,,,
,,,,,,
,,,,,,
,,,,,,
,,,,,,
,,,,,,
,,,,,,
,,,,,,
,,,,,,
,,,,,,
,,,,,,
,,,,,,
,,,,,,
,,,,,,
,,,,,,
,,,,,,
,,,,,,
,,,,,,
,,,,,,
,,,,,,
,,,,,,
,,,,,,
,,,,,,
,,,,,,
,,,,,,
,,,,,,
,,,,,,
,,,,,,
,,,,,,
,,,,,,
,,,,,,
,,,,,,
,,,,,,
,,,,,,
,,,,,,
,,,,,,
,,,,,,
,,,,,,
,,,,,,
,,,,,,
,,,,,,
,,,,,,
,,,,,,
,,,,,,
,,,,,,
,,,,,,
,,,,,,
,,,,,,
,,,,,,
,,,,,,
,,,,,,
,,,,,,
,,,,,,
,,,,,,
,,,,,,
,,,,,,
,,,,,,
,,,,,,
,,,,,,
,,,,,,
,,,,,,
,,,,,,
,,,,,,
,,,,,,
,,,,,,
,,,,,,
,,,,,,
,,,,,,
,,,,,,
,,,,,,
,,,,,,
,,,,,,
,,,,,,
,,,,,,
,,,,,,
,,,,,,
,,,,,,
,,,,,,
,,,,,,
,,,,,,
,,,,,,
,,,,,,
,,,,,,
,,,,,,
,,,,,,
,,,,,,
,,,,,,
,,,,,,
,,,,,,
,,,,,,
,,,,,,
,,,,,,
,,,,,,
,,,,,,
,,,,,,
,,,,,,
,,,,,,
,,,,,,
,,,,,,
,,,,,,
,,,,,,
,,,,,,
,,,,,,
,,,,,,
,,,,,,
,,,,,,
,,,,,,
,,,,,,
,,,,,,
,,,,,,
,,,,,,
,,,,,,
,,,,,,
,,,,,,
,,,,,,
,,,,,,
,,,,,,
,,,,,,
,,,,,,
,,,,,,
,,,,,,
,,,,,,
,,,,,,
,,,,,,
,,,,,,
,,,,,,
,,,,,,
,,,,,,
,,,,,,
,,,,,,
,,,,,,
,,,,,,
,,,,,,
,,,,,,
,,,,,,
,,,,,,
,,,,,,
,,,,,,
,,,,,,
,,,,,,
,,,,,,
,,,,,,
,,,,,,
,,,,,,
,,,,,,
,,,,,,
,,,,,,
,,,,,,
,,,,,,
,,,,,,
,,,,,,
,,,,,,
,,,,,,
,,,,,,
,,,,,,
,,,,,,
,,,,,,
,,,,,,
,,,,,,
,,,,,,
,,,,,,
,,,,,,
,,,,,,
,,,,,,
,,,,,,
,,,,,,
,,,,,,
,,,,,,
,,,,,,
,,,,,,
,,,,,,
,,,,,,
,,,,,,
,,,,,,
,,,,,,
,,,,,,
,,,,,,
,,,,,,
,,,,,,
,,,,,,
,,,,,,
,,,,,,
,,,,,,
,,,,,,
,,,,,,
,,,,,,
,,,,,,
,,,,,,
,,,,,,
,,,,,,
,,,,,,
,,,,,,
,,,,,,
,,,,,,
,,,,,,
,,,,,,
,,,,,,
,,,,,,
,,,,,,
,,,,,,
,,,,,,
,,,,,,
,,,,,,
,,,,,,
,,,,,,
,,,,,,
,,,,,,
,,,,,,
,,,,,,
,,,,,,
,,,,,,
,,,,,,
,,,,,,
,,,,,,
,,,,,,
,,,,,,
,,,,,,
,,,,,,
,,,,,,
,,,,,,
,,,,,,
,,,,,,
,,,,,,
,,,,,,
,,,,,,
,,,,,,
,,,,,,
,,,,,,
,,,,,,
,,,,,,
,,,,,,
,,,,,,
,,,,,,
,,,,,,
,,,,,,
,,,,,,
,,,,,,
,,,,,,
,,,,,,
,,,,,,
,,,,,,
,,,,,,
,,,,,,
,,,,,,
,,,,,,
,,,,,,
,,,,,,
,,,,,,
,,,,,,
,,,,,,
,,,,,,
,,,,,,
,,,,,,
,,,,,,
,,,,,,
,,,,,,
,,,,,,
,,,,,,
,,,,,,
,,,,,,
,,,,,,
,,,,,,
,,,,,,
,,,,,,
,,,,,,
,,,,,,
,,,,,,
,,,,,,
,,,,,,
,,,,,,
,,,,,,
,,,,,,
,,,,,,
,,,,,,
,,,,,,
,,,,,,
,,,,,,
,,,,,,
,,,,,,
,,,,,,
,,,,,,
,,,,,,
,,,,,,
,,,,,,
,,,,,,
,,,,,,
,,,,,,
,,,,,,
,,,,,,
,,,,,,
,,,,,,
,,,,,,
,,,,,,
,,,,,,
,,,,,,
,,,,,,
,,,,,,
,,,,,,
,,,,,,
,,,,,,
,,,,,,
,,,,,,
,,,,,,
,,,,,,
,,,,,,
,,,,,,
,,,,,,
,,,,,,
,,,,,,
,,,,,,
,,,,,,
,,,,,,
,,,,,,
,,,,,,
,,,,,,
,,,,,,
,,,,,,
,,,,,,
,,,,,,
,,,,,,
,,,,,,
,,,,,,
,,,,,,
,,,,,,
,,,,,,
,,,,,,
,,,,,,
,,,,,,
,,,,,,
,,,,,,
,,,,,,
,,,,,,
,,,,,,
,,,,,,
,,,,,,
,,,,,,
,,,,,,
,,,,,,
,,,,,,
,,,,,,
,,,,,,
,,,,,,
,,,,,,
,,,,,,
,,,,,,
,,,,,,
,,,,,,
,,,,,,
,,,,,,
,,,,,,
,,,,,,
,,,,,,
,,,,,,
,,,,,,
,,,,,,
,,,,,,
,,,,,,
,,,,,,
,,,,,,
,,,,,,
,,,,,,
,,,,,,
,,,,,,
,,,,,,
,,,,,,
,,,,,,
,,,,,,
,,,,,,
,,,,,,
,,,,,,
,,,,,,
,,,,,,
,,,,,,
,,,,,,
,,,,,,
,,,,,,
,,,,,,
,,,,,,
,,,,,,
,,,,,,
,,,,,,
,,,,,,
,,,,,,
,,,,,,
,,,,,,
,,,,,,
,,,,,,
,,,,,,
,,,,,,
,,,,,,
,,,,,,
,,,,,,
,,,,,,
,,,,,,
,,,,,,
,,,,,,
,,,,,,
,,,,,,
,,,,,,
,,,,,,
,,,,,,
,,,,,,
,,,,,,
,,,,,,
,,,,,,
,,,,,,
,,,,,,
,,,,,,
,,,,,,
,,,,,,
,,,,,,
,,,,,,
,,,,,,
,,,,,,
,,,,,,
,,,,,,
,,,,,,
,,,,,,
,,,,,,
,,,,,,
,,,,,,
,,,,,,
,,,,,,
,,,,,,
,,,,,,
,,,,,,
,,,,,,
,,,,,,
,,,,,,
,,,,,,
,,,,,,
,,,,,,
,,,,,,
,,,,,,
,,,,,,
,,,,,,
,,,,,,
,,,,,,
,,,,,,
,,,,,,
,,,,,,
,,,,,,
,,,,,,
,,,,,,
,,,,,,
,,,,,,
,,,,,,
,,,,,,
,,,,,,
,,,,,,
,,,,,,
,,,,,,
,,,,,,
,,,,,,
,,,,,,
,,,,,,
,,,,,,
,,,,,,
,,,,,,
,,,,,,
,,,,,,
,,,,,,
,,,,,,
,,,,,,
,,,,,,
,,,,,,
,,,,,,
,,,,,,
,,,,,,
,,,,,,
,,,,,,
,,,,,,
,,,,,,
,,,,,,
,,,,,,
,,,,,,
,,,,,,
,,,,,,
,,,,,,
,,,,,,
,,,,,,
,,,,,,
,,,,,,
,,,,,,
,,,,,,
,,,,,,
,,,,,,
,,,,,,
,,,,,,
,,,,,,
,,,,,,
,,,,,,
,,,,,,
,,,,,,
,,,,,,
,,,,,,
,,,,,,
,,,,,,
,,,,,,
,,,,,,
,,,,,,
,,,,,,
,,,,,,
,,,,,,
,,,,,,
,,,,,,
,,,,,,
,,,,,,
,,,,,,
,,,,,,
,,,,,,
,,,,,,
,,,,,,
,,,,,,
,,,,,,
,,,,,,
,,,,,,
,,,,,,
,,,,,,
,,,,,,
,,,,,,
,,,,,,
,,,,,,
,,,,,,
,,,,,,
,,,,,,
,,,,,,
,,,,,,
,,,,,,
,,,,,,
,,,,,,
,,,,,,
,,,,,,
,,,,,,
,,,,,,
,,,,,,
,,,,,,
,,,,,,
,,,,,,
,,,,,,
,,,,,,
,,,,,,
,,,,,,
,,,,,,
,,,,,,
,,,,,,
,,,,,,
,,,,,,
,,,,,,
,,,,,,
,,,,,,
,,,,,,
,,,,,,
,,,,,,
,,,,,,
,,,,,,
,,,,,,
,,,,,,
,,,,,,
,,,,,,
,,,,,,
,,,,,,
,,,,,,
,,,,,,
,,,,,,
,,,,,,
,,,,,,
,,,,,,
,,,,,,
,,,,,,
,,,,,,
,,,,,,
,,,,,,
,,,,,,
,,,,,,
,,,,,,
,,,,,,
,,,,,,
,,,,,,
,,,,,,
,,,,,,
,,,,,,
,,,,,,
,,,,,,
,,,,,,
,,,,,,
,,,,,,
,,,,,,
,,,,,,
,,,,,,
,,,,,,
,,,,,,
,,,,,,
,,,,,,
,,,,,,
,,,,,,
,,,,,,
,,,,,,
,,,,,,
,,,,,,
,,,,,,
,,,,,,
,,,,,,
,,,,,,
,,,,,,
,,,,,,
,,,,,,
,,,,,,
,,,,,,
,,,,,,
,,,,,,
,,,,,,
,,,,,,
,,,,,,
,,,,,,
,,,,,,
,,,,,,
,,,,,,
,,,,,,
,,,,,,
,,,,,,
,,,,,,
,,,,,,
,,,,,,
,,,,,,
,,,,,,
,,,,,,
,,,,,,
,,,,,,
,,,,,,
,,,,,,
,,,,,,
,,,,,,
,,,,,,
,,,,,,
,,,,,,
,,,,,,
,,,,,,
,,,,,,
,,,,,,
,,,,,,
,,,,,,
,,,,,,
,,,,,,
,,,,,,
,,,,,,
,,,,,,
,,,,,,
,,,,,,
,,,,,,
,,,,,,
,,,,,,
,,,,,,
,,,,,,
,,,,,,
,,,,,,
,,,,,,
,,,,,,
,,,,,,
,,,,,,
,,,,,,
,,,,,,
,,,,,,
,,,,,,
,,,,,,
,,,,,,
,,,,,,
,,,,,,
,,,,,,
,,,,,,
,,,,,,
,,,,,,
,,,,,,
,,,,,,
,,,,,,
,,,,,,
,,,,,,
,,,,,,
,,,,,,
,,,,,,
,,,,,,
,,,,,,
,,,,,,
,,,,,,
,,,,,,
,,,,,,
,,,,,,
,,,,,,
,,,,,,
,,,,,,
,,,,,,
,,,,,,
,,,,,,
,,,,,,
,,,,,,
,,,,,,
,,,,,,
,,,,,,
,,,,,,
,,,,,,
,,,,,,
,,,,,,
,,,,,,
,,,,,,
,,,,,,
,,,,,,
,,,,,,
,,,,,,
,,,,,,
,,,,,,
,,,,,,
,,,,,,
,,,,,,
,,,,,,
,,,,,,
,,,,,,
,,,,,,
,,,,,,
,,,,,,
,,,,,,
,,,,,,
,,,,,,
,,,,,,
,,,,,,
,,,,,,
,,,,,,
,,,,,,
,,,,,,
,,,,,,
,,,,,,
,,,,,,
,,,,,,
,,,,,,
,,,,,,
,,,,,,
,,,,,,
,,,,,,
,,,,,,
,,,,,,
,,,,,,
,,,,,,
,,,,,,
,,,,,,
,,,,,,
,,,,,,
,,,,,,
,,,,,,
,,,,,,
,,,,,,
,,,,,,
,,,,,,
,,,,,,
,,,,,,
,,,,,,
,,,,,,
,,,,,,
,,,,,,
,,,,,,
,,,,,,
,,,,,,
,,,,,,
,,,,,,
,,,,,,
,,,,,,
,,,,,,
,,,,,,
,,,,,,
,,,,,,
,,,,,,
,,,,,,
,,,,,,
,,,,,,
,,,,,,
,,,,,,
,,,,,,
,,,,,,
,,,,,,
,,,,,,
,,,,,,
,,,,,,
,,,,,,
,,,,,,
,,,,,,
,,,,,,
,,,,,,
,,,,,,
,,,,,,
,,,,,,
,,,,,,
,,,,,,
,,,,,,
,,,,,,
,,,,,,
,,,,,,
,,,,,,
,,,,,,
,,,,,,
,,,,,,
,,,,,,
,,,,,,
,,,,,,
,,,,,,
,,,,,,
,,,,,,
,,,,,,
,,,,,,
,,,,,,
,,,,,,
,,,,,,
,,,,,,
,,,,,,
,,,,,,
,,,,,,
,,,,,,
,,,,,,
,,,,,,
,,,,,,
,,,,,,
,,,,,,
,,,,,,
,,,,,,
,,,,,,
,,,,,,
,,,,,,
,,,,,,
,,,,,,
,,,,,,
,,,,,,
,,,,,,
,,,,,,
,,,,,,
,,,,,,
,,,,,,
,,,,,,
,,,,,,
,,,,,,
,,,,,,
,,,,,,
,,,,,,
,,,,,,
,,,,,,
,,,,,,
,,,,,,
,,,,,,
,,,,,,
,,,,,,
,,,,,,
,,,,,,
,,,,,,
,,,,,,
,,,,,,
,,,,,,
,,,,,,
,,,,,,
,,,,,,
,,,,,,
,,,,,,
,,,,,,
,,,,,,
,,,,,,
,,,,,,
,,,,,,
,,,,,,
,,,,,,
,,,,,,
,,,,,,
,,,,,,
,,,,,,
,,,,,,
,,,,,,
,,,,,,
,,,,,,
,,,,,,
,,,,,,
,,,,,,
,,,,,,
,,,,,,
,,,,,,
,,,,,,
,,,,,,
,,,,,,
,,,,,,
,,,,,,
,,,,,,
,,,,,,
,,,,,,
,,,,,,
,,,,,,
,,,,,,
,,,,,,
,,,,,,
,,,,,,
,,,,,,
,,,,,,
,,,,,,
,,,,,,
,,,,,,
,,,,,,
,,,,,,
,,,,,,
,,,,,,
,,,,,,
,,,,,,
,,,,,,
,,,,,,
,,,,,,
,,,,,,
,,,,,,
,,,,,,
,,,,,,
,,,,,,
,,,,,,
,,,,,,
,,,,,,
,,,,,,
,,,,,,
,,,,,,
,,,,,,
,,,,,,
,,,,,,
,,,,,,
,,,,,,
,,,,,,
,,,,,,
,,,,,,
,,,,,,
,,,,,,
,,,,,,
,,,,,,
,,,,,,
,,,,,,
,,,,,,
,,,,,,
,,,,,,
,,,,,,
,,,,,,
,,,,,,
,,,,,,
,,,,,,
,,,,,,
,,,,,,
,,,,,,
,,,,,,
,,,,,,
,,,,,,
,,,,,,
,,,,,,
,,,,,,
,,,,,,
,,,,,,
,,,,,,
,,,,,,
,,,,,,
,,,,,,
,,,,,,
,,,,,,
,,,,,,
,,,,,,
,,,,,,
,,,,,,
,,,,,,
,,,,,,
,,,,,,
,,,,,,
,,,,,,
,,,,,,
,,,,,,
,,,,,,
,,,,,,
,,,,,,
,,,,,,
,,,,,,
,,,,,,
,,,,,,
,,,,,,
,,,,,,
,,,,,,
,,,,,,
,,,,,,
,,,,,,
,,,,,,
,,,,,,
,,,,,,
,,,,,,
,,,,,,
,,,,,,
,,,,,,
,,,,,,
,,,,,,
,,,,,,
,,,,,,
,,,,,,
,,,,,,
,,,,,,
,,,,,,
,,,,,,
,,,,,,
,,,,,,
,,,,,,
,,,,,,
,,,,,,
,,,,,,
,,,,,,
,,,,,,
,,,,,,
,,,,,,
,,,,,,
,,,,,,
,,,,,,
,,,,,,
,,,,,,
,,,,,,
,,,,,,
,,,,,,
,,,,,,
,,,,,,
,,,,,,
,,,,,,
,,,,,,
,,,,,,
,,,,,,
,,,,,,
,,,,,,
,,,,,,
,,,,,,
,,,,,,
,,,,,,
,,,,,,
,,,,,,
,,,,,,
,,,,,,
,,,,,,
,,,,,,
,,,,,,
,,,,,,
,,,,,,
,,,,,,
,,,,,,
,,,,,,
,,,,,,
,,,,,,
,,,,,,
,,,,,,
,,,,,,
,,,,,,
,,,,,,
,,,,,,
,,,,,,
,,,,,,
,,,,,,
,,,,,,
,,,,,,
,,,,,,
,,,,,,
,,,,,,
,,,,,,
,,,,,,
,,,,,,
,,,,,,
,,,,,,
,,,,,,
,,,,,,
,,,,,,
,,,,,,
,,,,,,
,,,,,,
,,,,,,
,,,,,,
,,,,,,
,,,,,,
,,,,,,
,,,,,,
,,,,,,
,,,,,,
,,,,,,
,,,,,,
,,,,,,
,,,,,,
,,,,,,
,,,,,,
,,,,,,
,,,,,,
,,,,,,
,,,,,,
,,,,,,
,,,,,,
,,,,,,
,,,,,,
,,,,,,
,,,,,,
,,,,,,
,,,,,,
,,,,,,
,,,,,,
,,,,,,
,,,,,,
,,,,,,
,,,,,,
,,,,,,
,,,,,,
,,,,,,
,,,,,,
,,,,,,
,,,,,,
,,,,,,
,,,,,,
,,,,,,
,,,,,,
,,,,,,
,,,,,,
,,,,,,
,,,,,,
,,,,,,
,,,,,,
,,,,,,
,,,,,,
,,,,,,
,,,,,,
,,,,,,
,,,,,,
,,,,,,
,,,,,,
,,,,,,
,,,,,,
,,,,,,
,,,,,,
,,,,,,
,,,,,,
,,,,,,
,,,,,,
,,,,,,
,,,,,,
,,,,,,
,,,,,,
,,,,,,
,,,,,,
,,,,,,
,,,,,,
,,,,,,
,,,,,,
,,,,,,
,,,,,,
,,,,,,
,,,,,,
,,,,,,
,,,,,,
,,,,,,
,,,,,,
,,,,,,
,,,,,,
,,,,,,
,,,,,,
,,,,,,
,,,,,,
,,,,,,
,,,,,,
,,,,,,
,,,,,,
,,,,,,
,,,,,,
,,,,,,
,,,,,,
,,,,,,
,,,,,,
,,,,,,
,,,,,,
,,,,,,
,,,,,,
,,,,,,
,,,,,,
,,,,,,
,,,,,,
,,,,,,
,,,,,,
,,,,,,
,,,,,,
,,,,,,
,,,,,,
,,,,,,
,,,,,,
,,,,,,
,,,,,,
,,,,,,
,,,,,,
,,,,,,
,,,,,,
,,,,,,
,,,,,,
,,,,,,
,,,,,,
,,,,,,
,,,,,,
,,,,,,
,,,,,,
,,,,,,
,,,,,,
,,,,,,
,,,,,,
,,,,,,
,,,,,,
,,,,,,
,,,,,,
,,,,,,
,,,,,,
,,,,,,
,,,,,,
,,,,,,
,,,,,,
,,,,,,
,,,,,,
,,,,,,
,,,,,,
,,,,,,
,,,,,,
,,,,,,
,,,,,,
,,,,,,
,,,,,,
,,,,,,
,,,,,,
,,,,,,
,,,,,,
,,,,,,
,,,,,,
,,,,,,
,,,,,,
,,,,,,
,,,,,,
,,,,,,
,,,,,,
,,,,,,
,,,,,,
,,,,,,
,,,,,,
,,,,,,
,,,,,,
,,,,,,
,,,,,,
,,,,,,
,,,,,,
,,,,,,
,,,,,,
,,,,,,
,,,,,,
,,,,,,
,,,,,,
,,,,,,
,,,,,,
,,,,,,
,,,,,,
,,,,,,
,,,,,,
,,,,,,
,,,,,,
,,,,,,
,,,,,,
,,,,,,
,,,,,,
,,,,,,
,,,,,,
,,,,,,
,,,,,,
,,,,,,
,,,,,,
,,,,,,
,,,,,,
,,,,,,
,,,,,,
,,,,,,
,,,,,,
,,,,,,
,,,,,,
,,,,,,
,,,,,,
,,,,,,
,,,,,,
,,,,,,
,,,,,,
,,,,,,
,,,,,,
,,,,,,
,,,,,,
,,,,,,
,,,,,,
,,,,,,
,,,,,,
,,,,,,
,,,,,,
,,,,,,
,,,,,,
,,,,,,
,,,,,,
,,,,,,
,,,,,,
,,,,,,
,,,,,,
,,,,,,
,,,,,,
,,,,,,
,,,,,,
,,,,,,
,,,,,,
,,,,,,
,,,,,,
,,,,,,
,,,,,,
,,,,,,
,,,,,,
,,,,,,
,,,,,,
,,,,,,
,,,,,,
,,,,,,
,,,,,,
,,,,,,
,,,,,,
,,,,,,
,,,,,,
,,,,,,
,,,,,,
,,,,,,
,,,,,,
,,,,,,
,,,,,,
,,,,,,
,,,,,,
,,,,,,
,,,,,,
,,,,,,
,,,,,,
,,,,,,
,,,,,,
,,,,,,
,,,,,,
,,,,,,
,,,,,,
,,,,,,
,,,,,,
,,,,,,
,,,,,,
,,,,,,
,,,,,,
,,,,,,
,,,,,,
,,,,,,
,,,,,,
,,,,,,
,,,,,,
,,,,,,
,,,,,,
,,,,,,
,,,,,,
,,,,,,
,,,,,,
,,,,,,
,,,,,,
,,,,,,
,,,,,,
,,,,,,
,,,,,,
,,,,,,
,,,,,,
,,,,,,
,,,,,,
,,,,,,
,,,,,,
,,,,,,
,,,,,,
,,,,,,
,,,,,,
,,,,,,
,,,,,,
,,,,,,
,,,,,,
,,,,,,
,,,,,,
,,,,,,
,,,,,,
,,,,,,
,,,,,,
,,,,,,
,,,,,,
,,,,,,
,,,,,,
,,,,,,
,,,,,,
,,,,,,
,,,,,,
,,,,,,
,,,,,,
,,,,,,
,,,,,,
,,,,,,
,,,,,,
,,,,,,
,,,,,,
,,,,,,
,,,,,,
,,,,,,
,,,,,,
,,,,,,
,,,,,,
,,,,,,
,,,,,,
,,,,,,
,,,,,,
,,,,,,
,,,,,,
,,,,,,
,,,,,,
,,,,,,
,,,,,,
,,,,,,
,,,,,,
,,,,,,
,,,,,,
,,,,,,
,,,,,,
,,,,,,
,,,,,,
,,,,,,
,,,,,,
,,,,,,
,,,,,,
,,,,,,
,,,,,,
,,,,,,
,,,,,,
,,,,,,
,,,,,,
,,,,,,
,,,,,,
,,,,,,
,,,,,,
,,,,,,
,,,,,,
,,,,,,
,,,,,,
,,,,,,
,,,,,,
,,,,,,
,,,,,,
,,,,,,
,,,,,,
,,,,,,
,,,,,,
,,,,,,
,,,,,,
,,,,,,
,,,,,,
,,,,,,
,,,,,,
,,,,,,
,,,,,,
,,,,,,
,,,,,,
,,,,,,
,,,,,,
,,,,,,
,,,,,,
,,,,,,
,,,,,,
,,,,,,
,,,,,,
,,,,,,
,,,,,,
,,,,,,
,,,,,,
,,,,,,
,,,,,,
,,,,,,
,,,,,,
,,,,,,
,,,,,,
,,,,,,
,,,,,,
,,,,,,
,,,,,,
,,,,,,
,,,,,,
,,,,,,
,,,,,,
,,,,,,
,,,,,,
,,,,,,
,,,,,,
,,,,,,
,,,,,,
,,,,,,
,,,,,,
,,,,,,
,,,,,,
,,,,,,
,,,,,,
,,,,,,
,,,,,,
,,,,,,
,,,,,,
,,,,,,
,,,,,,
,,,,,,
,,,,,,
,,,,,,
,,,,,,
,,,,,,
,,,,,,
,,,,,,
,,,,,,
,,,,,,
,,,,,,
,,,,,,
,,,,,,
,,,,,,
,,,,,,
,,,,,,
,,,,,,
,,,,,,
,,,,,,
,,,,,,
,,,,,,
,,,,,,
,,,,,,
,,,,,,
,,,,,,
,,,,,,
,,,,,,
,,,,,,
,,,,,,
,,,,,,
,,,,,,
,,,,,,
,,,,,,
,,,,,,
,,,,,,
,,,,,,
,,,,,,
,,,,,,
,,,,,,
,,,,,,
,,,,,,
,,,,,,
,,,,,,
,,,,,,
,,,,,,
,,,,,,
,,,,,,
,,,,,,
,,,,,,
,,,,,,
,,,,,,
,,,,,,
,,,,,,
,,,,,,
,,,,,,
,,,,,,
,,,,,,
,,,,,,
,,,,,,
,,,,,,
,,,,,,
,,,,,,
,,,,,,
,,,,,,
,,,,,,
,,,,,,
,,,,,,
,,,,,,
,,,,,,
,,,,,,
,,,,,,
,,,,,,
,,,,,,
,,,,,,
,,,,,,
,,,,,,
,,,,,,
,,,,,,
,,,,,,
,,,,,,
,,,,,,
,,,,,,
,,,,,,
,,,,,,
,,,,,,
,,,,,,
,,,,,,
,,,,,,
,,,,,,
,,,,,,
,,,,,,
,,,,,,
,,,,,,
,,,,,,
,,,,,,
,,,,,,
,,,,,,
,,,,,,
,,,,,,
,,,,,,
,,,,,,
,,,,,,
,,,,,,
,,,,,,
,,,,,,
,,,,,,
,,,,,,
,,,,,,
,,,,,,
,,,,,,
,,,,,,
,,,,,,
,,,,,,
,,,,,,
,,,,,,
,,,,,,
,,,,,,
,,,,,,
,,,,,,
,,,,,,
,,,,,,
,,,,,,
,,,,,,
,,,,,,
,,,,,,
,,,,,,
,,,,,,
,,,,,,
,,,,,,
,,,,,,
,,,,,,
,,,,,,
,,,,,,
,,,,,,
,,,,,,
,,,,,,
,,,,,,
,,,,,,
,,,,,,
,,,,,,
,,,,,,
,,,,,,
,,,,,,
,,,,,,
,,,,,,
,,,,,,
,,,,,,
,,,,,,
,,,,,,
,,,,,,
,,,,,,
,,,,,,
,,,,,,
,,,,,,
,,,,,,
,,,,,,
,,,,,,
,,,,,,
,,,,,,
,,,,,,
,,,,,,
,,,,,,
,,,,,,
,,,,,,
,,,,,,
,,,,,,
,,,,,,
,,,,,,
,,,,,,
,,,,,,
,,,,,,
,,,,,,
,,,,,,
,,,,,,
,,,,,,
,,,,,,
,,,,,,
,,,,,,
,,,,,,
,,,,,,
,,,,,,
,,,,,,
,,,,,,
,,,,,,
,,,,,,
,,,,,,
,,,,,,
,,,,,,
,,,,,,
,,,,,,
,,,,,,
,,,,,,
,,,,,,
,,,,,,
,,,,,,
,,,,,,
,,,,,,
,,,,,,
,,,,,,
,,,,,,
,,,,,,
,,,,,,
,,,,,,
,,,,,,
,,,,,,
,,,,,,
,,,,,,
,,,,,,
,,,,,,
,,,,,,
,,,,,,
,,,,,,
,,,,,,
,,,,,,
,,,,,,
,,,,,,
,,,,,,
,,,,,,
,,,,,,
,,,,,,
,,,,,,
,,,,,,
,,,,,,
,,,,,,
,,,,,,
,,,,,,
,,,,,,
,,,,,,
,,,,,,
,,,,,,
,,,,,,
,,,,,,
,,,,,,
,,,,,,
,,,,,,
,,,,,,
,,,,,,
,,,,,,
,,,,,,
,,,,,,
,,,,,,
,,,,,,
,,,,,,
,,,,,,
,,,,,,
,,,,,,
,,,,,,
,,,,,,
,,,,,,
,,,,,,
,,,,,,
,,,,,,
,,,,,,
,,,,,,
,,,,,,
,,,,,,
,,,,,,
,,,,,,
,,,,,,
,,,,,,
,,,,,,
,,,,,,
,,,,,,
,,,,,,
,,,,,,
,,,,,,
,,,,,,
,,,,,,
,,,,,,
,,,,,,
,,,,,,
,,,,,,
,,,,,,
,,,,,,
,,,,,,
,,,,,,
,,,,,,
,,,,,,
,,,,,,
,,,,,,
,,,,,,
,,,,,,
,,,,,,
,,,,,,
,,,,,,
,,,,,,
,,,,,,
,,,,,,
,,,,,,
,,,,,,
,,,,,,
,,,,,,
,,,,,,
,,,,,,
,,,,,,
,,,,,,
,,,,,,
,,,,,,
,,,,,,
,,,,,,
,,,,,,
,,,,,,
,,,,,,
,,,,,,
,,,,,,
,,,,,,
,,,,,,
,,,,,,
,,,,,,
,,,,,,
,,,,,,
,,,,,,
,,,,,,
,,,,,,
,,,,,,
,,,,,,
,,,,,,
,,,,,,
,,,,,,
,,,,,,
,,,,,,
,,,,,,
,,,,,,
,,,,,,
,,,,,,
,,,,,,
,,,,,,
,,,,,,
,,,,,,
,,,,,,
,,,,,,
,,,,,,
,,,,,,
,,,,,,
,,,,,,
,,,,,,
,,,,,,
,,,,,,
,,,,,,
,,,,,,
,,,,,,
,,,,,,
,,,,,,
,,,,,,
,,,,,,
,,,,,,
,,,,,,
,,,,,,
,,,,,,
,,,,,,
,,,,,,
,,,,,,
,,,,,,
,,,,,,
,,,,,,
,,,,,,
,,,,,,
,,,,,,
,,,,,,
,,,,,,
,,,,,,
,,,,,,
,,,,,,
,,,,,,
,,,,,,
,,,,,,
,,,,,,
,,,,,,
,,,,,,
,,,,,,
,,,,,,
,,,,,,
,,,,,,
,,,,,,
,,,,,,
,,,,,,
,,,,,,
,,,,,,
,,,,,,
,,,,,,
,,,,,,
,,,,,,
,,,,,,
,,,,,,
,,,,,,
,,,,,,
,,,,,,
,,,,,,
,,,,,,
,,,,,,
,,,,,,
,,,,,,
,,,,,,
,,,,,,
,,,,,,
,,,,,,
,,,,,,
,,,,,,
,,,,,,
,,,,,,
,,,,,,
,,,,,,
,,,,,,
,,,,,,
,,,,,,
,,,,,,
,,,,,,
,,,,,,
,,,,,,
,,,,,,
,,,,,,
,,,,,,
,,,,,,
,,,,,,
,,,,,,
,,,,,,
,,,,,,
,,,,,,
,,,,,,
,,,,,,
,,,,,,
,,,,,,
,,,,,,
,,,,,,
,,,,,,
,,,,,,
,,,,,,
,,,,,,
,,,,,,
,,,,,,
,,,,,,
,,,,,,
,,,,,,
,,,,,,
,,,,,,
,,,,,,
,,,,,,
,,,,,,
,,,,,,
,,,,,,
,,,,,,
,,,,,,
,,,,,,
,,,,,,
,,,,,,
,,,,,,
,,,,,,
,,,,,,
,,,,,,
,,,,,,
,,,,,,
,,,,,,
,,,,,,
,,,,,,
,,,,,,
,,,,,,
,,,,,,
,,,,,,
,,,,,,
,,,,,,
,,,,,,
,,,,,,
,,,,,,
,,,,,,
,,,,,,
,,,,,,
,,,,,,
,,,,,,
,,,,,,
,,,,,,
,,,,,,
,,,,,,
,,,,,,
,,,,,,
,,,,,,
,,,,,,
,,,,,,
,,,,,,
,,,,,,
,,,,,,
,,,,,,
,,,,,,
,,,,,,
,,,,,,
,,,,,,
,,,,,,
,,,,,,
,,,,,,
,,,,,,
,,,,,,
,,,,,,
,,,,,,
,,,,,,
,,,,,,
,,,,,,
,,,,,,
,,,,,,
,,,,,,
,,,,,,
,,,,,,
,,,,,,
,,,,,,
,,,,,,
,,,,,,
,,,,,,
,,,,,,
,,,,,,
,,,,,,
,,,,,,
,,,,,,
,,,,,,
,,,,,,
,,,,,,
,,,,,,
,,,,,,
,,,,,,
,,,,,,
,,,,,,
,,,,,,
,,,,,,
,,,,,,
,,,,,,
,,,,,,
,,,,,,
,,,,,,
,,,,,,
,,,,,,
,,,,,,
,,,,,,
,,,,,,
,,,,,,
,,,,,,
,,,,,,
,,,,,,
,,,,,,
,,,,,,
,,,,,,
,,,,,,
,,,,,,
,,,,,,
,,,,,,
,,,,,,
,,,,,,
,,,,,,
,,,,,,
,,,,,,
,,,,,,
,,,,,,
,,,,,,
,,,,,,
,,,,,,
,,,,,,
,,,,,,
,,,,,,
,,,,,,
,,,,,,
,,,,,,
,,,,,,
,,,,,,
,,,,,,
,,,,,,
,,,,,,
,,,,,,
,,,,,,
,,,,,,
,,,,,,
,,,,,,
,,,,,,
,,,,,,
,,,,,,
,,,,,,
,,,,,,
,,,,,,
,,,,,,
,,,,,,
,,,,,,
,,,,,,
,,,,,,
,,,,,,
,,,,,,
,,,,,,
,,,,,,
,,,,,,
,,,,,,
,,,,,,
,,,,,,
,,,,,,
,,,,,,
,,,,,,
,,,,,,
,,,,,,
,,,,,,
,,,,,,
,,,,,,
,,,,,,
,,,,,,
,,,,,,
,,,,,,
,,,,,,
,,,,,,
,,,,,,
,,,,,,
,,,,,,
,,,,,,
,,,,,,
,,,,,,
,,,,,,
,,,,,,
,,,,,,
,,,,,,
,,,,,,
,,,,,,
,,,,,,
,,,,,,
,,,,,,
,,,,,,
,,,,,,
,,,,,,
,,,,,,
,,,,,,
,,,,,,
,,,,,,
,,,,,,
,,,,,,
,,,,,,
,,,,,,
,,,,,,
,,,,,,
,,,,,,
,,,,,,
,,,,,,
,,,,,,
,,,,,,
,,,,,,
,,,,,,
,,,,,,
,,,,,,
,,,,,,
,,,,,,
,,,,,,
,,,,,,
,,,,,,
,,,,,,
,,,,,,
,,,,,,
,,,,,,
,,,,,,
,,,,,,
,,,,,,
,,,,,,
,,,,,,
,,,,,,
,,,,,,
,,,,,,
,,,,,,
,,,,,,
,,,,,,
,,,,,,
,,,,,,
,,,,,,
,,,,,,
,,,,,,
,,,,,,
,,,,,,
,,,,,,
,,,,,,
,,,,,,
,,,,,,
,,,,,,
,,,,,,
,,,,,,
,,,,,,
,,,,,,
,,,,,,
,,,,,,
,,,,,,
,,,,,,
,,,,,,
,,,,,,
,,,,,,
,,,,,,
,,,,,,
,,,,,,
,,,,,,
,,,,,,
,,,,,,
,,,,,,
,,,,,,
,,,,,,
,,,,,,
,,,,,,
,,,,,,
,,,,,,
,,,,,,
,,,,,,
,,,,,,
,,,,,,
,,,,,,
,,,,,,
,,,,,,
,,,,,,
,,,,,,
,,,,,,
,,,,,,
,,,,,,
,,,,,,
,,,,,,
,,,,,,
,,,,,,
,,,,,,
,,,,,,
,,,,,,
,,,,,,
,,,,,,
,,,,,,
,,,,,,
,,,,,,
,,,,,,
,,,,,,
,,,,,,
,,,,,,
,,,,,,
,,,,,,
,,,,,,
,,,,,,
,,,,,,
,,,,,,
,,,,,,
,,,,,,
,,,,,,
,,,,,,
,,,,,,
,,,,,,
,,,,,,
,,,,,,
,,,,,,
,,,,,,
,,,,,,
,,,,,,
,,,,,,
,,,,,,
,,,,,,
,,,,,,
,,,,,,
,,,,,,
,,,,,,
,,,,,,
,,,,,,
,,,,,,
,,,,,,
,,,,,,
,,,,,,
,,,,,,
,,,,,,
,,,,,,
,,,,,,
,,,,,,
,,,,,,
,,,,,,
,,,,,,
,,,,,,
,,,,,,
,,,,,,
,,,,,,
,,,,,,
,,,,,,
,,,,,,
,,,,,,
,,,,,,
,,,,,,
,,,,,,
,,,,,,
,,,,,,
,,,,,,
,,,,,,
,,,,,,
,,,,,,
,,,,,,
,,,,,,
,,,,,,
,,,,,,
,,,,,,
,,,,,,
,,,,,,
,,,,,,
,,,,,,
,,,,,,
,,,,,,
,,,,,,
,,,,,,
,,,,,,
,,,,,,
,,,,,,
,,,,,,
,,,,,,
,,,,,,
,,,,,,
,,,,,,
,,,,,,
,,,,,,
,,,,,,
,,,,,,
,,,,,,
,,,,,,
,,,,,,
,,,,,,
,,,,,,
,,,,,,
,,,,,,
,,,,,,
,,,,,,
,,,,,,
,,,,,,
,,,,,,
,,,,,,
,,,,,,
,,,,,,
,,,,,,
,,,,,,
,,,,,,
,,,,,,
,,,,,,
,,,,,,
,,,,,,
,,,,,,
,,,,,,
,,,,,,
,,,,,,
,,,,,,
,,,,,,
,,,,,,
,,,,,,
,,,,,,
,,,,,,
,,,,,,
,,,,,,
,,,,,,
,,,,,,
,,,,,,
,,,,,,
,,,,,,
,,,,,,
,,,,,,
,,,,,,
,,,,,,
,,,,,,
,,,,,,
,,,,,,
,,,,,,
,,,,,,
,,,,,,
,,,,,,
,,,,,,
,,,,,,
,,,,,,
,,,,,,
,,,,,,
,,,,,,
,,,,,,
,,,,,,
,,,,,,
,,,,,,
,,,,,,
,,,,,,
,,,,,,
,,,,,,
,,,,,,
,,,,,,
,,,,,,
,,,,,,
,,,,,,
,,,,,,
,,,,,,
,,,,,,
,,,,,,
,,,,,,
,,,,,,
,,,,,,
,,,,,,
,,,,,,
,,,,,,
,,,,,,
,,,,,,
,,,,,,
,,,,,,
,,,,,,
,,,,,,
,,,,,,
,,,,,,
,,,,,,
,,,,,,
,,,,,,
,,,,,,
,,,,,,
,,,,,,
,,,,,,
,,,,,,
,,,,,,
,,,,,,
,,,,,,
,,,,,,
,,,,,,
,,,,,,
,,,,,,
,,,,,,
,,,,,,
,,,,,,
,,,,,,
,,,,,,
,,,,,,
,,,,,,
,,,,,,
,,,,,,
,,,,,,
,,,,,,
,,,,,,
,,,,,,
,,,,,,
,,,,,,
,,,,,,
,,,,,,
,,,,,,
,,,,,,
,,,,,,
,,,,,,
,,,,,,
,,,,,,
,,,,,,
,,,,,,
,,,,,,
,,,,,,
,,,,,,
,,,,,,
,,,,,,
,,,,,,
,,,,,,
,,,,,,
,,,,,,
,,,,,,
,,,,,,
,,,,,,
,,,,,,
,,,,,,
,,,,,,
,,,,,,
,,,,,,
,,,,,,
,,,,,,
,,,,,,
,,,,,,
,,,,,,
,,,,,,
,,,,,,
,,,,,,
,,,,,,
,,,,,,
,,,,,,
,,,,,,
,,,,,,
,,,,,,
,,,,,,
,,,,,,
,,,,,,
,,,,,,
,,,,,,
,,,,,,
,,,,,,
,,,,,,
,,,,,,
,,,,,,
,,,,,,
,,,,,,
,,,,,,
,,,,,,
,,,,,,
,,,,,,
,,,,,,
,,,,,,
,,,,,,
,,,,,,
,,,,,,
,,,,,,
,,,,,,
,,,,,,
,,,,,,
,,,,,,
,,,,,,
,,,,,,
,,,,,,
,,,,,,
,,,,,,
,,,,,,
,,,,,,
,,,,,,
,,,,,,
,,,,,,
,,,,,,
,,,,,,
,,,,,,
,,,,,,
,,,,,,
,,,,,,
,,,,,,
,,,,,,
,,,,,,
,,,,,,
,,,,,,
,,,,,,
,,,,,,
,,,,,,
,,,,,,
,,,,,,
,,,,,,
,,,,,,
,,,,,,
,,,,,,
,,,,,,
,,,,,,
,,,,,,
,,,,,,
,,,,,,
,,,,,,
,,,,,,
,,,,,,
,,,,,,
,,,,,,
,,,,,,
,,,,,,
,,,,,,
,,,,,,
,,,,,,
,,,,,,
,,,,,,
,,,,,,
,,,,,,
,,,,,,
,,,,,,
,,,,,,
,,,,,,
,,,,,,
,,,,,,
,,,,,,
,,,,,,
,,,,,,
,,,,,,
,,,,,,
,,,,,,
,,,,,,
,,,,,,
,,,,,,
,,,,,,
,,,,,,
,,,,,,
,,,,,,
,,,,,,
,,,,,,
,,,,,,
,,,,,,
,,,,,,
,,,,,,
,,,,,,
,,,,,,
,,,,,,
,,,,,,
,,,,,,
,,,,,,
,,,,,,
,,,,,,
,,,,,,
,,,,,,
,,,,,,
,,,,,,
,,,,,,
,,,,,,
,,,,,,
,,,,,,
,,,,,,
,,,,,,
,,,,,,
,,,,,,
,,,,,,
,,,,,,
,,,,,,
,,,,,,
,,,,,,
,,,,,,
,,,,,,
,,,,,,
,,,,,,
,,,,,,
,,,,,,
,,,,,,
,,,,,,
,,,,,,
,,,,,,
,,,,,,
,,,,,,
,,,,,,
,,,,,,
,,,,,,
,,,,,,
,,,,,,
,,,,,,
,,,,,,
,,,,,,
,,,,,,
,,,,,,
,,,,,,
,,,,,,
,,,,,,
,,,,,,
,,,,,,
,,,,,,
,,,,,,
,,,,,,
,,,,,,
,,,,,,
,,,,,,
,,,,,,
,,,,,,
,,,,,,
,,,,,,
,,,,,,
,,,,,,
,,,,,,
,,,,,,
,,,,,,
,,,,,,
,,,,,,
,,,,,,
,,,,,,
,,,,,,
,,,,,,
,,,,,,
,,,,,,
,,,,,,
,,,,,,
,,,,,,
,,,,,,
,,,,,,
,,,,,,
,,,,,,
,,,,,,
,,,,,,
,,,,,,
,,,,,,
,,,,,,
,,,,,,
,,,,,,
,,,,,,
,,,,,,
,,,,,,
,,,,,,
,,,,,,
,,,,,,
,,,,,,
,,,,,,
,,,,,,
,,,,,,
,,,,,,
,,,,,,
,,,,,,
,,,,,,
,,,,,,
,,,,,,
,,,,,,
,,,,,,
,,,,,,
,,,,,,
,,,,,,
,,,,,,
,,,,,,
,,,,,,
,,,,,,
,,,,,,
,,,,,,
,,,,,,
,,,,,,
,,,,,,
,,,,,,
,,,,,,
,,,,,,
,,,,,,
,,,,,,
,,,,,,
,,,,,,
,,,,,,
,,,,,,
,,,,,,
,,,,,,
,,,,,,
,,,,,,
,,,,,,
,,,,,,
,,,,,,
,,,,,,
,,,,,,
,,,,,,
,,,,,,
,,,,,,
,,,,,,
,,,,,,
,,,,,,
,,,,,,
,,,,,,
,,,,,,
,,,,,,
,,,,,,
,,,,,,
,,,,,,
,,,,,,
,,,,,,
,,,,,,
,,,,,,
,,,,,,
,,,,,,
,,,,,,
,,,,,,
,,,,,,
,,,,,,
,,,,,,
,,,,,,
,,,,,,
,,,,,,
,,,,,,
,,,,,,
,,,,,,
,,,,,,
,,,,,,
,,,,,,
,,,,,,
,,,,,,
,,,,,,
,,,,,,
,,,,,,
,,,,,,
,,,,,,
,,,,,,
,,,,,,
,,,,,,
,,,,,,
,,,,,,
,,,,,,
,,,,,,
,,,,,,
,,,,,,
,,,,,,
,,,,,,
,,,,,,
,,,,,,
,,,,,,
,,,,,,
,,,,,,
,,,,,,
,,,,,,
,,,,,,
,,,,,,
,,,,,,
,,,,,,
,,,,,,
,,,,,,
,,,,,,
,,,,,,
,,,,,,
,,,,,,
,,,,,,
,,,,,,
,,,,,,
,,,,,,
,,,,,,
,,,,,,
,,,,,,
,,,,,,
,,,,,,
,,,,,,
,,,,,,
,,,,,,
,,,,,,
,,,,,,
,,,,,,
,,,,,,
,,,,,,
,,,,,,
,,,,,,
,,,,,,
,,,,,,
,,,,,,
,,,,,,
,,,,,,
,,,,,,
,,,,,,
,,,,,,
,,,,,,
,,,,,,
,,,,,,
,,,,,,
,,,,,,
,,,,,,
,,,,,,
,,,,,,
,,,,,,
,,,,,,
,,,,,,
,,,,,,
,,,,,,
,,,,,,
,,,,,,
,,,,,,
,,,,,,
,,,,,,
,,,,,,
,,,,,,
,,,,,,
,,,,,,
,,,,,,
,,,,,,
,,,,,,
,,,,,,
,,,,,,
,,,,,,
,,,,,,
,,,,,,
,,,,,,
,,,,,,
,,,,,,
,,,,,,
,,,,,,
,,,,,,
,,,,,,
,,,,,,
,,,,,,
,,,,,,
,,,,,,
,,,,,,
,,,,,,
,,,,,,
,,,,,,
,,,,,,
,,,,,,
,,,,,,
,,,,,,
,,,,,,
,,,,,,
,,,,,,
,,,,,,
,,,,,,
,,,,,,
,,,,,,
,,,,,,
,,,,,,
,,,,,,
,,,,,,
,,,,,,
,,,,,,
,,,,,,
,,,,,,
,,,,,,
,,,,,,
,,,,,,
,,,,,,
,,,,,,
,,,,,,
,,,,,,
,,,,,,
,,,,,,
,,,,,,
,,,,,,
,,,,,,
,,,,,,
,,,,,,
,,,,,,
,,,,,,
,,,,,,
,,,,,,
,,,,,,
,,,,,,
,,,,,,
,,,,,,
,,,,,,
,,,,,,
,,,,,,
,,,,,,
,,,,,,
,,,,,,
,,,,,,
,,,,,,
,,,,,,
,,,,,,
,,,,,,
,,,,,,
,,,,,,
,,,,,,
,,,,,,
,,,,,,
,,,,,,
,,,,,,
,,,,,,
,,,,,,
,,,,,,
,,,,,,
,,,,,,
,,,,,,
,,,,,,
,,,,,,
,,,,,,
,,,,,,
,,,,,,
,,,,,,
,,,,,,
,,,,,,
,,,,,,
,,,,,,
,,,,,,
,,,,,,
,,,,,,
,,,,,,
,,,,,,
,,,,,,
,,,,,,
,,,,,,
,,,,,,
,,,,,,
,,,,,,
,,,,,,
,,,,,,
,,,,,,
,,,,,,
,,,,,,
,,,,,,
,,,,,,
,,,,,,
,,,,,,
,,,,,,
,,,,,,
,,,,,,
,,,,,,
,,,,,,
,,,,,,
,,,,,,
,,,,,,
,,,,,,
,,,,,,
,,,,,,
,,,,,,
,,,,,,
,,,,,,
,,,,,,
,,,,,,
,,,,,,
,,,,,,
,,,,,,
,,,,,,
,,,,,,
,,,,,,
,,,,,,
,,,,,,
,,,,,,
,,,,,,
,,,,,,
,,,,,,
,,,,,,
,,,,,,
,,,,,,
,,,,,,
,,,,,,
,,,,,,
,,,,,,
,,,,,,
,,,,,,
,,,,,,
,,,,,,
,,,,,,
,,,,,,
,,,,,,
,,,,,,
,,,,,,
,,,,,,
,,,,,,
,,,,,,
,,,,,,
,,,,,,
,,,,,,
,,,,,,
,,,,,,
,,,,,,
,,,,,,
,,,,,,
,,,,,,
,,,,,,
,,,,,,
,,,,,,
,,,,,,
,,,,,,
,,,,,,
,,,,,,
,,,,,,
,,,,,,
,,,,,,
,,,,,,
,,,,,,
,,,,,,
,,,,,,
,,,,,,
,,,,,,
,,,,,,
,,,,,,
,,,,,,
,,,,,,
,,,,,,
,,,,,,
,,,,,,
,,,,,,
,,,,,,
,,,,,,
,,,,,,
,,,,,,
,,,,,,
,,,,,,
,,,,,,
,,,,,,
,,,,,,
,,,,,,
,,,,,,
,,,,,,
,,,,,,
,,,,,,
,,,,,,
,,,,,,
,,,,,,
,,,,,,
,,,,,,
,,,,,,
,,,,,,
,,,,,,
,,,,,,
,,,,,,
,,,,,,
,,,,,,
,,,,,,
,,,,,,
,,,,,,
,,,,,,
,,,,,,
,,,,,,
,,,,,,
,,,,,,
,,,,,,
,,,,,,
,,,,,,
,,,,,,
,,,,,,
,,,,,,
,,,,,,
,,,,,,
,,,,,,
,,,,,,
,,,,,,
,,,,,,
,,,,,,
,,,,,,
,,,,,,
,,,,,,
,,,,,,
,,,,,,
,,,,,,
,,,,,,
,,,,,,
,,,,,,
,,,,,,
,,,,,,
,,,,,,
,,,,,,
,,,,,,
,,,,,,
,,,,,,
,,,,,,
,,,,,,
,,,,,,
,,,,,,
,,,,,,
,,,,,,
,,,,,,
,,,,,,
,,,,,,
,,,,,,
,,,,,,
,,,,,,
,,,,,,
,,,,,,
,,,,,,
,,,,,,
,,,,,,
,,,,,,
,,,,,,
,,,,,,
,,,,,,
,,,,,,
,,,,,,
,,,,,,
,,,,,,
,,,,,,
,,,,,,
,,,,,,
,,,,,,
,,,,,,
,,,,,,
,,,,,,
,,,,,,
,,,,,,
,,,,,,
,,,,,,
,,,,,,
,,,,,,
,,,,,,
,,,,,,
,,,,,,
,,,,,,
,,,,,,
,,,,,,
,,,,,,
,,,,,,
,,,,,,
,,,,,,
,,,,,,
,,,,,,
,,,,,,
,,,,,,
,,,,,,
,,,,,,
,,,,,,
,,,,,,
,,,,,,
,,,,,,
,,,,,,
,,,,,,
,,,,,,
,,,,,,
,,,,,,
,,,,,,
,,,,,,
,,,,,,
,,,,,,
,,,,,,
,,,,,,
,,,,,,
,,,,,,
,,,,,,
,,,,,,
,,,,,,
,,,,,,
,,,,,,
,,,,,,
,,,,,,
,,,,,,
,,,,,,
,,,,,,
,,,,,,
,,,,,,
,,,,,,
,,,,,,
,,,,,,
,,,,,,
,,,,,,
,,,,,,
,,,,,,
,,,,,,
,,,,,,
,,,,,,
,,,,,,
,,,,,,
,,,,,,
,,,,,,
,,,,,,
,,,,,,
,,,,,,
,,,,,,
,,,,,,
,,,,,,
,,,,,,
,,,,,,
,,,,,,
,,,,,,
,,,,,,
,,,,,,
,,,,,,
,,,,,,
,,,,,,
,,,,,,
,,,,,,
,,,,,,
,,,,,,
,,,,,,
,,,,,,
,,,,,,
,,,,,,
,,,,,,
,,,,,,
,,,,,,
,,,,,,
,,,,,,
,,,,,,
,,,,,,
,,,,,,
,,,,,,
,,,,,,
,,,,,,
,,,,,,
,,,,,,
,,,,,,
,,,,,,
,,,,,,
,,,,,,
,,,,,,
,,,,,,
,,,,,,
,,,,,,
,,,,,,
,,,,,,
,,,,,,
,,,,,,
,,,,,,
,,,,,,
,,,,,,
,,,,,,
,,,,,,
,,,,,,
,,,,,,
,,,,,,
,,,,,,
,,,,,,
,,,,,,
,,,,,,
,,,,,,
,,,,,,
,,,,,,
,,,,,,
,,,,,,
,,,,,,
,,,,,,
,,,,,,
,,,,,,
,,,,,,
,,,,,,
,,,,,,
,,,,,,
,,,,,,
,,,,,,
,,,,,,
,,,,,,
,,,,,,
,,,,,,
,,,,,,
,,,,,,
,,,,,,
,,,,,,
,,,,,,
,,,,,,
,,,,,,
,,,,,,
,,,,,,
,,,,,,
,,,,,,
,,,,,,
,,,,,,
,,,,,,
,,,,,,
,,,,,,
,,,,,,
,,,,,,
,,,,,,
,,,,,,
,,,,,,
,,,,,,
,,,,,,
,,,,,,
,,,,,,
,,,,,,
,,,,,,
,,,,,,
,,,,,,
,,,,,,
,,,,,,
,,,,,,
,,,,,,
,,,,,,
,,,,,,
,,,,,,
,,,,,,
,,,,,,
,,,,,,
,,,,,,
,,,,,,
,,,,,,
,,,,,,
,,,,,,
,,,,,,
,,,,,,
,,,,,,
,,,,,,
,,,,,,
,,,,,,
,,,,,,
,,,,,,
,,,,,,
,,,,,,
,,,,,,
,,,,,,
,,,,,,
,,,,,,
,,,,,,
,,,,,,
,,,,,,
,,,,,,
,,,,,,
,,,,,,
,,,,,,
,,,,,,
,,,,,,
,,,,,,
,,,,,,
,,,,,,
,,,,,,
,,,,,,
,,,,,,
,,,,,,
,,,,,,
,,,,,,
,,,,,,
,,,,,,
,,,,,,
,,,,,,
,,,,,,
,,,,,,
,,,,,,
,,,,,,
,,,,,,
,,,,,,
,,,,,,
,,,,,,
,,,,,,
,,,,,,
,,,,,,
,,,,,,
,,,,,,
,,,,,,
,,,,,,
,,,,,,
,,,,,,
,,,,,,
,,,,,,
,,,,,,
,,,,,,
,,,,,,
,,,,,,
,,,,,,
,,,,,,
,,,,,,
,,,,,,
,,,,,,
,,,,,,
,,,,,,
,,,,,,
,,,,,,
,,,,,,
,,,,,,
,,,,,,
,,,,,,
,,,,,,
,,,,,,
,,,,,,
,,,,,,
,,,,,,
,,,,,,
,,,,,,
,,,,,,
,,,,,,
,,,,,,
,,,,,,
,,,,,,
,,,,,,
,,,,,,
,,,,,,
,,,,,,
,,,,,,
,,,,,,
,,,,,,
,,,,,,
,,,,,,
,,,,,,
,,,,,,
,,,,,,
,,,,,,
,,,,,,
,,,,,,
,,,,,,
,,,,,,
,,,,,,
,,,,,,
,,,,,,
,,,,,,
,,,,,,
,,,,,,
,,,,,,
,,,,,,
,,,,,,
,,,,,,
,,,,,,
,,,,,,
,,,,,,
,,,,,,
,,,,,,
,,,,,,
,,,,,,
,,,,,,
,,,,,,
,,,,,,
,,,,,,
,,,,,,
,,,,,,
,,,,,,
,,,,,,
,,,,,,
,,,,,,
,,,,,,
,,,,,,
,,,,,,
,,,,,,
,,,,,,
,,,,,,
,,,,,,
,,,,,,
,,,,,,
,,,,,,
,,,,,,
,,,,,,
,,,,,,
,,,,,,
,,,,,,
,,,,,,
,,,,,,
,,,,,,
,,,,,,
,,,,,,
,,,,,,
,,,,,,
,,,,,,
,,,,,,
,,,,,,
,,,,,,
,,,,,,
,,,,,,
