Timestamp,Lux,Target,Effort,Foil_V,LED_Pct
45:14.7,504,500,5,1.4,0
45:14.8,505,500,5,1.3,0
45:14.9,504,500,5,1.4,0
45:15.1,505,500,5,1.3,0
45:15.3,505,500,5,1.3,0
45:15.5,504,500,5,1.4,0
45:15.7,505,500,5,1.3,0
45:15.9,505,500,5,1.3,0
45:16.1,504,500,5,1.4,0
45:16.3,504,500,5,1.4,0
45:16.5,503,500,5,1.4,0
45:16.7,503,500,5,1.4,0
45:16.9,503,500,5,1.4,0
45:17.1,502,500,5,1.4,0
45:17.3,502,500,5,1.4,0
45:17.5,502,500,5,1.4,0
45:17.7,502,500,5,1.4,0
45:17.9,502,500,5,1.4,0
45:18.1,502,500,5,1.4,0
45:18.3,502,500,5,1.4,0
45:18.5,502,500,5,1.4,0
45:18.7,502,500,5,1.4,0
45:18.9,502,500,5,1.4,0
45:19.1,502,500,5,1.4,0
45:19.3,502,500,5,1.4,0
45:19.5,502,500,5,1.4,0
45:19.7,502,500,5,1.4,0
45:19.9,502,500,5,1.4,0
45:20.1,503,500,5,1.4,0
45:20.3,503,500,5,1.4,0
45:20.5,503,500,5,1.4,0
45:20.7,503,500,5,1.4,0
45:20.9,503,500,5,1.4,0
45:21.1,503,500,5,1.4,0
45:21.3,503,500,5,1.4,0
45:21.5,503,500,5,1.4,0
45:21.7,503,500,5,1.4,0
45:21.9,503,500,5,1.4,0
45:22.1,503,500,5,1.4,0
45:22.3,503,500,5,1.4,0
45:22.5,503,500,5,1.4,0
45:22.7,503,500,5,1.4,0
45:22.9,504,500,5,1.4,0
45:23.1,504,500,5,1.4,0
45:23.3,504,500,5,1.4,0
45:23.5,504,500,5,1.4,0
45:23.7,504,500,5,1.4,0
45:23.9,504,500,5,1.4,0
45:24.1,504,500,5,1.4,0
45:24.3,505,500,5,1.3,0
45:24.5,505,500,5,1.3,0
45:24.7,505,500,5,1.3,0
45:24.9,505,500,5,1.3,0
45:25.1,505,500,5,1.3,0
45:25.3,505,500,5,1.3,0
45:25.5,505,500,5,1.3,0
45:25.7,505,500,5,1.3,0
45:25.9,505,500,5,1.3,0
45:26.1,505,500,5,1.2,0
45:26.3,505,500,5,1.2,0
45:26.5,504,500,5,1.3,0
45:26.7,503,500,5,1.3,0
45:26.9,504,500,5,1.3,0
45:27.1,504,500,5,1.3,0
45:27.3,504,500,5,1.3,0
45:27.5,505,500,5,1.2,0
45:27.7,504,500,5,1.3,0
45:27.9,504,500,5,1.3,0
45:28.1,504,500,5,1.3,0
45:28.3,505,500,5,1.2,0
45:28.5,504,500,5,1.3,0
45:28.7,505,500,5,1.2,0
45:28.9,504,500,5,1.3,0
45:29.1,504,500,5,1.3,0
45:29.3,504,500,5,1.3,0
45:29.5,505,500,5,1.2,0
45:29.7,504,500,5,1.3,0
45:29.9,505,500,5,1.2,0
45:30.1,504,500,5,1.3,0
45:30.3,504,500,5,1.3,0
45:30.5,505,500,5,1.2,0
45:30.7,505,500,5,1.2,0
45:30.9,504,500,5,1.3,0
45:31.1,504,500,5,1.3,0
45:31.3,504,500,5,1.3,0
45:31.5,505,500,5,1.2,0
45:31.7,504,500,5,1.3,0
45:31.9,503,500,5,1.3,0
45:32.1,505,500,5,1.2,0
45:32.3,504,500,5,1.2,0
45:32.5,503,500,5,1.2,0
45:32.7,503,500,5,1.2,0
45:32.9,503,500,5,1.2,0
45:33.1,503,500,5,1.2,0
45:33.3,503,500,5,1.2,0
45:33.5,503,500,5,1.2,0
45:33.7,503,500,5,1.2,0
45:33.9,503,500,5,1.2,0
45:34.1,503,500,5,1.2,0
45:34.3,503,500,5,1.2,0
45:34.5,503,500,5,1.2,0
45:34.7,503,500,5,1.2,0
45:34.9,503,500,5,1.2,0
45:35.1,503,500,5,1.2,0
45:35.3,503,500,5,1.2,0
45:35.5,503,500,5,1.2,0
45:35.7,503,500,5,1.2,0
45:35.9,504,500,5,1.2,0
45:36.1,504,500,5,1.2,0
45:36.3,504,500,5,1.2,0
45:36.5,504,500,5,1.2,0
45:36.7,504,500,5,1.2,0
45:36.9,504,500,5,1.2,0
45:37.1,504,500,5,1.2,0
45:37.3,505,500,5,1.2,0
45:37.5,504,500,5,1.2,0
45:37.7,503,500,5,1.2,0
45:37.9,504,500,5,1.2,0
45:38.1,504,500,5,1.2,0
45:38.3,504,500,5,1.2,0
45:38.5,504,500,5,1.2,0
45:38.7,505,500,5,1.2,0
45:38.9,504,500,5,1.2,0
45:39.1,504,500,5,1.2,0
45:39.3,505,500,5,1.2,0
45:39.5,504,500,5,1.2,0
45:39.7,504,500,5,1.2,0
45:39.9,505,500,5,1.2,0
45:40.1,504,500,5,1.2,0
45:40.3,504,500,5,1.2,0
45:40.5,505,500,5,1.2,0
45:40.7,504,500,5,1.2,0
45:40.9,505,500,5,1.2,0
45:41.1,504,500,5,1.2,0
45:41.3,505,500,5,1.1,0
45:41.5,504,500,5,1.2,0
45:41.7,504,500,5,1.2,0
45:41.9,504,500,5,1.2,0
45:42.1,505,500,4,1.1,0
45:42.3,505,500,4,1.1,0
45:42.5,504,500,4,1.2,0
45:42.7,503,500,4,1.2,0
45:42.9,503,500,4,1.2,0
45:43.1,502,500,4,1.2,0
45:43.3,502,500,4,1.2,0
45:43.5,502,500,4,1.2,0
45:43.7,501,500,4,1.2,0
45:43.9,501,500,4,1.2,0
45:44.1,501,500,4,1.2,0
45:44.3,501,500,4,1.2,0
45:44.5,501,500,4,1.2,0
45:44.7,501,500,4,1.2,0
45:44.9,501,500,4,1.2,0
45:45.1,501,500,4,1.2,0
45:45.3,501,500,4,1.2,0
45:45.5,501,500,4,1.2,0
45:45.7,501,500,4,1.2,0
45:45.9,501,500,4,1.2,0
45:46.1,501,500,4,1.2,0
45:46.3,501,500,4,1.2,0
45:46.5,501,500,4,1.2,0
45:46.7,501,500,4,1.2,0
45:46.9,501,500,4,1.2,0
45:47.1,501,500,4,1.2,0
45:47.3,501,500,4,1.2,0
45:47.5,502,500,4,1.2,0
45:47.7,502,500,4,1.2,0
45:47.9,502,500,4,1.2,0
45:48.1,502,500,4,1.2,0
45:48.3,502,500,4,1.2,0
45:48.5,502,500,4,1.2,0
45:48.7,502,500,4,1.2,0
45:48.9,503,500,4,1.2,0
45:49.1,503,500,4,1.2,0
45:49.3,503,500,4,1.2,0
45:49.5,503,500,4,1.2,0
45:49.6,503,500,4,1.2,0
45:49.8,503,500,4,1.2,0
45:50.1,503,500,4,1.2,0
45:50.3,503,500,4,1.2,0
45:50.5,503,500,4,1.2,0
45:50.7,503,500,4,1.2,0
45:50.9,504,500,4,1.2,0
45:51.1,504,500,4,1.2,0
45:51.2,504,500,4,1.2,0
45:51.4,504,500,4,1.2,0
45:51.6,504,500,4,1.2,0
45:51.8,504,500,4,1.2,0
45:52.0,505,500,4,1.1,0
45:52.2,505,500,4,1.1,0
45:52.4,505,500,4,1.1,0
45:52.6,505,500,4,1.1,0
45:52.8,505,500,4,1.1,0
45:53.0,505,500,4,1.1,0
45:53.2,506,500,4,1.1,0
45:53.4,506,500,4,1.1,0
45:53.6,506,500,4,1.1,0
45:53.8,506,500,4,1,0
45:54.0,506,500,4,1,0
45:54.2,506,500,4,1,0
45:54.4,507,500,4,1,0
45:54.6,507,500,4,1,0
45:54.8,507,500,4,1,0
45:55.0,506,500,4,1,0
45:55.2,504,500,4,1.1,0
45:55.4,504,500,4,1.1,0
45:55.6,504,500,4,1.1,0
45:55.8,504,500,4,1.1,0
45:56.0,505,500,4,1,0
45:56.2,505,500,4,1,0
45:56.4,504,500,4,1.1,0
45:56.6,504,500,4,1.1,0
45:56.8,504,500,4,1.1,0
45:57.0,505,500,4,1,0
45:57.2,505,500,4,1,0
45:57.4,504,500,4,1,0
45:57.6,503,500,4,1,0
45:57.8,504,500,4,1,0
45:58.0,505,500,4,1,0
45:58.2,506,500,4,1,0
45:58.4,505,500,4,1,0
45:58.6,504,500,4,1,0
45:58.8,503,500,4,1,0
45:59.0,505,500,4,1,0
45:59.2,504,500,4,1,0
45:59.4,504,500,4,1,0
45:59.6,505,500,4,0.9,0
45:59.8,505,500,4,0.9,0
46:00.0,504,500,4,1,0
46:00.2,505,500,4,0.9,0
46:00.4,505,500,4,0.9,0
46:00.6,504,500,4,1,0
46:00.8,503,500,4,1,0
46:01.0,503,500,4,1,0
46:01.2,502,500,4,1,0
46:01.4,502,500,4,1,0
46:01.6,501,500,4,1,0
46:01.8,501,500,4,1,0
46:02.0,501,500,4,1,0
46:02.2,501,500,4,1,0
46:02.4,501,500,4,1,0
46:02.6,501,500,4,1,0
46:02.8,501,500,4,1,0
46:03.0,501,500,4,1,0
46:03.2,501,500,4,1,0
46:03.4,500,500,4,1,0
46:03.6,501,500,4,1,0
46:03.8,501,500,4,1,0
46:04.0,501,500,4,1,0
46:04.2,501,500,4,1,0
46:04.4,501,500,4,1,0
46:04.6,501,500,4,1,0
46:04.8,501,500,4,1,0
46:05.0,501,500,4,1,0
46:05.2,501,500,4,1,0
46:05.4,502,500,4,1,0
46:05.6,502,500,4,1,0
46:05.8,502,500,4,1,0
46:06.0,502,500,4,1,0
46:06.2,502,500,4,1,0
46:06.4,502,500,4,1,0
46:06.6,502,500,4,1,0
46:06.8,503,500,4,1,0
46:07.0,503,500,4,1,0
46:07.2,503,500,4,1,0
46:07.4,503,500,4,1,0
46:07.6,504,500,4,1,0
46:07.8,504,500,4,1,0
46:08.0,504,500,4,1,0
46:08.2,505,500,4,0.9,0
46:08.4,505,500,4,0.9,0
46:08.6,505,500,4,0.9,0
46:08.8,506,500,4,0.9,0
46:09.0,506,500,4,0.9,0
46:09.2,506,500,3,0.9,0
46:09.4,507,500,3,0.9,0
46:09.6,507,500,3,0.8,0
46:09.8,507,500,3,0.8,0
46:10.0,507,500,3,0.8,0
46:10.2,507,500,3,0.8,0
46:10.4,507,500,3,0.8,0
46:10.6,508,500,3,0.8,0
46:10.8,508,500,3,0.8,0
46:11.0,508,500,3,0.8,0
46:11.2,508,500,3,0.8,0
46:11.4,508,500,3,0.8,0
46:11.6,508,500,3,0.7,0
46:11.8,508,500,3,0.7,0
46:12.0,508,500,3,0.7,0
46:12.2,508,500,3,0.7,0
46:12.4,508,500,3,0.7,0
46:12.6,508,500,3,0.7,0
46:12.8,508,500,3,0.7,0
46:13.0,508,500,3,0.7,0
46:13.2,508,500,3,0.7,0
46:13.4,508,500,3,0.7,0
46:13.6,508,500,3,0.6,0
46:13.8,508,500,3,0.6,0
46:14.0,508,500,2,0.6,0
46:14.2,508,500,2,0.6,0
46:14.4,508,500,2,0.6,0
46:14.6,509,500,2,0.6,0
46:14.8,509,500,2,0.6,0
46:15.0,509,500,2,0.6,0
46:15.2,509,500,2,0.5,0
46:15.4,509,500,2,0.5,0
46:15.6,509,500,2,0.5,0
46:15.8,509,500,2,0.5,0
46:16.0,510,500,2,0.5,0
46:16.2,510,500,2,0.5,0
46:16.4,510,500,2,0.5,0
46:16.6,510,500,2,0.4,0
46:16.8,510,500,2,0.4,0
46:17.0,510,500,2,0.4,0
46:17.2,511,500,2,0.4,0
46:17.4,511,500,2,0.4,0
46:17.6,511,500,2,0.4,0
46:17.8,511,500,2,0.4,0
46:18.0,511,500,1,0.3,0
46:18.2,511,500,1,0.3,0
46:18.4,511,500,1,0.3,0
46:18.6,512,500,1,0.3,0
46:18.8,512,500,1,0.3,0
46:19.0,512,500,1,0.3,0
46:19.2,512,500,1,0.2,0
46:19.4,512,500,1,0.2,0
46:19.6,512,500,1,0.2,0
46:19.8,512,500,1,0.2,0
46:20.0,512,500,1,0.2,0
46:20.2,512,500,1,0.2,0
46:20.4,513,500,1,0.1,0
46:20.6,513,500,1,0.1,0
46:20.8,513,500,1,0.1,0
46:21.0,513,500,1,0.1,0
46:21.2,513,500,0,0.1,0
46:21.4,514,500,0,0,0
46:21.6,514,500,0,0,0
46:21.8,514,500,0,0,0
46:22.0,514,500,0,0,0
46:22.2,514,500,0,0,0
46:22.4,514,500,0,0,0
46:22.6,514,500,0,0,0
46:22.8,515,500,0,0,0
46:23.0,515,500,0,0,0
46:23.2,515,500,0,0,0
46:23.4,515,500,0,0,0
46:23.6,515,500,0,0,0
46:23.8,515,500,0,0,0
46:24.0,516,500,0,0,0
46:24.2,516,500,0,0,0
46:24.4,516,500,0,0,0
46:24.6,516,500,0,0,0
46:24.8,516,500,0,0,0
46:25.0,516,500,0,0,0
46:25.2,517,500,0,0,0
46:25.4,517,500,0,0,0
46:25.6,517,500,0,0,0
46:25.8,517,500,0,0,0
46:26.0,517,500,0,0,0
46:26.1,517,500,0,0,0
46:26.3,517,500,0,0,0
46:26.5,518,500,0,0,0
46:26.7,518,500,0,0,0
46:26.9,518,500,0,0,0
46:27.1,518,500,0,0,0
46:27.3,518,500,0,0,0
46:27.6,519,500,0,0,0
46:27.8,519,500,0,0,0
46:27.9,519,500,0,0,0
46:28.1,519,500,0,0,0
46:28.3,519,500,0,0,0
46:28.5,519,500,0,0,0
46:28.7,520,500,0,0,0
46:28.9,520,500,0,0,0
46:29.1,520,500,0,0,0
46:29.3,520,500,0,0,0
46:29.5,520,500,0,0,0
46:29.7,521,500,0,0,0
46:29.9,521,500,0,0,0
46:30.1,521,500,0,0,0
46:30.3,521,500,0,0,0
46:30.5,521,500,0,0,0
46:30.7,521,500,0,0,0
46:30.9,521,500,0,0,0
46:31.1,522,500,0,0,0
46:31.3,522,500,0,0,0
46:31.5,522,500,0,0,0
46:31.7,522,500,0,0,0
46:31.9,522,500,0,0,0
46:32.1,523,500,0,0,0
46:32.3,523,500,0,0,0
46:32.5,523,500,0,0,0
46:32.7,523,500,0,0,0
46:32.9,523,500,0,0,0
46:33.1,523,500,0,0,0
46:33.3,524,500,0,0,0
46:33.5,524,500,0,0,0
46:33.7,524,500,0,0,0
46:33.9,524,500,0,0,0
46:34.1,524,500,0,0,0
46:34.3,525,500,0,0,0
46:34.5,525,500,0,0,0
46:34.7,525,500,0,0,0
46:34.9,525,500,0,0,0
46:35.1,525,500,0,0,0
46:35.3,525,500,0,0,0
46:35.5,526,500,0,0,0
46:35.7,526,500,0,0,0
46:35.9,526,500,0,0,0
46:36.1,526,500,0,0,0
46:36.3,526,500,0,0,0
46:36.5,526,500,0,0,0
46:36.7,526,500,0,0,0
46:36.9,527,500,0,0,0
46:37.1,527,500,0,0,0
46:37.3,527,500,0,0,0
46:37.5,527,500,0,0,0
46:37.7,527,500,0,0,0
46:37.9,527,500,0,0,0
46:38.1,528,500,0,0,0
46:38.3,528,500,0,0,0
46:38.5,528,500,0,0,0
46:38.7,528,500,0,0,0
46:38.9,528,500,0,0,0
46:39.1,528,500,0,0,0
46:39.3,529,500,0,0,0
46:39.5,529,500,0,0,0
46:39.7,529,500,0,0,0
46:39.9,529,500,0,0,0
46:40.1,529,500,0,0,0
46:40.3,530,500,0,0,0
46:40.5,530,500,0,0,0
46:40.7,530,500,0,0,0
46:40.9,530,500,0,0,0
46:41.1,530,500,0,0,0
46:41.3,530,500,0,0,0
46:41.5,531,500,0,0,0
46:41.7,531,500,0,0,0
46:41.9,531,500,0,0,0
46:42.1,531,500,0,0,0
46:42.3,531,500,0,0,0
46:42.5,531,500,0,0,0
46:42.7,532,500,0,0,0
46:42.9,532,500,0,0,0
46:43.1,532,500,0,0,0
46:43.3,532,500,0,0,0
46:43.5,532,500,0,0,0
46:43.7,532,500,0,0,0
46:43.9,533,500,0,0,0
46:44.1,533,500,0,0,0
46:44.3,533,500,0,0,0
46:44.5,533,500,0,0,0
46:44.7,533,500,0,0,0
46:44.9,533,500,0,0,0
46:45.1,533,500,0,0,0
46:45.3,533,500,0,0,0
46:45.5,534,500,0,0,0
46:45.7,534,500,0,0,0
46:45.9,534,500,0,0,0
46:46.1,534,500,0,0,0
46:46.3,534,500,0,0,0
46:46.5,535,500,0,0,0
46:46.7,535,500,0,0,0
46:46.9,535,500,0,0,0
46:47.1,535,500,0,0,0
46:47.3,535,500,0,0,0
46:47.5,535,500,0,0,0
46:47.7,535,500,0,0,0
46:47.9,536,500,0,0,0
46:48.1,536,500,0,0,0
46:48.3,536,500,0,0,0
46:48.5,536,500,0,0,0
46:48.7,536,500,0,0,0
46:48.9,536,500,0,0,0
46:49.1,537,500,0,0,0
46:49.3,537,500,0,0,0
46:49.5,537,500,0,0,0
46:49.7,537,500,0,0,0
46:49.9,537,500,0,0,0
46:50.1,537,500,0,0,0
46:50.3,537,500,0,0,0
46:50.5,538,500,0,0,0
46:50.7,538,500,0,0,0
46:50.9,538,500,0,0,0
46:51.1,538,500,0,0,0
46:51.3,538,500,0,0,0
46:51.5,539,500,0,0,0
46:51.7,539,500,0,0,0
46:51.9,539,500,0,0,0
46:52.1,539,500,0,0,0
46:52.3,539,500,0,0,0
46:52.5,540,500,0,0,0
46:52.7,540,500,0,0,0
46:52.9,540,500,0,0,0
46:53.1,540,500,0,0,0
46:53.3,540,500,0,0,0
46:53.5,540,500,0,0,0
46:53.7,540,500,0,0,0
46:53.9,541,500,0,0,0
46:54.1,541,500,0,0,0
46:54.3,541,500,0,0,0
46:54.5,541,500,0,0,0
46:54.7,541,500,0,0,0
46:54.9,541,500,0,0,0
46:55.1,542,500,0,0,0
46:55.3,542,500,0,0,0
46:55.5,542,500,0,0,0
46:55.7,542,500,0,0,0
46:55.9,542,500,0,0,0
46:56.1,542,500,0,0,0
46:56.3,543,500,0,0,0
46:56.5,543,500,0,0,0
46:56.7,543,500,0,0,0
46:56.9,543,500,0,0,0
46:57.1,543,500,0,0,0
46:57.3,543,500,0,0,0
46:57.5,544,500,0,0,0
46:57.7,544,500,0,0,0
46:57.9,544,500,0,0,0
46:58.1,544,500,0,0,0
46:58.3,544,500,0,0,0
46:58.5,544,500,0,0,0
46:58.7,545,500,0,0,0
46:58.9,545,500,0,0,0
46:59.1,545,500,0,0,0
46:59.3,545,500,0,0,0
46:59.5,545,500,0,0,0
46:59.7,545,500,0,0,0
46:59.9,546,500,0,0,0
47:00.1,546,500,0,0,0
47:00.3,546,500,0,0,0
47:00.5,546,500,0,0,0
47:00.7,546,500,0,0,0
47:00.9,546,500,0,0,0
47:01.1,546,500,0,0,0
47:01.3,547,500,0,0,0
47:01.5,547,500,0,0,0
47:01.7,547,500,0,0,0
47:01.9,547,500,0,0,0
47:02.1,547,500,0,0,0
47:02.3,547,500,0,0,0
47:02.5,547,500,0,0,0
47:02.7,548,500,0,0,0
47:02.9,548,500,0,0,0
47:03.1,548,500,0,0,0
47:03.3,548,500,0,0,0
47:03.5,548,500,0,0,0
47:03.7,548,500,0,0,0
47:03.9,548,500,0,0,0
47:04.1,549,500,0,0,0
47:04.3,549,500,0,0,0
47:04.5,549,500,0,0,0
47:04.6,549,500,0,0,0
47:04.8,549,500,0,0,0
47:05.1,550,500,0,0,0
47:05.3,550,500,0,0,0
47:05.4,550,500,0,0,0
47:05.6,550,500,0,0,0
47:05.8,550,500,0,0,0
47:06.0,550,500,0,0,0
47:06.2,550,500,0,0,0
47:06.4,550,500,0,0,0
47:06.6,551,500,0,0,0
47:06.9,551,500,0,0,0
47:07.0,551,500,0,0,0
47:07.2,551,500,0,0,0
47:07.4,551,500,0,0,0
47:07.6,551,500,0,0,0
47:07.8,551,500,0,0,0
47:08.0,552,500,0,0,0
47:08.2,552,500,0,0,0
47:08.4,552,500,0,0,0
47:08.6,552,500,0,0,0
47:08.8,552,500,0,0,0
47:09.0,552,500,0,0,0
47:09.2,552,500,0,0,0
47:09.4,552,500,0,0,0
47:09.6,553,500,0,0,0
47:09.8,553,500,0,0,0
47:10.0,553,500,0,0,0
47:10.2,553,500,0,0,0
47:10.4,553,500,0,0,0
47:10.6,553,500,0,0,0
47:10.8,554,500,0,0,0
47:11.0,554,500,0,0,0
47:11.2,554,500,0,0,0
47:11.4,554,500,0,0,0
47:11.6,554,500,0,0,0
47:11.8,554,500,0,0,0
47:12.0,555,500,0,0,0
47:12.2,555,500,0,0,0
47:12.4,555,500,0,0,0
47:12.6,555,500,0,0,0
47:12.8,555,500,0,0,0
47:13.0,555,500,0,0,0
47:13.2,555,500,0,0,0
47:13.4,555,500,0,0,0
47:13.6,555,500,0,0,0
47:13.8,555,500,0,0,0
47:14.0,554,500,0,0,0
47:14.2,554,500,0,0,0
47:14.4,554,500,0,0,0
47:14.6,554,500,0,0,0
47:14.8,554,500,0,0,0
47:15.0,554,500,0,0,0
47:15.2,555,500,0,0,0
47:15.4,555,500,0,0,0
47:15.6,555,500,0,0,0
47:15.8,556,500,0,0,0
47:16.0,556,500,0,0,0
47:16.2,556,500,0,0,0
47:16.4,556,500,0,0,0
47:16.6,557,500,0,0,0
47:16.8,557,500,0,0,0
47:17.0,557,500,0,0,0
47:17.2,557,500,0,0,0
47:17.4,557,500,0,0,0
47:17.6,558,500,0,0,0
47:17.8,558,500,0,0,0
47:18.0,558,500,0,0,0
47:18.2,559,500,0,0,0
47:18.4,559,500,0,0,0
47:18.6,559,500,0,0,0
47:18.8,559,500,0,0,0
47:19.0,560,500,0,0,0
47:19.2,560,500,0,0,0
47:19.4,560,500,0,0,0
47:19.6,560,500,0,0,0
47:19.8,560,500,0,0,0
47:20.0,560,500,0,0,0
47:20.2,561,500,0,0,0
47:20.4,561,500,0,0,0
47:20.6,561,500,0,0,0
47:20.8,562,500,0,0,0
47:21.0,562,500,0,0,0
47:21.2,562,500,0,0,0
47:21.4,562,500,0,0,0
47:21.6,562,500,0,0,0
47:21.8,562,500,0,0,0
47:22.0,563,500,0,0,0
47:22.2,563,500,0,0,0
47:22.4,563,500,0,0,0
47:22.6,563,500,0,0,0
47:22.8,563,500,0,0,0
47:23.0,563,500,0,0,0
47:23.2,563,500,0,0,0
47:23.4,563,500,0,0,0
47:23.6,564,500,0,0,0
47:23.8,564,500,0,0,0
47:24.0,564,500,0,0,0
47:24.2,564,500,0,0,0
47:24.4,565,500,0,0,0
47:24.6,565,500,0,0,0
47:24.8,565,500,0,0,0
47:25.0,565,500,0,0,0
47:25.2,565,500,0,0,0
47:25.4,565,500,0,0,0
47:25.6,565,500,0,0,0
47:25.8,566,500,0,0,0
47:26.0,566,500,0,0,0
47:26.2,566,500,0,0,0
47:26.4,566,500,0,0,0
47:26.6,566,500,0,0,0
47:26.8,566,500,0,0,0
47:27.0,566,500,0,0,0
47:27.2,566,500,0,0,0
47:27.4,566,500,0,0,0
47:27.6,566,500,0,0,0
47:27.8,566,500,0,0,0
47:28.0,566,500,0,0,0
47:28.2,566,500,0,0,0
47:28.4,566,500,0,0,0
47:28.6,566,500,0,0,0
47:28.8,566,500,0,0,0
47:29.0,566,500,0,0,0
47:29.2,566,500,0,0,0
47:29.4,566,500,0,0,0
47:29.6,566,500,0,0,0
47:29.8,566,500,0,0,0
47:30.0,566,500,0,0,0
47:30.2,566,500,0,0,0
47:30.4,567,500,0,0,0
47:30.6,567,500,0,0,0
47:30.8,567,500,0,0,0
47:31.0,567,500,0,0,0
47:31.2,567,500,0,0,0
47:31.4,568,500,0,0,0
47:31.6,568,500,0,0,0
47:31.8,568,500,0,0,0
47:32.0,568,500,0,0,0
47:32.2,569,500,0,0,0
47:32.4,569,500,0,0,0
47:32.6,569,500,0,0,0
47:32.8,569,500,0,0,0
47:33.0,570,500,0,0,0
47:33.2,570,500,0,0,0
47:33.4,570,500,0,0,0
47:33.6,570,500,0,0,0
47:33.8,570,500,0,0,0
47:34.0,570,500,0,0,0
47:34.2,571,500,0,0,0
47:34.4,571,500,0,0,0
47:34.6,571,500,0,0,0
47:34.8,571,500,0,0,0
47:35.0,571,500,0,0,0
47:35.2,571,500,0,0,0
47:35.4,570,500,0,0,0
47:35.6,570,500,0,0,0
47:35.8,570,500,0,0,0
47:36.0,569,500,0,0,0
47:36.2,569,500,0,0,0
47:36.4,569,500,0,0,0
47:36.6,569,500,0,0,0
47:36.8,570,500,0,0,0
47:37.0,570,500,0,0,0
47:37.2,570,500,0,0,0
47:37.4,571,500,0,0,0
47:37.6,571,500,0,0,0
47:37.8,571,500,0,0,0
47:38.0,572,500,0,0,0
47:38.2,572,500,0,0,0
47:38.4,572,500,0,0,0
47:38.6,572,500,0,0,0
47:38.8,572,500,0,0,0
47:39.0,572,500,0,0,0
47:39.2,573,500,0,0,0
47:39.4,573,500,0,0,0
47:39.6,573,500,0,0,0
47:39.8,573,500,0,0,0
47:40.0,573,500,0,0,0
47:40.2,573,500,0,0,0
47:40.4,574,500,0,0,0
47:40.6,574,500,0,0,0
47:40.8,574,500,0,0,0
47:41.0,574,500,0,0,0
47:41.2,574,500,0,0,0
47:41.4,575,500,0,0,0
47:41.6,575,500,0,0,0
47:41.8,575,500,0,0,0
47:42.0,575,500,0,0,0
47:42.2,575,500,0,0,0
47:42.4,575,500,0,0,0
47:42.6,575,500,0,0,0
47:42.8,575,500,0,0,0
47:43.0,575,500,0,0,0
47:43.1,575,500,0,0,0
47:43.3,575,500,0,0,0
47:43.5,575,500,0,0,0
47:43.8,575,500,0,0,0
47:44.0,575,500,0,0,0
47:44.2,575,500,0,0,0
47:44.4,575,500,0,0,0
47:44.6,575,500,0,0,0
47:44.7,575,500,0,0,0
47:44.9,575,500,0,0,0
47:45.1,575,500,0,0,0
47:45.3,575,500,0,0,0
47:45.5,574,500,0,0,0
47:45.7,574,500,0,0,0
47:45.9,574,500,0,0,0
47:46.1,574,500,0,0,0
47:46.3,574,500,0,0,0
47:46.5,574,500,0,0,0
47:46.7,574,500,0,0,0
47:46.9,574,500,0,0,0
47:47.1,574,500,0,0,0
47:47.3,574,500,0,0,0
47:47.5,574,500,0,0,0
47:47.7,574,500,0,0,0
47:47.9,574,500,0,0,0
47:48.1,574,500,0,0,0
47:48.3,574,500,0,0,0
47:48.5,574,500,0,0,0
47:48.7,574,500,0,0,0
47:48.9,574,500,0,0,0
47:49.1,574,500,0,0,0
47:49.3,574,500,0,0,0
47:49.5,574,500,0,0,0
47:49.7,574,500,0,0,0
47:49.9,574,500,0,0,0
47:50.1,574,500,0,0,0
47:50.3,574,500,0,0,0
47:50.5,574,500,0,0,0
47:50.7,574,500,0,0,0
47:50.9,574,500,0,0,0
47:51.1,574,500,0,0,0
47:51.3,574,500,0,0,0
47:51.5,574,500,0,0,0
47:51.7,574,500,0,0,0
47:51.9,574,500,0,0,0
47:52.1,574,500,0,0,0
47:52.3,574,500,0,0,0
47:52.5,573,500,0,0,0
47:52.7,573,500,0,0,0
47:52.9,573,500,0,0,0
47:53.1,573,500,0,0,0
47:53.3,573,500,0,0,0
47:53.5,573,500,0,0,0
47:53.7,573,500,0,0,0
47:53.9,573,500,0,0,0
47:54.1,573,500,0,0,0
47:54.3,572,500,0,0,0
47:54.5,572,500,0,0,0
47:54.7,572,500,0,0,0
47:54.9,572,500,0,0,0
47:55.1,572,500,0,0,0
47:55.3,572,500,0,0,0
47:55.5,572,500,0,0,0
47:55.7,572,500,0,0,0
47:55.9,572,500,0,0,0
47:56.1,572,500,0,0,0
47:56.3,572,500,0,0,0
47:56.5,572,500,0,0,0
47:56.7,572,500,0,0,0
47:56.9,572,500,0,0,0
47:57.1,572,500,0,0,0
47:57.3,572,500,0,0,0
47:57.5,572,500,0,0,0
47:57.7,572,500,0,0,0
47:57.9,572,500,0,0,0
47:58.1,572,500,0,0,0
47:58.3,572,500,0,0,0
47:58.5,572,500,0,0,0
47:58.7,572,500,0,0,0
47:58.9,572,500,0,0,0
47:59.1,572,500,0,0,0
47:59.3,571,500,0,0,0
47:59.5,571,500,0,0,0
47:59.7,571,500,0,0,0
47:59.9,571,500,0,0,0
48:00.1,571,500,0,0,0
48:00.3,571,500,0,0,0
48:00.5,571,500,0,0,0
48:00.7,571,500,0,0,0
48:00.9,571,500,0,0,0
48:01.1,571,500,0,0,0
48:01.3,571,500,0,0,0
48:01.5,571,500,0,0,0
48:01.7,571,500,0,0,0
48:01.9,571,500,0,0,0
48:02.1,571,500,0,0,0
48:02.3,571,500,0,0,0
48:02.5,570,500,0,0,0
48:02.7,570,500,0,0,0
48:02.9,570,500,0,0,0
48:03.1,570,500,0,0,0
48:03.3,570,500,0,0,0
48:03.5,570,500,0,0,0
48:03.7,570,500,0,0,0
48:03.9,570,500,0,0,0
48:04.1,570,500,0,0,0
48:04.3,570,500,0,0,0
48:04.5,570,500,0,0,0
48:04.7,570,500,0,0,0
48:04.9,570,500,0,0,0
48:05.1,570,500,0,0,0
48:05.3,570,500,0,0,0
48:05.5,570,500,0,0,0
48:05.7,570,500,0,0,0
48:05.9,570,500,0,0,0
48:06.1,570,500,0,0,0
48:06.3,570,500,0,0,0
48:06.5,570,500,0,0,0
48:06.7,570,500,0,0,0
48:06.9,570,500,0,0,0
48:07.1,570,500,0,0,0
48:07.3,570,500,0,0,0
48:07.5,570,500,0,0,0
48:07.7,569,500,0,0,0
48:07.9,569,500,0,0,0
48:08.1,569,500,0,0,0
48:08.3,569,500,0,0,0
48:08.5,569,500,0,0,0
48:08.7,569,500,0,0,0
48:08.9,569,500,0,0,0
48:09.1,569,500,0,0,0
48:09.3,569,500,0,0,0
48:09.5,569,500,0,0,0
48:09.7,569,500,0,0,0
48:09.9,569,500,0,0,0
48:10.1,569,500,0,0,0
48:10.3,569,500,0,0,0
48:10.5,569,500,0,0,0
48:10.7,569,500,0,0,0
48:10.9,568,500,0,0,0
48:11.1,568,500,0,0,0
48:11.3,568,500,0,0,0
48:11.5,568,500,0,0,0
48:11.7,568,500,0,0,0
48:11.9,568,500,0,0,0
48:12.1,568,500,0,0,0
48:12.3,568,500,0,0,0
48:12.5,568,500,0,0,0
48:12.7,568,500,0,0,0
48:12.9,568,500,0,0,0
48:13.1,568,500,0,0,0
48:13.3,568,500,0,0,0
48:13.5,568,500,0,0,0
48:13.7,568,500,0,0,0
48:13.9,567,500,0,0,0
48:14.1,567,500,0,0,0
48:14.3,567,500,0,0,0
48:14.5,567,500,0,0,0
48:14.7,567,500,0,0,0
48:14.9,567,500,0,0,0
48:15.1,567,500,0,0,0
48:15.3,567,500,0,0,0
48:15.5,567,500,0,0,0
48:15.7,567,500,0,0,0
48:15.9,567,500,0,0,0
48:16.1,567,500,0,0,0
48:16.3,567,500,0,0,0
48:16.5,567,500,0,0,0
48:16.7,567,500,0,0,0
48:16.9,567,500,0,0,0
48:17.1,567,500,0,0,0
48:17.3,567,500,0,0,0
48:17.5,566,500,0,0,0
48:17.7,566,500,0,0,0
48:17.9,566,500,0,0,0
48:18.1,566,500,0,0,0
48:18.3,566,500,0,0,0
48:18.5,566,500,0,0,0
48:18.7,566,500,0,0,0
48:18.9,566,500,0,0,0
48:19.1,566,500,0,0,0
48:19.3,566,500,0,0,0
48:19.5,566,500,0,0,0
48:19.7,566,500,0,0,0
48:19.9,566,500,0,0,0
48:20.1,566,500,0,0,0
48:20.3,566,500,0,0,0
48:20.5,566,500,0,0,0
48:20.7,566,500,0,0,0
48:20.9,566,500,0,0,0
48:21.1,566,500,0,0,0
48:21.3,565,500,0,0,0
48:21.5,565,500,0,0,0
48:21.7,565,500,0,0,0
48:21.9,565,500,0,0,0
48:22.1,565,500,0,0,0
48:22.3,565,500,0,0,0
48:22.5,565,500,0,0,0
48:22.7,565,500,0,0,0
48:22.8,565,500,0,0,0
48:23.1,565,500,0,0,0
48:23.2,565,500,0,0,0
48:23.4,565,500,0,0,0
48:23.6,565,500,0,0,0
48:23.9,565,500,0,0,0
48:24.1,565,500,0,0,0
48:24.3,565,500,0,0,0
48:24.5,565,500,0,0,0
48:24.7,564,500,0,0,0
48:24.8,564,500,0,0,0
48:25.0,564,500,0,0,0
48:25.2,564,500,0,0,0
48:25.4,564,500,0,0,0
48:25.6,564,500,0,0,0
48:25.9,564,500,0,0,0
48:26.1,564,500,0,0,0
48:26.3,564,500,0,0,0
48:26.4,564,500,0,0,0
48:26.7,564,500,0,0,0
48:26.8,564,500,0,0,0
48:27.0,564,500,0,0,0
48:27.2,564,500,0,0,0
48:27.4,563,500,0,0,0
48:27.6,563,500,0,0,0
48:27.8,563,500,0,0,0
48:28.0,563,500,0,0,0
48:28.2,563,500,0,0,0
48:28.4,563,500,0,0,0
48:28.6,563,500,0,0,0
48:28.8,563,500,0,0,0
48:29.0,563,500,0,0,0
48:29.2,563,500,0,0,0
48:29.4,563,500,0,0,0
48:29.6,563,500,0,0,0
48:29.8,563,500,0,0,0
48:30.0,563,500,0,0,0
48:30.2,562,500,0,0,0
48:30.4,562,500,0,0,0
48:30.6,562,500,0,0,0
48:30.8,562,500,0,0,0
48:31.0,562,500,0,0,0
48:31.2,562,500,0,0,0
48:31.4,562,500,0,0,0
48:31.6,562,500,0,0,0
48:31.8,562,500,0,0,0
48:32.0,562,500,0,0,0
48:32.2,562,500,0,0,0
48:32.4,562,500,0,0,0
48:32.6,562,500,0,0,0
48:32.8,561,500,0,0,0
48:33.0,561,500,0,0,0
48:33.2,561,500,0,0,0
48:33.4,561,500,0,0,0
48:33.6,561,500,0,0,0
48:33.8,561,500,0,0,0
48:34.0,561,500,0,0,0
48:34.2,561,500,0,0,0
48:34.4,561,500,0,0,0
48:34.6,561,500,0,0,0
48:34.8,561,500,0,0,0
48:35.0,561,500,0,0,0
48:35.2,561,500,0,0,0
48:35.4,561,500,0,0,0
48:35.6,560,500,0,0,0
48:35.8,560,500,0,0,0
48:36.0,560,500,0,0,0
48:36.2,560,500,0,0,0
48:36.4,560,500,0,0,0
48:36.6,560,500,0,0,0
48:36.8,560,500,0,0,0
48:37.0,560,500,0,0,0
48:37.2,560,500,0,0,0
48:37.4,560,500,0,0,0
48:37.6,560,500,0,0,0
48:37.8,560,500,0,0,0
48:38.0,560,500,0,0,0
48:38.2,560,500,0,0,0
48:38.4,560,500,0,0,0
48:38.6,560,500,0,0,0
48:38.8,559,500,0,0,0
48:39.0,559,500,0,0,0
48:39.2,559,500,0,0,0
48:39.4,559,500,0,0,0
48:39.6,559,500,0,0,0
48:39.8,559,500,0,0,0
48:40.0,559,500,0,0,0
48:40.2,559,500,0,0,0
48:40.4,559,500,0,0,0
48:40.6,559,500,0,0,0
48:40.8,559,500,0,0,0
48:41.0,559,500,0,0,0
48:41.2,559,500,0,0,0
48:41.4,558,500,0,0,0
48:41.6,558,500,0,0,0
48:41.8,558,500,0,0,0
48:42.0,558,500,0,0,0
48:42.2,558,500,0,0,0
48:42.4,558,500,0,0,0
48:42.6,558,500,0,0,0
48:42.8,558,500,0,0,0
48:43.0,558,500,0,0,0
48:43.2,558,500,0,0,0
48:43.4,558,500,0,0,0
48:43.6,558,500,0,0,0
48:43.8,558,500,0,0,0
48:44.0,557,500,0,0,0
48:44.2,557,500,0,0,0
48:44.4,557,500,0,0,0
48:44.6,557,500,0,0,0
48:44.8,557,500,0,0,0
48:45.0,557,500,0,0,0
48:45.2,557,500,0,0,0
48:45.4,557,500,0,0,0
48:45.6,557,500,0,0,0
48:45.8,557,500,0,0,0
48:46.0,557,500,0,0,0
48:46.2,557,500,0,0,0
48:46.4,557,500,0,0,0
48:46.6,557,500,0,0,0
48:46.8,557,500,0,0,0
48:47.0,556,500,0,0,0
48:47.2,556,500,0,0,0
48:47.4,556,500,0,0,0
48:47.6,556,500,0,0,0
48:47.8,556,500,0,0,0
48:48.0,556,500,0,0,0
48:48.2,556,500,0,0,0
48:48.4,556,500,0,0,0
48:48.6,556,500,0,0,0
48:48.8,556,500,0,0,0
48:49.0,556,500,0,0,0
48:49.2,556,500,0,0,0
48:49.4,556,500,0,0,0
48:49.6,555,500,0,0,0
48:49.8,555,500,0,0,0
48:50.0,555,500,0,0,0
48:50.2,555,500,0,0,0
48:50.4,555,500,0,0,0
48:50.6,555,500,0,0,0
48:50.8,555,500,0,0,0
48:51.0,555,500,0,0,0
48:51.2,555,500,0,0,0
48:51.4,555,500,0,0,0
48:51.6,555,500,0,0,0
48:51.8,555,500,0,0,0
48:52.0,555,500,0,0,0
48:52.2,555,500,0,0,0
48:52.4,555,500,0,0,0
48:52.6,555,500,0,0,0
48:52.8,555,500,0,0,0
48:53.0,555,500,0,0,0
48:53.2,555,500,0,0,0
48:53.4,554,500,0,0,0
48:53.6,554,500,0,0,0
48:53.8,554,500,0,0,0
48:54.0,554,500,0,0,0
48:54.2,554,500,0,0,0
48:54.4,554,500,0,0,0
48:54.6,554,500,0,0,0
48:54.8,554,500,0,0,0
48:55.0,554,500,0,0,0
48:55.2,554,500,0,0,0
48:55.4,554,500,0,0,0
48:55.6,554,500,0,0,0
48:55.8,554,500,0,0,0
48:56.0,554,500,0,0,0
48:56.2,554,500,0,0,0
48:56.4,554,500,0,0,0
48:56.6,553,500,0,0,0
48:56.8,553,500,0,0,0
48:57.0,553,500,0,0,0
48:57.2,553,500,0,0,0
48:57.4,553,500,0,0,0
48:57.6,553,500,0,0,0
48:57.8,553,500,0,0,0
48:58.0,553,500,0,0,0
48:58.2,553,500,0,0,0
48:58.4,553,500,0,0,0
48:58.6,553,500,0,0,0
48:58.8,553,500,0,0,0
48:59.0,553,500,0,0,0
48:59.2,552,500,0,0,0
48:59.4,552,500,0,0,0
48:59.6,552,500,0,0,0
48:59.8,552,500,0,0,0
49:00.0,552,500,0,0,0
49:00.2,552,500,0,0,0
49:00.4,552,500,0,0,0
49:00.6,552,500,0,0,0
49:00.8,552,500,0,0,0
49:01.0,552,500,0,0,0
49:01.2,552,500,0,0,0
49:01.4,552,500,0,0,0
49:01.6,552,500,0,0,0
49:01.8,552,500,0,0,0
49:02.0,551,500,0,0,0
49:02.2,551,500,0,0,0
49:02.3,551,500,0,0,0
49:02.6,551,500,0,0,0
49:02.8,551,500,0,0,0
49:03.0,551,500,0,0,0
49:03.2,551,500,0,0,0
49:03.4,551,500,0,0,0
49:03.5,551,500,0,0,0
49:03.7,551,500,0,0,0
49:03.9,551,500,0,0,0
49:04.1,551,500,0,0,0
49:04.4,551,500,0,0,0
49:04.6,551,500,0,0,0
49:04.8,551,500,0,0,0
49:04.9,551,500,0,0,0
49:05.1,550,500,0,0,0
49:05.3,550,500,0,0,0
49:05.5,550,500,0,0,0
49:05.7,550,500,0,0,0
49:05.9,550,500,0,0,0
49:06.1,550,500,0,0,0
49:06.3,550,500,0,0,0
49:06.5,550,500,0,0,0
49:06.7,550,500,0,0,0
49:06.9,550,500,0,0,0
49:07.1,550,500,0,0,0
49:07.3,550,500,0,0,0
49:07.5,550,500,0,0,0
49:07.7,550,500,0,0,0
49:07.9,550,500,0,0,0
49:08.1,549,500,0,0,0
49:08.3,549,500,0,0,0
49:08.5,549,500,0,0,0
49:08.7,549,500,0,0,0
49:08.9,549,500,0,0,0
49:09.1,549,500,0,0,0
49:09.3,549,500,0,0,0
49:09.5,549,500,0,0,0
49:09.7,549,500,0,0,0
49:09.9,549,500,0,0,0
49:10.1,549,500,0,0,0
49:10.3,548,500,0,0,0
49:10.5,548,500,0,0,0
49:10.7,548,500,0,0,0
49:10.9,548,500,0,0,0
49:11.1,548,500,0,0,0
49:11.3,548,500,0,0,0
49:11.5,548,500,0,0,0
49:11.7,548,500,0,0,0
49:11.9,548,500,0,0,0
49:12.1,548,500,0,0,0
49:12.3,548,500,0,0,0
49:12.5,548,500,0,0,0
49:12.7,547,500,0,0,0
49:12.9,547,500,0,0,0
49:13.1,547,500,0,0,0
49:13.3,547,500,0,0,0
49:13.5,547,500,0,0,0
49:13.7,547,500,0,0,0
49:13.9,547,500,0,0,0
49:14.1,547,500,0,0,0
49:14.3,547,500,0,0,0
49:14.5,547,500,0,0,0
49:14.7,547,500,0,0,0
49:14.9,547,500,0,0,0
49:15.1,546,500,0,0,0
49:15.3,546,500,0,0,0
49:15.5,546,500,0,0,0
49:15.7,546,500,0,0,0
49:15.9,546,500,0,0,0
49:16.1,546,500,0,0,0
49:16.3,546,500,0,0,0
49:16.5,546,500,0,0,0
49:16.7,546,500,0,0,0
49:16.9,546,500,0,0,0
49:17.1,546,500,0,0,0
49:17.3,545,500,0,0,0
49:17.5,545,500,0,0,0
49:17.7,545,500,0,0,0
49:17.9,545,500,0,0,0
49:18.1,545,500,0,0,0
49:18.3,545,500,0,0,0
49:18.5,545,500,0,0,0
49:18.7,545,500,0,0,0
49:18.9,545,500,0,0,0
49:19.1,545,500,0,0,0
49:19.3,544,500,0,0,0
49:19.5,544,500,0,0,0
49:19.7,544,500,0,0,0
49:19.9,544,500,0,0,0
49:20.1,544,500,0,0,0
49:20.3,544,500,0,0,0
49:20.5,544,500,0,0,0
49:20.7,544,500,0,0,0
49:20.9,544,500,0,0,0
49:21.1,543,500,0,0,0
49:21.3,543,500,0,0,0
49:21.5,543,500,0,0,0
49:21.7,543,500,0,0,0
49:21.9,543,500,0,0,0
49:22.1,543,500,0,0,0
49:22.3,543,500,0,0,0
49:22.5,543,500,0,0,0
49:22.7,542,500,0,0,0
49:22.9,542,500,0,0,0
49:23.1,542,500,0,0,0
49:23.3,542,500,0,0,0
49:23.5,542,500,0,0,0
49:23.7,542,500,0,0,0
49:23.9,542,500,0,0,0
49:24.1,542,500,0,0,0
49:24.3,541,500,0,0,0
49:24.5,541,500,0,0,0
49:24.7,541,500,0,0,0
49:24.9,541,500,0,0,0
49:25.1,541,500,0,0,0
49:25.3,541,500,0,0,0
49:25.5,541,500,0,0,0
49:25.7,541,500,0,0,0
49:25.9,541,500,0,0,0
49:26.1,540,500,0,0,0
49:26.3,540,500,0,0,0
49:26.5,540,500,0,0,0
49:26.7,540,500,0,0,0
49:26.9,540,500,0,0,0
49:27.1,540,500,0,0,0
49:27.3,540,500,0,0,0
49:27.5,540,500,0,0,0
49:27.7,539,500,0,0,0
49:27.9,539,500,0,0,0
49:28.1,539,500,0,0,0
49:28.3,539,500,0,0,0
49:28.5,539,500,0,0,0
49:28.7,539,500,0,0,0
49:28.9,539,500,0,0,0
49:29.1,538,500,0,0,0
49:29.3,538,500,0,0,0
49:29.5,538,500,0,0,0
49:29.7,538,500,0,0,0
49:29.9,538,500,0,0,0
49:30.1,538,500,0,0,0
49:30.3,538,500,0,0,0
49:30.5,538,500,0,0,0
49:30.7,538,500,0,0,0
49:30.9,538,500,0,0,0
49:31.1,537,500,0,0,0
49:31.3,537,500,0,0,0
49:31.5,537,500,0,0,0
49:31.7,537,500,0,0,0
49:31.9,537,500,0,0,0
49:32.1,537,500,0,0,0
49:32.3,537,500,0,0,0
49:32.5,537,500,0,0,0
49:32.7,537,500,0,0,0
49:32.9,536,500,0,0,0
49:33.1,536,500,0,0,0
49:33.3,536,500,0,0,0
49:33.5,536,500,0,0,0
49:33.7,536,500,0,0,0
49:33.9,536,500,0,0,0
49:34.1,536,500,0,0,0
49:34.3,536,500,0,0,0
49:34.5,536,500,0,0,0
49:34.7,536,500,0,0,0
49:34.9,536,500,0,0,0
49:35.1,536,500,0,0,0
49:35.3,536,500,0,0,0
49:35.5,536,500,0,0,0
49:35.7,536,500,0,0,0
49:35.9,536,500,0,0,0
49:36.1,536,500,0,0,0
49:36.3,536,500,0,0,0
49:36.5,536,500,0,0,0
49:36.7,536,500,0,0,0
49:36.9,536,500,0,0,0
49:37.1,536,500,0,0,0
49:37.3,536,500,0,0,0
49:37.5,536,500,0,0,0
49:37.7,536,500,0,0,0
49:37.9,536,500,0,0,0
49:38.1,536,500,0,0,0
49:38.3,536,500,0,0,0
49:38.5,536,500,0,0,0
49:38.7,535,500,0,0,0
49:38.9,535,500,0,0,0
49:39.1,535,500,0,0,0
49:39.3,535,500,0,0,0
49:39.5,535,500,0,0,0
49:39.7,535,500,0,0,0
49:39.9,535,500,0,0,0
49:40.1,535,500,0,0,0
49:40.3,535,500,0,0,0
49:40.5,535,500,0,0,0
49:40.7,535,500,0,0,0
49:40.9,535,500,0,0,0
49:41.1,535,500,0,0,0
49:41.3,535,500,0,0,0
49:41.5,535,500,0,0,0
49:41.7,535,500,0,0,0
49:41.9,535,500,0,0,0
49:42.1,535,500,0,0,0
49:42.2,536,500,0,0,0
49:42.4,536,500,0,0,0
49:42.6,536,500,0,0,0
49:42.8,536,500,0,0,0
49:43.0,536,500,0,0,0
49:43.3,537,500,0,0,0
49:43.5,537,500,0,0,0
49:43.7,537,500,0,0,0
49:43.8,538,500,0,0,0
49:44.0,538,500,0,0,0
49:44.2,538,500,0,0,0
49:44.4,539,500,0,0,0
49:44.6,539,500,0,0,0
49:44.8,539,500,0,0,0
49:45.0,539,500,0,0,0
49:45.2,539,500,0,0,0
49:45.4,539,500,0,0,0
49:45.6,539,500,0,0,0
49:45.8,539,500,0,0,0
49:46.0,539,500,0,0,0
49:46.2,539,500,0,0,0
49:46.4,539,500,0,0,0
49:46.6,539,500,0,0,0
49:46.8,538,500,0,0,0
49:47.0,538,500,0,0,0
49:47.2,538,500,0,0,0
49:47.4,537,500,0,0,0
49:47.6,537,500,0,0,0
49:47.8,536,500,0,0,0
49:48.0,536,500,0,0,0
49:48.2,535,500,0,0,0
49:48.4,535,500,0,0,0
49:48.6,534,500,0,0,0
49:48.8,534,500,0,0,0
49:49.0,534,500,0,0,0
49:49.2,534,500,0,0,0
49:49.4,533,500,0,0,0
49:49.6,533,500,0,0,0
49:49.8,533,500,0,0,0
49:50.0,533,500,0,0,0
49:50.2,533,500,0,0,0
49:50.4,533,500,0,0,0
49:50.6,533,500,0,0,0
49:50.8,533,500,0,0,0
49:51.0,533,500,0,0,0
49:51.2,533,500,0,0,0
49:51.4,533,500,0,0,0
49:51.6,533,500,0,0,0
49:51.8,533,500,0,0,0
49:52.0,533,500,0,0,0
49:52.2,533,500,0,0,0
49:52.4,533,500,0,0,0
49:52.6,533,500,0,0,0
49:52.8,534,500,0,0,0
49:53.0,534,500,0,0,0
49:53.2,534,500,0,0,0
49:53.4,534,500,0,0,0
49:53.6,533,500,0,0,0
49:53.8,533,500,0,0,0
49:54.0,533,500,0,0,0
49:54.2,533,500,0,0,0
49:54.4,533,500,0,0,0
49:54.6,534,500,0,0,0
49:54.8,534,500,0,0,0
49:55.0,534,500,0,0,0
49:55.2,534,500,0,0,0
49:55.4,535,500,0,0,0
49:55.6,535,500,0,0,0
49:55.8,535,500,0,0,0
49:56.0,535,500,0,0,0
49:56.2,536,500,0,0,0
49:56.4,536,500,0,0,0
49:56.6,536,500,0,0,0
49:56.8,536,500,0,0,0
49:57.0,536,500,0,0,0
49:57.2,537,500,0,0,0
49:57.4,537,500,0,0,0
49:57.6,537,500,0,0,0
49:57.8,537,500,0,0,0
49:58.0,537,500,0,0,0
49:58.2,537,500,0,0,0
49:58.4,537,500,0,0,0
49:58.6,537,500,0,0,0
49:58.8,537,500,0,0,0
49:59.0,537,500,0,0,0
49:59.2,537,500,0,0,0
49:59.4,537,500,0,0,0
49:59.6,537,500,0,0,0
49:59.8,537,500,0,0,0
50:00.0,537,500,0,0,0
50:00.2,537,500,0,0,0
50:00.4,537,500,0,0,0
50:00.6,537,500,0,0,0
50:00.8,537,500,0,0,0
50:01.0,538,500,0,0,0
50:01.2,538,500,0,0,0
50:01.4,537,500,0,0,0
50:01.6,537,500,0,0,0
50:01.8,537,500,0,0,0
50:02.0,537,500,0,0,0
50:02.2,537,500,0,0,0
50:02.4,537,500,0,0,0
50:02.6,537,500,0,0,0
50:02.8,537,500,0,0,0
50:03.0,537,500,0,0,0
50:03.2,537,500,0,0,0
50:03.4,537,500,0,0,0
50:03.6,537,500,0,0,0
50:03.8,537,500,0,0,0
50:04.0,537,500,0,0,0
50:04.2,536,500,0,0,0
50:04.4,536,500,0,0,0
50:04.6,536,500,0,0,0
50:04.8,536,500,0,0,0
50:05.0,536,500,0,0,0
50:05.2,536,500,0,0,0
50:05.4,536,500,0,0,0
50:05.6,536,500,0,0,0
50:05.8,536,500,0,0,0
50:06.0,536,500,0,0,0
50:06.2,536,500,0,0,0
50:06.4,535,500,0,0,0
50:06.6,535,500,0,0,0
50:06.8,535,500,0,0,0
50:07.0,535,500,0,0,0
50:07.2,535,500,0,0,0
50:07.4,535,500,0,0,0
50:07.6,535,500,0,0,0
50:07.8,535,500,0,0,0
50:08.0,534,500,0,0,0
50:08.2,534,500,0,0,0
50:08.4,534,500,0,0,0
50:08.6,534,500,0,0,0
50:08.8,534,500,0,0,0
50:09.0,534,500,0,0,0
50:09.2,534,500,0,0,0
50:09.4,533,500,0,0,0
50:09.6,533,500,0,0,0
50:09.8,533,500,0,0,0
50:10.0,533,500,0,0,0
50:10.2,533,500,0,0,0
50:10.4,533,500,0,0,0
50:10.6,533,500,0,0,0
50:10.8,533,500,0,0,0
50:11.0,533,500,0,0,0
50:11.2,533,500,0,0,0
50:11.4,533,500,0,0,0
50:11.6,533,500,0,0,0
50:11.8,533,500,0,0,0
50:12.0,533,500,0,0,0
50:12.2,532,500,0,0,0
50:12.4,532,500,0,0,0
50:12.6,532,500,0,0,0
50:12.8,532,500,0,0,0
50:13.0,532,500,0,0,0
50:13.2,532,500,0,0,0
50:13.4,532,500,0,0,0
50:13.6,532,500,0,0,0
50:13.8,532,500,0,0,0
50:14.0,531,500,0,0,0
50:14.2,531,500,0,0,0
50:14.4,531,500,0,0,0
50:14.6,531,500,0,0,0
50:14.8,531,500,0,0,0
50:15.0,531,500,0,0,0
50:15.2,531,500,0,0,0
50:15.4,531,500,0,0,0
50:15.6,530,500,0,0,0
50:15.8,530,500,0,0,0
50:16.0,530,500,0,0,0
50:16.2,530,500,0,0,0
50:16.4,530,500,0,0,0
50:16.6,530,500,0,0,0
50:16.8,530,500,0,0,0
50:17.0,529,500,0,0,0
50:17.2,529,500,0,0,0
50:17.4,529,500,0,0,0
50:17.6,529,500,0,0,0
50:17.8,529,500,0,0,0
50:18.0,529,500,0,0,0
50:18.2,528,500,0,0,0
50:18.4,528,500,0,0,0
50:18.6,528,500,0,0,0
50:18.8,527,500,0,0,0
50:19.0,527,500,0,0,0
50:19.2,527,500,0,0,0
50:19.4,526,500,0,0,0
50:19.6,526,500,0,0,0
50:19.8,526,500,0,0,0
50:20.0,525,500,0,0,0
50:20.2,525,500,0,0,0
50:20.4,524,500,0,0,0
50:20.6,524,500,0,0,0
50:20.8,524,500,0,0,0
50:21.0,524,500,0,0,0
50:21.2,523,500,0,0,0
50:21.4,523,500,0,0,0
50:21.6,523,500,0,0,0
50:21.7,523,500,0,0,0
50:21.9,523,500,0,0,0
50:22.1,523,500,0,0,0
50:22.3,523,500,0,0,0
50:22.5,523,500,0,0,0
50:22.7,523,500,0,0,0
50:22.9,523,500,0,0,0
50:23.1,523,500,0,0,0
50:23.3,523,500,0,0,0
50:23.5,523,500,0,0,0
50:23.7,523,500,0,0,0
50:23.9,523,500,0,0,0
50:24.1,523,500,0,0,0
50:24.3,523,500,0,0,0
50:24.5,523,500,0,0,0
50:24.7,523,500,0,0,0
50:24.9,523,500,0,0,0
50:25.1,523,500,0,0,0
50:25.3,524,500,0,0,0
50:25.5,524,500,0,0,0
50:25.7,524,500,0,0,0
50:25.9,524,500,0,0,0
50:26.1,524,500,0,0,0
50:26.3,524,500,0,0,0
50:26.5,524,500,0,0,0
50:26.7,524,500,0,0,0
50:26.9,523,500,0,0,0
50:27.1,523,500,0,0,0
50:27.3,523,500,0,0,0
50:27.5,523,500,0,0,0
50:27.7,523,500,0,0,0
50:27.9,523,500,0,0,0
50:28.1,523,500,0,0,0
50:28.3,523,500,0,0,0
50:28.5,523,500,0,0,0
50:28.7,523,500,0,0,0
50:28.9,523,500,0,0,0
50:29.1,523,500,0,0,0
50:29.3,523,500,0,0,0
50:29.5,523,500,0,0,0
50:29.7,523,500,0,0,0
50:29.9,523,500,0,0,0
50:30.1,523,500,0,0,0
50:30.3,523,500,0,0,0
50:30.5,523,500,0,0,0
50:30.7,523,500,0,0,0
50:30.9,523,500,0,0,0
50:31.1,523,500,0,0,0
50:31.3,524,500,0,0,0
50:31.5,524,500,0,0,0
50:31.7,524,500,0,0,0
50:31.9,524,500,0,0,0
50:32.1,524,500,0,0,0
50:32.3,524,500,0,0,0
50:32.5,524,500,0,0,0
50:32.7,524,500,0,0,0
50:32.9,524,500,0,0,0
50:33.1,524,500,0,0,0
50:33.3,524,500,0,0,0
50:33.5,524,500,0,0,0
50:33.7,524,500,0,0,0
50:33.9,524,500,0,0,0
50:34.1,524,500,0,0,0
50:34.3,524,500,0,0,0
50:34.5,524,500,0,0,0
50:34.7,523,500,0,0,0
50:34.9,524,500,0,0,0
50:35.1,523,500,0,0,0
50:35.3,523,500,0,0,0
50:35.5,523,500,0,0,0
50:35.7,523,500,0,0,0
50:35.9,523,500,0,0,0
50:36.1,523,500,0,0,0
50:36.3,523,500,0,0,0
50:36.5,523,500,0,0,0
50:36.7,523,500,0,0,0
50:36.9,523,500,0,0,0
50:37.1,523,500,0,0,0
50:37.3,523,500,0,0,0
50:37.5,523,500,0,0,0
50:37.7,523,500,0,0,0
50:37.9,523,500,0,0,0
50:38.1,523,500,0,0,0
50:38.3,523,500,0,0,0
50:38.5,522,500,0,0,0
50:38.7,522,500,0,0,0
50:38.9,522,500,0,0,0
50:39.1,522,500,0,0,0
50:39.3,522,500,0,0,0
50:39.5,522,500,0,0,0
50:39.7,522,500,0,0,0
50:39.9,522,500,0,0,0
50:40.1,522,500,0,0,0
50:40.3,522,500,0,0,0
50:40.5,522,500,0,0,0
50:40.7,522,500,0,0,0
50:40.9,522,500,0,0,0
50:41.1,521,500,0,0,0
50:41.3,521,500,0,0,0
50:41.5,521,500,0,0,0
50:41.7,521,500,0,0,0
50:41.9,521,500,0,0,0
50:42.1,521,500,0,0,0
50:42.3,521,500,0,0,0
50:42.5,521,500,0,0,0
50:42.7,521,500,0,0,0
50:42.9,521,500,0,0,0
50:43.1,521,500,0,0,0
50:43.3,521,500,0,0,0
50:43.5,521,500,0,0,0
50:43.7,521,500,0,0,0
50:43.9,520,500,0,0,0
50:44.1,520,500,0,0,0
50:44.3,520,500,0,0,0
50:44.5,520,500,0,0,0
50:44.7,520,500,0,0,0
50:44.9,520,500,0,0,0
50:45.1,520,500,0,0,0
50:45.3,520,500,0,0,0
50:45.5,520,500,0,0,0
50:45.7,520,500,0,0,0
50:45.9,520,500,0,0,0
50:46.1,520,500,0,0,0
50:46.3,520,500,0,0,0
50:46.5,519,500,0,0,0
50:46.7,519,500,0,0,0
50:46.9,519,500,0,0,0
50:47.1,519,500,0,0,0
50:47.3,519,500,0,0,0
50:47.5,519,500,0,0,0
50:47.7,519,500,0,0,0
50:47.9,519,500,0,0,0
50:48.1,519,500,0,0,0
50:48.3,519,500,0,0,0
50:48.5,519,500,0,0,0
50:48.7,518,500,0,0,0
50:48.9,518,500,0,0,0
50:49.1,518,500,0,0,0
50:49.3,518,500,0,0,0
50:49.5,518,500,0,0,0
50:49.7,518,500,0,0,0
50:49.9,518,500,0,0,0
50:50.1,518,500,0,0,0
50:50.3,518,500,0,0,0
50:50.5,518,500,0,0,0
50:50.7,517,500,0,0,0
50:50.9,517,500,0,0,0
50:51.1,517,500,0,0,0
50:51.3,517,500,0,0,0
50:51.5,517,500,0,0,0
50:51.7,517,500,0,0,0
50:51.9,517,500,0,0,0
50:52.1,517,500,0,0,0
50:52.3,517,500,0,0,0
50:52.5,517,500,0,0,0
50:52.7,517,500,0,0,0
50:52.9,516,500,0,0,0
50:53.1,516,500,0,0,0
50:53.3,516,500,0,0,0
50:53.5,516,500,0,0,0
50:53.7,516,500,0,0,0
50:53.9,516,500,0,0,0
50:54.1,516,500,0,0,0
50:54.3,516,500,0,0,0
50:54.5,516,500,0,0,0
50:54.7,516,500,0,0,0
50:54.9,516,500,0,0,0
50:55.3,516,500,0,0,0
50:55.4,515,500,0,0,0
50:55.5,515,500,0,0,0
50:55.7,515,500,0,0,0
50:55.9,515,500,0,0,0
50:56.1,515,500,0,0,0
50:56.3,515,500,0,0,0
50:56.5,515,500,0,0,0
50:56.7,515,500,0,0,0
50:56.9,515,500,0,0,0
50:57.1,515,500,0,0,0
50:57.3,515,500,0,0,0
50:57.5,514,500,0,0,0
50:57.7,514,500,0,0,0
50:57.9,514,500,0,0,0
50:58.1,514,500,0,0,0
50:58.3,514,500,0,0,0
50:58.5,514,500,0,0,0
50:58.7,514,500,0,0,0
50:58.9,514,500,0,0,0
50:59.1,514,500,0,0,0
50:59.3,513,500,0,0,0
50:59.5,513,500,0,0,0
50:59.7,513,500,0,0,0
50:59.9,513,500,0,0,0
51:00.1,513,500,0,0,0
51:00.3,513,500,0,0,0
51:00.5,513,500,0,0,0
51:00.7,513,500,0,0,0
51:00.9,513,500,0,0,0
51:01.1,513,500,0,0,0
51:01.3,513,500,0,0,0
51:01.5,513,500,0,0,0
51:01.7,512,500,0,0,0
51:01.9,512,500,0,0,0
51:02.1,512,500,0,0,0
51:02.3,512,500,0,0,0
51:02.5,512,500,0,0,0
51:02.7,512,500,0,0,0
51:02.9,512,500,0,0,0
51:03.1,512,500,0,0,0
51:03.2,512,500,0,0,0
51:03.4,512,500,0,0,0
51:03.6,512,500,0,0,0
51:03.8,511,500,0,0,0
51:04.0,511,500,0,0,0
51:04.3,511,500,0,0,0
51:04.5,511,500,0,0,0
51:04.6,511,500,0,0,0
51:04.8,511,500,0,0,0
51:05.0,511,500,0,0,0
51:05.2,511,500,0,0,0
51:05.4,511,500,0,0,0
51:05.6,511,500,0,0,0
51:05.8,511,500,0,0,0
51:06.0,510,500,0,0,0
51:06.2,510,500,0,0,0
51:06.4,510,500,0,0,0
51:06.6,510,500,0,0,0
51:06.8,510,500,0,0,0
51:07.0,510,500,0,0,0
51:07.2,510,500,0,0,0
51:07.4,510,500,0,0,0
51:07.6,510,500,0,0,0
51:07.8,510,500,0,0,0
51:08.0,509,500,0,0,0
51:08.2,509,500,0,0,0
51:08.4,509,500,0,0,0
51:08.6,509,500,0,0,0
51:08.8,509,500,0,0,0
51:09.0,509,500,0,0,0
51:09.2,509,500,0,0,0
51:09.4,509,500,0,0,0
51:09.6,509,500,0,0,0
51:09.8,509,500,0,0,0
51:10.0,509,500,0,0,0
51:10.2,508,500,0,0,0
51:10.4,508,500,0,0,0
51:10.6,508,500,0,0,0
51:10.8,508,500,0,0,0
51:11.0,508,500,0,0,0
51:11.2,508,500,0,0,0
51:11.4,508,500,0,0,0
51:11.6,508,500,0,0,0
51:11.8,508,500,0,0,0
51:12.0,508,500,0,0,0
51:12.2,507,500,0,0,0
51:12.4,507,500,0,0,0
51:12.6,507,500,0,0,0
51:12.8,507,500,0,0,0
51:13.0,507,500,0,0,0
51:13.2,507,500,0,0,0
51:13.4,507,500,0,0,0
51:13.6,507,500,0,0,0
51:13.8,507,500,0,0,0
51:14.0,507,500,0,0,0
51:14.2,507,500,0,0,0
51:14.4,506,500,0,0,0
51:14.6,506,500,0,0,0
51:14.8,506,500,0,0,0
51:15.0,506,500,0,0,0
51:15.2,506,500,0,0,0
51:15.4,506,500,0,0,0
51:15.6,506,500,0,0,0
51:15.8,506,500,0,0,0
51:16.0,506,500,0,0,0
51:16.2,506,500,0,0,0
51:16.4,506,500,0,0,0
51:16.6,506,500,0,0,0
51:16.8,506,500,0,0,0
51:17.0,505,500,0,0,0
51:17.2,505,500,0,0,0
51:17.4,505,500,0,0,0
51:17.6,505,500,0,0,0
51:17.8,505,500,0,0,0
51:18.0,505,500,0,0,0
51:18.2,505,500,0,0,0
51:18.4,505,500,0,0,0
51:18.6,505,500,0,0,0
51:18.8,505,500,0,0,0
51:19.0,505,500,0,0,0
51:19.2,505,500,0,0,0
51:19.4,504,500,0,0,0
51:19.6,504,500,0,0,0
51:19.8,504,500,0,0,0
51:20.0,504,500,0,0,0
51:20.2,504,500,0,0,0
51:20.4,504,500,0,0,0
51:20.6,504,500,0,0,0
51:20.8,504,500,0,0,0
51:21.0,504,500,0,0,0
51:21.2,504,500,0,0,0
51:21.4,503,500,0,0,0
51:21.6,503,500,0,0,0
51:21.8,503,500,0,0,0
51:22.0,503,500,0,0,0
51:22.2,503,500,0,0,0
51:22.4,503,500,0,0,0
51:22.6,503,500,0,0,0
51:22.8,503,500,0,0,0
51:23.0,502,500,0,0,0
51:23.2,502,500,0,0,0
51:23.4,502,500,0,0,0
51:23.6,502,500,0,0,0
51:23.8,502,500,0,0,0
51:24.0,502,500,0,0,0
51:24.2,502,500,0,0,0
51:24.4,501,500,0,0,0
51:24.6,501,500,0,0,0
51:24.8,501,500,0,0,0
51:25.0,501,500,0,0,0
51:25.2,501,500,0,0,0
51:25.4,501,500,0,0,0
51:25.6,500,500,0,0,0
51:25.8,500,500,0,0,0
51:26.0,500,500,0,0,0
51:26.2,500,500,0,0,0
51:26.4,500,500,0,0,0
51:26.6,500,500,0,0,0
51:26.8,499,500,0,0,0
51:27.0,499,500,0,0,0
51:27.2,499,500,0,0,0
51:27.4,499,500,0,0,0
51:27.6,499,500,0,0,0
51:27.8,499,500,0,0,0
51:28.0,499,500,0,0,0
51:28.2,498,500,0,0,0
51:28.4,498,500,0,0,0
51:28.6,498,500,0,0,0
51:28.8,498,500,0,0,0
51:29.0,498,500,0,0,0
51:29.2,498,500,0,0,0
51:29.4,497,500,0,0,0
51:29.6,497,500,0,0,0
51:29.8,497,500,0,0,0
51:30.0,497,500,0,0,0
51:30.2,497,500,0,0,0
51:30.4,497,500,0,0,0
51:30.6,496,500,0,0,0
51:30.8,496,500,0,0,0
51:31.0,496,500,0,0,0
51:31.2,496,500,0,0,0
51:31.4,496,500,0,0,0
51:31.6,496,500,0,0,0
51:31.8,495,500,0,0,0
51:32.0,495,500,0,0,0
51:32.2,495,500,0,0,0
51:32.4,495,500,0,0,0
51:32.6,495,500,0,0,0
51:32.8,495,500,0,0,0
51:33.0,495,500,0,0,0
51:33.2,495,500,0,0,0
51:33.4,495,500,0,0,0
51:33.6,494,500,0,0.1,0
51:33.8,494,500,0,0.1,0
51:34.0,494,500,0,0.1,0
51:34.2,494,500,0,0.1,0
51:34.4,494,500,0,0.1,0
51:34.6,494,500,0,0.1,0
51:34.8,494,500,0,0.1,0
51:35.0,494,500,0,0.1,0
51:35.2,493,500,0,0.1,0
51:35.4,493,500,0,0.1,0
51:35.6,493,500,0,0.2,0
51:35.8,493,500,0,0.2,0
51:36.0,492,500,0,0.2,0
51:36.2,492,500,0,0.2,0
51:36.4,492,500,0,0.2,0
51:36.6,492,500,0,0.2,0
51:36.8,491,500,0,0.2,0
51:37.0,491,500,0,0.2,0
51:37.2,490,500,0,0.3,0
51:37.4,490,500,0,0.3,0
51:37.6,490,500,0,0.3,0
51:37.8,489,500,0,0.3,0
51:38.0,489,500,0,0.3,0
51:38.2,488,500,0,0.3,0
51:38.4,488,500,0,0.4,0
51:38.6,488,500,1,0.4,0
51:38.8,487,500,1,0.4,0
51:39.0,487,500,1,0.4,0
51:39.2,487,500,1,0.4,0
51:39.4,486,500,1,0.5,0
51:39.6,486,500,1,0.5,0
51:39.8,486,500,1,0.5,0
51:40.0,485,500,1,0.5,0
51:40.2,485,500,1,0.5,0
51:40.4,485,500,1,0.6,0
51:40.6,485,500,1,0.6,0
51:40.8,484,500,1,0.6,0
51:40.9,484,500,1,0.6,0
51:41.1,484,500,1,0.6,0
51:41.3,484,500,1,0.7,0
51:41.5,484,500,2,0.7,0
51:41.7,484,500,2,0.7,0
51:42.0,483,500,2,0.7,0
51:42.1,483,500,2,0.8,0
51:42.3,483,500,2,0.8,0
51:42.5,483,500,2,0.8,0
51:42.7,483,500,2,0.8,0
51:42.9,482,500,2,0.8,0
51:43.1,482,500,2,0.9,0
51:43.3,482,500,2,0.9,0
51:43.5,482,500,2,0.9,0
51:43.7,481,500,2,0.9,0
51:43.9,481,500,3,1,0
51:44.1,481,500,3,1,0
51:44.3,481,500,3,1,0
51:44.5,481,500,3,1,0
51:44.7,482,500,3,1,0
51:44.9,482,500,3,1.1,0
51:45.1,483,500,3,1.1,0
51:45.3,483,500,3,1.1,0
51:45.5,483,500,3,1.1,0
51:45.7,484,500,3,1.1,0
51:45.9,484,500,3,1.1,0
51:46.1,484,500,4,1.2,0
51:46.3,484,500,4,1.2,0
51:46.5,484,500,4,1.2,0
51:46.7,483,500,4,1.2,0
51:46.9,484,500,4,1.2,0
51:47.1,484,500,4,1.2,0
51:47.3,485,500,4,1.3,0
51:47.5,486,500,4,1.3,0
51:47.7,487,500,4,1.3,0
51:47.9,488,500,4,1.3,0
51:48.1,489,500,4,1.3,0
51:48.3,490,500,4,1.3,0
51:48.5,491,500,4,1.3,0
51:48.7,491,500,4,1.3,0
51:48.9,491,500,4,1.3,0
51:49.1,492,500,4,1.3,0
51:49.3,492,500,4,1.3,0
51:49.5,492,500,5,1.3,0
51:49.7,492,500,5,1.3,0
51:49.9,492,500,5,1.3,0
51:50.1,492,500,5,1.3,0
51:50.3,493,500,5,1.3,0
51:50.5,493,500,5,1.3,0
51:50.7,493,500,5,1.3,0
51:50.9,493,500,5,1.3,0
51:51.1,493,500,5,1.4,0
51:51.3,493,500,5,1.4,0
51:51.5,493,500,5,1.4,0
51:51.7,493,500,5,1.4,0
51:51.9,493,500,5,1.4,0
51:52.1,493,500,5,1.4,0
51:52.3,494,500,5,1.4,0
51:52.5,495,500,5,1.3,0
51:52.7,496,500,5,1.3,0
51:52.9,495,500,5,1.3,0
51:53.1,495,500,5,1.3,0
51:53.3,495,500,5,1.3,0
51:53.5,495,500,5,1.3,0
51:53.7,494,500,5,1.4,0
51:53.9,495,500,5,1.3,0
51:54.1,495,500,5,1.3,0
51:54.3,495,500,5,1.3,0
51:54.5,494,500,5,1.4,0
51:54.7,495,500,5,1.3,0
51:54.9,495,500,5,1.3,0
51:55.1,495,500,5,1.3,0
51:55.3,495,500,5,1.3,0
51:55.5,495,500,5,1.3,0
51:55.7,495,500,5,1.3,0
51:55.9,495,500,5,1.3,0
51:56.1,495,500,5,1.3,0
51:56.3,496,500,5,1.3,0
51:56.5,496,500,5,1.3,0
51:56.7,496,500,5,1.3,0
51:56.9,496,500,5,1.3,0
51:57.1,496,500,5,1.3,0
51:57.3,496,500,5,1.3,0
51:57.5,496,500,5,1.3,0
51:57.7,496,500,5,1.3,0
51:57.9,496,500,5,1.3,0
51:58.1,496,500,5,1.3,0
51:58.3,495,500,5,1.3,0
51:58.5,495,500,5,1.3,0
51:58.7,495,500,5,1.3,0
51:58.9,495,500,5,1.3,0
51:59.1,495,500,5,1.3,0
51:59.3,495,500,5,1.3,0
51:59.5,495,500,5,1.3,0
51:59.7,495,500,5,1.3,0
51:59.9,495,500,5,1.3,0
52:00.1,495,500,5,1.3,0
52:00.3,495,500,5,1.3,0
52:00.5,495,500,5,1.3,0
52:00.7,495,500,5,1.3,0
52:00.9,495,500,5,1.3,0
52:01.1,494,500,5,1.4,0
52:01.3,495,500,5,1.3,0
52:01.5,495,500,5,1.3,0
52:01.7,495,500,5,1.3,0
52:01.9,494,500,5,1.4,0
52:02.1,495,500,5,1.3,0
52:02.3,495,500,5,1.3,0
52:02.5,494,500,5,1.4,0
52:02.7,495,500,5,1.4,0
52:02.9,495,500,5,1.4,0
52:03.1,495,500,5,1.4,0
52:03.3,494,500,5,1.4,0
52:03.5,495,500,5,1.4,0
52:03.7,496,500,5,1.4,0
52:03.9,495,500,5,1.4,0
52:04.1,495,500,5,1.4,0
52:04.3,494,500,5,1.4,0
52:04.5,495,500,5,1.4,0
52:04.7,495,500,5,1.4,0
52:04.9,494,500,5,1.4,0
52:05.1,495,500,5,1.4,0
52:05.3,495,500,5,1.4,0
52:05.5,494,500,5,1.4,0
52:05.7,495,500,5,1.4,0
52:05.9,495,500,5,1.4,0
52:06.1,494,500,5,1.4,0
52:06.3,495,500,5,1.4,0
52:06.5,496,500,5,1.4,0
52:06.7,497,500,5,1.4,0
52:06.9,497,500,5,1.4,0
52:07.1,498,500,5,1.4,0
52:07.3,498,500,5,1.4,0
52:07.5,499,500,5,1.4,0
52:07.7,499,500,5,1.4,0
52:07.9,499,500,5,1.4,0
52:08.1,500,500,5,1.4,0
52:08.3,500,500,5,1.4,0
52:08.5,500,500,5,1.4,0
52:08.7,500,500,5,1.4,0
52:08.9,500,500,5,1.4,0
52:09.1,500,500,5,1.4,0
52:09.3,500,500,5,1.4,0
52:09.5,501,500,5,1.4,0
52:09.7,500,500,5,1.4,0
52:09.9,500,500,5,1.4,0
52:10.1,500,500,5,1.4,0
52:10.3,500,500,5,1.4,0
52:10.5,501,500,5,1.4,0
52:10.7,501,500,5,1.4,0
52:10.9,500,500,5,1.4,0
52:11.1,500,500,5,1.4,0
52:11.3,500,500,5,1.4,0
52:11.5,499,500,5,1.4,0
52:11.7,499,500,5,1.4,0
52:11.9,498,500,5,1.4,0
52:12.1,498,500,5,1.4,0
52:12.3,498,500,5,1.4,0
52:12.5,498,500,5,1.4,0
52:12.7,498,500,5,1.4,0
52:12.9,497,500,5,1.4,0
52:13.1,497,500,5,1.4,0
52:13.3,497,500,5,1.4,0
52:13.5,498,500,5,1.4,0
52:13.7,498,500,5,1.4,0
52:13.9,498,500,5,1.4,0
52:14.1,498,500,5,1.4,0
52:14.3,498,500,5,1.4,0
52:14.5,498,500,5,1.4,0
52:14.7,498,500,5,1.4,0
52:14.9,499,500,5,1.4,0
52:15.1,499,500,5,1.4,0
52:15.3,499,500,5,1.4,0
52:15.5,500,500,5,1.4,0
52:15.7,500,500,5,1.4,0
52:15.9,501,500,5,1.4,0
52:16.1,501,500,5,1.4,0
52:16.3,501,500,5,1.4,0
52:16.5,502,500,5,1.4,0
52:16.7,502,500,5,1.4,0
52:16.9,503,500,5,1.4,0
52:17.1,503,500,5,1.4,0
52:17.3,504,500,5,1.4,0
52:17.5,504,500,5,1.4,0
52:17.7,505,500,5,1.3,0
52:17.9,504,500,5,1.4,0
52:18.1,503,500,5,1.4,0
52:18.3,503,500,5,1.4,0
52:18.5,503,500,5,1.4,0
52:18.6,502,500,5,1.4,0
52:18.8,502,500,5,1.4,0
52:19.0,502,500,5,1.4,0
52:19.2,502,500,5,1.4,0
52:19.4,502,500,5,1.4,0
52:19.6,502,500,5,1.4,0
52:19.8,501,500,5,1.4,0
52:20.1,502,500,5,1.4,0
52:20.3,502,500,5,1.4,0
52:20.5,502,500,5,1.4,0
52:20.7,502,500,5,1.4,0
52:20.8,502,500,5,1.4,0
52:21.0,502,500,5,1.4,0
52:21.2,502,500,5,1.4,0
52:21.4,502,500,5,1.4,0
52:21.6,502,500,5,1.4,0
52:21.8,502,500,5,1.4,0
52:22.0,502,500,5,1.4,0
52:22.2,502,500,5,1.4,0
52:22.4,502,500,5,1.4,0
52:22.6,502,500,5,1.4,0
52:22.8,502,500,5,1.4,0
52:23.0,502,500,5,1.4,0
52:23.2,502,500,5,1.4,0
52:23.4,502,500,5,1.4,0
52:23.6,502,500,5,1.4,0
52:23.8,503,500,5,1.4,0
52:24.0,503,500,5,1.4,0
52:24.2,503,500,5,1.4,0
52:24.4,503,500,5,1.4,0
52:24.6,503,500,5,1.4,0
52:24.8,503,500,5,1.4,0
52:25.0,504,500,5,1.4,0
52:25.2,504,500,5,1.4,0
52:25.4,504,500,5,1.4,0
52:25.6,504,500,5,1.4,0
52:25.8,504,500,5,1.4,0
52:26.0,504,500,5,1.4,0
52:26.2,504,500,5,1.4,0
52:26.4,505,500,5,1.3,0
52:26.6,505,500,5,1.3,0
52:26.8,505,500,5,1.3,0
52:27.0,505,500,5,1.3,0
52:27.2,505,500,5,1.3,0
52:27.4,505,500,5,1.3,0
52:27.6,505,500,5,1.3,0
52:27.8,505,500,5,1.3,0
52:28.0,505,500,5,1.3,0
52:28.2,504,500,5,1.3,0
52:28.4,504,500,5,1.3,0
52:28.6,504,500,5,1.3,0
52:28.8,504,500,5,1.3,0
52:29.0,504,500,5,1.3,0
52:29.2,504,500,5,1.3,0
52:29.4,503,500,5,1.3,0
52:29.6,503,500,5,1.3,0
52:29.8,503,500,5,1.3,0
52:30.0,503,500,5,1.3,0
52:30.2,503,500,5,1.3,0
52:30.4,503,500,5,1.3,0
52:30.6,503,500,5,1.3,0
52:30.8,503,500,5,1.3,0
52:31.0,503,500,5,1.3,0
52:31.2,503,500,5,1.3,0
52:31.4,503,500,5,1.3,0
52:31.6,503,500,5,1.3,0
52:31.8,503,500,5,1.3,0
52:32.0,503,500,5,1.3,0
52:32.2,503,500,5,1.3,0
52:32.4,503,500,5,1.3,0
52:32.6,502,500,5,1.3,0
52:32.8,503,500,5,1.3,0
52:33.0,503,500,5,1.3,0
52:33.2,502,500,5,1.3,0
52:33.4,502,500,5,1.3,0
52:33.6,502,500,5,1.3,0
52:33.8,502,500,5,1.3,0
52:34.0,502,500,5,1.3,0
52:34.2,502,500,5,1.3,0
52:34.4,502,500,5,1.3,0
52:34.6,502,500,5,1.3,0
52:34.8,502,500,5,1.3,0
52:35.0,502,500,5,1.3,0
52:35.2,502,500,5,1.3,0
52:35.4,502,500,5,1.3,0
52:35.6,502,500,5,1.3,0
52:35.8,502,500,5,1.3,0
52:36.0,502,500,5,1.3,0
52:36.2,502,500,5,1.3,0
52:36.4,502,500,5,1.3,0
52:36.6,503,500,5,1.3,0
52:36.8,503,500,5,1.3,0
52:37.0,503,500,5,1.3,0
52:37.2,503,500,5,1.3,0
52:37.4,503,500,5,1.3,0
52:37.6,503,500,5,1.3,0
52:37.8,503,500,5,1.3,0
52:38.0,503,500,5,1.3,0
52:38.2,503,500,5,1.3,0
52:38.4,503,500,5,1.3,0
52:38.6,503,500,5,1.3,0
52:38.8,503,500,5,1.3,0
52:39.0,503,500,5,1.3,0
52:39.2,503,500,5,1.3,0
52:39.4,503,500,5,1.3,0
52:39.6,503,500,5,1.3,0
52:39.8,503,500,5,1.3,0
52:40.0,504,500,5,1.3,0
52:40.2,504,500,5,1.3,0
52:40.4,504,500,5,1.3,0
52:40.6,504,500,5,1.3,0
52:40.8,504,500,5,1.3,0
52:41.0,504,500,5,1.3,0
52:41.2,504,500,5,1.3,0
52:41.4,504,500,5,1.3,0
52:41.6,505,500,5,1.3,0
52:41.8,505,500,5,1.2,0
52:42.0,504,500,5,1.3,0
52:42.2,503,500,5,1.3,0
52:42.4,504,500,5,1.3,0
52:42.6,504,500,5,1.3,0
52:42.8,504,500,5,1.3,0
52:43.0,504,500,5,1.3,0
52:43.2,504,500,5,1.3,0
52:43.4,504,500,5,1.3,0
52:43.6,504,500,5,1.3,0
52:43.8,504,500,5,1.3,0
52:44.0,504,500,5,1.3,0
52:44.2,504,500,5,1.3,0
52:44.4,504,500,5,1.3,0
52:44.6,504,500,5,1.3,0
52:44.8,504,500,5,1.3,0
52:45.0,505,500,5,1.2,0
52:45.2,504,500,5,1.3,0
52:45.4,504,500,5,1.3,0
52:45.6,504,500,5,1.3,0
52:45.8,505,500,5,1.2,0
52:46.0,504,500,5,1.3,0
52:46.2,504,500,5,1.3,0
52:46.4,505,500,5,1.2,0
52:46.6,504,500,5,1.3,0
52:46.8,505,500,5,1.2,0
52:47.0,504,500,5,1.3,0
52:47.2,505,500,5,1.2,0
52:47.4,505,500,5,1.2,0
52:47.6,504,500,5,1.3,0
52:47.8,504,500,5,1.3,0
52:48.0,505,500,5,1.2,0
52:48.2,504,500,5,1.3,0
52:48.4,504,500,5,1.3,0
52:48.6,505,500,5,1.2,0
52:48.8,504,500,5,1.3,0
52:49.0,504,500,5,1.3,0
52:49.2,506,500,5,1.2,0
52:49.4,505,500,5,1.2,0
52:49.6,504,500,5,1.2,0
52:49.8,503,500,5,1.2,0
52:50.0,503,500,5,1.2,0
52:50.2,503,500,5,1.2,0
52:50.4,504,500,5,1.2,0
52:50.6,504,500,5,1.2,0
52:50.8,504,500,5,1.2,0
52:51.0,503,500,5,1.2,0
52:51.2,503,500,5,1.2,0
52:51.4,503,500,5,1.2,0
52:51.6,503,500,5,1.2,0
52:51.8,503,500,5,1.2,0
52:52.0,502,500,5,1.2,0
52:52.2,502,500,5,1.2,0
52:52.4,502,500,5,1.2,0
52:52.6,502,500,5,1.2,0
52:52.8,502,500,5,1.2,0
52:53.0,502,500,5,1.2,0
52:53.2,502,500,5,1.2,0
52:53.4,502,500,5,1.2,0
52:53.6,502,500,5,1.2,0
52:53.8,501,500,5,1.2,0
52:54.0,502,500,5,1.2,0
52:54.2,502,500,5,1.2,0
52:54.4,502,500,5,1.2,0
52:54.6,502,500,5,1.2,0
52:54.8,502,500,5,1.2,0
52:55.0,502,500,5,1.2,0
52:55.2,502,500,5,1.2,0
52:55.4,502,500,5,1.2,0
52:55.6,502,500,5,1.2,0
52:55.8,502,500,5,1.2,0
52:56.0,502,500,5,1.2,0
52:56.2,502,500,5,1.2,0
52:56.4,502,500,5,1.2,0
52:56.6,502,500,5,1.2,0
52:56.8,502,500,5,1.2,0
52:57.0,502,500,5,1.2,0
52:57.2,502,500,5,1.2,0
52:57.4,502,500,5,1.2,0
52:57.6,502,500,5,1.2,0
52:57.8,502,500,5,1.2,0
52:57.9,502,500,5,1.2,0
52:58.1,502,500,5,1.2,0
52:58.3,502,500,5,1.2,0
52:58.5,502,500,5,1.2,0
52:58.7,502,500,5,1.2,0
52:58.9,502,500,5,1.2,0
52:59.1,502,500,5,1.2,0
52:59.4,502,500,5,1.2,0
52:59.5,502,500,5,1.2,0
52:59.7,502,500,5,1.2,0
52:59.9,502,500,5,1.2,0
53:00.1,502,500,5,1.2,0
53:00.3,502,500,5,1.2,0
53:00.5,502,500,5,1.2,0
53:00.7,503,500,5,1.2,0
53:00.9,503,500,5,1.2,0
53:01.1,503,500,5,1.2,0
53:01.3,504,500,5,1.2,0
53:01.5,504,500,5,1.2,0
53:01.7,504,500,5,1.2,0
53:01.9,504,500,5,1.2,0
53:02.1,505,500,5,1.2,0
53:02.3,504,500,5,1.2,0
53:02.5,504,500,5,1.2,0
53:02.7,504,500,5,1.2,0
53:02.9,505,500,5,1.2,0
53:03.1,504,500,5,1.2,0
53:03.3,504,500,5,1.2,0
53:03.5,504,500,5,1.2,0
53:03.7,505,500,5,1.2,0
53:03.9,504,500,5,1.2,0
53:04.1,505,500,5,1.2,0
53:04.3,504,500,5,1.2,0
53:04.5,504,500,5,1.2,0
53:04.7,504,500,5,1.2,0
53:04.9,505,500,5,1.1,0
53:05.1,504,500,5,1.2,0
53:05.3,505,500,5,1.1,0
53:05.5,505,500,4,1.1,0
53:05.7,504,500,4,1.2,0
53:05.9,504,500,4,1.2,0
53:06.1,503,500,4,1.2,0
53:06.3,503,500,4,1.2,0
53:06.5,503,500,4,1.2,0
53:06.7,502,500,4,1.2,0
53:06.9,502,500,4,1.2,0
53:07.1,502,500,4,1.2,0
53:07.3,502,500,4,1.2,0
53:07.5,502,500,4,1.2,0
53:07.7,503,500,4,1.2,0
53:07.9,503,500,4,1.2,0
53:08.1,503,500,4,1.2,0
53:08.3,503,500,4,1.2,0
53:08.5,503,500,4,1.2,0
53:08.7,503,500,4,1.2,0
53:08.9,503,500,4,1.2,0
53:09.1,503,500,4,1.2,0
53:09.3,503,500,4,1.2,0
53:09.5,504,500,4,1.2,0
53:09.7,504,500,4,1.2,0
53:09.9,503,500,4,1.2,0
53:10.1,503,500,4,1.2,0
53:10.3,504,500,4,1.2,0
53:10.5,504,500,4,1.2,0
53:10.7,504,500,4,1.2,0
53:10.9,504,500,4,1.2,0
53:11.1,504,500,4,1.2,0
53:11.3,504,500,4,1.2,0
53:11.5,505,500,4,1.1,0
53:11.7,505,500,4,1.1,0
53:11.9,505,500,4,1.1,0
53:12.1,505,500,4,1.1,0
53:12.3,506,500,4,1.1,0
53:12.5,506,500,4,1.1,0
53:12.7,506,500,4,1.1,0
53:12.9,506,500,4,1.1,0
53:13.1,506,500,4,1.1,0
53:13.3,506,500,4,1,0
53:13.5,506,500,4,1,0
53:13.7,506,500,4,1,0
53:13.9,506,500,4,1,0
53:14.1,506,500,4,1,0
53:14.3,506,500,4,1,0
53:14.5,506,500,4,1,0
53:14.7,506,500,4,1,0
53:14.9,506,500,4,1,0
53:15.1,505,500,4,1,0
53:15.3,504,500,4,1.1,0
53:15.5,504,500,4,1.1,0
53:15.7,504,500,4,1.1,0
53:15.9,504,500,4,1.1,0
53:16.1,504,500,4,1.1,0
53:16.3,504,500,4,1.1,0
53:16.5,505,500,4,1,0
53:16.7,504,500,4,1.1,0
53:16.9,505,500,4,1,0
53:17.1,505,500,4,1,0
53:17.3,504,500,4,1,0
53:17.5,504,500,4,1,0
53:17.7,505,500,4,1,0
53:17.9,505,500,4,1,0
53:18.1,504,500,4,1,0
53:18.3,504,500,4,1,0
53:18.5,505,500,4,1,0
53:18.7,505,500,4,0.9,0
53:18.9,504,500,4,1,0
53:19.1,505,500,4,0.9,0
53:19.3,505,500,4,0.9,0
53:19.5,505,500,4,0.9,0
53:19.7,504,500,4,1,0
53:19.9,504,500,4,1,0
53:20.1,504,500,4,1,0
53:20.3,504,500,4,1,0
53:20.5,503,500,4,1,0
53:20.7,503,500,4,1,0
53:20.9,504,500,4,1,0
53:21.1,504,500,4,1,0
53:21.3,504,500,4,1,0
53:21.5,504,500,4,1,0
53:21.7,504,500,4,1,0
53:21.9,504,500,4,1,0
53:22.1,504,500,4,1,0
53:22.3,504,500,4,1,0
53:22.5,504,500,4,1,0
53:22.7,504,500,4,1,0
53:22.9,504,500,4,1,0
53:23.1,504,500,4,1,0
53:23.3,504,500,4,1,0
53:23.5,504,500,4,1,0
53:23.7,504,500,4,1,0
53:23.9,504,500,4,1,0
53:24.1,504,500,4,1,0
53:24.3,504,500,4,1,0
53:24.5,504,500,4,1,0
53:24.7,504,500,4,1,0
53:24.9,504,500,4,1,0
53:25.1,504,500,4,1,0
53:25.3,504,500,4,1,0
53:25.5,504,500,4,1,0
53:25.7,504,500,4,1,0
53:25.9,504,500,4,1,0
53:26.1,505,500,4,0.9,0
53:26.3,505,500,4,0.9,0
53:26.5,505,500,4,0.9,0
53:26.7,505,500,4,0.9,0
53:26.9,505,500,4,0.9,0
53:27.1,505,500,3,0.9,0
53:27.3,505,500,3,0.9,0
53:27.5,505,500,3,0.9,0
53:27.7,506,500,3,0.9,0
53:27.9,506,500,3,0.9,0
53:28.1,506,500,3,0.8,0
53:28.3,506,500,3,0.8,0
53:28.5,506,500,3,0.8,0
53:28.7,506,500,3,0.8,0
53:28.9,506,500,3,0.8,0
53:29.1,506,500,3,0.8,0
53:29.3,506,500,3,0.8,0
53:29.5,506,500,3,0.8,0
53:29.7,506,500,3,0.8,0
53:29.9,506,500,3,0.8,0
53:30.1,506,500,3,0.8,0
53:30.3,506,500,3,0.8,0
53:30.5,506,500,3,0.8,0
53:30.7,506,500,3,0.7,0
53:30.9,505,500,3,0.7,0
53:31.1,505,500,3,0.7,0
53:31.3,505,500,3,0.7,0
53:31.5,505,500,3,0.7,0
53:31.7,505,500,3,0.7,0
53:31.9,505,500,3,0.7,0
53:32.1,505,500,3,0.7,0
53:32.3,505,500,3,0.7,0
53:32.5,505,500,3,0.7,0
53:32.7,505,500,3,0.7,0
53:32.9,506,500,3,0.7,0
53:33.1,506,500,3,0.7,0
53:33.3,506,500,3,0.7,0
53:33.5,506,500,3,0.6,0
53:33.7,506,500,2,0.6,0
53:33.9,506,500,2,0.6,0
53:34.1,506,500,2,0.6,0
53:34.3,506,500,2,0.6,0
53:34.5,507,500,2,0.6,0
53:34.6,507,500,2,0.6,0
53:34.8,507,500,2,0.6,0
53:35.0,507,500,2,0.6,0
53:35.2,507,500,2,0.6,0
53:35.5,507,500,2,0.5,0
53:35.7,507,500,2,0.5,0
53:35.9,507,500,2,0.5,0
53:36.0,507,500,2,0.5,0
53:36.2,507,500,2,0.5,0
53:36.4,507,500,2,0.5,0
53:36.6,507,500,2,0.5,0
53:36.8,507,500,2,0.5,0
53:37.1,507,500,2,0.5,0
53:37.2,508,500,2,0.5,0
53:37.4,508,500,2,0.4,0
53:37.6,508,500,2,0.4,0
53:37.8,508,500,2,0.4,0
53:38.0,508,500,2,0.4,0
53:38.2,508,500,2,0.4,0
53:38.4,509,500,2,0.4,0
53:38.6,509,500,2,0.4,0
53:38.8,509,500,1,0.4,0
53:39.0,509,500,1,0.3,0
53:39.2,509,500,1,0.3,0
53:39.4,510,500,1,0.3,0
53:39.6,510,500,1,0.3,0
53:39.8,510,500,1,0.3,0
53:40.0,510,500,1,0.3,0
53:40.2,510,500,1,0.3,0
53:40.4,510,500,1,0.2,0
53:40.6,511,500,1,0.2,0
53:40.8,511,500,1,0.2,0
53:41.0,511,500,1,0.2,0
53:41.2,511,500,1,0.2,0
53:41.4,511,500,1,0.2,0
53:41.6,511,500,1,0.1,0
53:41.8,511,500,1,0.1,0
53:42.0,511,500,1,0.1,0
53:42.2,512,500,1,0.1,0
53:42.4,512,500,0,0.1,0
53:42.6,512,500,0,0.1,0
53:42.8,512,500,0,0.1,0
53:43.0,512,500,0,0,0
53:43.2,512,500,0,0,0
53:43.4,512,500,0,0,0
53:43.6,513,500,0,0,0
53:43.8,513,500,0,0,0
53:44.0,513,500,0,0,0
53:44.2,513,500,0,0,0
53:44.4,514,500,0,0,0
53:44.6,514,500,0,0,0
53:44.8,514,500,0,0,0
53:45.0,514,500,0,0,0
53:45.2,514,500,0,0,0
53:45.4,515,500,0,0,0
53:45.6,515,500,0,0,0
53:45.8,515,500,0,0,0
53:46.0,515,500,0,0,0
53:46.2,515,500,0,0,0
53:46.4,515,500,0,0,0
53:46.6,515,500,0,0,0
53:46.8,515,500,0,0,0
53:47.0,515,500,0,0,0
53:47.2,516,500,0,0,0
53:47.4,516,500,0,0,0
53:47.6,516,500,0,0,0
53:47.8,516,500,0,0,0
53:48.0,516,500,0,0,0
53:48.2,516,500,0,0,0
53:48.4,516,500,0,0,0
53:48.6,516,500,0,0,0
53:48.8,516,500,0,0,0
53:49.0,517,500,0,0,0
53:49.2,517,500,0,0,0
53:49.4,517,500,0,0,0
53:49.6,517,500,0,0,0
53:49.8,517,500,0,0,0
53:50.0,517,500,0,0,0
53:50.2,517,500,0,0,0
53:50.4,518,500,0,0,0
53:50.6,518,500,0,0,0
53:50.8,518,500,0,0,0
53:51.0,518,500,0,0,0
53:51.2,518,500,0,0,0
53:51.4,518,500,0,0,0
53:51.6,519,500,0,0,0
53:51.8,519,500,0,0,0
53:52.0,519,500,0,0,0
53:52.2,519,500,0,0,0
53:52.4,519,500,0,0,0
53:52.6,519,500,0,0,0
53:52.8,519,500,0,0,0
53:53.0,519,500,0,0,0
53:53.2,520,500,0,0,0
53:53.4,520,500,0,0,0
53:53.6,520,500,0,0,0
53:53.8,520,500,0,0,0
53:54.0,520,500,0,0,0
53:54.2,520,500,0,0,0
53:54.4,520,500,0,0,0
53:54.6,520,500,0,0,0
53:54.8,520,500,0,0,0
53:55.0,520,500,0,0,0
53:55.2,521,500,0,0,0
53:55.4,521,500,0,0,0
53:55.6,521,500,0,0,0
53:55.8,520,500,0,0,0
53:56.0,520,500,0,0,0
53:56.2,520,500,0,0,0
53:56.4,520,500,0,0,0
53:56.6,520,500,0,0,0
53:56.8,520,500,0,0,0
53:57.0,519,500,0,0,0
53:57.2,519,500,0,0,0
53:57.4,519,500,0,0,0
53:57.6,519,500,0,0,0
53:57.8,519,500,0,0,0
53:58.0,519,500,0,0,0
53:58.2,519,500,0,0,0
53:58.4,519,500,0,0,0
53:58.6,519,500,0,0,0
53:58.8,519,500,0,0,0
53:59.0,520,500,0,0,0
53:59.2,520,500,0,0,0
53:59.4,520,500,0,0,0
53:59.6,520,500,0,0,0
53:59.8,520,500,0,0,0
54:00.0,520,500,0,0,0
54:00.2,521,500,0,0,0
54:00.4,521,500,0,0,0
54:00.6,521,500,0,0,0
54:00.8,521,500,0,0,0
54:01.0,521,500,0,0,0
54:01.2,521,500,0,0,0
54:01.4,521,500,0,0,0
54:01.6,521,500,0,0,0
54:01.8,521,500,0,0,0
54:02.0,520,500,0,0,0
54:02.2,520,500,0,0,0
54:02.4,520,500,0,0,0
54:02.6,520,500,0,0,0
54:02.8,520,500,0,0,0
54:03.0,519,500,0,0,0
54:03.2,519,500,0,0,0
54:03.4,519,500,0,0,0
54:03.6,519,500,0,0,0
54:03.8,518,500,0,0,0
54:04.0,518,500,0,0,0
54:04.2,518,500,0,0,0
54:04.4,518,500,0,0,0
54:04.6,518,500,0,0,0
54:04.8,517,500,0,0,0
54:05.0,517,500,0,0,0
54:05.2,517,500,0,0,0
54:05.4,517,500,0,0,0
54:05.6,517,500,0,0,0
54:05.8,517,500,0,0,0
54:06.0,516,500,0,0,0
54:06.2,516,500,0,0,0
54:06.4,516,500,0,0,0
54:06.6,516,500,0,0,0
54:06.8,516,500,0,0,0
54:07.0,516,500,0,0,0
54:07.2,516,500,0,0,0
54:07.4,516,500,0,0,0
54:07.6,516,500,0,0,0
54:07.8,516,500,0,0,0
54:08.0,516,500,0,0,0
54:08.2,516,500,0,0,0
54:08.4,516,500,0,0,0
54:08.6,516,500,0,0,0
54:08.8,516,500,0,0,0
54:09.0,516,500,0,0,0
54:09.2,516,500,0,0,0
54:09.4,516,500,0,0,0
54:09.6,516,500,0,0,0
54:09.8,516,500,0,0,0
54:10.0,516,500,0,0,0
54:10.2,516,500,0,0,0
54:10.4,516,500,0,0,0
54:10.6,516,500,0,0,0
54:10.8,516,500,0,0,0
54:11.0,516,500,0,0,0
54:11.2,516,500,0,0,0
54:11.4,516,500,0,0,0
54:11.6,516,500,0,0,0
54:11.8,516,500,0,0,0
54:12.0,516,500,0,0,0
54:12.2,516,500,0,0,0
54:12.4,516,500,0,0,0
54:12.6,516,500,0,0,0
54:12.8,515,500,0,0,0
54:13.0,516,500,0,0,0
54:13.2,516,500,0,0,0
54:13.4,516,500,0,0,0
54:13.6,516,500,0,0,0
54:13.8,516,500,0,0,0
54:14.0,516,500,0,0,0
54:14.2,516,500,0,0,0
54:14.4,516,500,0,0,0
54:14.6,516,500,0,0,0
54:14.8,516,500,0,0,0
54:15.0,516,500,0,0,0
54:15.2,516,500,0,0,0
54:15.4,516,500,0,0,0
54:15.5,516,500,0,0,0
54:15.7,516,500,0,0,0
54:15.9,516,500,0,0,0
54:16.1,516,500,0,0,0
54:16.4,516,500,0,0,0
54:16.6,516,500,0,0,0
54:16.8,516,500,0,0,0
54:17.0,516,500,0,0,0
54:17.1,516,500,0,0,0
54:17.3,517,500,0,0,0
54:17.5,517,500,0,0,0
54:17.7,517,500,0,0,0
54:17.9,517,500,0,0,0
54:18.1,517,500,0,0,0
54:18.3,517,500,0,0,0
54:18.5,517,500,0,0,0
54:18.7,517,500,0,0,0
54:18.9,517,500,0,0,0
54:19.1,517,500,0,0,0
54:19.3,517,500,0,0,0
54:19.5,517,500,0,0,0
54:19.7,517,500,0,0,0
54:19.9,517,500,0,0,0
54:20.1,517,500,0,0,0
54:20.3,517,500,0,0,0
54:20.5,517,500,0,0,0
54:20.7,517,500,0,0,0
54:20.9,517,500,0,0,0
54:21.1,517,500,0,0,0
54:21.3,517,500,0,0,0
54:21.5,517,500,0,0,0
54:21.7,517,500,0,0,0
54:21.9,517,500,0,0,0
54:22.1,517,500,0,0,0
54:22.3,517,500,0,0,0
54:22.5,517,500,0,0,0
54:22.7,517,500,0,0,0
54:22.9,517,500,0,0,0
54:23.1,518,500,0,0,0
54:23.3,518,500,0,0,0
54:23.5,518,500,0,0,0
54:23.7,518,500,0,0,0
54:23.9,518,500,0,0,0
54:24.1,518,500,0,0,0
54:24.3,518,500,0,0,0
54:24.5,518,500,0,0,0
54:24.7,518,500,0,0,0
54:24.9,518,500,0,0,0
54:25.1,518,500,0,0,0
54:25.3,518,500,0,0,0
54:25.5,518,500,0,0,0
54:25.7,518,500,0,0,0
54:25.9,518,500,0,0,0
54:26.1,518,500,0,0,0
54:26.3,518,500,0,0,0
54:26.5,518,500,0,0,0
54:26.7,518,500,0,0,0
54:26.9,518,500,0,0,0
54:27.1,518,500,0,0,0
54:27.3,518,500,0,0,0
54:27.5,518,500,0,0,0
54:27.7,518,500,0,0,0
54:27.9,518,500,0,0,0
54:28.1,519,500,0,0,0
54:28.3,519,500,0,0,0
54:28.5,519,500,0,0,0
54:28.7,519,500,0,0,0
54:28.9,519,500,0,0,0
54:29.1,519,500,0,0,0
54:29.3,519,500,0,0,0
54:29.5,519,500,0,0,0
54:29.7,519,500,0,0,0
54:29.9,519,500,0,0,0
54:30.1,519,500,0,0,0
54:30.3,519,500,0,0,0
54:30.5,519,500,0,0,0
54:30.7,519,500,0,0,0
54:30.9,519,500,0,0,0
54:31.1,519,500,0,0,0
54:31.3,520,500,0,0,0
54:31.5,520,500,0,0,0
54:31.7,520,500,0,0,0
54:31.9,520,500,0,0,0
54:32.1,520,500,0,0,0
54:32.3,520,500,0,0,0
54:32.5,520,500,0,0,0
54:32.7,520,500,0,0,0
54:32.9,520,500,0,0,0
54:33.1,520,500,0,0,0
54:33.3,520,500,0,0,0
54:33.5,521,500,0,0,0
54:33.7,521,500,0,0,0
54:33.9,521,500,0,0,0
54:34.1,521,500,0,0,0
54:34.3,521,500,0,0,0
54:34.5,521,500,0,0,0
54:34.7,521,500,0,0,0
54:34.9,521,500,0,0,0
54:35.1,521,500,0,0,0
54:35.3,521,500,0,0,0
54:35.5,522,500,0,0,0
54:35.7,522,500,0,0,0
54:35.9,522,500,0,0,0
54:36.1,522,500,0,0,0
54:36.3,522,500,0,0,0
54:36.5,522,500,0,0,0
54:36.7,522,500,0,0,0
54:36.9,522,500,0,0,0
54:37.1,522,500,0,0,0
54:37.3,522,500,0,0,0
54:37.5,523,500,0,0,0
54:37.7,523,500,0,0,0
54:37.9,523,500,0,0,0
54:38.1,523,500,0,0,0
54:38.3,523,500,0,0,0
54:38.5,523,500,0,0,0
54:38.7,523,500,0,0,0
54:38.9,523,500,0,0,0
54:39.1,523,500,0,0,0
54:39.3,523,500,0,0,0
54:39.5,524,500,0,0,0
54:39.7,524,500,0,0,0
54:39.9,524,500,0,0,0
54:40.1,524,500,0,0,0
54:40.3,524,500,0,0,0
54:40.5,524,500,0,0,0
54:40.7,524,500,0,0,0
54:40.9,524,500,0,0,0
54:41.1,524,500,0,0,0
54:41.3,524,500,0,0,0
54:41.5,525,500,0,0,0
54:41.7,525,500,0,0,0
54:41.9,525,500,0,0,0
54:42.1,525,500,0,0,0
54:42.3,525,500,0,0,0
54:42.5,525,500,0,0,0
54:42.7,525,500,0,0,0
54:42.9,525,500,0,0,0
54:43.1,526,500,0,0,0
54:43.3,526,500,0,0,0
54:43.5,526,500,0,0,0
54:43.7,526,500,0,0,0
54:43.9,526,500,0,0,0
54:44.1,526,500,0,0,0
54:44.3,526,500,0,0,0
54:44.5,526,500,0,0,0
54:44.7,526,500,0,0,0
54:44.9,526,500,0,0,0
54:45.1,527,500,0,0,0
54:45.3,527,500,0,0,0
54:45.5,527,500,0,0,0
54:45.7,527,500,0,0,0
54:45.9,527,500,0,0,0
54:46.1,527,500,0,0,0
54:46.3,527,500,0,0,0
54:46.5,527,500,0,0,0
54:46.7,527,500,0,0,0
54:46.9,528,500,0,0,0
54:47.1,528,500,0,0,0
54:47.3,528,500,0,0,0
54:47.5,528,500,0,0,0
54:47.7,528,500,0,0,0
54:47.9,528,500,0,0,0
54:48.1,528,500,0,0,0
54:48.3,528,500,0,0,0
54:48.5,528,500,0,0,0
54:48.7,528,500,0,0,0
54:48.9,528,500,0,0,0
54:49.1,529,500,0,0,0
54:49.3,529,500,0,0,0
54:49.5,529,500,0,0,0
54:49.7,529,500,0,0,0
54:49.9,529,500,0,0,0
54:50.1,529,500,0,0,0
54:50.3,529,500,0,0,0
54:50.5,529,500,0,0,0
54:50.7,530,500,0,0,0
54:50.9,530,500,0,0,0
54:51.1,530,500,0,0,0
54:51.3,530,500,0,0,0
54:51.5,530,500,0,0,0
54:51.7,530,500,0,0,0
54:51.9,530,500,0,0,0
54:52.1,530,500,0,0,0
54:52.3,530,500,0,0,0
54:52.5,531,500,0,0,0
54:52.7,531,500,0,0,0
54:52.9,531,500,0,0,0
54:53.1,531,500,0,0,0
54:53.3,531,500,0,0,0
54:53.5,531,500,0,0,0
54:53.7,531,500,0,0,0
54:53.9,531,500,0,0,0
54:54.1,531,500,0,0,0
54:54.3,532,500,0,0,0
54:54.5,532,500,0,0,0
54:54.7,532,500,0,0,0
54:54.9,532,500,0,0,0
54:55.1,532,500,0,0,0
54:55.2,532,500,0,0,0
54:55.5,532,500,0,0,0
54:55.6,532,500,0,0,0
54:55.8,532,500,0,0,0
54:56.0,533,500,0,0,0
54:56.3,533,500,0,0,0
54:56.5,533,500,0,0,0
54:56.7,533,500,0,0,0
54:56.9,533,500,0,0,0
54:57.0,533,500,0,0,0
54:57.2,533,500,0,0,0
54:57.4,533,500,0,0,0
54:57.6,533,500,0,0,0
54:57.8,533,500,0,0,0
54:58.0,533,500,0,0,0
54:58.2,533,500,0,0,0
54:58.4,533,500,0,0,0
54:58.6,533,500,0,0,0
54:58.8,534,500,0,0,0
54:59.0,534,500,0,0,0
54:59.2,534,500,0,0,0
54:59.4,534,500,0,0,0
54:59.6,534,500,0,0,0
54:59.8,534,500,0,0,0
55:00.0,534,500,0,0,0
55:00.2,534,500,0,0,0
55:00.4,535,500,0,0,0
55:00.6,535,500,0,0,0
55:00.8,535,500,0,0,0
55:01.0,535,500,0,0,0
55:01.2,535,500,0,0,0
55:01.4,535,500,0,0,0
55:01.6,535,500,0,0,0
55:01.8,535,500,0,0,0
55:02.0,536,500,0,0,0
55:02.2,536,500,0,0,0
55:02.4,536,500,0,0,0
55:02.6,536,500,0,0,0
55:02.8,536,500,0,0,0
55:03.0,536,500,0,0,0
55:03.2,537,500,0,0,0
55:03.4,537,500,0,0,0
55:03.6,537,500,0,0,0
55:03.8,537,500,0,0,0
55:04.0,537,500,0,0,0
55:04.2,537,500,0,0,0
55:04.4,537,500,0,0,0
55:04.6,537,500,0,0,0
55:04.8,538,500,0,0,0
55:05.0,538,500,0,0,0
55:05.2,538,500,0,0,0
55:05.4,538,500,0,0,0
55:05.6,538,500,0,0,0
55:05.8,538,500,0,0,0
55:06.0,538,500,0,0,0
55:06.2,539,500,0,0,0
55:06.4,539,500,0,0,0
55:06.6,539,500,0,0,0
55:06.8,539,500,0,0,0
55:07.0,539,500,0,0,0
55:07.2,539,500,0,0,0
55:07.4,539,500,0,0,0
55:07.6,539,500,0,0,0
55:07.8,539,500,0,0,0
55:08.0,540,500,0,0,0
55:08.2,540,500,0,0,0
55:08.4,540,500,0,0,0
55:08.6,540,500,0,0,0
55:08.8,540,500,0,0,0
55:09.0,540,500,0,0,0
55:09.2,540,500,0,0,0
55:09.4,541,500,0,0,0
55:09.6,541,500,0,0,0
55:09.8,541,500,0,0,0
55:10.0,541,500,0,0,0
55:10.2,541,500,0,0,0
55:10.4,541,500,0,0,0
55:10.6,541,500,0,0,0
55:10.8,542,500,0,0,0
55:11.0,542,500,0,0,0
55:11.2,542,500,0,0,0
55:11.4,542,500,0,0,0
55:11.6,542,500,0,0,0
55:11.8,542,500,0,0,0
55:12.0,542,500,0,0,0
55:12.2,542,500,0,0,0
55:12.4,543,500,0,0,0
55:12.6,543,500,0,0,0
55:12.8,543,500,0,0,0
55:13.0,543,500,0,0,0
55:13.2,543,500,0,0,0
55:13.4,543,500,0,0,0
55:13.6,543,500,0,0,0
55:13.8,544,500,0,0,0
55:14.0,544,500,0,0,0
55:14.2,544,500,0,0,0
55:14.4,544,500,0,0,0
55:14.6,544,500,0,0,0
55:14.8,544,500,0,0,0
55:15.0,544,500,0,0,0
55:15.2,545,500,0,0,0
55:15.4,545,500,0,0,0
55:15.6,545,500,0,0,0
55:15.8,545,500,0,0,0
55:16.0,545,500,0,0,0
55:16.2,545,500,0,0,0
55:16.4,546,500,0,0,0
55:16.6,546,500,0,0,0
55:16.8,546,500,0,0,0
55:17.0,546,500,0,0,0
55:17.2,546,500,0,0,0
55:17.4,546,500,0,0,0
55:17.6,546,500,0,0,0
55:17.8,547,500,0,0,0
55:18.0,547,500,0,0,0
55:18.2,547,500,0,0,0
55:18.4,547,500,0,0,0
55:18.6,547,500,0,0,0
55:18.8,547,500,0,0,0
55:19.0,547,500,0,0,0
55:19.2,547,500,0,0,0
55:19.4,547,500,0,0,0
55:19.6,548,500,0,0,0
55:19.8,548,500,0,0,0
55:20.0,548,500,0,0,0
55:20.2,548,500,0,0,0
55:20.4,548,500,0,0,0
55:20.6,548,500,0,0,0
55:20.8,549,500,0,0,0
55:21.0,549,500,0,0,0
55:21.2,549,500,0,0,0
55:21.4,549,500,0,0,0
55:21.6,549,500,0,0,0
55:21.8,549,500,0,0,0
55:22.0,549,500,0,0,0
55:22.2,550,500,0,0,0
55:22.4,550,500,0,0,0
55:22.6,550,500,0,0,0
55:22.8,550,500,0,0,0
55:23.0,550,500,0,0,0
55:23.2,551,500,0,0,0
55:23.4,551,500,0,0,0
55:23.6,551,500,0,0,0
55:23.8,551,500,0,0,0
55:24.0,551,500,0,0,0
55:24.2,551,500,0,0,0
55:24.4,551,500,0,0,0
55:24.6,552,500,0,0,0
55:24.8,552,500,0,0,0
55:25.0,552,500,0,0,0
55:25.2,552,500,0,0,0
55:25.4,552,500,0,0,0
55:25.6,552,500,0,0,0
55:25.8,552,500,0,0,0
55:26.0,552,500,0,0,0
55:26.2,552,500,0,0,0
55:26.4,552,500,0,0,0
55:26.6,553,500,0,0,0
55:26.8,553,500,0,0,0
55:27.0,553,500,0,0,0
55:27.2,553,500,0,0,0
55:27.4,553,500,0,0,0
55:27.6,553,500,0,0,0
55:27.8,553,500,0,0,0
55:28.0,553,500,0,0,0
55:28.2,553,500,0,0,0
55:28.4,553,500,0,0,0
55:28.6,553,500,0,0,0
55:28.8,554,500,0,0,0
55:29.0,554,500,0,0,0
55:29.2,554,500,0,0,0
55:29.4,554,500,0,0,0
55:29.6,554,500,0,0,0
55:29.8,554,500,0,0,0
55:30.0,554,500,0,0,0
55:30.2,554,500,0,0,0
55:30.4,554,500,0,0,0
55:30.6,555,500,0,0,0
55:30.8,555,500,0,0,0
55:31.0,555,500,0,0,0
55:31.2,555,500,0,0,0
55:31.4,555,500,0,0,0
55:31.6,555,500,0,0,0
55:31.8,555,500,0,0,0
55:32.0,555,500,0,0,0
55:32.2,556,500,0,0,0
55:32.4,556,500,0,0,0
55:32.6,556,500,0,0,0
55:32.8,556,500,0,0,0
55:33.0,556,500,0,0,0
55:33.2,556,500,0,0,0
55:33.4,556,500,0,0,0
55:33.6,556,500,0,0,0
55:33.8,557,500,0,0,0
55:34.0,557,500,0,0,0
55:34.2,557,500,0,0,0
55:34.3,557,500,0,0,0
55:34.5,557,500,0,0,0
55:34.7,557,500,0,0,0
55:34.9,557,500,0,0,0
55:35.1,557,500,0,0,0
55:35.4,557,500,0,0,0
55:35.6,558,500,0,0,0
55:35.8,558,500,0,0,0
55:35.9,558,500,0,0,0
55:36.1,558,500,0,0,0
55:36.3,558,500,0,0,0
55:36.5,558,500,0,0,0
55:36.7,558,500,0,0,0
55:36.9,558,500,0,0,0
55:37.1,558,500,0,0,0
55:37.3,558,500,0,0,0
55:37.5,559,500,0,0,0
55:37.7,559,500,0,0,0
55:37.9,559,500,0,0,0
55:38.1,559,500,0,0,0
55:38.3,559,500,0,0,0
55:38.5,559,500,0,0,0
55:38.7,559,500,0,0,0
55:38.9,559,500,0,0,0
55:39.1,560,500,0,0,0
55:39.3,560,500,0,0,0
55:39.5,560,500,0,0,0
55:39.7,560,500,0,0,0
55:39.9,560,500,0,0,0
55:40.1,560,500,0,0,0
55:40.3,560,500,0,0,0
55:40.5,560,500,0,0,0
55:40.7,561,500,0,0,0
55:40.9,561,500,0,0,0
55:41.1,561,500,0,0,0
55:41.3,561,500,0,0,0
55:41.5,561,500,0,0,0
55:41.7,561,500,0,0,0
55:41.9,561,500,0,0,0
55:42.1,561,500,0,0,0
55:42.3,561,500,0,0,0
55:42.5,562,500,0,0,0
55:42.7,562,500,0,0,0
55:42.9,562,500,0,0,0
55:43.1,562,500,0,0,0
55:43.3,562,500,0,0,0
55:43.5,562,500,0,0,0
55:43.7,562,500,0,0,0
55:43.9,562,500,0,0,0
55:44.1,562,500,0,0,0
55:44.3,563,500,0,0,0
55:44.5,563,500,0,0,0
55:44.7,563,500,0,0,0
55:44.9,563,500,0,0,0
55:45.1,563,500,0,0,0
55:45.3,563,500,0,0,0
55:45.5,563,500,0,0,0
55:45.7,563,500,0,0,0
55:45.9,564,500,0,0,0
55:46.1,564,500,0,0,0
55:46.3,564,500,0,0,0
55:46.5,564,500,0,0,0
55:46.7,564,500,0,0,0
55:46.9,564,500,0,0,0
55:47.1,564,500,0,0,0
55:47.3,564,500,0,0,0
55:47.5,565,500,0,0,0
55:47.7,565,500,0,0,0
55:47.9,565,500,0,0,0
55:48.1,565,500,0,0,0
55:48.3,565,500,0,0,0
55:48.5,565,500,0,0,0
55:48.7,565,500,0,0,0
55:48.9,565,500,0,0,0
55:49.1,566,500,0,0,0
55:49.3,566,500,0,0,0
55:49.5,566,500,0,0,0
55:49.7,566,500,0,0,0
55:49.9,566,500,0,0,0
55:50.1,566,500,0,0,0
55:50.3,566,500,0,0,0
55:50.5,567,500,0,0,0
55:50.7,567,500,0,0,0
55:50.9,567,500,0,0,0
55:51.1,567,500,0,0,0
55:51.3,567,500,0,0,0
55:51.5,567,500,0,0,0
55:51.7,567,500,0,0,0
55:51.9,567,500,0,0,0
55:52.1,567,500,0,0,0
55:52.3,568,500,0,0,0
55:52.5,568,500,0,0,0
55:52.7,568,500,0,0,0
55:52.9,568,500,0,0,0
55:53.1,568,500,0,0,0
55:53.3,568,500,0,0,0
55:53.5,569,500,0,0,0
55:53.7,569,500,0,0,0
55:53.9,569,500,0,0,0
55:54.1,569,500,0,0,0
55:54.3,569,500,0,0,0
55:54.5,569,500,0,0,0
55:54.7,569,500,0,0,0
55:54.9,570,500,0,0,0
55:55.1,570,500,0,0,0
55:55.3,570,500,0,0,0
55:55.5,570,500,0,0,0
55:55.7,570,500,0,0,0
55:55.9,570,500,0,0,0
55:56.1,570,500,0,0,0
55:56.3,571,500,0,0,0
55:56.5,571,500,0,0,0
55:56.7,571,500,0,0,0
55:56.9,571,500,0,0,0
55:57.1,571,500,0,0,0
55:57.3,571,500,0,0,0
55:57.5,572,500,0,0,0
55:57.7,572,500,0,0,0
55:57.9,572,500,0,0,0
55:58.1,572,500,0,0,0
55:58.3,572,500,0,0,0
55:58.5,573,500,0,0,0
55:58.7,573,500,0,0,0
55:58.9,573,500,0,0,0
55:59.1,573,500,0,0,0
55:59.3,573,500,0,0,0
55:59.5,574,500,0,0,0
55:59.7,574,500,0,0,0
55:59.9,574,500,0,0,0
56:00.1,574,500,0,0,0
56:00.3,575,500,0,0,0
56:00.5,575,500,0,0,0
56:00.7,575,500,0,0,0
56:00.9,575,500,0,0,0
56:01.1,575,500,0,0,0
56:01.3,576,500,0,0,0
56:01.5,576,500,0,0,0
56:01.7,576,500,0,0,0
56:01.9,576,500,0,0,0
56:02.1,576,500,0,0,0
56:02.3,577,500,0,0,0
56:02.5,577,500,0,0,0
56:02.7,577,500,0,0,0
56:02.9,577,500,0,0,0
56:03.1,577,500,0,0,0
56:03.3,577,500,0,0,0
56:03.5,578,500,0,0,0
56:03.7,578,500,0,0,0
56:03.9,578,500,0,0,0
56:04.1,578,500,0,0,0
56:04.3,578,500,0,0,0
56:04.5,578,500,0,0,0
56:04.7,578,500,0,0,0
56:04.9,578,500,0,0,0
56:05.1,578,500,0,0,0
56:05.3,579,500,0,0,0
56:05.5,579,500,0,0,0
56:05.7,579,500,0,0,0
56:05.9,579,500,0,0,0
56:06.1,579,500,0,0,0
56:06.3,579,500,0,0,0
56:06.5,579,500,0,0,0
56:06.7,579,500,0,0,0
56:06.9,579,500,0,0,0
56:07.1,579,500,0,0,0
56:07.3,580,500,0,0,0
56:07.5,580,500,0,0,0
56:07.7,580,500,0,0,0
56:07.9,580,500,0,0,0
56:08.1,580,500,0,0,0
56:08.3,580,500,0,0,0
56:08.5,581,500,0,0,0
56:08.7,581,500,0,0,0
56:08.9,581,500,0,0,0
56:09.1,581,500,0,0,0
56:09.3,581,500,0,0,0
56:09.5,581,500,0,0,0
56:09.7,582,500,0,0,0
56:09.9,582,500,0,0,0
56:10.1,582,500,0,0,0
56:10.3,582,500,0,0,0
56:10.5,583,500,0,0,0
56:10.7,583,500,0,0,0
56:10.9,583,500,0,0,0
56:11.1,583,500,0,0,0
56:11.3,583,500,0,0,0
56:11.5,584,500,0,0,0
56:11.7,584,500,0,0,0
56:11.9,584,500,0,0,0
56:12.1,584,500,0,0,0
56:12.3,584,500,0,0,0
56:12.5,585,500,0,0,0
56:12.7,585,500,0,0,0
56:12.9,585,500,0,0,0
56:13.1,585,500,0,0,0
56:13.3,585,500,0,0,0
56:13.5,586,500,0,0,0
56:13.7,586,500,0,0,0
56:13.9,586,500,0,0,0
56:14.1,586,500,0,0,0
56:14.3,586,500,0,0,0
56:14.5,586,500,0,0,0
56:14.7,586,500,0,0,0
56:14.9,586,500,0,0,0
56:15.0,586,500,0,0,0
56:15.2,587,500,0,0,0
56:15.4,587,500,0,0,0
56:15.6,587,500,0,0,0
56:15.8,588,500,0,0,0
56:16.1,588,500,0,0,0
56:16.3,589,500,0,0,0
56:16.5,589,500,0,0,0
56:16.7,589,500,0,0,0
56:16.9,590,500,0,0,0
56:17.0,591,500,0,0,0
56:17.2,591,500,0,0,0
56:17.4,592,500,0,0,0
56:17.6,593,500,0,0,0
56:17.8,593,500,0,0,0
56:18.0,594,500,0,0,0
56:18.2,594,500,0,0,0
56:18.4,595,500,0,0,0
56:18.6,595,500,0,0,0
56:18.8,596,500,0,0,0
56:19.0,596,500,0,0,0
56:19.2,597,500,0,0,0
56:19.4,598,500,0,0,0
56:19.6,598,500,0,0,0
56:19.8,599,500,0,0,0
56:20.0,599,500,0,0,0
56:20.2,600,500,0,0,0
56:20.4,600,500,0,0,0
56:20.6,600,500,0,0,0
56:20.8,601,500,0,0,0
56:21.0,601,500,0,0,0
56:21.2,602,500,0,0,0
56:21.4,602,500,0,0,0
56:21.6,602,500,0,0,0
56:21.8,603,500,0,0,0
56:22.0,603,500,0,0,0
56:22.2,603,500,0,0,0
56:22.4,603,500,0,0,0
56:22.6,604,500,0,0,0
56:22.8,604,500,0,0,0
56:23.0,604,500,0,0,0
56:23.2,604,500,0,0,0
56:23.4,605,500,0,0,0
56:23.6,605,500,0,0,0
56:23.8,605,500,0,0,0
56:24.0,606,500,0,0,0
56:24.2,606,500,0,0,0
56:24.4,606,500,0,0,0
56:24.6,607,500,0,0,0
56:24.8,607,500,0,0,0
56:25.0,607,500,0,0,0
56:25.2,608,500,0,0,0
56:25.4,608,500,0,0,0
56:25.6,608,500,0,0,0
56:25.8,608,500,0,0,0
56:26.0,609,500,0,0,0
56:26.2,609,500,0,0,0
56:26.4,609,500,0,0,0
56:26.6,610,500,0,0,0
56:26.8,610,500,0,0,0
56:27.0,610,500,0,0,0
56:27.2,610,500,0,0,0
56:27.4,611,500,0,0,0
56:27.6,611,500,0,0,0
56:27.8,611,500,0,0,0
56:28.0,611,500,0,0,0
56:28.2,611,500,0,0,0
56:28.4,612,500,0,0,0
56:28.6,612,500,0,0,0
56:28.8,612,500,0,0,0
56:29.0,612,500,0,0,0
56:29.2,612,500,0,0,0
56:29.4,612,500,0,0,0
56:29.6,613,500,0,0,0
56:29.8,613,500,0,0,0
56:30.0,613,500,0,0,0
56:30.2,613,500,0,0,0
56:30.4,613,500,0,0,0
56:30.6,613,500,0,0,0
56:30.8,613,500,0,0,0
56:31.0,613,500,0,0,0
56:31.2,613,500,0,0,0
56:31.4,613,500,0,0,0
56:31.6,613,500,0,0,0
56:31.8,613,500,0,0,0
56:32.0,614,500,0,0,0
56:32.2,614,500,0,0,0
56:32.4,614,500,0,0,0
56:32.6,614,500,0,0,0
56:32.8,614,500,0,0,0
56:33.0,614,500,0,0,0
56:33.2,614,500,0,0,0
56:33.4,614,500,0,0,0
56:33.6,614,500,0,0,0
56:33.8,614,500,0,0,0
56:34.0,614,500,0,0,0
56:34.2,614,500,0,0,0
56:34.4,614,500,0,0,0
56:34.6,614,500,0,0,0
56:34.8,614,500,0,0,0
56:35.0,614,500,0,0,0
56:35.2,614,500,0,0,0
56:35.4,614,500,0,0,0
56:35.6,614,500,0,0,0
56:35.8,614,500,0,0,0
56:36.0,614,500,0,0,0
56:36.2,615,500,0,0,0
56:36.4,615,500,0,0,0
56:36.6,615,500,0,0,0
56:36.8,615,500,0,0,0
56:37.0,615,500,0,0,0
56:37.2,615,500,0,0,0
56:37.4,615,500,0,0,0
56:37.6,615,500,0,0,0
56:37.8,615,500,0,0,0
56:38.0,615,500,0,0,0
56:38.2,615,500,0,0,0
56:38.4,615,500,0,0,0
56:38.6,615,500,0,0,0
56:38.8,615,500,0,0,0
56:39.0,615,500,0,0,0
56:39.2,615,500,0,0,0
56:39.4,615,500,0,0,0
56:39.6,615,500,0,0,0
56:39.8,615,500,0,0,0
56:40.0,615,500,0,0,0
56:40.2,615,500,0,0,0
56:40.4,615,500,0,0,0
56:40.6,615,500,0,0,0
56:40.8,615,500,0,0,0
56:41.0,615,500,0,0,0
56:41.2,615,500,0,0,0
56:41.4,616,500,0,0,0
56:41.6,616,500,0,0,0
56:41.8,616,500,0,0,0
56:42.0,616,500,0,0,0
56:42.2,616,500,0,0,0
56:42.4,616,500,0,0,0
56:42.6,616,500,0,0,0
56:42.8,616,500,0,0,0
56:43.0,616,500,0,0,0
56:43.2,616,500,0,0,0
56:43.4,616,500,0,0,0
56:43.6,616,500,0,0,0
56:43.8,616,500,0,0,0
56:44.0,616,500,0,0,0
56:44.2,616,500,0,0,0
56:44.4,616,500,0,0,0
56:44.6,616,500,0,0,0
56:44.8,616,500,0,0,0
56:45.0,616,500,0,0,0
56:45.2,616,500,0,0,0
56:45.4,616,500,0,0,0
56:45.6,616,500,0,0,0
56:45.8,616,500,0,0,0
56:46.0,616,500,0,0,0
56:46.2,616,500,0,0,0
56:46.4,616,500,0,0,0
56:46.6,616,500,0,0,0
56:46.8,616,500,0,0,0
56:47.0,616,500,0,0,0
56:47.2,616,500,0,0,0
56:47.4,616,500,0,0,0
56:47.6,616,500,0,0,0
56:47.8,616,500,0,0,0
56:48.0,616,500,0,0,0
56:48.2,616,500,0,0,0
56:48.4,616,500,0,0,0
56:48.6,616,500,0,0,0
56:48.8,616,500,0,0,0
56:49.0,616,500,0,0,0
56:49.2,616,500,0,0,0
56:49.4,616,500,0,0,0
56:49.6,616,500,0,0,0
56:49.8,616,500,0,0,0
56:50.0,616,500,0,0,0
56:50.2,616,500,0,0,0
56:50.4,616,500,0,0,0
56:50.6,616,500,0,0,0
56:50.7,616,500,0,0,0
56:50.9,616,500,0,0,0
56:51.1,616,500,0,0,0
56:51.3,616,500,0,0,0
56:51.6,616,500,0,0,0
56:51.7,616,500,0,0,0
56:52.0,616,500,0,0,0
56:52.2,616,500,0,0,0
56:52.4,616,500,0,0,0
56:52.5,616,500,0,0,0
56:52.7,616,500,0,0,0
56:52.9,616,500,0,0,0
56:53.1,616,500,0,0,0
56:53.3,616,500,0,0,0
56:53.5,616,500,0,0,0
56:53.8,616,500,0,0,0
56:54.0,616,500,0,0,0
56:54.1,616,500,0,0,0
56:54.3,616,500,0,0,0
56:54.5,616,500,0,0,0
56:54.7,616,500,0,0,0
56:54.9,616,500,0,0,0
56:55.1,616,500,0,0,0
56:55.3,616,500,0,0,0
56:55.5,616,500,0,0,0
56:55.7,616,500,0,0,0
56:55.9,616,500,0,0,0
56:56.1,616,500,0,0,0
56:56.3,616,500,0,0,0
56:56.5,616,500,0,0,0
56:56.7,616,500,0,0,0
56:56.9,616,500,0,0,0
56:57.1,616,500,0,0,0
56:57.3,616,500,0,0,0
56:57.5,616,500,0,0,0
56:57.7,616,500,0,0,0
56:57.9,616,500,0,0,0
56:58.1,616,500,0,0,0
56:58.3,616,500,0,0,0
56:58.5,616,500,0,0,0
56:58.7,616,500,0,0,0
56:58.9,616,500,0,0,0
56:59.1,616,500,0,0,0
56:59.3,616,500,0,0,0
56:59.5,616,500,0,0,0
56:59.7,616,500,0,0,0
56:59.9,616,500,0,0,0
57:00.1,616,500,0,0,0
57:00.3,616,500,0,0,0
57:00.5,616,500,0,0,0
57:00.7,616,500,0,0,0
57:00.9,616,500,0,0,0
57:01.1,616,500,0,0,0
57:01.3,616,500,0,0,0
57:01.5,616,500,0,0,0
57:01.7,616,500,0,0,0
57:01.9,616,500,0,0,0
57:02.1,616,500,0,0,0
57:02.3,616,500,0,0,0
57:02.5,616,500,0,0,0
57:02.7,616,500,0,0,0
57:02.9,616,500,0,0,0
57:03.1,616,500,0,0,0
57:03.3,616,500,0,0,0
57:03.5,616,500,0,0,0
57:03.7,616,500,0,0,0
57:03.9,616,500,0,0,0
57:04.1,616,500,0,0,0
57:04.3,616,500,0,0,0
57:04.5,616,500,0,0,0
57:04.7,616,500,0,0,0
57:04.9,616,500,0,0,0
57:05.1,616,500,0,0,0
57:05.3,616,500,0,0,0
57:05.5,616,500,0,0,0
57:05.7,616,500,0,0,0
57:05.9,616,500,0,0,0
57:06.1,616,500,0,0,0
57:06.3,616,500,0,0,0
57:06.5,615,500,0,0,0
57:06.7,615,500,0,0,0
57:06.9,615,500,0,0,0
57:07.1,615,500,0,0,0
57:07.3,615,500,0,0,0
57:07.5,615,500,0,0,0
57:07.7,615,500,0,0,0
57:07.9,615,500,0,0,0
57:08.1,615,500,0,0,0
57:08.3,615,500,0,0,0
57:08.5,615,500,0,0,0
57:08.7,615,500,0,0,0
57:08.9,615,500,0,0,0
57:09.1,615,500,0,0,0
57:09.3,615,500,0,0,0
57:09.5,615,500,0,0,0
57:09.7,615,500,0,0,0
57:09.9,615,500,0,0,0
57:10.1,615,500,0,0,0
57:10.3,615,500,0,0,0
57:10.5,615,500,0,0,0
57:10.7,615,500,0,0,0
57:10.9,615,500,0,0,0
57:11.1,615,500,0,0,0
57:11.3,615,500,0,0,0
57:11.5,615,500,0,0,0
57:11.7,615,500,0,0,0
57:11.9,615,500,0,0,0
57:12.1,615,500,0,0,0
57:12.3,615,500,0,0,0
57:12.5,615,500,0,0,0
57:12.7,615,500,0,0,0
57:12.9,615,500,0,0,0
57:13.1,615,500,0,0,0
57:13.3,615,500,0,0,0
57:13.5,615,500,0,0,0
57:13.7,615,500,0,0,0
57:13.9,615,500,0,0,0
57:14.1,615,500,0,0,0
57:14.3,615,500,0,0,0
57:14.5,615,500,0,0,0
57:14.7,615,500,0,0,0
57:14.9,615,500,0,0,0
57:15.1,615,500,0,0,0
57:15.3,615,500,0,0,0
57:15.5,615,500,0,0,0
57:15.7,615,500,0,0,0
57:15.9,615,500,0,0,0
57:16.1,615,500,0,0,0
57:16.3,615,500,0,0,0
57:16.5,615,500,0,0,0
57:16.7,615,500,0,0,0
57:16.9,615,500,0,0,0
57:17.1,615,500,0,0,0
57:17.3,615,500,0,0,0
57:17.5,615,500,0,0,0
57:17.7,615,500,0,0,0
57:17.9,615,500,0,0,0
57:18.1,615,500,0,0,0
57:18.3,615,500,0,0,0
57:18.5,615,500,0,0,0
57:18.7,615,500,0,0,0
57:18.9,615,500,0,0,0
57:19.1,615,500,0,0,0
57:19.3,615,500,0,0,0
57:19.5,615,500,0,0,0
57:19.7,615,500,0,0,0
57:19.9,615,500,0,0,0
57:20.1,615,500,0,0,0
57:20.3,615,500,0,0,0
57:20.5,615,500,0,0,0
57:20.7,615,500,0,0,0
57:20.9,615,500,0,0,0
57:21.1,615,500,0,0,0
57:21.3,615,500,0,0,0
57:21.5,615,500,0,0,0
57:21.7,615,500,0,0,0
57:21.9,615,500,0,0,0
57:22.1,615,500,0,0,0
57:22.3,615,500,0,0,0
57:22.5,615,500,0,0,0
57:22.7,615,500,0,0,0
57:22.9,615,500,0,0,0
57:23.1,615,500,0,0,0
57:23.3,615,500,0,0,0
57:23.5,615,500,0,0,0
57:23.7,614,500,0,0,0
57:23.9,614,500,0,0,0
57:24.1,614,500,0,0,0
57:24.3,614,500,0,0,0
57:24.5,614,500,0,0,0
57:24.7,614,500,0,0,0
57:24.9,614,500,0,0,0
57:25.1,614,500,0,0,0
57:25.3,614,500,0,0,0
57:25.5,614,500,0,0,0
57:25.7,614,500,0,0,0
57:25.9,614,500,0,0,0
57:26.1,614,500,0,0,0
57:26.3,614,500,0,0,0
57:26.5,614,500,0,0,0
57:26.7,614,500,0,0,0
57:26.9,614,500,0,0,0
57:27.1,614,500,0,0,0
57:27.2,614,500,0,0,0
57:27.4,614,500,0,0,0
57:27.6,614,500,0,0,0
57:27.8,614,500,0,0,0
57:28.0,614,500,0,0,0
57:28.2,614,500,0,0,0
57:28.4,614,500,0,0,0
57:28.7,614,500,0,0,0
57:28.9,614,500,0,0,0
57:29.0,614,500,0,0,0
57:29.2,614,500,0,0,0
57:29.4,614,500,0,0,0
57:29.6,614,500,0,0,0
57:29.8,614,500,0,0,0
57:30.0,614,500,0,0,0
57:30.2,614,500,0,0,0
57:30.4,614,500,0,0,0
57:30.6,614,500,0,0,0
57:30.8,614,500,0,0,0
57:31.0,614,500,0,0,0
57:31.2,614,500,0,0,0
57:31.4,614,500,0,0,0
57:31.6,614,500,0,0,0
57:31.8,614,500,0,0,0
57:32.0,614,500,0,0,0
57:32.2,614,500,0,0,0
57:32.4,614,500,0,0,0
57:32.6,614,500,0,0,0
57:32.8,614,500,0,0,0
57:33.0,614,500,0,0,0
57:33.2,614,500,0,0,0
57:33.4,614,500,0,0,0
57:33.6,614,500,0,0,0
57:33.8,614,500,0,0,0
57:34.0,614,500,0,0,0
57:34.2,614,500,0,0,0
57:34.4,614,500,0,0,0
57:34.6,614,500,0,0,0
57:34.8,614,500,0,0,0
57:35.0,614,500,0,0,0
57:35.2,614,500,0,0,0
57:35.4,614,500,0,0,0
57:35.6,614,500,0,0,0
57:35.8,614,500,0,0,0
57:36.0,614,500,0,0,0
57:36.2,614,500,0,0,0
57:36.4,614,500,0,0,0
57:36.6,614,500,0,0,0
57:36.8,614,500,0,0,0
57:37.0,614,500,0,0,0
57:37.2,614,500,0,0,0
57:37.4,614,500,0,0,0
57:37.6,614,500,0,0,0
57:37.8,614,500,0,0,0
57:38.0,614,500,0,0,0
57:38.2,614,500,0,0,0
57:38.4,614,500,0,0,0
57:38.6,614,500,0,0,0
57:38.8,614,500,0,0,0
57:39.0,614,500,0,0,0
57:39.2,614,500,0,0,0
57:39.4,614,500,0,0,0
57:39.6,614,500,0,0,0
57:39.8,614,500,0,0,0
57:40.0,614,500,0,0,0
57:40.2,614,500,0,0,0
57:40.4,614,500,0,0,0
57:40.6,614,500,0,0,0
57:40.8,614,500,0,0,0
57:41.0,614,500,0,0,0
57:41.2,614,500,0,0,0
57:41.4,614,500,0,0,0
57:41.6,614,500,0,0,0
57:41.8,614,500,0,0,0
57:42.0,614,500,0,0,0
57:42.2,614,500,0,0,0
57:42.4,614,500,0,0,0
57:42.6,614,500,0,0,0
57:42.8,614,500,0,0,0
57:43.0,615,500,0,0,0
57:43.2,615,500,0,0,0
57:43.4,615,500,0,0,0
57:43.6,615,500,0,0,0
57:43.8,615,500,0,0,0
57:44.0,615,500,0,0,0
57:44.2,615,500,0,0,0
57:44.4,615,500,0,0,0
57:44.6,615,500,0,0,0
57:44.8,615,500,0,0,0
57:45.0,615,500,0,0,0
57:45.2,615,500,0,0,0
57:45.4,615,500,0,0,0
57:45.6,615,500,0,0,0
57:45.8,615,500,0,0,0
57:46.0,615,500,0,0,0
57:46.2,615,500,0,0,0
57:46.4,615,500,0,0,0
57:46.6,615,500,0,0,0
57:46.8,615,500,0,0,0
57:47.0,615,500,0,0,0
57:47.2,615,500,0,0,0
57:47.4,615,500,0,0,0
57:47.6,615,500,0,0,0
57:47.8,616,500,0,0,0
57:48.0,616,500,0,0,0
57:48.2,616,500,0,0,0
57:48.4,616,500,0,0,0
57:48.6,616,500,0,0,0
57:48.8,616,500,0,0,0
57:49.0,616,500,0,0,0
57:49.2,616,500,0,0,0
57:49.4,616,500,0,0,0
57:49.6,616,500,0,0,0
57:49.8,616,500,0,0,0
57:50.0,616,500,0,0,0
57:50.2,616,500,0,0,0
57:50.4,616,500,0,0,0
57:50.6,616,500,0,0,0
57:50.8,616,500,0,0,0
57:51.0,616,500,0,0,0
57:51.2,616,500,0,0,0
57:51.4,616,500,0,0,0
57:51.6,616,500,0,0,0
57:51.8,616,500,0,0,0
57:52.0,616,500,0,0,0
57:52.2,616,500,0,0,0
57:52.4,616,500,0,0,0
57:52.6,616,500,0,0,0
57:52.8,616,500,0,0,0
57:53.0,617,500,0,0,0
57:53.2,617,500,0,0,0
57:53.4,617,500,0,0,0
57:53.6,617,500,0,0,0
57:53.8,617,500,0,0,0
57:54.0,617,500,0,0,0
57:54.2,617,500,0,0,0
57:54.4,617,500,0,0,0
57:54.6,617,500,0,0,0
57:54.8,617,500,0,0,0
57:55.0,617,500,0,0,0
57:55.2,617,500,0,0,0
57:55.4,617,500,0,0,0
57:55.6,617,500,0,0,0
57:55.8,617,500,0,0,0
57:56.0,617,500,0,0,0
57:56.2,617,500,0,0,0
57:56.4,617,500,0,0,0
57:56.6,617,500,0,0,0
57:56.8,617,500,0,0,0
57:57.0,617,500,0,0,0
57:57.2,617,500,0,0,0
57:57.4,618,500,0,0,0
57:57.6,618,500,0,0,0
57:57.8,618,500,0,0,0
57:58.0,618,500,0,0,0
57:58.2,618,500,0,0,0
57:58.4,618,500,0,0,0
57:58.6,618,500,0,0,0
57:58.8,618,500,0,0,0
57:59.0,618,500,0,0,0
57:59.2,618,500,0,0,0
57:59.4,618,500,0,0,0
57:59.6,618,500,0,0,0
57:59.8,618,500,0,0,0
58:00.0,618,500,0,0,0
58:00.2,618,500,0,0,0
58:00.4,618,500,0,0,0
58:00.6,618,500,0,0,0
58:00.8,618,500,0,0,0
58:01.0,618,500,0,0,0
58:01.2,618,500,0,0,0
58:01.4,618,500,0,0,0
58:01.6,618,500,0,0,0
58:01.8,618,500,0,0,0
58:02.0,618,500,0,0,0
58:02.2,619,500,0,0,0
58:02.4,619,500,0,0,0
58:02.6,619,500,0,0,0
58:02.8,619,500,0,0,0
58:03.0,619,500,0,0,0
58:03.2,619,500,0,0,0
58:03.3,619,500,0,0,0
58:03.5,619,500,0,0,0
58:03.7,619,500,0,0,0
58:04.0,619,500,0,0,0
58:04.2,619,500,0,0,0
58:04.4,619,500,0,0,0
58:04.5,619,500,0,0,0
58:04.7,619,500,0,0,0
58:04.9,619,500,0,0,0
58:05.1,619,500,0,0,0
58:05.3,619,500,0,0,0
58:05.5,619,500,0,0,0
58:05.7,619,500,0,0,0
58:05.9,619,500,0,0,0
58:06.1,619,500,0,0,0
58:06.3,619,500,0,0,0
58:06.5,619,500,0,0,0
58:06.7,619,500,0,0,0
58:06.9,619,500,0,0,0
58:07.1,619,500,0,0,0
58:07.3,619,500,0,0,0
58:07.5,619,500,0,0,0
58:07.7,619,500,0,0,0
58:07.9,619,500,0,0,0
58:08.1,619,500,0,0,0
58:08.3,619,500,0,0,0
58:08.5,619,500,0,0,0
58:08.7,619,500,0,0,0
58:08.9,619,500,0,0,0
58:09.1,619,500,0,0,0
58:09.3,619,500,0,0,0
58:09.5,619,500,0,0,0
58:09.7,619,500,0,0,0
58:09.9,619,500,0,0,0
58:10.1,619,500,0,0,0
58:10.3,619,500,0,0,0
58:10.5,619,500,0,0,0
58:10.7,619,500,0,0,0
58:10.9,619,500,0,0,0
58:11.1,619,500,0,0,0
58:11.3,619,500,0,0,0
58:11.5,619,500,0,0,0
58:11.7,619,500,0,0,0
58:11.9,620,500,0,0,0
58:12.1,620,500,0,0,0
58:12.3,620,500,0,0,0
58:12.5,620,500,0,0,0
58:12.7,620,500,0,0,0
58:12.9,620,500,0,0,0
58:13.1,620,500,0,0,0
58:13.3,620,500,0,0,0
58:13.5,620,500,0,0,0
58:13.7,620,500,0,0,0
58:13.9,620,500,0,0,0
58:14.1,620,500,0,0,0
58:14.3,620,500,0,0,0
58:14.5,620,500,0,0,0
58:14.7,620,500,0,0,0
58:14.9,620,500,0,0,0
58:15.1,620,500,0,0,0
58:15.3,620,500,0,0,0
58:15.5,620,500,0,0,0
58:15.7,620,500,0,0,0
58:15.9,620,500,0,0,0
58:16.1,620,500,0,0,0
58:16.3,620,500,0,0,0
58:16.5,620,500,0,0,0
58:16.7,620,500,0,0,0
58:16.9,620,500,0,0,0
58:17.1,620,500,0,0,0
58:17.3,620,500,0,0,0
58:17.5,620,500,0,0,0
58:17.7,620,500,0,0,0
58:17.9,620,500,0,0,0
58:18.1,620,500,0,0,0
58:18.3,620,500,0,0,0
58:18.5,621,500,0,0,0
58:18.7,621,500,0,0,0
58:18.9,621,500,0,0,0
58:19.1,621,500,0,0,0
58:19.3,621,500,0,0,0
58:19.5,621,500,0,0,0
58:19.7,621,500,0,0,0
58:19.9,621,500,0,0,0
58:20.1,621,500,0,0,0
58:20.3,621,500,0,0,0
58:20.5,621,500,0,0,0
58:20.7,621,500,0,0,0
58:20.9,621,500,0,0,0
58:21.1,621,500,0,0,0
58:21.3,621,500,0,0,0
58:21.5,621,500,0,0,0
58:21.7,621,500,0,0,0
58:21.9,621,500,0,0,0
58:22.1,621,500,0,0,0
58:22.3,621,500,0,0,0
58:22.5,621,500,0,0,0
58:22.7,621,500,0,0,0
58:22.9,621,500,0,0,0
58:23.1,621,500,0,0,0
58:23.3,621,500,0,0,0
58:23.5,621,500,0,0,0
58:23.7,621,500,0,0,0
58:23.9,621,500,0,0,0
58:24.1,621,500,0,0,0
58:24.3,621,500,0,0,0
58:24.5,621,500,0,0,0
58:24.7,621,500,0,0,0
58:24.9,621,500,0,0,0
58:25.1,622,500,0,0,0
58:25.3,622,500,0,0,0
58:25.5,622,500,0,0,0
58:25.7,622,500,0,0,0
58:25.9,622,500,0,0,0
58:26.1,622,500,0,0,0
58:26.3,622,500,0,0,0
58:26.5,622,500,0,0,0
58:26.7,622,500,0,0,0
58:26.9,622,500,0,0,0
58:27.1,622,500,0,0,0
58:27.3,622,500,0,0,0
58:27.5,622,500,0,0,0
58:27.7,622,500,0,0,0
58:27.9,622,500,0,0,0
58:28.1,622,500,0,0,0
58:28.3,622,500,0,0,0
58:28.5,622,500,0,0,0
58:28.7,622,500,0,0,0
58:28.9,622,500,0,0,0
58:29.1,622,500,0,0,0
58:29.3,622,500,0,0,0
58:29.5,622,500,0,0,0
58:29.7,622,500,0,0,0
58:29.9,622,500,0,0,0
58:30.1,622,500,0,0,0
58:30.3,622,500,0,0,0
58:30.5,622,500,0,0,0
58:30.7,622,500,0,0,0
58:30.9,622,500,0,0,0
58:31.1,622,500,0,0,0
58:31.3,623,500,0,0,0
58:31.5,623,500,0,0,0
58:31.7,623,500,0,0,0
58:31.9,623,500,0,0,0
58:32.1,623,500,0,0,0
58:32.3,623,500,0,0,0
58:32.5,623,500,0,0,0
58:32.7,623,500,0,0,0
58:32.9,623,500,0,0,0
58:33.1,623,500,0,0,0
58:33.3,623,500,0,0,0
58:33.5,623,500,0,0,0
58:33.7,623,500,0,0,0
58:33.9,623,500,0,0,0
58:34.1,623,500,0,0,0
58:34.3,623,500,0,0,0
58:34.5,623,500,0,0,0
58:34.7,623,500,0,0,0
58:34.9,623,500,0,0,0
58:35.1,623,500,0,0,0
58:35.3,623,500,0,0,0
58:35.5,623,500,0,0,0
58:35.7,623,500,0,0,0
58:35.9,623,500,0,0,0
58:36.1,623,500,0,0,0
58:36.3,623,500,0,0,0
58:36.5,623,500,0,0,0
58:36.7,623,500,0,0,0
58:36.9,623,500,0,0,0
58:37.1,623,500,0,0,0
58:37.3,624,500,0,0,0
58:37.5,624,500,0,0,0
58:37.7,624,500,0,0,0
58:37.9,624,500,0,0,0
58:38.1,624,500,0,0,0
58:38.3,624,500,0,0,0
58:38.5,624,500,0,0,0
58:38.7,624,500,0,0,0
58:38.9,624,500,0,0,0
58:39.0,624,500,0,0,0
58:39.2,624,500,0,0,0
58:39.4,624,500,0,0,0
58:39.6,624,500,0,0,0
58:39.8,624,500,0,0,0
58:40.1,624,500,0,0,0
58:40.2,624,500,0,0,0
58:40.5,624,500,0,0,0
58:40.7,624,500,0,0,0
58:40.9,624,500,0,0,0
58:41.1,624,500,0,0,0
58:41.2,624,500,0,0,0
58:41.4,624,500,0,0,0
58:41.6,624,500,0,0,0
58:41.8,624,500,0,0,0
58:42.0,624,500,0,0,0
58:42.2,625,500,0,0,0
58:42.4,625,500,0,0,0
58:42.6,625,500,0,0,0
58:42.8,625,500,0,0,0
58:43.0,625,500,0,0,0
58:43.2,625,500,0,0,0
58:43.4,625,500,0,0,0
58:43.6,625,500,0,0,0
58:43.8,625,500,0,0,0
58:44.0,625,500,0,0,0
58:44.2,625,500,0,0,0
58:44.4,625,500,0,0,0
58:44.6,625,500,0,0,0
58:44.8,625,500,0,0,0
58:45.0,625,500,0,0,0
58:45.2,625,500,0,0,0
58:45.4,625,500,0,0,0
58:45.6,626,500,0,0,0
58:45.8,626,500,0,0,0
58:46.0,626,500,0,0,0
58:46.2,626,500,0,0,0
58:46.4,626,500,0,0,0
58:46.6,626,500,0,0,0
58:46.8,626,500,0,0,0
58:47.0,626,500,0,0,0
58:47.2,626,500,0,0,0
58:47.4,626,500,0,0,0
58:47.6,626,500,0,0,0
58:47.8,626,500,0,0,0
58:48.0,626,500,0,0,0
58:48.2,626,500,0,0,0
58:48.4,627,500,0,0,0
58:48.6,627,500,0,0,0
58:48.8,627,500,0,0,0
58:49.0,627,500,0,0,0
58:49.2,627,500,0,0,0
58:49.4,627,500,0,0,0
58:49.6,627,500,0,0,0
58:49.8,627,500,0,0,0
58:50.0,627,500,0,0,0
58:50.2,627,500,0,0,0
58:50.4,627,500,0,0,0
58:50.6,627,500,0,0,0
58:50.8,628,500,0,0,0
58:51.0,628,500,0,0,0
58:51.2,628,500,0,0,0
58:51.4,628,500,0,0,0
58:51.6,628,500,0,0,0
58:51.8,628,500,0,0,0
58:52.0,628,500,0,0,0
58:52.2,628,500,0,0,0
58:52.4,628,500,0,0,0
58:52.6,628,500,0,0,0
58:52.8,628,500,0,0,0
58:53.0,628,500,0,0,0
58:53.2,628,500,0,0,0
58:53.4,628,500,0,0,0
58:53.6,629,500,0,0,0
58:53.8,629,500,0,0,0
58:54.0,629,500,0,0,0
58:54.2,629,500,0,0,0
58:54.4,629,500,0,0,0
58:54.6,629,500,0,0,0
58:54.8,629,500,0,0,0
58:55.0,629,500,0,0,0
58:55.2,629,500,0,0,0
58:55.4,629,500,0,0,0
58:55.6,629,500,0,0,0
58:55.8,629,500,0,0,0
58:56.0,630,500,0,0,0
58:56.2,630,500,0,0,0
58:56.4,630,500,0,0,0
58:56.6,630,500,0,0,0
58:56.8,630,500,0,0,0
58:57.0,630,500,0,0,0
58:57.2,630,500,0,0,0
58:57.4,630,500,0,0,0
58:57.6,630,500,0,0,0
58:57.8,631,500,0,0,0
58:58.0,631,500,0,0,0
58:58.2,631,500,0,0,0
58:58.4,631,500,0,0,0
58:58.6,631,500,0,0,0
58:58.8,631,500,0,0,0
58:59.0,631,500,0,0,0
58:59.2,631,500,0,0,0
58:59.4,631,500,0,0,0
58:59.6,631,500,0,0,0
58:59.8,631,500,0,0,0
59:00.0,632,500,0,0,0
59:00.2,632,500,0,0,0
59:00.4,632,500,0,0,0
59:00.6,632,500,0,0,0
59:00.8,632,500,0,0,0
59:01.0,632,500,0,0,0
59:01.2,632,500,0,0,0
59:01.4,632,500,0,0,0
59:01.6,632,500,0,0,0
59:01.8,632,500,0,0,0
59:02.0,632,500,0,0,0
59:02.2,632,500,0,0,0
59:02.4,632,500,0,0,0
59:02.6,633,500,0,0,0
59:02.8,633,500,0,0,0
59:03.0,633,500,0,0,0
59:03.2,633,500,0,0,0
59:03.4,633,500,0,0,0
59:03.6,633,500,0,0,0
59:03.8,633,500,0,0,0
59:04.0,633,500,0,0,0
59:04.2,633,500,0,0,0
59:04.4,633,500,0,0,0
59:04.6,633,500,0,0,0
59:04.8,633,500,0,0,0
59:05.0,633,500,0,0,0
59:05.2,634,500,0,0,0
59:05.4,634,500,0,0,0
59:05.6,634,500,0,0,0
59:05.8,634,500,0,0,0
59:06.0,634,500,0,0,0
59:06.2,634,500,0,0,0
59:06.4,634,500,0,0,0
59:06.6,634,500,0,0,0
59:06.8,635,500,0,0,0
59:07.0,635,500,0,0,0
59:07.2,635,500,0,0,0
59:07.4,635,500,0,0,0
59:07.6,635,500,0,0,0
59:07.8,635,500,0,0,0
59:08.0,635,500,0,0,0
59:08.2,635,500,0,0,0
59:08.4,636,500,0,0,0
59:08.6,636,500,0,0,0
59:08.8,636,500,0,0,0
59:09.0,636,500,0,0,0
59:09.2,636,500,0,0,0
59:09.4,636,500,0,0,0
59:09.6,636,500,0,0,0
59:09.8,636,500,0,0,0
59:10.0,636,500,0,0,0
59:10.2,637,500,0,0,0
59:10.4,637,500,0,0,0
59:10.6,637,500,0,0,0
59:10.8,637,500,0,0,0
59:11.0,637,500,0,0,0
59:11.2,637,500,0,0,0
59:11.4,637,500,0,0,0
59:11.6,637,500,0,0,0
59:11.8,637,500,0,0,0
59:12.0,637,500,0,0,0
59:12.2,638,500,0,0,0
59:12.4,638,500,0,0,0
59:12.6,638,500,0,0,0
59:12.8,638,500,0,0,0
59:13.0,638,500,0,0,0
59:13.2,638,500,0,0,0
59:13.4,638,500,0,0,0
59:13.6,638,500,0,0,0
59:13.8,638,500,0,0,0
59:14.0,639,500,0,0,0
59:14.2,639,500,0,0,0
59:14.4,639,500,0,0,0
59:14.6,639,500,0,0,0
59:14.8,639,500,0,0,0
59:15.0,639,500,0,0,0
59:15.2,639,500,0,0,0
59:15.4,639,500,0,0,0
59:15.6,639,500,0,0,0
59:15.8,639,500,0,0,0
59:16.0,639,500,0,0,0
59:16.2,639,500,0,0,0
59:16.4,639,500,0,0,0
59:16.6,640,500,0,0,0
59:16.8,640,500,0,0,0
59:17.0,640,500,0,0,0
59:17.1,640,500,0,0,0
59:17.3,640,500,0,0,0
59:17.6,640,500,0,0,0
59:17.8,640,500,0,0,0
59:18.0,640,500,0,0,0
59:18.2,641,500,0,0,0
59:18.3,641,500,0,0,0
59:18.5,641,500,0,0,0
59:18.7,641,500,0,0,0
59:18.9,641,500,0,0,0
59:19.1,641,500,0,0,0
59:19.3,641,500,0,0,0
59:19.6,641,500,0,0,0
59:19.7,641,500,0,0,0
59:19.9,641,500,0,0,0
59:20.1,642,500,0,0,0
59:20.3,642,500,0,0,0
59:20.5,642,500,0,0,0
59:20.7,642,500,0,0,0
59:20.9,642,500,0,0,0
59:21.1,642,500,0,0,0
59:21.3,642,500,0,0,0
59:21.5,642,500,0,0,0
59:21.7,643,500,0,0,0
59:21.9,643,500,0,0,0
59:22.1,643,500,0,0,0
59:22.3,643,500,0,0,0
59:22.5,643,500,0,0,0
59:22.7,643,500,0,0,0
59:22.9,643,500,0,0,0
59:23.1,643,500,0,0,0
59:23.3,643,500,0,0,0
59:23.5,643,500,0,0,0
59:23.7,644,500,0,0,0
59:23.9,644,500,0,0,0
59:24.1,644,500,0,0,0
59:24.3,644,500,0,0,0
59:24.5,644,500,0,0,0
59:24.7,644,500,0,0,0
59:24.9,644,500,0,0,0
59:25.1,644,500,0,0,0
59:25.3,645,500,0,0,0
59:25.5,645,500,0,0,0
59:25.7,645,500,0,0,0
59:25.9,645,500,0,0,0
59:26.1,645,500,0,0,0
59:26.3,645,500,0,0,0
59:26.5,645,500,0,0,0
59:26.7,645,500,0,0,0
59:26.9,645,500,0,0,0
59:27.1,646,500,0,0,0
59:27.3,646,500,0,0,0
59:27.5,646,500,0,0,0
59:27.7,646,500,0,0,0
59:27.9,646,500,0,0,0
59:28.1,646,500,0,0,0
59:28.3,647,500,0,0,0
59:28.5,647,500,0,0,0
59:28.7,647,500,0,0,0
59:28.9,647,500,0,0,0
59:29.1,647,500,0,0,0
59:29.3,647,500,0,0,0
59:29.5,647,500,0,0,0
59:29.7,647,500,0,0,0
59:29.9,647,500,0,0,0
59:30.1,648,500,0,0,0
59:30.3,648,500,0,0,0
59:30.5,648,500,0,0,0
59:30.7,648,500,0,0,0
59:30.9,648,500,0,0,0
59:31.1,648,500,0,0,0
59:31.3,648,500,0,0,0
59:31.5,648,500,0,0,0
59:31.7,648,500,0,0,0
59:31.9,649,500,0,0,0
59:32.1,649,500,0,0,0
59:32.3,649,500,0,0,0
59:32.5,649,500,0,0,0
59:32.7,649,500,0,0,0
59:32.9,649,500,0,0,0
59:33.1,649,500,0,0,0
59:33.3,649,500,0,0,0
59:33.5,650,500,0,0,0
59:33.7,650,500,0,0,0
59:33.9,650,500,0,0,0
59:34.1,650,500,0,0,0
59:34.3,650,500,0,0,0
59:34.5,650,500,0,0,0
59:34.7,650,500,0,0,0
59:34.9,650,500,0,0,0
59:35.1,650,500,0,0,0
59:35.3,651,500,0,0,0
59:35.5,651,500,0,0,0
59:35.7,651,500,0,0,0
59:35.9,651,500,0,0,0
59:36.1,651,500,0,0,0
59:36.3,651,500,0,0,0
59:36.5,651,500,0,0,0
59:36.7,651,500,0,0,0
59:36.9,651,500,0,0,0
59:37.1,652,500,0,0,0
59:37.3,652,500,0,0,0
59:37.5,652,500,0,0,0
59:37.7,652,500,0,0,0
59:37.9,652,500,0,0,0
59:38.1,652,500,0,0,0
59:38.3,652,500,0,0,0
59:38.5,652,500,0,0,0
59:38.7,652,500,0,0,0
59:38.9,653,500,0,0,0
59:39.1,653,500,0,0,0
59:39.3,653,500,0,0,0
59:39.5,653,500,0,0,0
59:39.7,653,500,0,0,0
59:39.9,653,500,0,0,0
59:40.1,653,500,0,0,0
59:40.3,653,500,0,0,0
59:40.5,653,500,0,0,0
59:40.7,653,500,0,0,0
59:40.9,653,500,0,0,0
59:41.1,654,500,0,0,0
59:41.3,654,500,0,0,0
59:41.5,654,500,0,0,0
59:41.7,654,500,0,0,0
59:41.9,654,500,0,0,0
59:42.1,654,500,0,0,0
59:42.3,654,500,0,0,0
59:42.5,654,500,0,0,0
59:42.7,654,500,0,0,0
59:42.9,654,500,0,0,0
59:43.1,654,500,0,0,0
59:43.3,654,500,0,0,0
59:43.5,654,500,0,0,0
59:43.7,654,500,0,0,0
59:43.9,654,500,0,0,0
59:44.1,654,500,0,0,0
59:44.3,654,500,0,0,0
59:44.5,654,500,0,0,0
59:44.7,654,500,0,0,0
59:44.9,654,500,0,0,0
59:45.1,654,500,0,0,0
59:45.3,654,500,0,0,0
59:45.5,654,500,0,0,0
59:45.7,654,500,0,0,0
59:45.9,654,500,0,0,0
59:46.1,654,500,0,0,0
59:46.3,655,500,0,0,0
59:46.5,655,500,0,0,0
59:46.7,655,500,0,0,0
59:46.9,655,500,0,0,0
59:47.1,655,500,0,0,0
59:47.3,655,500,0,0,0
59:47.5,656,500,0,0,0
59:47.7,656,500,0,0,0
59:47.9,656,500,0,0,0
59:48.1,656,500,0,0,0
59:48.3,656,500,0,0,0
59:48.5,656,500,0,0,0
59:48.7,656,500,0,0,0
59:48.9,657,500,0,0,0
59:49.1,657,500,0,0,0
59:49.3,657,500,0,0,0
59:49.5,657,500,0,0,0
59:49.7,657,500,0,0,0
59:49.9,657,500,0,0,0
59:50.1,657,500,0,0,0
59:50.3,657,500,0,0,0
59:50.5,657,500,0,0,0
59:50.7,657,500,0,0,0
59:50.9,657,500,0,0,0
59:51.1,657,500,0,0,0
59:51.3,658,500,0,0,0
59:51.5,658,500,0,0,0
59:51.7,658,500,0,0,0
59:51.9,658,500,0,0,0
59:52.1,658,500,0,0,0
59:52.3,658,500,0,0,0
59:52.5,659,500,0,0,0
59:52.7,659,500,0,0,0
59:52.8,659,500,0,0,0
59:53.1,659,500,0,0,0
59:53.2,659,500,0,0,0
59:53.4,659,500,0,0,0
59:53.7,660,500,0,0,0
59:53.9,660,500,0,0,0
59:54.1,660,500,0,0,0
59:54.3,660,500,0,0,0
59:54.5,660,500,0,0,0
59:54.7,660,500,0,0,0
59:54.8,661,500,0,0,0
59:55.0,661,500,0,0,0
59:55.2,661,500,0,0,0
59:55.4,661,500,0,0,0
59:55.7,661,500,0,0,0
59:55.9,661,500,0,0,0
59:56.0,661,500,0,0,0
59:56.2,661,500,0,0,0
59:56.4,662,500,0,0,0
59:56.6,662,500,0,0,0
59:56.8,662,500,0,0,0
59:57.0,662,500,0,0,0
59:57.2,662,500,0,0,0
59:57.4,662,500,0,0,0
59:57.6,662,500,0,0,0
59:57.8,663,500,0,0,0
59:58.0,663,500,0,0,0
59:58.2,663,500,0,0,0
59:58.4,663,500,0,0,0
59:58.6,663,500,0,0,0
59:58.8,664,500,0,0,0
59:59.0,664,500,0,0,0
59:59.2,664,500,0,0,0
59:59.4,664,500,0,0,0
59:59.6,664,500,0,0,0
59:59.8,664,500,0,0,0
00:00.0,664,500,0,0,0
00:00.2,664,500,0,0,0
00:00.4,665,500,0,0,0
00:00.6,665,500,0,0,0
00:00.8,665,500,0,0,0
00:01.0,665,500,0,0,0
00:01.2,665,500,0,0,0
00:01.4,665,500,0,0,0
00:01.6,665,500,0,0,0
00:01.8,665,500,0,0,0
00:02.0,665,500,0,0,0
00:02.2,665,500,0,0,0
00:02.4,666,500,0,0,0
00:02.6,666,500,0,0,0
00:02.8,666,500,0,0,0
00:03.0,666,500,0,0,0
00:03.2,666,500,0,0,0
00:03.4,666,500,0,0,0
00:03.6,666,500,0,0,0
00:03.8,666,500,0,0,0
00:04.0,666,500,0,0,0
00:04.2,666,500,0,0,0
00:04.4,666,500,0,0,0
00:04.6,666,500,0,0,0
00:04.8,666,500,0,0,0
00:05.0,666,500,0,0,0
00:05.2,666,500,0,0,0
00:05.4,666,500,0,0,0
00:05.6,666,500,0,0,0
00:05.8,666,500,0,0,0
00:06.0,666,500,0,0,0
00:06.2,666,500,0,0,0
00:06.4,666,500,0,0,0
00:06.6,666,500,0,0,0
00:06.8,666,500,0,0,0
00:07.0,666,500,0,0,0
00:07.2,667,500,0,0,0
00:07.4,667,500,0,0,0
00:07.6,667,500,0,0,0
00:07.8,667,500,0,0,0
00:08.0,667,500,0,0,0
00:08.2,667,500,0,0,0
00:08.4,667,500,0,0,0
00:08.6,667,500,0,0,0
00:08.8,667,500,0,0,0
00:09.0,667,500,0,0,0
00:09.2,667,500,0,0,0
00:09.4,668,500,0,0,0
00:09.6,668,500,0,0,0
00:09.8,668,500,0,0,0
00:10.0,668,500,0,0,0
00:10.2,668,500,0,0,0
00:10.4,668,500,0,0,0
00:10.6,668,500,0,0,0
00:10.8,668,500,0,0,0
00:11.0,668,500,0,0,0
00:11.2,668,500,0,0,0
00:11.4,668,500,0,0,0
00:11.6,668,500,0,0,0
00:11.8,668,500,0,0,0
00:12.0,668,500,0,0,0
00:12.2,668,500,0,0,0
00:12.4,668,500,0,0,0
00:12.6,668,500,0,0,0
00:12.8,668,500,0,0,0
00:13.0,668,500,0,0,0
00:13.2,668,500,0,0,0
00:13.4,668,500,0,0,0
00:13.6,668,500,0,0,0
00:13.8,668,500,0,0,0
00:14.0,668,500,0,0,0
00:14.2,668,500,0,0,0
00:14.4,668,500,0,0,0
00:14.6,668,500,0,0,0
00:14.8,668,500,0,0,0
00:15.0,668,500,0,0,0
00:15.2,669,500,0,0,0
00:15.4,669,500,0,0,0
00:15.6,669,500,0,0,0
00:15.8,669,500,0,0,0
00:16.0,669,500,0,0,0
00:16.2,669,500,0,0,0
00:16.4,669,500,0,0,0
00:16.6,669,500,0,0,0
00:16.8,669,500,0,0,0
00:17.0,669,500,0,0,0
00:17.2,669,500,0,0,0
00:17.4,669,500,0,0,0
00:17.6,669,500,0,0,0
00:17.8,669,500,0,0,0
00:18.0,669,500,0,0,0
00:18.2,669,500,0,0,0
00:18.4,669,500,0,0,0
00:18.6,669,500,0,0,0
00:18.8,669,500,0,0,0
00:19.0,669,500,0,0,0
00:19.2,669,500,0,0,0
00:19.4,669,500,0,0,0
00:19.6,669,500,0,0,0
00:19.8,669,500,0,0,0
00:20.0,669,500,0,0,0
00:20.2,669,500,0,0,0
00:20.4,669,500,0,0,0
00:20.6,670,500,0,0,0
00:20.8,670,500,0,0,0
00:21.0,670,500,0,0,0
00:21.2,670,500,0,0,0
00:21.4,670,500,0,0,0
00:21.6,670,500,0,0,0
00:21.8,670,500,0,0,0
00:22.0,670,500,0,0,0
00:22.2,671,500,0,0,0
00:22.4,671,500,0,0,0
00:22.6,671,500,0,0,0
00:22.8,671,500,0,0,0
00:23.0,671,500,0,0,0
00:23.2,671,500,0,0,0
00:23.4,672,500,0,0,0
00:23.6,672,500,0,0,0
00:23.8,672,500,0,0,0
00:24.0,672,500,0,0,0
00:24.2,672,500,0,0,0
00:24.4,672,500,0,0,0
00:24.6,672,500,0,0,0
00:24.8,672,500,0,0,0
00:25.0,672,500,0,0,0
00:25.2,673,500,0,0,0
00:25.4,673,500,0,0,0
00:25.6,673,500,0,0,0
00:25.8,673,500,0,0,0
00:26.0,673,500,0,0,0
00:26.2,673,500,0,0,0
00:26.4,673,500,0,0,0
00:26.6,673,500,0,0,0
00:26.8,673,500,0,0,0
00:27.0,673,500,0,0,0
00:27.2,673,500,0,0,0
00:27.4,673,500,0,0,0
00:27.6,673,500,0,0,0
00:27.8,673,500,0,0,0
00:28.0,673,500,0,0,0
00:28.2,673,500,0,0,0
00:28.4,673,500,0,0,0
00:28.6,673,500,0,0,0
00:28.8,673,500,0,0,0
00:29.0,673,500,0,0,0
00:29.2,673,500,0,0,0
00:29.4,673,500,0,0,0
00:29.6,673,500,0,0,0
00:29.8,673,500,0,0,0
00:30.0,673,500,0,0,0
00:30.2,673,500,0,0,0
00:30.4,673,500,0,0,0
00:30.6,673,500,0,0,0
00:30.8,673,500,0,0,0
00:30.9,673,500,0,0,0
00:31.2,673,500,0,0,0
00:31.3,673,500,0,0,0
00:31.6,673,500,0,0,0
00:31.7,673,500,0,0,0
00:32.0,673,500,0,0,0
00:32.2,674,500,0,0,0
00:32.4,674,500,0,0,0
00:32.6,674,500,0,0,0
00:32.7,674,500,0,0,0
00:32.9,674,500,0,0,0
00:33.1,674,500,0,0,0
00:33.3,674,500,0,0,0
00:33.5,674,500,0,0,0
00:33.7,674,500,0,0,0
00:33.9,674,500,0,0,0
00:34.1,674,500,0,0,0
00:34.3,674,500,0,0,0
00:34.5,674,500,0,0,0
00:34.7,674,500,0,0,0
00:34.9,674,500,0,0,0
00:35.1,674,500,0,0,0
00:35.3,674,500,0,0,0
00:35.5,674,500,0,0,0
00:35.7,674,500,0,0,0
00:35.9,674,500,0,0,0
00:36.1,674,500,0,0,0
00:36.3,674,500,0,0,0
00:36.5,674,500,0,0,0
00:36.7,674,500,0,0,0
00:36.9,674,500,0,0,0
00:37.1,673,500,0,0,0
00:37.3,673,500,0,0,0
00:37.5,673,500,0,0,0
00:37.7,673,500,0,0,0
00:37.9,673,500,0,0,0
00:38.1,673,500,0,0,0
00:38.3,673,500,0,0,0
00:38.5,673,500,0,0,0
00:38.7,673,500,0,0,0
00:38.9,673,500,0,0,0
00:39.1,673,500,0,0,0
00:39.3,673,500,0,0,0
00:39.5,673,500,0,0,0
00:39.7,673,500,0,0,0
00:39.9,673,500,0,0,0
00:40.1,673,500,0,0,0
00:40.3,673,500,0,0,0
00:40.5,673,500,0,0,0
00:40.7,673,500,0,0,0
00:40.9,673,500,0,0,0
00:41.1,673,500,0,0,0
00:41.3,673,500,0,0,0
00:41.5,673,500,0,0,0
00:41.7,673,500,0,0,0
00:41.9,673,500,0,0,0
00:42.1,673,500,0,0,0
00:42.3,673,500,0,0,0
00:42.5,673,500,0,0,0
00:42.7,674,500,0,0,0
00:42.9,674,500,0,0,0
00:43.1,674,500,0,0,0
00:43.3,674,500,0,0,0
00:43.5,674,500,0,0,0
00:43.7,674,500,0,0,0
00:43.9,674,500,0,0,0
00:44.1,674,500,0,0,0
00:44.3,674,500,0,0,0
00:44.5,674,500,0,0,0
00:44.7,674,500,0,0,0
00:44.9,674,500,0,0,0
00:45.1,674,500,0,0,0
00:45.3,674,500,0,0,0
00:45.5,674,500,0,0,0
00:45.7,674,500,0,0,0
00:45.9,674,500,0,0,0
00:46.1,674,500,0,0,0
00:46.3,674,500,0,0,0
00:46.5,674,500,0,0,0
00:46.7,674,500,0,0,0
00:46.9,674,500,0,0,0
00:47.1,674,500,0,0,0
00:47.3,674,500,0,0,0
00:47.5,674,500,0,0,0
00:47.7,674,500,0,0,0
00:47.9,674,500,0,0,0
00:48.1,674,500,0,0,0
00:48.3,674,500,0,0,0
00:48.5,674,500,0,0,0
00:48.7,674,500,0,0,0
00:48.9,674,500,0,0,0
00:49.1,674,500,0,0,0
00:49.3,674,500,0,0,0
00:49.5,674,500,0,0,0
00:49.7,674,500,0,0,0
00:49.9,674,500,0,0,0
00:50.1,674,500,0,0,0
00:50.3,674,500,0,0,0
00:50.5,674,500,0,0,0
00:50.7,674,500,0,0,0
00:50.9,674,500,0,0,0
00:51.1,674,500,0,0,0
00:51.3,674,500,0,0,0
00:51.5,674,500,0,0,0
00:51.7,674,500,0,0,0
00:51.9,674,500,0,0,0
00:52.1,674,500,0,0,0
00:52.3,674,500,0,0,0
00:52.5,674,500,0,0,0
00:52.7,674,500,0,0,0
00:52.9,674,500,0,0,0
00:53.1,674,500,0,0,0
00:53.3,674,500,0,0,0
00:53.5,674,500,0,0,0
00:53.7,674,500,0,0,0
00:53.9,674,500,0,0,0
00:54.1,674,500,0,0,0
00:54.3,674,500,0,0,0
00:54.5,674,500,0,0,0
00:54.7,674,500,0,0,0
00:54.9,674,500,0,0,0
00:55.1,674,500,0,0,0
00:55.3,674,500,0,0,0
00:55.5,674,500,0,0,0
00:55.7,674,500,0,0,0
00:55.9,673,500,0,0,0
00:56.1,673,500,0,0,0
00:56.3,673,500,0,0,0
00:56.5,673,500,0,0,0
00:56.7,673,500,0,0,0
00:56.9,673,500,0,0,0
00:57.1,673,500,0,0,0
00:57.3,673,500,0,0,0
00:57.5,673,500,0,0,0
00:57.7,673,500,0,0,0
00:57.9,673,500,0,0,0
00:58.1,673,500,0,0,0
00:58.3,673,500,0,0,0
00:58.5,673,500,0,0,0
00:58.7,673,500,0,0,0
00:58.9,673,500,0,0,0
00:59.1,673,500,0,0,0
00:59.3,673,500,0,0,0
00:59.5,672,500,0,0,0
00:59.7,672,500,0,0,0
00:59.9,672,500,0,0,0
01:00.1,672,500,0,0,0
01:00.3,672,500,0,0,0
01:00.5,672,500,0,0,0
01:00.7,672,500,0,0,0
01:00.9,672,500,0,0,0
01:01.1,672,500,0,0,0
01:01.3,672,500,0,0,0
01:01.5,672,500,0,0,0
01:01.7,672,500,0,0,0
01:01.9,672,500,0,0,0
01:02.1,672,500,0,0,0
01:02.3,672,500,0,0,0
01:02.5,672,500,0,0,0
01:02.7,672,500,0,0,0
01:02.9,672,500,0,0,0
01:03.1,672,500,0,0,0
01:03.3,671,500,0,0,0
01:03.5,671,500,0,0,0
01:03.7,671,500,0,0,0
01:03.9,671,500,0,0,0
01:04.1,671,500,0,0,0
01:04.3,671,500,0,0,0
01:04.5,671,500,0,0,0
01:04.7,671,500,0,0,0
01:04.9,671,500,0,0,0
01:05.1,671,500,0,0,0
01:05.3,671,500,0,0,0
01:05.5,671,500,0,0,0
01:05.7,671,500,0,0,0
01:05.9,671,500,0,0,0
01:06.1,671,500,0,0,0
01:06.3,671,500,0,0,0
01:06.5,671,500,0,0,0
01:06.7,671,500,0,0,0
01:06.8,670,500,0,0,0
01:07.0,670,500,0,0,0
01:07.2,670,500,0,0,0
01:07.4,670,500,0,0,0
01:07.6,670,500,0,0,0
01:07.9,670,500,0,0,0
01:08.1,670,500,0,0,0
01:08.3,670,500,0,0,0
01:08.5,670,500,0,0,0
01:08.6,670,500,0,0,0
01:08.8,670,500,0,0,0
01:09.0,670,500,0,0,0
01:09.2,670,500,0,0,0
01:09.4,670,500,0,0,0
01:09.6,669,500,0,0,0
01:09.8,669,500,0,0,0
01:10.0,669,500,0,0,0
01:10.2,669,500,0,0,0
01:10.4,669,500,0,0,0
01:10.6,669,500,0,0,0
01:10.8,669,500,0,0,0
01:11.0,669,500,0,0,0
01:11.2,669,500,0,0,0
01:11.4,669,500,0,0,0
01:11.6,668,500,0,0,0
01:11.8,668,500,0,0,0
01:12.0,668,500,0,0,0
01:12.2,668,500,0,0,0
01:12.4,668,500,0,0,0
01:12.6,668,500,0,0,0
01:12.8,668,500,0,0,0
01:13.0,668,500,0,0,0
01:13.2,668,500,0,0,0
01:13.4,668,500,0,0,0
01:13.6,668,500,0,0,0
01:13.8,668,500,0,0,0
01:14.0,667,500,0,0,0
01:14.2,667,500,0,0,0
01:14.4,667,500,0,0,0
01:14.6,667,500,0,0,0
01:14.8,667,500,0,0,0
01:15.0,667,500,0,0,0
01:15.2,667,500,0,0,0
01:15.4,667,500,0,0,0
01:15.6,667,500,0,0,0
01:15.8,667,500,0,0,0
01:16.0,666,500,0,0,0
01:16.2,666,500,0,0,0
01:16.4,666,500,0,0,0
01:16.6,666,500,0,0,0
01:16.8,666,500,0,0,0
01:17.0,666,500,0,0,0
01:17.2,666,500,0,0,0
01:17.4,666,500,0,0,0
01:17.6,666,500,0,0,0
01:17.8,666,500,0,0,0
01:18.0,666,500,0,0,0
01:18.2,665,500,0,0,0
01:18.4,665,500,0,0,0
01:18.6,665,500,0,0,0
01:18.8,665,500,0,0,0
01:19.0,665,500,0,0,0
01:19.2,665,500,0,0,0
01:19.4,665,500,0,0,0
01:19.6,665,500,0,0,0
01:19.8,665,500,0,0,0
01:20.0,664,500,0,0,0
01:20.2,664,500,0,0,0
01:20.4,664,500,0,0,0
01:20.6,664,500,0,0,0
01:20.8,664,500,0,0,0
01:21.0,664,500,0,0,0
01:21.2,664,500,0,0,0
01:21.4,664,500,0,0,0
01:21.6,663,500,0,0,0
01:21.8,663,500,0,0,0
01:22.0,663,500,0,0,0
01:22.2,663,500,0,0,0
01:22.4,663,500,0,0,0
01:22.6,663,500,0,0,0
01:22.8,663,500,0,0,0
01:23.0,663,500,0,0,0
01:23.2,663,500,0,0,0
01:23.4,662,500,0,0,0
01:23.6,662,500,0,0,0
01:23.8,662,500,0,0,0
01:24.0,662,500,0,0,0
01:24.2,662,500,0,0,0
01:24.4,662,500,0,0,0
01:24.6,662,500,0,0,0
01:24.8,662,500,0,0,0
01:25.0,661,500,0,0,0
01:25.2,661,500,0,0,0
01:25.4,661,500,0,0,0
01:25.6,661,500,0,0,0
01:25.8,661,500,0,0,0
01:26.0,661,500,0,0,0
01:26.2,661,500,0,0,0
01:26.4,661,500,0,0,0
01:26.6,661,500,0,0,0
01:26.8,660,500,0,0,0
01:27.0,660,500,0,0,0
01:27.2,660,500,0,0,0
01:27.4,660,500,0,0,0
01:27.6,660,500,0,0,0
01:27.8,659,500,0,0,0
01:28.0,659,500,0,0,0
01:28.2,659,500,0,0,0
01:28.4,659,500,0,0,0
01:28.6,658,500,0,0,0
01:28.8,658,500,0,0,0
01:29.0,658,500,0,0,0
01:29.2,657,500,0,0,0
01:29.4,657,500,0,0,0
01:29.6,657,500,0,0,0
01:29.8,656,500,0,0,0
01:30.0,656,500,0,0,0
01:30.2,656,500,0,0,0
01:30.4,655,500,0,0,0
01:30.6,655,500,0,0,0
01:30.8,655,500,0,0,0
01:31.0,655,500,0,0,0
01:31.2,654,500,0,0,0
01:31.4,654,500,0,0,0
01:31.6,654,500,0,0,0
01:31.8,653,500,0,0,0
01:32.0,653,500,0,0,0
01:32.2,653,500,0,0,0
01:32.4,652,500,0,0,0
01:32.6,652,500,0,0,0
01:32.8,652,500,0,0,0
01:33.0,652,500,0,0,0
01:33.2,651,500,0,0,0
01:33.4,651,500,0,0,0
01:33.6,651,500,0,0,0
01:33.8,650,500,0,0,0
01:34.0,650,500,0,0,0
01:34.2,650,500,0,0,0
01:34.4,649,500,0,0,0
01:34.6,649,500,0,0,0
01:34.8,649,500,0,0,0
01:35.0,648,500,0,0,0
01:35.2,648,500,0,0,0
01:35.4,648,500,0,0,0
01:35.6,648,500,0,0,0
01:35.8,647,500,0,0,0
01:36.0,647,500,0,0,0
01:36.2,647,500,0,0,0
01:36.4,647,500,0,0,0
01:36.6,646,500,0,0,0
01:36.8,646,500,0,0,0
01:37.0,646,500,0,0,0
01:37.2,646,500,0,0,0
01:37.4,646,500,0,0,0
01:37.6,646,500,0,0,0
01:37.8,646,500,0,0,0
01:38.0,646,500,0,0,0
01:38.2,646,500,0,0,0
01:38.4,645,500,0,0,0
01:38.6,645,500,0,0,0
01:38.8,645,500,0,0,0
01:39.0,645,500,0,0,0
01:39.2,645,500,0,0,0
01:39.4,645,500,0,0,0
01:39.6,645,500,0,0,0
01:39.8,645,500,0,0,0
01:40.0,645,500,0,0,0
01:40.2,645,500,0,0,0
01:40.4,645,500,0,0,0
01:40.6,645,500,0,0,0
01:40.8,645,500,0,0,0
01:41.0,645,500,0,0,0
01:41.2,645,500,0,0,0
01:41.4,645,500,0,0,0
01:41.6,645,500,0,0,0
01:41.8,645,500,0,0,0
01:42.0,645,500,0,0,0
01:42.2,645,500,0,0,0
01:42.4,645,500,0,0,0
01:42.6,645,500,0,0,0
01:42.8,645,500,0,0,0
01:43.0,645,500,0,0,0
01:43.2,645,500,0,0,0
01:43.4,645,500,0,0,0
01:43.6,645,500,0,0,0
01:43.8,645,500,0,0,0
01:44.0,645,500,0,0,0
01:44.2,645,500,0,0,0
01:44.4,645,500,0,0,0
01:44.6,645,500,0,0,0
01:44.8,645,500,0,0,0
01:45.0,645,500,0,0,0
01:45.2,645,500,0,0,0
01:45.4,644,500,0,0,0
01:45.6,644,500,0,0,0
01:45.8,644,500,0,0,0
01:46.0,644,500,0,0,0
01:46.2,644,500,0,0,0
01:46.3,644,500,0,0,0
01:46.5,644,500,0,0,0
01:46.7,644,500,0,0,0
01:46.9,643,500,0,0,0
01:47.1,643,500,0,0,0
01:47.3,643,500,0,0,0
01:47.5,643,500,0,0,0
01:47.7,643,500,0,0,0
01:47.9,643,500,0,0,0
01:48.1,643,500,0,0,0
01:48.3,643,500,0,0,0
01:48.6,642,500,0,0,0
01:48.8,642,500,0,0,0
01:48.9,642,500,0,0,0
01:49.1,642,500,0,0,0
01:49.3,642,500,0,0,0
01:49.5,642,500,0,0,0
01:49.7,642,500,0,0,0
01:49.9,642,500,0,0,0
01:50.1,642,500,0,0,0
01:50.3,642,500,0,0,0
01:50.5,642,500,0,0,0
01:50.7,642,500,0,0,0
01:50.9,642,500,0,0,0
01:51.1,642,500,0,0,0
01:51.3,643,500,0,0,0
01:51.5,643,500,0,0,0
01:51.7,643,500,0,0,0
01:51.9,643,500,0,0,0
01:52.1,644,500,0,0,0
01:52.3,644,500,0,0,0
01:52.5,644,500,0,0,0
01:52.7,644,500,0,0,0
01:52.9,645,500,0,0,0
01:53.1,645,500,0,0,0
01:53.3,645,500,0,0,0
01:53.5,645,500,0,0,0
01:53.7,645,500,0,0,0
01:53.9,646,500,0,0,0
01:54.1,646,500,0,0,0
01:54.3,646,500,0,0,0
01:54.5,646,500,0,0,0
01:54.7,646,500,0,0,0
01:54.9,646,500,0,0,0
01:55.1,646,500,0,0,0
01:55.3,646,500,0,0,0
01:55.5,647,500,0,0,0
01:55.7,647,500,0,0,0
01:55.9,647,500,0,0,0
01:56.1,647,500,0,0,0
01:56.3,647,500,0,0,0
01:56.5,647,500,0,0,0
01:56.7,647,500,0,0,0
01:56.9,647,500,0,0,0
01:57.1,647,500,0,0,0
01:57.3,647,500,0,0,0
01:57.5,648,500,0,0,0
01:57.7,648,500,0,0,0
01:57.9,648,500,0,0,0
01:58.1,648,500,0,0,0
01:58.3,648,500,0,0,0
01:58.5,648,500,0,0,0
01:58.7,648,500,0,0,0
01:58.9,648,500,0,0,0
01:59.1,649,500,0,0,0
01:59.3,649,500,0,0,0
01:59.5,649,500,0,0,0
01:59.7,649,500,0,0,0
01:59.9,649,500,0,0,0
02:00.1,649,500,0,0,0
02:00.3,649,500,0,0,0
02:00.5,649,500,0,0,0
02:00.7,649,500,0,0,0
02:00.9,649,500,0,0,0
02:01.1,649,500,0,0,0
02:01.3,649,500,0,0,0
02:01.5,649,500,0,0,0
02:01.7,649,500,0,0,0
02:01.9,649,500,0,0,0
02:02.1,649,500,0,0,0
02:02.3,649,500,0,0,0
02:02.5,649,500,0,0,0
02:02.7,649,500,0,0,0
02:02.9,649,500,0,0,0
02:03.1,649,500,0,0,0
02:03.3,649,500,0,0,0
02:03.5,649,500,0,0,0
02:03.7,649,500,0,0,0
02:03.9,649,500,0,0,0
02:04.1,649,500,0,0,0
02:04.3,649,500,0,0,0
02:04.5,649,500,0,0,0
02:04.7,649,500,0,0,0
02:04.9,649,500,0,0,0
02:05.1,649,500,0,0,0
02:05.3,649,500,0,0,0
02:05.5,649,500,0,0,0
02:05.7,649,500,0,0,0
02:05.9,648,500,0,0,0
02:06.1,648,500,0,0,0
02:06.3,648,500,0,0,0
02:06.5,648,500,0,0,0
02:06.7,648,500,0,0,0
02:06.9,648,500,0,0,0
02:07.1,648,500,0,0,0
02:07.3,648,500,0,0,0
02:07.5,648,500,0,0,0
02:07.7,648,500,0,0,0
02:07.9,648,500,0,0,0
02:08.1,648,500,0,0,0
02:08.3,648,500,0,0,0
02:08.5,648,500,0,0,0
02:08.7,648,500,0,0,0
02:08.9,648,500,0,0,0
02:09.1,648,500,0,0,0
02:09.3,648,500,0,0,0
02:09.5,647,500,0,0,0
02:09.7,647,500,0,0,0
02:09.9,647,500,0,0,0
02:10.1,647,500,0,0,0
02:10.3,647,500,0,0,0
02:10.5,647,500,0,0,0
02:10.7,647,500,0,0,0
02:10.9,647,500,0,0,0
02:11.1,647,500,0,0,0
02:11.3,647,500,0,0,0
02:11.5,647,500,0,0,0
02:11.7,647,500,0,0,0
02:11.9,647,500,0,0,0
02:12.1,647,500,0,0,0
02:12.3,647,500,0,0,0
02:12.5,647,500,0,0,0
02:12.7,647,500,0,0,0
02:12.9,647,500,0,0,0
02:13.1,647,500,0,0,0
02:13.3,647,500,0,0,0
02:13.5,647,500,0,0,0
02:13.7,647,500,0,0,0
02:13.9,647,500,0,0,0
02:14.1,646,500,0,0,0
02:14.3,646,500,0,0,0
02:14.5,646,500,0,0,0
02:14.7,646,500,0,0,0
02:14.9,646,500,0,0,0
02:15.1,646,500,0,0,0
02:15.3,646,500,0,0,0
02:15.5,646,500,0,0,0
02:15.7,646,500,0,0,0
02:15.9,646,500,0,0,0
02:16.1,646,500,0,0,0
02:16.3,646,500,0,0,0
02:16.5,646,500,0,0,0
02:16.7,646,500,0,0,0
02:16.9,646,500,0,0,0
02:17.1,646,500,0,0,0
02:17.3,646,500,0,0,0
02:17.5,646,500,0,0,0
02:17.7,646,500,0,0,0
02:17.9,646,500,0,0,0
02:18.1,646,500,0,0,0
02:18.3,646,500,0,0,0
02:18.5,646,500,0,0,0
02:18.7,646,500,0,0,0
02:18.9,645,500,0,0,0
02:19.1,645,500,0,0,0
02:19.3,645,500,0,0,0
02:19.5,645,500,0,0,0
02:19.7,645,500,0,0,0
02:19.9,645,500,0,0,0
02:20.1,645,500,0,0,0
02:20.3,645,500,0,0,0
02:20.5,645,500,0,0,0
02:20.7,645,500,0,0,0
02:20.9,645,500,0,0,0
02:21.1,645,500,0,0,0
02:21.3,645,500,0,0,0
02:21.5,645,500,0,0,0
02:21.7,645,500,0,0,0
02:21.9,645,500,0,0,0
02:22.1,645,500,0,0,0
02:22.3,645,500,0,0,0
02:22.5,645,500,0,0,0
02:22.7,645,500,0,0,0
02:22.9,645,500,0,0,0
02:23.1,645,500,0,0,0
02:23.2,645,500,0,0,0
02:23.4,645,500,0,0,0
02:23.6,645,500,0,0,0
02:23.8,645,500,0,0,0
02:24.0,645,500,0,0,0
02:24.2,645,500,0,0,0
02:24.4,645,500,0,0,0
02:24.7,645,500,0,0,0
02:24.9,645,500,0,0,0
02:25.1,645,500,0,0,0
02:25.3,645,500,0,0,0
02:25.5,645,500,0,0,0
02:25.7,645,500,0,0,0
02:25.8,645,500,0,0,0
02:26.0,645,500,0,0,0
02:26.2,645,500,0,0,0
02:26.4,645,500,0,0,0
02:26.6,645,500,0,0,0
02:26.9,645,500,0,0,0
02:27.0,645,500,0,0,0
02:27.2,645,500,0,0,0
02:27.4,645,500,0,0,0
02:27.6,645,500,0,0,0
02:27.8,645,500,0,0,0
02:28.0,645,500,0,0,0
02:28.2,645,500,0,0,0
02:28.4,645,500,0,0,0
02:28.6,645,500,0,0,0
02:28.8,645,500,0,0,0
02:29.0,645,500,0,0,0
02:29.2,644,500,0,0,0
02:29.4,644,500,0,0,0
02:29.6,644,500,0,0,0
02:29.8,644,500,0,0,0
02:30.0,644,500,0,0,0
02:30.2,644,500,0,0,0
02:30.4,644,500,0,0,0
02:30.6,644,500,0,0,0
02:30.8,644,500,0,0,0
02:31.0,644,500,0,0,0
02:31.2,644,500,0,0,0
02:31.4,644,500,0,0,0
02:31.6,644,500,0,0,0
02:31.8,644,500,0,0,0
02:32.0,644,500,0,0,0
02:32.2,644,500,0,0,0
02:32.4,643,500,0,0,0
02:32.6,643,500,0,0,0
02:32.8,643,500,0,0,0
02:33.0,643,500,0,0,0
02:33.2,643,500,0,0,0
02:33.4,643,500,0,0,0
02:33.6,643,500,0,0,0
02:33.8,642,500,0,0,0
02:34.0,642,500,0,0,0
02:34.2,642,500,0,0,0
02:34.4,642,500,0,0,0
02:34.6,641,500,0,0,0
02:34.8,641,500,0,0,0
02:35.0,641,500,0,0,0
02:35.2,641,500,0,0,0
02:35.4,640,500,0,0,0
02:35.6,640,500,0,0,0
02:35.8,640,500,0,0,0
02:36.0,640,500,0,0,0
02:36.2,640,500,0,0,0
02:36.4,640,500,0,0,0
02:36.6,640,500,0,0,0
02:36.8,639,500,0,0,0
02:37.0,639,500,0,0,0
02:37.2,639,500,0,0,0
02:37.4,639,500,0,0,0
02:37.6,639,500,0,0,0
02:37.8,639,500,0,0,0
02:38.0,639,500,0,0,0
02:38.2,639,500,0,0,0
02:38.4,639,500,0,0,0
02:38.6,639,500,0,0,0
02:38.8,639,500,0,0,0
02:39.0,639,500,0,0,0
02:39.2,639,500,0,0,0
02:39.4,639,500,0,0,0
02:39.6,639,500,0,0,0
02:39.8,639,500,0,0,0
02:40.0,639,500,0,0,0
02:40.2,639,500,0,0,0
02:40.4,639,500,0,0,0
02:40.6,639,500,0,0,0
02:40.8,639,500,0,0,0
02:41.0,639,500,0,0,0
02:41.2,639,500,0,0,0
02:41.4,638,500,0,0,0
02:41.6,638,500,0,0,0
02:41.8,638,500,0,0,0
02:42.0,638,500,0,0,0
02:42.2,638,500,0,0,0
02:42.4,638,500,0,0,0
02:42.6,638,500,0,0,0
02:42.8,638,500,0,0,0
02:43.0,638,500,0,0,0
02:43.2,638,500,0,0,0
02:43.4,638,500,0,0,0
02:43.6,638,500,0,0,0
02:43.8,638,500,0,0,0
02:44.0,638,500,0,0,0
02:44.2,638,500,0,0,0
02:44.4,638,500,0,0,0
02:44.6,638,500,0,0,0
02:44.8,638,500,0,0,0
02:45.0,638,500,0,0,0
02:45.2,638,500,0,0,0
02:45.4,638,500,0,0,0
02:45.6,638,500,0,0,0
02:45.8,638,500,0,0,0
02:46.0,638,500,0,0,0
02:46.2,638,500,0,0,0
02:46.4,638,500,0,0,0
02:46.6,638,500,0,0,0
02:46.8,638,500,0,0,0
02:47.0,638,500,0,0,0
02:47.2,638,500,0,0,0
02:47.4,638,500,0,0,0
02:47.6,638,500,0,0,0
02:47.8,638,500,0,0,0
02:48.0,638,500,0,0,0
02:48.2,637,500,0,0,0
02:48.4,637,500,0,0,0
02:48.6,637,500,0,0,0
02:48.8,637,500,0,0,0
02:49.0,637,500,0,0,0
02:49.2,637,500,0,0,0
02:49.4,637,500,0,0,0
02:49.6,637,500,0,0,0
02:49.8,637,500,0,0,0
02:50.0,636,500,0,0,0
02:50.2,636,500,0,0,0
02:50.4,636,500,0,0,0
02:50.6,636,500,0,0,0
02:50.8,636,500,0,0,0
02:51.0,636,500,0,0,0
02:51.2,636,500,0,0,0
02:51.4,636,500,0,0,0
02:51.6,635,500,0,0,0
02:51.8,635,500,0,0,0
02:52.0,635,500,0,0,0
02:52.2,635,500,0,0,0
02:52.4,635,500,0,0,0
02:52.6,634,500,0,0,0
02:52.8,634,500,0,0,0
02:53.0,634,500,0,0,0
02:53.2,634,500,0,0,0
02:53.4,634,500,0,0,0
02:53.6,634,500,0,0,0
02:53.8,634,500,0,0,0
02:54.0,634,500,0,0,0
02:54.2,634,500,0,0,0
02:54.4,634,500,0,0,0
02:54.6,634,500,0,0,0
02:54.8,634,500,0,0,0
02:55.0,634,500,0,0,0
02:55.2,634,500,0,0,0
02:55.4,634,500,0,0,0
02:55.6,634,500,0,0,0
02:55.8,634,500,0,0,0
02:56.0,634,500,0,0,0
02:56.2,633,500,0,0,0
02:56.4,633,500,0,0,0
02:56.6,634,500,0,0,0
02:56.8,634,500,0,0,0
02:57.0,634,500,0,0,0
02:57.2,633,500,0,0,0
02:57.4,633,500,0,0,0
02:57.6,633,500,0,0,0
02:57.8,633,500,0,0,0
02:58.0,633,500,0,0,0
02:58.2,633,500,0,0,0
02:58.4,633,500,0,0,0
02:58.6,633,500,0,0,0
02:58.8,633,500,0,0,0
02:59.0,633,500,0,0,0
02:59.2,633,500,0,0,0
02:59.4,633,500,0,0,0
02:59.6,633,500,0,0,0
02:59.8,632,500,0,0,0
03:00.0,632,500,0,0,0
03:00.2,632,500,0,0,0
03:00.4,632,500,0,0,0
03:00.6,632,500,0,0,0
03:00.8,632,500,0,0,0
03:01.0,632,500,0,0,0
03:01.2,631,500,0,0,0
03:01.4,631,500,0,0,0
03:01.6,631,500,0,0,0
03:01.8,631,500,0,0,0
03:02.0,631,500,0,0,0
03:02.1,631,500,0,0,0
03:02.4,631,500,0,0,0
03:02.5,631,500,0,0,0
03:02.7,631,500,0,0,0
03:02.9,630,500,0,0,0
03:03.1,630,500,0,0,0
03:03.3,630,500,0,0,0
03:03.5,630,500,0,0,0
03:03.8,630,500,0,0,0
03:04.0,630,500,0,0,0
03:04.2,630,500,0,0,0
03:04.3,630,500,0,0,0
03:04.5,630,500,0,0,0
03:04.7,630,500,0,0,0
03:04.9,630,500,0,0,0
03:05.1,630,500,0,0,0
03:05.3,630,500,0,0,0
03:05.5,630,500,0,0,0
03:05.8,630,500,0,0,0
03:05.9,630,500,0,0,0
03:06.1,630,500,0,0,0
03:06.3,630,500,0,0,0
03:06.5,630,500,0,0,0
03:06.7,630,500,0,0,0
03:06.9,630,500,0,0,0
03:07.1,630,500,0,0,0
03:07.3,630,500,0,0,0
03:07.5,630,500,0,0,0
03:07.7,630,500,0,0,0
03:07.9,630,500,0,0,0
03:08.1,630,500,0,0,0
03:08.3,630,500,0,0,0
03:08.5,629,500,0,0,0
03:08.7,629,500,0,0,0
03:08.9,629,500,0,0,0
03:09.1,629,500,0,0,0
03:09.3,629,500,0,0,0
03:09.5,629,500,0,0,0
03:09.7,629,500,0,0,0
03:09.9,628,500,0,0,0
03:10.1,628,500,0,0,0
03:10.3,628,500,0,0,0
03:10.5,628,500,0,0,0
03:10.7,628,500,0,0,0
03:10.9,628,500,0,0,0
03:11.1,627,500,0,0,0
03:11.3,627,500,0,0,0
03:11.5,627,500,0,0,0
03:11.7,627,500,0,0,0
03:11.9,626,500,0,0,0
03:12.1,626,500,0,0,0
03:12.3,626,500,0,0,0
03:12.5,626,500,0,0,0
03:12.7,626,500,0,0,0
03:12.9,625,500,0,0,0
03:13.1,625,500,0,0,0
03:13.3,625,500,0,0,0
03:13.5,625,500,0,0,0
03:13.7,624,500,0,0,0
03:13.9,624,500,0,0,0
03:14.1,624,500,0,0,0
03:14.3,623,500,0,0,0
03:14.5,623,500,0,0,0
03:14.7,623,500,0,0,0
03:14.9,622,500,0,0,0
03:15.1,622,500,0,0,0
03:15.3,622,500,0,0,0
03:15.5,621,500,0,0,0
03:15.7,621,500,0,0,0
03:15.9,621,500,0,0,0
03:16.1,621,500,0,0,0
03:16.3,620,500,0,0,0
03:16.5,620,500,0,0,0
03:16.7,620,500,0,0,0
03:16.9,619,500,0,0,0
03:17.1,619,500,0,0,0
03:17.3,619,500,0,0,0
03:17.5,618,500,0,0,0
03:17.7,618,500,0,0,0
03:17.9,618,500,0,0,0
03:18.1,617,500,0,0,0
03:18.3,617,500,0,0,0
03:18.5,617,500,0,0,0
03:18.7,616,500,0,0,0
03:18.9,616,500,0,0,0
03:19.1,616,500,0,0,0
03:19.3,615,500,0,0,0
03:19.5,615,500,0,0,0
03:19.7,615,500,0,0,0
03:19.9,615,500,0,0,0
03:20.1,614,500,0,0,0
03:20.3,614,500,0,0,0
03:20.5,614,500,0,0,0
03:20.7,614,500,0,0,0
03:20.9,614,500,0,0,0
03:21.1,613,500,0,0,0
03:21.3,613,500,0,0,0
03:21.5,613,500,0,0,0
03:21.7,613,500,0,0,0
03:21.9,613,500,0,0,0
03:22.1,612,500,0,0,0
03:22.3,612,500,0,0,0
03:22.5,612,500,0,0,0
03:22.7,612,500,0,0,0
03:22.9,612,500,0,0,0
03:23.1,612,500,0,0,0
03:23.3,612,500,0,0,0
03:23.5,611,500,0,0,0
03:23.7,611,500,0,0,0
03:23.9,611,500,0,0,0
03:24.1,611,500,0,0,0
03:24.3,611,500,0,0,0
03:24.5,611,500,0,0,0
03:24.7,611,500,0,0,0
03:24.9,611,500,0,0,0
03:25.1,611,500,0,0,0
03:25.3,611,500,0,0,0
03:25.5,611,500,0,0,0
03:25.7,611,500,0,0,0
03:25.9,611,500,0,0,0
03:26.1,611,500,0,0,0
03:26.3,611,500,0,0,0
03:26.5,611,500,0,0,0
03:26.7,611,500,0,0,0
03:26.9,611,500,0,0,0
03:27.1,611,500,0,0,0
03:27.3,611,500,0,0,0
03:27.5,611,500,0,0,0
03:27.7,611,500,0,0,0
03:27.9,611,500,0,0,0
03:28.1,611,500,0,0,0
03:28.3,611,500,0,0,0
03:28.5,611,500,0,0,0
03:28.7,611,500,0,0,0
03:28.9,611,500,0,0,0
03:29.1,610,500,0,0,0
03:29.3,610,500,0,0,0
03:29.5,610,500,0,0,0
03:29.7,610,500,0,0,0
03:29.9,610,500,0,0,0
03:30.1,610,500,0,0,0
03:30.3,610,500,0,0,0
03:30.5,610,500,0,0,0
03:30.7,610,500,0,0,0
03:30.9,610,500,0,0,0
03:31.1,610,500,0,0,0
03:31.3,610,500,0,0,0
03:31.5,610,500,0,0,0
03:31.7,610,500,0,0,0
03:31.9,610,500,0,0,0
03:32.1,610,500,0,0,0
03:32.3,610,500,0,0,0
03:32.5,610,500,0,0,0
03:32.7,610,500,0,0,0
03:32.9,610,500,0,0,0
03:33.1,610,500,0,0,0
03:33.3,610,500,0,0,0
03:33.5,610,500,0,0,0
03:33.7,610,500,0,0,0
03:33.9,610,500,0,0,0
03:34.1,610,500,0,0,0
03:34.3,610,500,0,0,0
03:34.5,609,500,0,0,0
03:34.7,609,500,0,0,0
03:34.9,609,500,0,0,0
03:35.1,609,500,0,0,0
03:35.3,609,500,0,0,0
03:35.5,608,500,0,0,0
03:35.7,608,500,0,0,0
03:35.9,608,500,0,0,0
03:36.1,608,500,0,0,0
03:36.3,608,500,0,0,0
03:36.5,608,500,0,0,0
03:36.7,608,500,0,0,0
03:36.9,607,500,0,0,0
03:37.1,607,500,0,0,0
03:37.3,607,500,0,0,0
03:37.5,607,500,0,0,0
03:37.7,607,500,0,0,0
03:37.9,607,500,0,0,0
03:38.1,607,500,0,0,0
03:38.3,607,500,0,0,0
03:38.5,607,500,0,0,0
03:38.7,607,500,0,0,0
03:38.9,606,500,0,0,0
03:39.1,606,500,0,0,0
03:39.3,606,500,0,0,0
03:39.5,606,500,0,0,0
03:39.7,606,500,0,0,0
03:39.9,606,500,0,0,0
03:40.1,605,500,0,0,0
03:40.3,605,500,0,0,0
03:40.5,605,500,0,0,0
03:40.7,605,500,0,0,0
03:40.8,604,500,0,0,0
03:41.0,604,500,0,0,0
03:41.2,604,500,0,0,0
03:41.4,603,500,0,0,0
03:41.6,603,500,0,0,0
03:41.9,603,500,0,0,0
03:42.1,603,500,0,0,0
03:42.2,602,500,0,0,0
03:42.4,602,500,0,0,0
03:42.6,602,500,0,0,0
03:42.9,602,500,0,0,0
03:43.1,601,500,0,0,0
03:43.2,601,500,0,0,0
03:43.4,601,500,0,0,0
03:43.6,601,500,0,0,0
03:43.8,600,500,0,0,0
03:44.0,600,500,0,0,0
03:44.2,600,500,0,0,0
03:44.4,600,500,0,0,0
03:44.6,600,500,0,0,0
03:44.8,600,500,0,0,0
03:45.0,600,500,0,0,0
03:45.2,600,500,0,0,0
03:45.4,600,500,0,0,0
03:45.6,600,500,0,0,0
03:45.8,599,500,0,0,0
03:46.0,599,500,0,0,0
03:46.2,599,500,0,0,0
03:46.4,599,500,0,0,0
03:46.6,599,500,0,0,0
03:46.8,599,500,0,0,0
03:47.0,599,500,0,0,0
03:47.2,599,500,0,0,0
03:47.4,599,500,0,0,0
03:47.6,599,500,0,0,0
03:47.8,599,500,0,0,0
03:48.0,599,500,0,0,0
03:48.2,599,500,0,0,0
03:48.4,599,500,0,0,0
03:48.6,599,500,0,0,0
03:48.8,599,500,0,0,0
03:49.0,599,500,0,0,0
03:49.2,599,500,0,0,0
03:49.4,599,500,0,0,0
03:49.6,599,500,0,0,0
03:49.8,599,500,0,0,0
03:50.0,599,500,0,0,0
03:50.2,599,500,0,0,0
03:50.4,599,500,0,0,0
03:50.6,599,500,0,0,0
03:50.8,599,500,0,0,0
03:51.0,599,500,0,0,0
03:51.2,599,500,0,0,0
03:51.4,599,500,0,0,0
03:51.6,599,500,0,0,0
03:51.8,599,500,0,0,0
03:52.0,599,500,0,0,0
03:52.2,599,500,0,0,0
03:52.4,599,500,0,0,0
03:52.6,598,500,0,0,0
03:52.8,598,500,0,0,0
03:53.0,598,500,0,0,0
03:53.2,598,500,0,0,0
03:53.4,598,500,0,0,0
03:53.6,598,500,0,0,0
03:53.8,598,500,0,0,0
03:54.0,598,500,0,0,0
03:54.2,598,500,0,0,0
03:54.4,597,500,0,0,0
03:54.6,597,500,0,0,0
03:54.8,597,500,0,0,0
03:55.0,597,500,0,0,0
03:55.2,597,500,0,0,0
03:55.4,596,500,0,0,0
03:55.6,596,500,0,0,0
03:55.8,596,500,0,0,0
03:56.0,596,500,0,0,0
03:56.2,595,500,0,0,0
03:56.4,595,500,0,0,0
03:56.6,595,500,0,0,0
03:56.8,594,500,0,0,0
03:57.0,594,500,0,0,0
03:57.2,594,500,0,0,0
03:57.4,594,500,0,0,0
03:57.6,593,500,0,0,0
03:57.8,593,500,0,0,0
03:58.0,593,500,0,0,0
03:58.2,593,500,0,0,0
03:58.4,592,500,0,0,0
03:58.6,592,500,0,0,0
03:58.8,592,500,0,0,0
03:59.0,592,500,0,0,0
03:59.2,591,500,0,0,0
03:59.4,591,500,0,0,0
03:59.6,591,500,0,0,0
03:59.8,591,500,0,0,0
04:00.0,590,500,0,0,0
04:00.2,590,500,0,0,0
04:00.4,590,500,0,0,0
04:00.6,590,500,0,0,0
04:00.8,589,500,0,0,0
04:01.0,589,500,0,0,0
04:01.2,589,500,0,0,0
04:01.4,589,500,0,0,0
04:01.6,588,500,0,0,0
04:01.8,588,500,0,0,0
04:02.0,588,500,0,0,0
04:02.2,588,500,0,0,0
04:02.4,588,500,0,0,0
04:02.6,587,500,0,0,0
04:02.8,587,500,0,0,0
04:03.0,587,500,0,0,0
04:03.2,587,500,0,0,0
04:03.4,587,500,0,0,0
04:03.6,587,500,0,0,0
04:03.8,587,500,0,0,0
04:04.0,587,500,0,0,0
04:04.2,587,500,0,0,0
04:04.4,587,500,0,0,0
04:04.6,586,500,0,0,0
04:04.8,586,500,0,0,0
04:05.0,586,500,0,0,0
04:05.2,586,500,0,0,0
04:05.4,586,500,0,0,0
04:05.6,586,500,0,0,0
04:05.8,586,500,0,0,0
04:06.0,586,500,0,0,0
04:06.2,586,500,0,0,0
04:06.4,586,500,0,0,0
04:06.6,586,500,0,0,0
04:06.8,586,500,0,0,0
04:07.0,586,500,0,0,0
04:07.2,586,500,0,0,0
04:07.4,585,500,0,0,0
04:07.6,585,500,0,0,0
04:07.8,585,500,0,0,0
04:08.0,585,500,0,0,0
04:08.2,585,500,0,0,0
04:08.4,585,500,0,0,0
04:08.6,585,500,0,0,0
04:08.8,584,500,0,0,0
04:09.0,584,500,0,0,0
04:09.2,584,500,0,0,0
04:09.4,584,500,0,0,0
04:09.6,584,500,0,0,0
04:09.8,583,500,0,0,0
04:10.0,583,500,0,0,0
04:10.2,583,500,0,0,0
04:10.4,583,500,0,0,0
04:10.6,583,500,0,0,0
04:10.8,583,500,0,0,0
04:11.0,583,500,0,0,0
04:11.2,583,500,0,0,0
04:11.4,582,500,0,0,0
04:11.6,582,500,0,0,0
04:11.8,582,500,0,0,0
04:12.0,582,500,0,0,0
04:12.2,582,500,0,0,0
04:12.4,582,500,0,0,0
04:12.6,582,500,0,0,0
04:12.8,582,500,0,0,0
04:13.0,581,500,0,0,0
04:13.2,581,500,0,0,0
04:13.4,581,500,0,0,0
04:13.6,581,500,0,0,0
04:13.8,581,500,0,0,0
04:14.0,581,500,0,0,0
04:14.2,581,500,0,0,0
04:14.4,581,500,0,0,0
04:14.6,581,500,0,0,0
04:14.8,581,500,0,0,0
04:15.0,580,500,0,0,0
04:15.2,580,500,0,0,0
04:15.4,580,500,0,0,0
04:15.6,580,500,0,0,0
04:15.8,580,500,0,0,0
04:16.0,580,500,0,0,0
04:16.2,580,500,0,0,0
04:16.4,580,500,0,0,0
04:16.6,580,500,0,0,0
04:16.8,580,500,0,0,0
04:17.0,579,500,0,0,0
04:17.2,579,500,0,0,0
04:17.4,579,500,0,0,0
04:17.6,579,500,0,0,0
04:17.8,579,500,0,0,0
04:18.0,579,500,0,0,0
04:18.2,579,500,0,0,0
04:18.4,579,500,0,0,0
04:18.6,579,500,0,0,0
04:18.8,579,500,0,0,0
04:19.0,578,500,0,0,0
04:19.2,578,500,0,0,0
04:19.4,578,500,0,0,0
04:19.5,578,500,0,0,0
04:19.7,578,500,0,0,0
04:20.0,578,500,0,0,0
04:20.2,578,500,0,0,0
04:20.4,577,500,0,0,0
04:20.5,577,500,0,0,0
04:20.7,577,500,0,0,0
04:20.9,577,500,0,0,0
04:21.1,577,500,0,0,0
04:21.3,576,500,0,0,0
04:21.5,576,500,0,0,0
04:21.8,576,500,0,0,0
04:22.0,576,500,0,0,0
04:22.1,576,500,0,0,0
04:22.3,576,500,0,0,0
04:22.5,575,500,0,0,0
04:22.7,575,500,0,0,0
04:22.9,575,500,0,0,0
04:23.1,575,500,0,0,0
04:23.4,575,500,0,0,0
04:23.5,575,500,0,0,0
04:23.7,574,500,0,0,0
04:23.9,574,500,0,0,0
04:24.1,574,500,0,0,0
04:24.3,574,500,0,0,0
04:24.5,574,500,0,0,0
04:24.7,574,500,0,0,0
04:24.9,573,500,0,0,0
04:25.1,573,500,0,0,0
04:25.3,573,500,0,0,0
04:25.5,573,500,0,0,0
04:25.7,573,500,0,0,0
04:25.9,573,500,0,0,0
04:26.1,573,500,0,0,0
04:26.3,573,500,0,0,0
04:26.5,573,500,0,0,0
04:26.7,573,500,0,0,0
04:26.9,574,500,0,0,0
04:27.1,574,500,0,0,0
04:27.3,574,500,0,0,0
04:27.5,574,500,0,0,0
04:27.7,575,500,0,0,0
04:27.9,575,500,0,0,0
04:28.1,575,500,0,0,0
04:28.3,576,500,0,0,0
04:28.5,576,500,0,0,0
04:28.7,576,500,0,0,0
04:28.9,576,500,0,0,0
04:29.1,576,500,0,0,0
04:29.3,577,500,0,0,0
04:29.5,577,500,0,0,0
04:29.7,577,500,0,0,0
04:29.9,577,500,0,0,0
04:30.1,577,500,0,0,0
04:30.3,577,500,0,0,0
04:30.5,577,500,0,0,0
04:30.7,578,500,0,0,0
04:30.9,578,500,0,0,0
04:31.1,578,500,0,0,0
04:31.3,578,500,0,0,0
04:31.5,578,500,0,0,0
04:31.7,579,500,0,0,0
04:31.9,579,500,0,0,0
04:32.1,579,500,0,0,0
04:32.3,579,500,0,0,0
04:32.5,579,500,0,0,0
04:32.7,580,500,0,0,0
04:32.9,580,500,0,0,0
04:33.1,580,500,0,0,0
04:33.3,580,500,0,0,0
04:33.5,580,500,0,0,0
04:33.7,580,500,0,0,0
04:33.9,580,500,0,0,0
04:34.1,581,500,0,0,0
04:34.3,581,500,0,0,0
04:34.5,581,500,0,0,0
04:34.7,581,500,0,0,0
04:34.9,581,500,0,0,0
04:35.1,581,500,0,0,0
04:35.3,581,500,0,0,0
04:35.5,582,500,0,0,0
04:35.7,582,500,0,0,0
04:35.9,582,500,0,0,0
04:36.1,582,500,0,0,0
04:36.3,582,500,0,0,0
04:36.5,582,500,0,0,0
04:36.7,582,500,0,0,0
04:36.9,582,500,0,0,0
04:37.1,582,500,0,0,0
04:37.3,583,500,0,0,0
04:37.5,583,500,0,0,0
04:37.7,583,500,0,0,0
04:37.9,583,500,0,0,0
04:38.1,583,500,0,0,0
04:38.3,583,500,0,0,0
04:38.5,583,500,0,0,0
04:38.7,583,500,0,0,0
04:38.9,583,500,0,0,0
04:39.1,583,500,0,0,0
04:39.3,584,500,0,0,0
04:39.5,584,500,0,0,0
04:39.7,584,500,0,0,0
04:39.9,583,500,0,0,0
04:40.1,583,500,0,0,0
04:40.3,583,500,0,0,0
04:40.5,583,500,0,0,0
04:40.7,583,500,0,0,0
04:40.9,583,500,0,0,0
04:41.1,583,500,0,0,0
04:41.3,583,500,0,0,0
04:41.5,583,500,0,0,0
04:41.7,583,500,0,0,0
04:41.9,583,500,0,0,0
04:42.1,583,500,0,0,0
04:42.3,583,500,0,0,0
04:42.5,583,500,0,0,0
04:42.7,583,500,0,0,0
04:42.9,583,500,0,0,0
04:43.1,583,500,0,0,0
04:43.3,583,500,0,0,0
04:43.5,583,500,0,0,0
04:43.7,583,500,0,0,0
04:43.9,583,500,0,0,0
04:44.1,583,500,0,0,0
04:44.3,583,500,0,0,0
04:44.5,583,500,0,0,0
04:44.7,583,500,0,0,0
04:44.9,583,500,0,0,0
04:45.1,583,500,0,0,0
04:45.3,583,500,0,0,0
04:45.5,583,500,0,0,0
04:45.7,583,500,0,0,0
04:45.9,583,500,0,0,0
04:46.1,583,500,0,0,0
04:46.3,582,500,0,0,0
04:46.5,582,500,0,0,0
04:46.7,582,500,0,0,0
04:46.9,582,500,0,0,0
04:47.1,582,500,0,0,0
04:47.3,582,500,0,0,0
04:47.5,582,500,0,0,0
04:47.7,582,500,0,0,0
04:47.9,582,500,0,0,0
04:48.1,582,500,0,0,0
04:48.3,582,500,0,0,0
04:48.5,582,500,0,0,0
04:48.7,582,500,0,0,0
04:48.9,582,500,0,0,0
04:49.1,582,500,0,0,0
04:49.3,582,500,0,0,0
04:49.5,582,500,0,0,0
04:49.7,582,500,0,0,0
04:49.9,582,500,0,0,0
04:50.1,582,500,0,0,0
04:50.3,582,500,0,0,0
04:50.5,582,500,0,0,0
04:50.7,582,500,0,0,0
04:50.9,582,500,0,0,0
04:51.1,582,500,0,0,0
04:51.3,582,500,0,0,0
04:51.5,582,500,0,0,0
04:51.7,582,500,0,0,0
04:51.9,582,500,0,0,0
04:52.1,582,500,0,0,0
04:52.3,582,500,0,0,0
04:52.5,582,500,0,0,0
04:52.7,582,500,0,0,0
04:52.9,582,500,0,0,0
04:53.1,582,500,0,0,0
04:53.3,582,500,0,0,0
04:53.5,581,500,0,0,0
04:53.7,581,500,0,0,0
04:53.9,581,500,0,0,0
04:54.1,581,500,0,0,0
04:54.3,581,500,0,0,0
04:54.5,581,500,0,0,0
04:54.7,581,500,0,0,0
04:54.9,581,500,0,0,0
04:55.1,581,500,0,0,0
04:55.3,581,500,0,0,0
04:55.5,581,500,0,0,0
04:55.7,581,500,0,0,0
04:55.9,581,500,0,0,0
04:56.1,581,500,0,0,0
04:56.3,581,500,0,0,0
04:56.5,581,500,0,0,0
04:56.7,581,500,0,0,0
04:56.9,581,500,0,0,0
04:57.1,581,500,0,0,0
04:57.3,581,500,0,0,0
04:57.5,581,500,0,0,0
04:57.7,581,500,0,0,0
04:57.9,581,500,0,0,0
04:58.1,581,500,0,0,0
04:58.3,581,500,0,0,0
04:58.5,581,500,0,0,0
04:58.6,581,500,0,0,0
04:58.9,581,500,0,0,0
04:59.1,581,500,0,0,0
04:59.3,581,500,0,0,0
04:59.5,581,500,0,0,0
04:59.7,582,500,0,0,0
04:59.8,582,500,0,0,0
05:00.1,582,500,0,0,0
05:00.3,582,500,0,0,0
05:00.5,582,500,0,0,0
05:00.6,582,500,0,0,0
05:00.8,582,500,0,0,0
05:01.0,582,500,0,0,0
05:01.2,582,500,0,0,0
05:01.4,582,500,0,0,0
05:01.6,582,500,0,0,0
05:01.9,582,500,0,0,0
05:02.0,582,500,0,0,0
05:02.2,582,500,0,0,0
05:02.4,582,500,0,0,0
05:02.6,582,500,0,0,0
05:02.8,582,500,0,0,0
05:03.0,582,500,0,0,0
05:03.2,582,500,0,0,0
05:03.4,582,500,0,0,0
05:03.6,582,500,0,0,0
05:03.8,582,500,0,0,0
05:04.0,582,500,0,0,0
05:04.2,582,500,0,0,0
05:04.4,582,500,0,0,0
05:04.6,582,500,0,0,0
05:04.8,582,500,0,0,0
05:05.0,582,500,0,0,0
05:05.2,582,500,0,0,0
05:05.4,582,500,0,0,0
05:05.6,582,500,0,0,0
05:05.8,583,500,0,0,0
05:06.0,583,500,0,0,0
05:06.2,583,500,0,0,0
05:06.4,583,500,0,0,0
05:06.6,583,500,0,0,0
05:06.8,583,500,0,0,0
05:07.0,583,500,0,0,0
05:07.2,583,500,0,0,0
05:07.4,583,500,0,0,0
05:07.6,583,500,0,0,0
05:07.8,583,500,0,0,0
05:08.0,583,500,0,0,0
05:08.2,583,500,0,0,0
05:08.4,583,500,0,0,0
05:08.6,583,500,0,0,0
05:08.8,583,500,0,0,0
05:09.0,583,500,0,0,0
05:09.2,583,500,0,0,0
05:09.4,583,500,0,0,0
05:09.6,583,500,0,0,0
05:09.8,584,500,0,0,0
05:10.0,584,500,0,0,0
05:10.2,584,500,0,0,0
05:10.4,584,500,0,0,0
05:10.6,584,500,0,0,0
05:10.8,584,500,0,0,0
05:11.0,584,500,0,0,0
05:11.2,584,500,0,0,0
05:11.4,584,500,0,0,0
05:11.6,584,500,0,0,0
05:11.8,584,500,0,0,0
05:12.0,584,500,0,0,0
05:12.2,584,500,0,0,0
05:12.4,584,500,0,0,0
05:12.6,584,500,0,0,0
05:12.8,584,500,0,0,0
05:13.0,584,500,0,0,0
05:13.2,584,500,0,0,0
05:13.4,585,500,0,0,0
05:13.6,585,500,0,0,0
05:13.8,585,500,0,0,0
05:14.0,585,500,0,0,0
05:14.2,585,500,0,0,0
05:14.4,585,500,0,0,0
05:14.6,585,500,0,0,0
05:14.8,585,500,0,0,0
05:15.0,585,500,0,0,0
05:15.2,585,500,0,0,0
05:15.4,585,500,0,0,0
05:15.6,585,500,0,0,0
05:15.8,585,500,0,0,0
05:16.0,585,500,0,0,0
05:16.2,585,500,0,0,0
05:16.4,585,500,0,0,0
05:16.6,586,500,0,0,0
05:16.8,586,500,0,0,0
05:17.0,586,500,0,0,0
05:17.2,586,500,0,0,0
05:17.4,586,500,0,0,0
05:17.6,586,500,0,0,0
05:17.8,586,500,0,0,0
05:18.0,586,500,0,0,0
05:18.2,586,500,0,0,0
05:18.4,586,500,0,0,0
05:18.6,586,500,0,0,0
05:18.8,586,500,0,0,0
05:19.0,586,500,0,0,0
05:19.2,586,500,0,0,0
05:19.4,586,500,0,0,0
05:19.6,586,500,0,0,0
05:19.8,586,500,0,0,0
05:20.0,586,500,0,0,0
05:20.2,586,500,0,0,0
05:20.4,587,500,0,0,0
05:20.6,587,500,0,0,0
05:20.8,587,500,0,0,0
05:21.0,587,500,0,0,0
05:21.2,587,500,0,0,0
05:21.4,587,500,0,0,0
05:21.6,587,500,0,0,0
05:21.8,587,500,0,0,0
05:22.0,587,500,0,0,0
05:22.2,587,500,0,0,0
05:22.4,587,500,0,0,0
05:22.6,587,500,0,0,0
05:22.8,587,500,0,0,0
05:23.0,587,500,0,0,0
05:23.2,588,500,0,0,0
05:23.4,588,500,0,0,0
05:23.6,588,500,0,0,0
05:23.8,588,500,0,0,0
05:24.0,588,500,0,0,0
05:24.2,588,500,0,0,0
05:24.4,588,500,0,0,0
05:24.6,588,500,0,0,0
05:24.8,588,500,0,0,0
05:25.0,588,500,0,0,0
05:25.2,588,500,0,0,0
05:25.4,588,500,0,0,0
05:25.6,588,500,0,0,0
05:25.8,589,500,0,0,0
05:26.0,589,500,0,0,0
05:26.2,589,500,0,0,0
05:26.4,589,500,0,0,0
05:26.6,589,500,0,0,0
05:26.8,589,500,0,0,0
05:27.0,589,500,0,0,0
05:27.2,589,500,0,0,0
05:27.4,589,500,0,0,0
05:27.6,589,500,0,0,0
05:27.8,589,500,0,0,0
05:28.0,589,500,0,0,0
05:28.2,589,500,0,0,0
05:28.4,589,500,0,0,0
05:28.6,589,500,0,0,0
05:28.8,589,500,0,0,0
05:29.0,590,500,0,0,0
05:29.2,590,500,0,0,0
05:29.4,590,500,0,0,0
05:29.6,590,500,0,0,0
05:29.8,590,500,0,0,0
05:30.0,590,500,0,0,0
05:30.2,590,500,0,0,0
05:30.4,590,500,0,0,0
05:30.6,590,500,0,0,0
05:30.8,590,500,0,0,0
05:31.0,591,500,0,0,0
05:31.2,591,500,0,0,0
05:31.4,591,500,0,0,0
05:31.6,591,500,0,0,0
05:31.8,591,500,0,0,0
05:32.0,591,500,0,0,0
05:32.2,591,500,0,0,0
05:32.4,591,500,0,0,0
05:32.6,591,500,0,0,0
05:32.8,591,500,0,0,0
05:33.0,591,500,0,0,0
05:33.2,591,500,0,0,0
05:33.4,592,500,0,0,0
05:33.6,592,500,0,0,0
05:33.8,592,500,0,0,0
05:34.0,592,500,0,0,0
05:34.2,592,500,0,0,0
05:34.4,592,500,0,0,0
05:34.6,592,500,0,0,0
05:34.8,592,500,0,0,0
05:35.0,592,500,0,0,0
05:35.2,592,500,0,0,0
05:35.4,592,500,0,0,0
05:35.6,592,500,0,0,0
05:35.8,593,500,0,0,0
05:36.0,593,500,0,0,0
05:36.2,593,500,0,0,0
05:36.4,593,500,0,0,0
05:36.6,593,500,0,0,0
05:36.8,593,500,0,0,0
05:37.0,593,500,0,0,0
05:37.2,593,500,0,0,0
05:37.4,593,500,0,0,0
05:37.6,593,500,0,0,0
05:37.8,593,500,0,0,0
05:38.0,593,500,0,0,0
05:38.2,593,500,0,0,0
05:38.3,593,500,0,0,0
05:38.5,593,500,0,0,0
05:38.7,593,500,0,0,0
05:38.9,594,500,0,0,0
05:39.1,594,500,0,0,0
05:39.4,594,500,0,0,0
05:39.6,594,500,0,0,0
05:39.7,594,500,0,0,0
05:39.9,594,500,0,0,0
05:40.1,594,500,0,0,0
05:40.3,594,500,0,0,0
05:40.5,594,500,0,0,0
05:40.7,594,500,0,0,0
05:40.9,594,500,0,0,0
05:41.1,594,500,0,0,0
05:41.3,594,500,0,0,0
05:41.5,594,500,0,0,0
05:41.7,594,500,0,0,0
05:41.9,594,500,0,0,0
05:42.1,594,500,0,0,0
05:42.3,594,500,0,0,0
05:42.5,594,500,0,0,0
05:42.7,594,500,0,0,0
05:42.9,595,500,0,0,0
05:43.1,595,500,0,0,0
05:43.3,595,500,0,0,0
05:43.5,595,500,0,0,0
05:43.7,595,500,0,0,0
05:43.9,595,500,0,0,0
05:44.1,595,500,0,0,0
05:44.3,595,500,0,0,0
05:44.5,595,500,0,0,0
05:44.7,595,500,0,0,0
05:44.9,595,500,0,0,0
05:45.1,595,500,0,0,0
05:45.3,595,500,0,0,0
05:45.5,595,500,0,0,0
05:45.7,595,500,0,0,0
05:45.9,596,500,0,0,0
05:46.1,596,500,0,0,0
05:46.3,596,500,0,0,0
05:46.5,596,500,0,0,0
05:46.7,596,500,0,0,0
05:46.9,596,500,0,0,0
05:47.1,596,500,0,0,0
05:47.3,596,500,0,0,0
05:47.5,596,500,0,0,0
05:47.7,596,500,0,0,0
05:47.9,596,500,0,0,0
05:48.1,596,500,0,0,0
05:48.3,596,500,0,0,0
05:48.5,597,500,0,0,0
05:48.7,597,500,0,0,0
05:48.9,597,500,0,0,0
05:49.1,597,500,0,0,0
05:49.3,597,500,0,0,0
05:49.5,597,500,0,0,0
05:49.7,597,500,0,0,0
05:49.9,597,500,0,0,0
05:50.1,597,500,0,0,0
05:50.3,597,500,0,0,0
05:50.5,597,500,0,0,0
05:50.7,597,500,0,0,0
05:50.9,597,500,0,0,0
05:51.1,597,500,0,0,0
05:51.3,597,500,0,0,0
05:51.5,597,500,0,0,0
05:51.7,598,500,0,0,0
05:51.9,598,500,0,0,0
05:52.1,598,500,0,0,0
05:52.3,598,500,0,0,0
05:52.5,598,500,0,0,0
05:52.7,598,500,0,0,0
05:52.9,598,500,0,0,0
05:53.1,598,500,0,0,0
05:53.3,598,500,0,0,0
05:53.5,598,500,0,0,0
05:53.7,598,500,0,0,0
05:53.9,598,500,0,0,0
05:54.1,598,500,0,0,0
05:54.3,598,500,0,0,0
05:54.5,599,500,0,0,0
05:54.7,599,500,0,0,0
05:54.9,599,500,0,0,0
05:55.1,599,500,0,0,0
05:55.3,599,500,0,0,0
05:55.5,599,500,0,0,0
05:55.7,599,500,0,0,0
05:55.9,599,500,0,0,0
05:56.1,599,500,0,0,0
05:56.3,599,500,0,0,0
05:56.5,599,500,0,0,0
05:56.7,599,500,0,0,0
05:56.9,599,500,0,0,0
05:57.1,599,500,0,0,0
05:57.3,599,500,0,0,0
05:57.5,599,500,0,0,0
05:57.7,599,500,0,0,0
05:57.9,600,500,0,0,0
05:58.1,600,500,0,0,0
05:58.3,600,500,0,0,0
05:58.5,600,500,0,0,0
05:58.7,600,500,0,0,0
05:58.9,600,500,0,0,0
05:59.1,600,500,0,0,0
05:59.3,600,500,0,0,0
05:59.5,599,500,0,0,0
05:59.7,599,500,0,0,0
05:59.9,599,500,0,0,0
06:00.1,599,500,0,0,0
06:00.3,599,500,0,0,0
06:00.5,598,500,0,0,0
06:00.7,598,500,0,0,0
06:00.9,598,500,0,0,0
06:01.1,598,500,0,0,0
06:01.3,598,500,0,0,0
06:01.5,598,500,0,0,0
06:01.7,597,500,0,0,0
06:01.9,597,500,0,0,0
06:02.1,597,500,0,0,0
06:02.3,597,500,0,0,0
06:02.5,597,500,0,0,0
06:02.7,596,500,0,0,0
06:02.9,596,500,0,0,0
06:03.1,595,500,0,0,0
06:03.3,595,500,0,0,0
06:03.5,595,500,0,0,0
06:03.7,594,500,0,0,0
06:03.9,594,500,0,0,0
06:04.1,594,500,0,0,0
06:04.3,593,500,0,0,0
06:04.5,593,500,0,0,0
06:04.7,593,500,0,0,0
06:04.9,593,500,0,0,0
06:05.1,592,500,0,0,0
06:05.3,592,500,0,0,0
06:05.5,592,500,0,0,0
06:05.7,591,500,0,0,0
06:05.9,591,500,0,0,0
06:06.1,591,500,0,0,0
06:06.3,591,500,0,0,0
06:06.5,591,500,0,0,0
06:06.7,591,500,0,0,0
06:06.9,590,500,0,0,0
06:07.1,590,500,0,0,0
06:07.3,590,500,0,0,0
06:07.5,590,500,0,0,0
06:07.7,590,500,0,0,0
06:07.9,589,500,0,0,0
06:08.1,589,500,0,0,0
06:08.3,589,500,0,0,0
06:08.5,589,500,0,0,0
06:08.7,589,500,0,0,0
06:08.9,588,500,0,0,0
06:09.1,588,500,0,0,0
06:09.3,588,500,0,0,0
06:09.5,588,500,0,0,0
06:09.7,588,500,0,0,0
06:09.9,588,500,0,0,0
06:10.1,588,500,0,0,0
06:10.3,587,500,0,0,0
06:10.5,587,500,0,0,0
06:10.7,587,500,0,0,0
06:10.9,587,500,0,0,0
06:11.1,587,500,0,0,0
06:11.3,587,500,0,0,0
06:11.5,587,500,0,0,0
06:11.7,587,500,0,0,0
06:11.9,587,500,0,0,0
06:12.1,587,500,0,0,0
06:12.3,587,500,0,0,0
06:12.5,587,500,0,0,0
06:12.7,587,500,0,0,0
06:12.9,587,500,0,0,0
06:13.1,587,500,0,0,0
06:13.3,587,500,0,0,0
06:13.5,587,500,0,0,0
06:13.7,587,500,0,0,0
06:13.9,587,500,0,0,0
06:14.1,587,500,0,0,0
06:14.3,587,500,0,0,0
06:14.5,587,500,0,0,0
06:14.7,587,500,0,0,0
06:14.9,587,500,0,0,0
06:15.1,588,500,0,0,0
06:15.3,588,500,0,0,0
06:15.5,588,500,0,0,0
06:15.6,588,500,0,0,0
06:15.8,588,500,0,0,0
06:16.0,588,500,0,0,0
06:16.3,588,500,0,0,0
06:16.5,588,500,0,0,0
06:16.7,588,500,0,0,0
06:16.9,588,500,0,0,0
06:17.1,588,500,0,0,0
06:17.2,588,500,0,0,0
06:17.4,588,500,0,0,0
06:17.6,588,500,0,0,0
06:17.8,588,500,0,0,0
06:18.0,588,500,0,0,0
06:18.2,588,500,0,0,0
06:18.4,588,500,0,0,0
06:18.6,588,500,0,0,0
06:18.9,588,500,0,0,0
06:19.0,588,500,0,0,0
06:19.2,588,500,0,0,0
06:19.4,589,500,0,0,0
06:19.6,589,500,0,0,0
06:19.8,589,500,0,0,0
06:20.0,589,500,0,0,0
06:20.2,589,500,0,0,0
06:20.4,589,500,0,0,0
06:20.6,589,500,0,0,0
06:20.8,589,500,0,0,0
06:21.0,589,500,0,0,0
06:21.2,589,500,0,0,0
06:21.4,589,500,0,0,0
06:21.6,589,500,0,0,0
06:21.8,589,500,0,0,0
06:22.0,589,500,0,0,0
06:22.2,589,500,0,0,0
06:22.4,589,500,0,0,0
06:22.6,589,500,0,0,0
06:22.8,589,500,0,0,0
06:23.0,589,500,0,0,0
06:23.2,589,500,0,0,0
06:23.4,589,500,0,0,0
06:23.6,590,500,0,0,0
06:23.8,590,500,0,0,0
06:24.0,590,500,0,0,0
06:24.2,590,500,0,0,0
06:24.4,590,500,0,0,0
06:24.6,590,500,0,0,0
06:24.8,590,500,0,0,0
06:25.0,590,500,0,0,0
06:25.2,590,500,0,0,0
06:25.4,590,500,0,0,0
06:25.6,590,500,0,0,0
06:25.8,590,500,0,0,0
06:26.0,590,500,0,0,0
06:26.2,590,500,0,0,0
06:26.4,590,500,0,0,0
06:26.6,590,500,0,0,0
06:26.8,590,500,0,0,0
06:27.0,590,500,0,0,0
06:27.2,590,500,0,0,0
06:27.4,591,500,0,0,0
06:27.6,591,500,0,0,0
06:27.8,591,500,0,0,0
06:28.0,591,500,0,0,0
06:28.2,591,500,0,0,0
06:28.4,591,500,0,0,0
06:28.6,591,500,0,0,0
06:28.8,591,500,0,0,0
06:29.0,591,500,0,0,0
06:29.2,591,500,0,0,0
06:29.4,591,500,0,0,0
06:29.6,591,500,0,0,0
06:29.8,591,500,0,0,0
06:30.0,591,500,0,0,0
06:30.2,591,500,0,0,0
06:30.4,591,500,0,0,0
06:30.6,591,500,0,0,0
06:30.8,591,500,0,0,0
06:31.0,591,500,0,0,0
06:31.2,592,500,0,0,0
06:31.4,592,500,0,0,0
06:31.6,592,500,0,0,0
06:31.8,592,500,0,0,0
06:32.0,592,500,0,0,0
06:32.2,592,500,0,0,0
06:32.4,592,500,0,0,0
06:32.6,592,500,0,0,0
06:32.8,592,500,0,0,0
06:33.0,592,500,0,0,0
06:33.2,592,500,0,0,0
06:33.4,592,500,0,0,0
06:33.6,592,500,0,0,0
06:33.8,592,500,0,0,0
06:34.0,592,500,0,0,0
06:34.2,592,500,0,0,0
06:34.4,592,500,0,0,0
06:34.6,592,500,0,0,0
06:34.8,592,500,0,0,0
06:35.0,592,500,0,0,0
06:35.2,592,500,0,0,0
06:35.4,592,500,0,0,0
06:35.6,592,500,0,0,0
06:35.8,592,500,0,0,0
06:36.0,592,500,0,0,0
06:36.2,592,500,0,0,0
06:36.4,592,500,0,0,0
06:36.6,592,500,0,0,0
06:36.8,592,500,0,0,0
06:37.0,592,500,0,0,0
06:37.2,592,500,0,0,0
06:37.4,592,500,0,0,0
06:37.6,592,500,0,0,0
06:37.8,592,500,0,0,0
06:38.0,592,500,0,0,0
06:38.2,592,500,0,0,0
06:38.4,592,500,0,0,0
06:38.6,592,500,0,0,0
06:38.8,592,500,0,0,0
06:39.0,592,500,0,0,0
06:39.2,592,500,0,0,0
06:39.4,592,500,0,0,0
06:39.6,592,500,0,0,0
06:39.8,592,500,0,0,0
06:40.0,592,500,0,0,0
06:40.2,592,500,0,0,0
06:40.4,592,500,0,0,0
06:40.6,592,500,0,0,0
06:40.8,592,500,0,0,0
06:41.0,592,500,0,0,0
06:41.2,592,500,0,0,0
06:41.4,592,500,0,0,0
06:41.6,592,500,0,0,0
06:41.8,592,500,0,0,0
06:42.0,592,500,0,0,0
06:42.2,592,500,0,0,0
06:42.4,592,500,0,0,0
06:42.6,592,500,0,0,0
06:42.8,592,500,0,0,0
06:43.0,592,500,0,0,0
06:43.2,592,500,0,0,0
06:43.4,592,500,0,0,0
06:43.6,592,500,0,0,0
06:43.8,592,500,0,0,0
06:44.0,592,500,0,0,0
06:44.2,592,500,0,0,0
06:44.4,592,500,0,0,0
06:44.6,592,500,0,0,0
06:44.8,592,500,0,0,0
06:45.0,592,500,0,0,0
06:45.2,592,500,0,0,0
06:45.4,592,500,0,0,0
06:45.6,592,500,0,0,0
06:45.8,592,500,0,0,0
06:46.0,592,500,0,0,0
06:46.2,592,500,0,0,0
06:46.4,592,500,0,0,0
06:46.6,592,500,0,0,0
06:46.8,592,500,0,0,0
06:47.0,592,500,0,0,0
06:47.2,592,500,0,0,0
06:47.4,592,500,0,0,0
06:47.6,592,500,0,0,0
06:47.8,592,500,0,0,0
06:48.0,592,500,0,0,0
06:48.2,592,500,0,0,0
06:48.4,592,500,0,0,0
06:48.6,592,500,0,0,0
06:48.8,592,500,0,0,0
06:49.0,592,500,0,0,0
06:49.2,592,500,0,0,0
06:49.4,592,500,0,0,0
06:49.6,592,500,0,0,0
06:49.8,592,500,0,0,0
06:50.0,592,500,0,0,0
06:50.2,592,500,0,0,0
06:50.4,592,500,0,0,0
06:50.6,592,500,0,0,0
06:50.8,592,500,0,0,0
06:51.0,592,500,0,0,0
06:51.2,592,500,0,0,0
06:51.4,592,500,0,0,0
06:51.6,592,500,0,0,0
06:51.8,592,500,0,0,0
06:52.0,592,500,0,0,0
06:52.2,592,500,0,0,0
06:52.4,592,500,0,0,0
06:52.6,592,500,0,0,0
06:52.8,592,500,0,0,0
06:53.0,592,500,0,0,0
06:53.2,591,500,0,0,0
06:53.4,591,500,0,0,0
06:53.6,591,500,0,0,0
06:53.8,591,500,0,0,0
06:54.0,591,500,0,0,0
06:54.2,591,500,0,0,0
06:54.4,591,500,0,0,0
06:54.6,591,500,0,0,0
06:54.8,591,500,0,0,0
06:55.0,591,500,0,0,0
06:55.2,591,500,0,0,0
06:55.4,591,500,0,0,0
06:55.6,591,500,0,0,0
06:55.8,591,500,0,0,0
06:55.9,591,500,0,0,0
06:56.1,591,500,0,0,0
06:56.3,591,500,0,0,0
06:56.5,591,500,0,0,0
06:56.7,591,500,0,0,0
06:56.9,591,500,0,0,0
06:57.2,591,500,0,0,0
06:57.4,591,500,0,0,0
06:57.5,591,500,0,0,0
06:57.7,591,500,0,0,0
06:57.9,591,500,0,0,0
06:58.1,591,500,0,0,0
06:58.3,591,500,0,0,0
06:58.5,591,500,0,0,0
06:58.7,591,500,0,0,0
06:58.9,590,500,0,0,0
06:59.1,590,500,0,0,0
06:59.3,590,500,0,0,0
06:59.5,590,500,0,0,0
06:59.7,590,500,0,0,0
06:59.9,590,500,0,0,0
07:00.1,590,500,0,0,0
07:00.3,590,500,0,0,0
07:00.5,590,500,0,0,0
07:00.7,590,500,0,0,0
07:00.9,590,500,0,0,0
07:01.1,590,500,0,0,0
07:01.3,590,500,0,0,0
07:01.5,590,500,0,0,0
07:01.7,590,500,0,0,0
07:01.9,590,500,0,0,0
07:02.1,590,500,0,0,0
07:02.3,590,500,0,0,0
07:02.5,590,500,0,0,0
07:02.7,590,500,0,0,0
07:02.9,590,500,0,0,0
07:03.1,590,500,0,0,0
07:03.3,590,500,0,0,0
07:03.5,590,500,0,0,0
07:03.7,590,500,0,0,0
07:03.9,589,500,0,0,0
07:04.1,589,500,0,0,0
07:04.3,589,500,0,0,0
07:04.5,589,500,0,0,0
07:04.7,589,500,0,0,0
07:04.9,589,500,0,0,0
07:05.1,589,500,0,0,0
07:05.3,589,500,0,0,0
07:05.5,588,500,0,0,0
07:05.7,588,500,0,0,0
07:05.9,588,500,0,0,0
07:06.1,588,500,0,0,0
07:06.3,588,500,0,0,0
07:06.5,588,500,0,0,0
07:06.7,588,500,0,0,0
07:06.9,588,500,0,0,0
07:07.1,588,500,0,0,0
07:07.3,588,500,0,0,0
07:07.5,588,500,0,0,0
07:07.7,587,500,0,0,0
07:07.9,587,500,0,0,0
07:08.1,587,500,0,0,0
07:08.3,587,500,0,0,0
07:08.5,587,500,0,0,0
07:08.7,587,500,0,0,0
07:08.9,587,500,0,0,0
07:09.1,587,500,0,0,0
07:09.3,587,500,0,0,0
07:09.5,587,500,0,0,0
07:09.7,587,500,0,0,0
07:09.9,586,500,0,0,0
07:10.1,586,500,0,0,0
07:10.3,586,500,0,0,0
07:10.5,586,500,0,0,0
07:10.7,586,500,0,0,0
07:10.9,586,500,0,0,0
07:11.1,586,500,0,0,0
07:11.3,586,500,0,0,0
07:11.5,586,500,0,0,0
07:11.7,586,500,0,0,0
07:11.9,586,500,0,0,0
07:12.1,586,500,0,0,0
07:12.3,586,500,0,0,0
07:12.5,586,500,0,0,0
07:12.7,586,500,0,0,0
07:12.9,586,500,0,0,0
07:13.1,586,500,0,0,0
07:13.3,586,500,0,0,0
07:13.5,586,500,0,0,0
07:13.7,586,500,0,0,0
07:13.9,585,500,0,0,0
07:14.1,585,500,0,0,0
07:14.3,585,500,0,0,0
07:14.5,585,500,0,0,0
07:14.7,585,500,0,0,0
07:14.9,585,500,0,0,0
07:15.1,585,500,0,0,0
07:15.3,585,500,0,0,0
07:15.5,585,500,0,0,0
07:15.7,585,500,0,0,0
07:15.9,584,500,0,0,0
07:16.1,584,500,0,0,0
07:16.3,584,500,0,0,0
07:16.5,584,500,0,0,0
07:16.7,584,500,0,0,0
07:16.9,584,500,0,0,0
07:17.1,584,500,0,0,0
07:17.3,584,500,0,0,0
07:17.5,584,500,0,0,0
07:17.7,584,500,0,0,0
07:17.9,583,500,0,0,0
07:18.1,583,500,0,0,0
07:18.3,583,500,0,0,0
07:18.5,583,500,0,0,0
07:18.7,583,500,0,0,0
07:18.9,583,500,0,0,0
07:19.1,583,500,0,0,0
07:19.3,583,500,0,0,0
07:19.5,583,500,0,0,0
07:19.7,582,500,0,0,0
07:19.9,582,500,0,0,0
07:20.1,582,500,0,0,0
07:20.3,582,500,0,0,0
07:20.5,582,500,0,0,0
07:20.7,582,500,0,0,0
07:20.9,582,500,0,0,0
07:21.1,582,500,0,0,0
07:21.3,582,500,0,0,0
07:21.5,581,500,0,0,0
07:21.7,581,500,0,0,0
07:21.9,581,500,0,0,0
07:22.1,581,500,0,0,0
07:22.3,581,500,0,0,0
07:22.5,581,500,0,0,0
07:22.7,581,500,0,0,0
07:22.9,581,500,0,0,0
07:23.1,581,500,0,0,0
07:23.3,581,500,0,0,0
07:23.5,581,500,0,0,0
07:23.7,580,500,0,0,0
07:23.9,580,500,0,0,0
07:24.1,580,500,0,0,0
07:24.3,580,500,0,0,0
07:24.5,580,500,0,0,0
07:24.7,580,500,0,0,0
07:24.9,580,500,0,0,0
07:25.1,580,500,0,0,0
07:25.3,579,500,0,0,0
07:25.5,579,500,0,0,0
07:25.7,579,500,0,0,0
07:25.9,579,500,0,0,0
07:26.1,579,500,0,0,0
07:26.3,579,500,0,0,0
07:26.5,579,500,0,0,0
07:26.7,579,500,0,0,0
07:26.9,579,500,0,0,0
07:27.1,577,500,0,0,0
07:27.3,577,500,0,0,0
07:27.5,577,500,0,0,0
07:27.7,577,500,0,0,0
07:27.9,577,500,0,0,0
07:28.1,577,500,0,0,0
07:28.3,577,500,0,0,0
07:28.5,577,500,0,0,0
07:28.7,577,500,0,0,0
07:28.9,577,500,0,0,0
07:29.1,577,500,0,0,0
07:29.3,577,500,0,0,0
07:29.5,577,500,0,0,0
07:29.7,577,500,0,0,0
07:29.9,577,500,0,0,0
07:30.1,576,500,0,0,0
07:30.3,576,500,0,0,0
07:30.5,576,500,0,0,0
07:30.7,576,500,0,0,0
07:30.9,576,500,0,0,0
07:31.1,576,500,0,0,0
07:31.3,576,500,0,0,0
07:31.5,576,500,0,0,0
07:31.7,576,500,0,0,0
07:31.9,576,500,0,0,0
07:32.1,576,500,0,0,0
07:32.3,575,500,0,0,0
07:32.5,575,500,0,0,0
07:32.7,575,500,0,0,0
07:32.9,575,500,0,0,0
07:33.1,575,500,0,0,0
07:33.3,575,500,0,0,0
07:33.5,575,500,0,0,0
07:33.7,575,500,0,0,0
07:33.9,575,500,0,0,0
07:34.1,574,500,0,0,0
07:34.3,574,500,0,0,0
07:34.5,574,500,0,0,0
07:34.7,574,500,0,0,0
07:34.9,574,500,0,0,0
07:35.0,574,500,0,0,0
07:35.2,574,500,0,0,0
07:35.5,574,500,0,0,0
07:35.7,574,500,0,0,0
07:35.9,573,500,0,0,0
07:36.0,573,500,0,0,0
07:36.2,573,500,0,0,0
07:36.4,573,500,0,0,0
07:36.6,573,500,0,0,0
07:36.8,573,500,0,0,0
07:37.0,573,500,0,0,0
07:37.2,573,500,0,0,0
07:37.4,573,500,0,0,0
07:37.6,573,500,0,0,0
07:37.8,572,500,0,0,0
07:38.0,572,500,0,0,0
07:38.2,572,500,0,0,0
07:38.4,572,500,0,0,0
07:38.6,572,500,0,0,0
07:38.8,572,500,0,0,0
07:39.0,572,500,0,0,0
07:39.2,572,500,0,0,0
07:39.4,572,500,0,0,0
07:39.6,572,500,0,0,0
07:39.8,572,500,0,0,0
07:40.0,571,500,0,0,0
07:40.2,571,500,0,0,0
07:40.4,571,500,0,0,0
07:40.6,571,500,0,0,0
07:40.8,571,500,0,0,0
07:41.0,571,500,0,0,0
07:41.2,571,500,0,0,0
07:41.4,571,500,0,0,0
07:41.6,571,500,0,0,0
07:41.8,571,500,0,0,0
07:42.0,571,500,0,0,0
07:42.2,571,500,0,0,0
07:42.4,571,500,0,0,0
07:42.6,570,500,0,0,0
07:42.8,570,500,0,0,0
07:43.0,570,500,0,0,0
07:43.2,570,500,0,0,0
07:43.4,570,500,0,0,0
07:43.6,570,500,0,0,0
07:43.8,570,500,0,0,0
07:44.0,570,500,0,0,0
07:44.2,570,500,0,0,0
07:44.4,570,500,0,0,0
07:44.6,570,500,0,0,0
07:44.8,570,500,0,0,0
07:45.0,570,500,0,0,0
07:45.2,569,500,0,0,0
07:45.4,569,500,0,0,0
07:45.6,569,500,0,0,0
07:45.8,569,500,0,0,0
07:46.0,569,500,0,0,0
07:46.2,569,500,0,0,0
07:46.4,569,500,0,0,0
07:46.6,569,500,0,0,0
07:46.8,569,500,0,0,0
07:47.0,569,500,0,0,0
07:47.2,569,500,0,0,0
07:47.4,569,500,0,0,0
07:47.6,569,500,0,0,0
07:47.8,568,500,0,0,0
07:48.0,568,500,0,0,0
07:48.2,568,500,0,0,0
07:48.4,568,500,0,0,0
07:48.6,568,500,0,0,0
07:48.8,568,500,0,0,0
07:49.0,568,500,0,0,0
07:49.2,568,500,0,0,0
07:49.4,568,500,0,0,0
07:49.6,568,500,0,0,0
07:49.8,568,500,0,0,0
07:50.0,568,500,0,0,0
07:50.2,567,500,0,0,0
07:50.4,567,500,0,0,0
07:50.6,567,500,0,0,0
07:50.8,567,500,0,0,0
07:51.0,567,500,0,0,0
07:51.2,567,500,0,0,0
07:51.4,567,500,0,0,0
07:51.6,567,500,0,0,0
07:51.8,567,500,0,0,0
07:52.0,567,500,0,0,0
07:52.2,567,500,0,0,0
07:52.4,567,500,0,0,0
07:52.6,567,500,0,0,0
07:52.8,567,500,0,0,0
07:53.0,567,500,0,0,0
07:53.2,567,500,0,0,0
07:53.4,566,500,0,0,0
07:53.6,566,500,0,0,0
07:53.8,566,500,0,0,0
07:54.0,566,500,0,0,0
07:54.2,566,500,0,0,0
07:54.4,566,500,0,0,0
07:54.6,566,500,0,0,0
07:54.8,566,500,0,0,0
07:55.0,566,500,0,0,0
07:55.2,566,500,0,0,0
07:55.4,566,500,0,0,0
07:55.6,566,500,0,0,0
07:55.8,566,500,0,0,0
07:56.0,566,500,0,0,0
07:56.2,565,500,0,0,0
07:56.4,565,500,0,0,0
07:56.6,565,500,0,0,0
07:56.8,565,500,0,0,0
07:57.0,565,500,0,0,0
07:57.2,565,500,0,0,0
07:57.4,565,500,0,0,0
07:57.6,565,500,0,0,0
07:57.8,565,500,0,0,0
07:58.0,565,500,0,0,0
07:58.2,565,500,0,0,0
07:58.4,565,500,0,0,0
07:58.6,565,500,0,0,0
07:58.8,565,500,0,0,0
07:59.0,565,500,0,0,0
07:59.2,565,500,0,0,0
07:59.4,565,500,0,0,0
07:59.6,565,500,0,0,0
07:59.8,564,500,0,0,0
08:00.0,564,500,0,0,0
08:00.2,564,500,0,0,0
08:00.4,564,500,0,0,0
08:00.6,564,500,0,0,0
08:00.8,564,500,0,0,0
08:01.0,564,500,0,0,0
08:01.2,564,500,0,0,0
08:01.4,564,500,0,0,0
08:01.6,564,500,0,0,0
08:01.8,564,500,0,0,0
08:02.0,564,500,0,0,0
08:02.2,564,500,0,0,0
08:02.4,564,500,0,0,0
08:02.6,563,500,0,0,0
08:02.8,563,500,0,0,0
08:03.0,563,500,0,0,0
08:03.2,563,500,0,0,0
08:03.4,563,500,0,0,0
08:03.6,563,500,0,0,0
08:03.8,563,500,0,0,0
08:04.0,563,500,0,0,0
08:04.2,563,500,0,0,0
08:04.4,563,500,0,0,0
08:04.6,563,500,0,0,0
08:04.8,563,500,0,0,0
08:05.0,562,500,0,0,0
08:05.2,562,500,0,0,0
08:05.4,562,500,0,0,0
08:05.6,562,500,0,0,0
08:05.8,562,500,0,0,0
08:06.0,562,500,0,0,0
08:06.2,562,500,0,0,0
08:06.4,562,500,0,0,0
08:06.6,562,500,0,0,0
08:06.8,562,500,0,0,0
08:07.0,562,500,0,0,0
08:07.2,562,500,0,0,0
08:07.4,562,500,0,0,0
08:07.6,562,500,0,0,0
08:07.8,562,500,0,0,0
08:08.0,561,500,0,0,0
08:08.2,561,500,0,0,0
08:08.4,561,500,0,0,0
08:08.6,561,500,0,0,0
08:08.8,561,500,0,0,0
08:09.0,561,500,0,0,0
08:09.2,561,500,0,0,0
08:09.4,561,500,0,0,0
08:09.6,561,500,0,0,0
08:09.8,561,500,0,0,0
08:10.0,561,500,0,0,0
08:10.2,561,500,0,0,0
08:10.4,561,500,0,0,0
08:10.6,561,500,0,0,0
08:10.8,560,500,0,0,0
08:11.0,560,500,0,0,0
08:11.2,560,500,0,0,0
08:11.4,560,500,0,0,0
08:11.6,560,500,0,0,0
08:11.8,560,500,0,0,0
08:12.0,560,500,0,0,0
08:12.2,560,500,0,0,0
08:12.4,560,500,0,0,0
08:12.6,560,500,0,0,0
08:12.8,560,500,0,0,0
08:13.0,560,500,0,0,0
08:13.2,560,500,0,0,0
08:13.4,560,500,0,0,0
08:13.6,560,500,0,0,0
08:13.8,560,500,0,0,0
08:14.0,560,500,0,0,0
08:14.2,560,500,0,0,0
08:14.4,560,500,0,0,0
08:14.5,560,500,0,0,0
08:14.7,559,500,0,0,0
08:14.9,559,500,0,0,0
08:15.1,559,500,0,0,0
08:15.3,559,500,0,0,0
08:15.6,559,500,0,0,0
08:15.8,559,500,0,0,0
08:16.0,559,500,0,0,0
08:16.2,559,500,0,0,0
08:16.3,559,500,0,0,0
08:16.5,559,500,0,0,0
08:16.7,559,500,0,0,0
08:16.9,559,500,0,0,0
08:17.1,559,500,0,0,0
08:17.3,559,500,0,0,0
08:17.6,559,500,0,0,0
08:17.7,558,500,0,0,0
08:17.9,558,500,0,0,0
08:18.1,558,500,0,0,0
08:18.3,558,500,0,0,0
08:18.5,558,500,0,0,0
08:18.7,558,500,0,0,0
08:18.9,558,500,0,0,0
08:19.1,558,500,0,0,0
08:19.3,558,500,0,0,0
08:19.5,558,500,0,0,0
08:19.7,558,500,0,0,0
08:19.9,558,500,0,0,0
08:20.1,558,500,0,0,0
08:20.3,558,500,0,0,0
08:20.5,557,500,0,0,0
08:20.7,557,500,0,0,0
08:20.9,557,500,0,0,0
08:21.1,557,500,0,0,0
08:21.3,557,500,0,0,0
08:21.5,557,500,0,0,0
08:21.7,557,500,0,0,0
08:21.9,557,500,0,0,0
08:22.1,557,500,0,0,0
08:22.3,557,500,0,0,0
08:22.5,557,500,0,0,0
08:22.7,557,500,0,0,0
08:22.9,557,500,0,0,0
08:23.1,557,500,0,0,0
08:23.3,557,500,0,0,0
08:23.5,557,500,0,0,0
08:23.7,557,500,0,0,0
08:23.9,556,500,0,0,0
08:24.1,556,500,0,0,0
08:24.3,556,500,0,0,0
08:24.5,556,500,0,0,0
08:24.7,556,500,0,0,0
08:24.9,556,500,0,0,0
08:25.1,556,500,0,0,0
08:25.3,556,500,0,0,0
08:25.5,556,500,0,0,0
08:25.7,556,500,0,0,0
08:25.9,556,500,0,0,0
08:26.1,556,500,0,0,0
08:26.3,556,500,0,0,0
08:26.5,556,500,0,0,0
08:26.7,556,500,0,0,0
08:26.9,556,500,0,0,0
08:27.1,556,500,0,0,0
08:27.3,556,500,0,0,0
08:27.5,556,500,0,0,0
08:27.7,556,500,0,0,0
08:27.9,555,500,0,0,0
08:28.1,555,500,0,0,0
08:28.3,555,500,0,0,0
08:28.5,555,500,0,0,0
08:28.7,555,500,0,0,0
08:28.9,555,500,0,0,0
08:29.1,555,500,0,0,0
08:29.3,555,500,0,0,0
08:29.5,555,500,0,0,0
08:29.7,555,500,0,0,0
08:29.9,555,500,0,0,0
08:30.1,555,500,0,0,0
08:30.3,555,500,0,0,0
08:30.5,555,500,0,0,0
08:30.7,555,500,0,0,0
08:30.9,555,500,0,0,0
08:31.1,555,500,0,0,0
08:31.3,555,500,0,0,0
08:31.5,555,500,0,0,0
08:31.7,555,500,0,0,0
08:31.9,555,500,0,0,0
08:32.1,555,500,0,0,0
08:32.3,555,500,0,0,0
08:32.5,555,500,0,0,0
08:32.7,555,500,0,0,0
08:32.9,555,500,0,0,0
08:33.1,555,500,0,0,0
08:33.3,554,500,0,0,0
08:33.5,554,500,0,0,0
08:33.7,554,500,0,0,0
08:33.9,554,500,0,0,0
08:34.1,554,500,0,0,0
08:34.3,554,500,0,0,0
08:34.5,554,500,0,0,0
08:34.7,554,500,0,0,0
08:34.9,554,500,0,0,0
08:35.1,554,500,0,0,0
08:35.3,554,500,0,0,0
08:35.5,554,500,0,0,0
08:35.7,554,500,0,0,0
08:35.9,554,500,0,0,0
08:36.1,554,500,0,0,0
08:36.3,554,500,0,0,0
08:36.5,554,500,0,0,0
08:36.7,554,500,0,0,0
08:36.9,553,500,0,0,0
08:37.1,553,500,0,0,0
08:37.3,553,500,0,0,0
08:37.5,553,500,0,0,0
08:37.7,553,500,0,0,0
08:37.9,553,500,0,0,0
08:38.1,553,500,0,0,0
08:38.3,553,500,0,0,0
08:38.5,553,500,0,0,0
08:38.7,553,500,0,0,0
08:38.9,553,500,0,0,0
08:39.1,553,500,0,0,0
08:39.3,553,500,0,0,0
08:39.5,553,500,0,0,0
08:39.7,553,500,0,0,0
08:39.9,553,500,0,0,0
08:40.1,553,500,0,0,0
08:40.3,553,500,0,0,0
08:40.5,553,500,0,0,0
08:40.7,553,500,0,0,0
08:40.9,553,500,0,0,0
08:41.1,553,500,0,0,0
08:41.3,552,500,0,0,0
08:41.5,552,500,0,0,0
08:41.7,552,500,0,0,0
08:41.9,552,500,0,0,0
08:42.1,552,500,0,0,0
08:42.3,552,500,0,0,0
08:42.5,552,500,0,0,0
08:42.7,552,500,0,0,0
08:42.9,552,500,0,0,0
08:43.1,552,500,0,0,0
08:43.3,552,500,0,0,0
08:43.5,552,500,0,0,0
08:43.7,552,500,0,0,0
08:43.9,552,500,0,0,0
08:44.1,552,500,0,0,0
08:44.3,552,500,0,0,0
08:44.5,552,500,0,0,0
08:44.7,552,500,0,0,0
08:44.9,552,500,0,0,0
08:45.1,552,500,0,0,0
08:45.3,552,500,0,0,0
08:45.5,552,500,0,0,0
08:45.7,552,500,0,0,0
08:45.9,552,500,0,0,0
08:46.1,551,500,0,0,0
08:46.3,551,500,0,0,0
08:46.5,551,500,0,0,0
08:46.7,551,500,0,0,0
08:46.9,551,500,0,0,0
08:47.1,551,500,0,0,0
08:47.3,551,500,0,0,0
08:47.5,551,500,0,0,0
08:47.7,551,500,0,0,0
08:47.9,551,500,0,0,0
08:48.1,551,500,0,0,0
08:48.3,551,500,0,0,0
08:48.5,551,500,0,0,0
08:48.7,551,500,0,0,0
08:48.9,551,500,0,0,0
08:49.1,551,500,0,0,0
08:49.3,551,500,0,0,0
08:49.5,551,500,0,0,0
08:49.7,551,500,0,0,0
08:49.9,551,500,0,0,0
08:50.1,551,500,0,0,0
08:50.3,551,500,0,0,0
08:50.5,551,500,0,0,0
08:50.7,551,500,0,0,0
08:50.9,551,500,0,0,0
08:51.1,551,500,0,0,0
08:51.3,550,500,0,0,0
08:51.5,550,500,0,0,0
08:51.7,550,500,0,0,0
08:51.9,550,500,0,0,0
08:52.1,550,500,0,0,0
08:52.3,550,500,0,0,0
08:52.5,550,500,0,0,0
08:52.7,550,500,0,0,0
08:52.9,550,500,0,0,0
08:53.1,550,500,0,0,0
08:53.3,550,500,0,0,0
08:53.5,550,500,0,0,0
08:53.7,550,500,0,0,0
08:53.9,550,500,0,0,0
08:54.1,550,500,0,0,0
08:54.3,550,500,0,0,0
08:54.5,550,500,0,0,0
08:54.7,550,500,0,0,0
08:54.9,550,500,0,0,0
08:55.1,550,500,0,0,0
08:55.2,550,500,0,0,0
08:55.4,550,500,0,0,0
08:55.7,550,500,0,0,0
08:55.9,550,500,0,0,0
08:56.1,550,500,0,0,0
08:56.2,550,500,0,0,0
08:56.4,550,500,0,0,0
08:56.6,550,500,0,0,0
08:56.8,550,500,0,0,0
08:57.0,550,500,0,0,0
08:57.2,550,500,0,0,0
08:57.4,550,500,0,0,0
08:57.6,550,500,0,0,0
08:57.8,550,500,0,0,0
08:58.0,550,500,0,0,0
08:58.2,550,500,0,0,0
08:58.4,550,500,0,0,0
08:58.6,550,500,0,0,0
08:58.8,550,500,0,0,0
08:59.0,550,500,0,0,0
08:59.2,550,500,0,0,0
08:59.4,550,500,0,0,0
08:59.6,550,500,0,0,0
08:59.8,550,500,0,0,0
09:00.0,550,500,0,0,0
09:00.2,550,500,0,0,0
09:00.4,550,500,0,0,0
09:00.6,550,500,0,0,0
09:00.8,550,500,0,0,0
09:01.0,550,500,0,0,0
09:01.2,550,500,0,0,0
09:01.4,550,500,0,0,0
09:01.6,550,500,0,0,0
09:01.8,550,500,0,0,0
09:02.0,550,500,0,0,0
09:02.2,550,500,0,0,0
09:02.4,550,500,0,0,0
09:02.6,550,500,0,0,0
09:02.8,550,500,0,0,0
09:03.0,550,500,0,0,0
09:03.2,550,500,0,0,0
09:03.4,550,500,0,0,0
09:03.6,550,500,0,0,0
09:03.8,550,500,0,0,0
09:04.0,550,500,0,0,0
09:04.2,550,500,0,0,0
09:04.4,550,500,0,0,0
09:04.6,550,500,0,0,0
09:04.8,550,500,0,0,0
09:05.0,550,500,0,0,0
09:05.2,550,500,0,0,0
09:05.4,550,500,0,0,0
09:05.6,550,500,0,0,0
09:05.8,550,500,0,0,0
09:06.0,550,500,0,0,0
09:06.2,550,500,0,0,0
09:06.4,550,500,0,0,0
09:06.6,550,500,0,0,0
09:06.8,550,500,0,0,0
09:07.0,550,500,0,0,0
09:07.2,550,500,0,0,0
09:07.4,550,500,0,0,0
09:07.6,550,500,0,0,0
09:07.8,550,500,0,0,0
09:08.0,550,500,0,0,0
09:08.2,550,500,0,0,0
09:08.4,550,500,0,0,0
09:08.6,550,500,0,0,0
09:08.8,550,500,0,0,0
09:09.0,550,500,0,0,0
09:09.2,550,500,0,0,0
09:09.4,550,500,0,0,0
09:09.6,550,500,0,0,0
09:09.8,550,500,0,0,0
09:10.0,550,500,0,0,0
09:10.2,550,500,0,0,0
09:10.4,550,500,0,0,0
09:10.6,550,500,0,0,0
09:10.8,550,500,0,0,0
09:11.0,550,500,0,0,0
09:11.2,550,500,0,0,0
09:11.4,550,500,0,0,0
09:11.6,551,500,0,0,0
09:11.8,551,500,0,0,0
09:12.0,551,500,0,0,0
09:12.2,551,500,0,0,0
09:12.4,551,500,0,0,0
09:12.6,551,500,0,0,0
09:12.8,551,500,0,0,0
09:13.0,551,500,0,0,0
09:13.2,551,500,0,0,0
09:13.4,551,500,0,0,0
09:13.6,551,500,0,0,0
09:13.8,551,500,0,0,0
09:14.0,551,500,0,0,0
09:14.2,551,500,0,0,0
09:14.4,551,500,0,0,0
09:14.6,551,500,0,0,0
09:14.8,551,500,0,0,0
09:15.0,551,500,0,0,0
09:15.2,551,500,0,0,0
09:15.4,551,500,0,0,0
09:15.6,551,500,0,0,0
09:15.8,551,500,0,0,0
09:16.0,551,500,0,0,0
09:16.2,551,500,0,0,0
09:16.4,551,500,0,0,0
09:16.6,551,500,0,0,0
09:16.8,551,500,0,0,0
09:17.0,551,500,0,0,0
09:17.2,551,500,0,0,0
09:17.4,551,500,0,0,0
09:17.6,551,500,0,0,0
09:17.8,551,500,0,0,0
09:18.0,551,500,0,0,0
09:18.2,551,500,0,0,0
09:18.4,551,500,0,0,0
09:18.6,551,500,0,0,0
09:18.8,551,500,0,0,0
09:19.0,551,500,0,0,0
09:19.2,551,500,0,0,0
09:19.4,551,500,0,0,0
09:19.6,551,500,0,0,0
09:19.8,552,500,0,0,0
09:20.0,552,500,0,0,0
09:20.2,552,500,0,0,0
09:20.4,552,500,0,0,0
09:20.6,552,500,0,0,0
09:20.8,552,500,0,0,0
09:21.0,552,500,0,0,0
09:21.2,552,500,0,0,0
09:21.5,552,500,0,0,0
09:21.6,552,500,0,0,0
09:21.8,552,500,0,0,0
09:22.0,552,500,0,0,0
09:22.2,552,500,0,0,0
09:22.4,552,500,0,0,0
09:22.6,552,500,0,0,0
09:22.8,552,500,0,0,0
09:23.0,552,500,0,0,0
09:23.2,552,500,0,0,0
09:23.4,552,500,0,0,0
09:23.6,552,500,0,0,0
09:23.8,552,500,0,0,0
09:24.0,552,500,0,0,0
09:24.2,553,500,0,0,0
09:24.4,553,500,0,0,0
09:24.6,553,500,0,0,0
09:24.8,553,500,0,0,0
09:25.0,553,500,0,0,0
09:25.2,553,500,0,0,0
09:25.4,553,500,0,0,0
09:25.6,553,500,0,0,0
09:25.8,553,500,0,0,0
09:26.0,553,500,0,0,0
09:26.2,553,500,0,0,0
09:26.4,553,500,0,0,0
09:26.6,553,500,0,0,0
09:26.8,553,500,0,0,0
09:27.0,553,500,0,0,0
09:27.2,553,500,0,0,0
09:27.4,553,500,0,0,0
09:27.6,553,500,0,0,0
09:27.8,553,500,0,0,0
09:28.0,553,500,0,0,0
09:28.2,553,500,0,0,0
09:28.4,553,500,0,0,0
09:28.6,553,500,0,0,0
09:28.8,554,500,0,0,0
09:29.0,554,500,0,0,0
09:29.2,554,500,0,0,0
09:29.4,554,500,0,0,0
09:29.6,554,500,0,0,0
09:29.8,554,500,0,0,0
09:30.0,554,500,0,0,0
09:30.2,554,500,0,0,0
09:30.4,554,500,0,0,0
09:30.6,554,500,0,0,0
09:30.8,554,500,0,0,0
09:31.0,554,500,0,0,0
09:31.2,554,500,0,0,0
09:31.4,554,500,0,0,0
09:31.6,554,500,0,0,0
09:31.8,554,500,0,0,0
09:32.0,554,500,0,0,0
09:32.2,554,500,0,0,0
09:32.4,554,500,0,0,0
09:32.6,554,500,0,0,0
09:32.8,554,500,0,0,0
09:33.0,554,500,0,0,0
09:33.2,554,500,0,0,0
09:33.4,554,500,0,0,0
09:33.6,555,500,0,0,0
09:33.8,555,500,0,0,0
09:34.0,555,500,0,0,0
09:34.1,555,500,0,0,0
09:34.3,555,500,0,0,0
09:34.6,555,500,0,0,0
09:34.8,555,500,0,0,0
09:35.0,555,500,0,0,0
09:35.2,555,500,0,0,0
09:35.3,555,500,0,0,0
09:35.5,555,500,0,0,0
09:35.7,555,500,0,0,0
09:36.0,556,500,0,0,0
09:36.2,556,500,0,0,0
09:36.4,556,500,0,0,0
09:36.5,556,500,0,0,0
09:36.7,556,500,0,0,0
09:36.9,556,500,0,0,0
09:37.1,556,500,0,0,0
09:37.3,556,500,0,0,0
09:37.5,556,500,0,0,0
09:37.7,556,500,0,0,0
09:37.9,556,500,0,0,0
09:38.2,556,500,0,0,0
09:38.3,556,500,0,0,0
09:38.5,556,500,0,0,0
09:38.7,556,500,0,0,0
09:38.9,556,500,0,0,0
09:39.1,557,500,0,0,0
09:39.3,557,500,0,0,0
09:39.5,558,500,0,0,0
09:39.7,558,500,0,0,0
09:39.9,558,500,0,0,0
09:40.1,558,500,0,0,0
09:40.3,558,500,0,0,0
09:40.5,558,500,0,0,0
09:40.7,558,500,0,0,0
09:40.9,558,500,0,0,0
09:41.1,559,500,0,0,0
09:41.3,559,500,0,0,0
09:41.5,559,500,0,0,0
09:41.7,559,500,0,0,0
09:41.9,559,500,0,0,0
09:42.1,559,500,0,0,0
09:42.3,559,500,0,0,0
09:42.5,559,500,0,0,0
09:42.7,559,500,0,0,0
09:42.9,559,500,0,0,0
09:43.1,559,500,0,0,0
09:43.3,558,500,0,0,0
09:43.5,558,500,0,0,0
09:43.7,557,500,0,0,0
09:43.9,556,500,0,0,0
09:44.1,555,500,0,0,0
09:44.3,555,500,0,0,0
09:44.5,554,500,0,0,0
09:44.7,553,500,0,0,0
09:44.9,552,500,0,0,0
09:45.1,551,500,0,0,0
09:45.3,550,500,0,0,0
09:45.5,549,500,0,0,0
09:45.7,548,500,0,0,0
09:45.9,548,500,0,0,0
09:46.1,547,500,0,0,0
09:46.3,546,500,0,0,0
09:46.5,546,500,0,0,0
09:46.7,545,500,0,0,0
09:46.9,544,500,0,0,0
09:47.1,544,500,0,0,0
09:47.3,543,500,0,0,0
09:47.5,543,500,0,0,0
09:47.7,542,500,0,0,0
09:47.9,541,500,0,0,0
09:48.1,541,500,0,0,0
09:48.3,540,500,0,0,0
09:48.5,539,500,0,0,0
09:48.7,538,500,0,0,0
09:48.9,537,500,0,0,0
09:49.1,536,500,0,0,0
09:49.3,536,500,0,0,0
09:49.5,535,500,0,0,0
09:49.7,534,500,0,0,0
09:49.9,533,500,0,0,0
09:50.1,533,500,0,0,0
09:50.3,532,500,0,0,0
09:50.5,531,500,0,0,0
09:50.7,531,500,0,0,0
09:50.9,530,500,0,0,0
09:51.1,530,500,0,0,0
09:51.3,529,500,0,0,0
09:51.5,529,500,0,0,0
09:51.7,528,500,0,0,0
09:51.9,528,500,0,0,0
09:52.1,527,500,0,0,0
09:52.3,527,500,0,0,0
09:52.5,526,500,0,0,0
09:52.7,526,500,0,0,0
09:52.9,526,500,0,0,0
09:53.1,526,500,0,0,0
09:53.3,526,500,0,0,0
09:53.5,526,500,0,0,0
09:53.7,526,500,0,0,0
09:53.9,526,500,0,0,0
09:54.1,525,500,0,0,0
09:54.3,525,500,0,0,0
09:54.5,524,500,0,0,0
09:54.7,523,500,0,0,0
09:54.9,522,500,0,0,0
09:55.1,521,500,0,0,0
09:55.3,520,500,0,0,0
09:55.5,519,500,0,0,0
09:55.7,518,500,0,0,0
09:55.9,517,500,0,0,0
09:56.1,516,500,0,0,0
09:56.3,515,500,0,0,0
09:56.5,514,500,0,0,0
09:56.7,513,500,0,0,0
09:56.9,513,500,0,0,0
09:57.1,512,500,0,0,0
09:57.3,511,500,0,0,0
09:57.5,510,500,0,0,0
09:57.7,509,500,0,0,0
09:57.9,508,500,0,0,0
09:58.1,508,500,0,0,0
09:58.3,507,500,0,0,0
09:58.5,506,500,0,0,0
09:58.7,506,500,0,0,0
09:58.9,505,500,0,0,0
09:59.1,504,500,0,0,0
09:59.3,502,500,0,0,0
09:59.5,501,500,0,0,0
09:59.7,500,500,0,0,0
09:59.9,499,500,0,0,0
10:00.1,498,500,0,0,0
10:00.3,497,500,0,0,0
10:00.5,497,500,0,0,0
10:00.7,496,500,0,0,0
10:00.9,496,500,0,0,0
10:01.1,495,500,0,0,0
10:01.3,495,500,0,0,0
10:01.5,495,500,0,0,0
10:01.7,495,500,0,0,0
10:01.9,495,500,0,0,0
10:02.1,495,500,0,0,0
10:02.3,495,500,0,0,0
10:02.5,495,500,0,0,0
10:02.7,495,500,0,0,0
10:02.9,495,500,0,0,0
10:03.1,495,500,0,0,0
10:03.3,495,500,0,0,0
10:03.5,495,500,0,0,0
10:03.7,495,500,0,0,0
10:03.9,495,500,0,0,0
10:04.1,496,500,0,0,0
10:04.3,496,500,0,0,0
10:04.5,496,500,0,0,0
10:04.7,496,500,0,0,0
10:04.9,496,500,0,0,0
10:05.1,496,500,0,0,0
10:05.3,496,500,0,0,0
10:05.5,496,500,0,0,0
10:05.7,496,500,0,0,0
10:05.9,496,500,0,0,0
10:06.1,497,500,0,0,0
10:06.3,497,500,0,0,0
10:06.5,497,500,0,0,0
10:06.7,497,500,0,0,0
10:06.9,497,500,0,0,0
10:07.1,497,500,0,0,0
10:07.3,497,500,0,0,0
10:07.5,497,500,0,0,0
10:07.7,497,500,0,0,0
10:07.9,497,500,0,0,0
10:08.1,497,500,0,0,0
10:08.3,497,500,0,0,0
10:08.5,498,500,0,0,0
10:08.7,498,500,0,0,0
10:08.9,498,500,0,0,0
10:09.1,498,500,0,0,0
10:09.3,498,500,0,0,0
10:09.5,498,500,0,0,0
10:09.7,498,500,0,0,0
10:09.9,498,500,0,0,0
10:10.1,498,500,0,0,0
10:10.3,498,500,0,0,0
10:10.5,498,500,0,0,0
10:10.7,499,500,0,0,0
10:10.9,499,500,0,0,0
10:11.1,499,500,0,0,0
10:11.3,499,500,0,0,0
10:11.5,499,500,0,0,0
10:11.7,499,500,0,0,0
10:11.9,499,500,0,0,0
10:12.1,499,500,0,0,0
10:12.3,499,500,0,0,0
10:12.5,499,500,0,0,0
10:12.6,499,500,0,0,0
10:12.9,500,500,0,0,0
10:13.0,500,500,0,0,0
10:13.3,500,500,0,0,0
10:13.5,500,500,0,0,0
10:13.6,500,500,0,0,0
10:13.9,500,500,0,0,0
10:14.1,500,500,0,0,0
10:14.2,500,500,0,0,0
10:14.4,500,500,0,0,0
10:14.6,500,500,0,0,0
10:14.8,501,500,0,0,0
10:15.0,501,500,0,0,0
10:15.2,501,500,0,0,0
10:15.4,501,500,0,0,0
10:15.6,501,500,0,0,0
10:15.9,501,500,0,0,0
10:16.0,501,500,0,0,0
10:16.2,501,500,0,0,0
10:16.4,501,500,0,0,0
10:16.6,501,500,0,0,0
10:16.8,502,500,0,0,0
10:17.0,502,500,0,0,0
10:17.2,502,500,0,0,0
10:17.4,502,500,0,0,0
10:17.6,502,500,0,0,0
10:17.8,502,500,0,0,0
10:18.0,502,500,0,0,0
10:18.2,502,500,0,0,0
10:18.4,502,500,0,0,0
10:18.6,503,500,0,0,0
10:18.8,503,500,0,0,0
10:19.0,503,500,0,0,0
10:19.2,503,500,0,0,0
10:19.4,503,500,0,0,0
10:19.6,503,500,0,0,0
10:19.8,503,500,0,0,0
10:20.0,503,500,0,0,0
10:20.2,503,500,0,0,0
10:20.4,503,500,0,0,0
10:20.6,504,500,0,0,0
10:20.8,504,500,0,0,0
10:21.0,504,500,0,0,0
10:21.2,504,500,0,0,0
10:21.4,504,500,0,0,0
10:21.6,504,500,0,0,0
10:21.8,504,500,0,0,0
10:22.0,504,500,0,0,0
10:22.2,505,500,0,0,0
10:22.4,505,500,0,0,0
10:22.6,505,500,0,0,0
10:22.8,505,500,0,0,0
10:23.0,505,500,0,0,0
10:23.2,505,500,0,0,0
10:23.4,505,500,0,0,0
10:23.6,505,500,0,0,0
10:23.8,506,500,0,0,0
10:24.0,506,500,0,0,0
10:24.2,506,500,0,0,0
10:24.4,506,500,0,0,0
10:24.6,506,500,0,0,0
10:24.8,506,500,0,0,0
10:25.0,506,500,0,0,0
10:25.2,506,500,0,0,0
10:25.4,507,500,0,0,0
10:25.6,507,500,0,0,0
10:25.8,507,500,0,0,0
10:26.0,507,500,0,0,0
10:26.2,507,500,0,0,0
10:26.4,507,500,0,0,0
10:26.6,507,500,0,0,0
10:26.8,507,500,0,0,0
10:27.0,507,500,0,0,0
10:27.2,508,500,0,0,0
10:27.4,508,500,0,0,0
10:27.6,508,500,0,0,0
10:27.8,508,500,0,0,0
10:28.0,508,500,0,0,0
10:28.2,508,500,0,0,0
10:28.4,508,500,0,0,0
10:28.6,508,500,0,0,0
10:28.8,508,500,0,0,0
10:29.0,509,500,0,0,0
10:29.2,509,500,0,0,0
10:29.4,509,500,0,0,0
10:29.6,509,500,0,0,0
10:29.8,509,500,0,0,0
10:30.0,509,500,0,0,0
10:30.2,509,500,0,0,0
10:30.4,509,500,0,0,0
10:30.6,510,500,0,0,0
10:30.8,510,500,0,0,0
10:31.0,510,500,0,0,0
10:31.2,510,500,0,0,0
10:31.4,510,500,0,0,0
10:31.6,510,500,0,0,0
10:31.8,511,500,0,0,0
10:32.0,511,500,0,0,0
10:32.2,511,500,0,0,0
10:32.4,511,500,0,0,0
10:32.6,511,500,0,0,0
10:32.8,511,500,0,0,0
10:33.0,511,500,0,0,0
10:33.2,511,500,0,0,0
10:33.4,511,500,0,0,0
10:33.6,512,500,0,0,0
10:33.8,512,500,0,0,0
10:34.0,512,500,0,0,0
10:34.2,512,500,0,0,0
10:34.4,512,500,0,0,0
10:34.6,512,500,0,0,0
10:34.8,512,500,0,0,0
10:35.0,512,500,0,0,0
10:35.2,513,500,0,0,0
10:35.4,513,500,0,0,0
10:35.6,513,500,0,0,0
10:35.8,513,500,0,0,0
10:36.0,513,500,0,0,0
10:36.2,513,500,0,0,0
10:36.4,513,500,0,0,0
10:36.6,514,500,0,0,0
10:36.8,514,500,0,0,0
10:37.0,514,500,0,0,0
10:37.2,514,500,0,0,0
10:37.4,514,500,0,0,0
10:37.6,514,500,0,0,0
10:37.8,515,500,0,0,0
10:38.0,515,500,0,0,0
10:38.2,515,500,0,0,0
10:38.4,515,500,0,0,0
10:38.6,515,500,0,0,0
10:38.8,515,500,0,0,0
10:39.0,515,500,0,0,0
10:39.2,516,500,0,0,0
10:39.4,516,500,0,0,0
10:39.6,516,500,0,0,0
10:39.8,516,500,0,0,0
10:40.0,516,500,0,0,0
10:40.2,516,500,0,0,0
10:40.4,517,500,0,0,0
10:40.6,517,500,0,0,0
10:40.8,517,500,0,0,0
10:41.0,517,500,0,0,0
10:41.2,517,500,0,0,0
10:41.4,517,500,0,0,0
10:41.6,517,500,0,0,0
10:41.8,518,500,0,0,0
10:42.0,518,500,0,0,0
10:42.2,518,500,0,0,0
10:42.4,518,500,0,0,0
10:42.6,518,500,0,0,0
10:42.8,519,500,0,0,0
10:43.0,519,500,0,0,0
10:43.2,519,500,0,0,0
10:43.4,519,500,0,0,0
10:43.6,519,500,0,0,0
10:43.8,519,500,0,0,0
10:44.0,520,500,0,0,0
10:44.2,520,500,0,0,0
10:44.4,520,500,0,0,0
10:44.6,520,500,0,0,0
10:44.8,520,500,0,0,0
10:45.0,521,500,0,0,0
10:45.2,521,500,0,0,0
10:45.4,521,500,0,0,0
10:45.6,521,500,0,0,0
10:45.8,521,500,0,0,0
10:46.0,521,500,0,0,0
10:46.2,521,500,0,0,0
10:46.4,522,500,0,0,0
10:46.6,522,500,0,0,0
10:46.8,522,500,0,0,0
10:47.0,522,500,0,0,0
10:47.2,522,500,0,0,0
10:47.4,522,500,0,0,0
10:47.6,522,500,0,0,0
10:47.8,523,500,0,0,0
10:48.0,523,500,0,0,0
10:48.2,523,500,0,0,0
10:48.4,523,500,0,0,0
10:48.6,523,500,0,0,0
10:48.8,524,500,0,0,0
10:49.0,524,500,0,0,0
10:49.2,524,500,0,0,0
10:49.4,524,500,0,0,0
10:49.6,524,500,0,0,0
10:49.8,524,500,0,0,0
10:50.0,525,500,0,0,0
10:50.2,525,500,0,0,0
10:50.4,525,500,0,0,0
10:50.6,525,500,0,0,0
10:50.8,525,500,0,0,0
10:51.0,525,500,0,0,0
10:51.2,526,500,0,0,0
10:51.4,526,500,0,0,0
10:51.6,526,500,0,0,0
10:51.8,526,500,0,0,0
10:51.9,526,500,0,0,0
10:52.1,526,500,0,0,0
10:52.3,527,500,0,0,0
10:52.5,527,500,0,0,0
10:52.7,527,500,0,0,0
10:52.9,527,500,0,0,0
10:53.1,527,500,0,0,0
10:53.4,527,500,0,0,0
10:53.5,527,500,0,0,0
10:53.7,527,500,0,0,0
10:53.9,528,500,0,0,0
10:54.1,528,500,0,0,0
10:54.3,528,500,0,0,0
10:54.5,528,500,0,0,0
10:54.7,528,500,0,0,0
10:54.9,528,500,0,0,0
10:55.1,529,500,0,0,0
10:55.3,529,500,0,0,0
10:55.5,529,500,0,0,0
10:55.7,529,500,0,0,0
10:55.9,529,500,0,0,0
10:56.1,529,500,0,0,0
10:56.3,530,500,0,0,0
10:56.5,530,500,0,0,0
10:56.7,530,500,0,0,0
10:56.9,530,500,0,0,0
10:57.1,530,500,0,0,0
10:57.3,530,500,0,0,0
10:57.5,530,500,0,0,0
10:57.7,531,500,0,0,0
10:57.9,531,500,0,0,0
10:58.1,531,500,0,0,0
10:58.3,531,500,0,0,0
10:58.5,531,500,0,0,0
10:58.7,531,500,0,0,0
10:58.9,531,500,0,0,0
10:59.1,531,500,0,0,0
10:59.3,530,500,0,0,0
10:59.5,529,500,0,0,0
10:59.7,529,500,0,0,0
10:59.9,528,500,0,0,0
11:00.1,528,500,0,0,0
11:00.3,529,500,0,0,0
11:00.5,529,500,0,0,0
11:00.7,531,500,0,0,0
11:00.9,534,500,0,0,0
11:01.1,537,500,0,0,0
11:01.3,540,500,0,0,0
11:01.5,544,500,0,0,0
11:01.7,548,500,0,0,0
11:01.9,553,500,0,0,0
11:02.1,557,500,0,0,0
11:02.3,561,500,0,0,0
11:02.5,566,500,0,0,0
11:02.7,570,500,0,0,0
11:02.9,573,500,0,0,0
11:03.1,577,500,0,0,0
11:03.3,580,500,0,0,0
11:03.5,582,500,0,0,0
11:03.7,585,500,0,0,0
11:03.9,587,500,0,0,0
11:04.1,589,500,0,0,0
11:04.3,590,500,0,0,0
11:04.5,591,500,0,0,0
11:04.7,592,500,0,0,0
11:04.9,593,500,0,0,0
11:05.1,594,500,0,0,0
11:05.3,594,500,0,0,0
11:05.5,595,500,0,0,0
11:05.7,595,500,0,0,0
11:05.9,596,500,0,0,0
11:06.1,596,500,0,0,0
11:06.3,596,500,0,0,0
11:06.5,596,500,0,0,0
11:06.7,597,500,0,0,0
11:06.9,597,500,0,0,0
11:07.1,597,500,0,0,0
11:07.3,598,500,0,0,0
11:07.5,598,500,0,0,0
11:07.7,598,500,0,0,0
11:07.9,598,500,0,0,0
11:08.1,599,500,0,0,0
11:08.3,599,500,0,0,0
11:08.5,599,500,0,0,0
11:08.7,600,500,0,0,0
11:08.9,600,500,0,0,0
11:09.1,600,500,0,0,0
11:09.3,601,500,0,0,0
11:09.5,601,500,0,0,0
11:09.7,601,500,0,0,0
11:09.9,602,500,0,0,0
11:10.1,602,500,0,0,0
11:10.3,603,500,0,0,0
11:10.5,603,500,0,0,0
11:10.7,603,500,0,0,0
11:10.9,604,500,0,0,0
11:11.1,604,500,0,0,0
11:11.3,605,500,0,0,0
11:11.5,605,500,0,0,0
11:11.7,605,500,0,0,0
11:11.9,606,500,0,0,0
11:12.1,606,500,0,0,0
11:12.3,606,500,0,0,0
11:12.5,607,500,0,0,0
11:12.7,607,500,0,0,0
11:12.9,607,500,0,0,0
11:13.1,607,500,0,0,0
11:13.3,608,500,0,0,0
11:13.5,608,500,0,0,0
11:13.7,608,500,0,0,0
11:13.9,609,500,0,0,0
11:14.1,609,500,0,0,0
11:14.3,609,500,0,0,0
11:14.5,610,500,0,0,0
11:14.7,610,500,0,0,0
11:14.9,610,500,0,0,0
11:15.1,611,500,0,0,0
11:15.3,611,500,0,0,0
11:15.5,611,500,0,0,0
11:15.7,612,500,0,0,0
11:15.9,612,500,0,0,0
11:16.1,613,500,0,0,0
11:16.3,613,500,0,0,0
11:16.5,613,500,0,0,0
11:16.7,614,500,0,0,0
11:16.9,614,500,0,0,0
11:17.1,614,500,0,0,0
11:17.3,615,500,0,0,0
11:17.5,615,500,0,0,0
11:17.7,615,500,0,0,0
11:17.9,616,500,0,0,0
11:18.1,616,500,0,0,0
11:18.3,616,500,0,0,0
11:18.5,616,500,0,0,0
11:18.7,616,500,0,0,0
11:18.9,617,500,0,0,0
11:19.1,617,500,0,0,0
11:19.3,617,500,0,0,0
11:19.5,617,500,0,0,0
11:19.7,617,500,0,0,0
11:19.9,618,500,0,0,0
11:20.1,618,500,0,0,0
11:20.3,618,500,0,0,0
11:20.5,618,500,0,0,0
11:20.7,618,500,0,0,0
11:20.9,618,500,0,0,0
11:21.1,619,500,0,0,0
11:21.3,619,500,0,0,0
11:21.5,619,500,0,0,0
11:21.7,619,500,0,0,0
11:21.9,619,500,0,0,0
11:22.1,620,500,0,0,0
11:22.3,620,500,0,0,0
11:22.5,620,500,0,0,0
11:22.7,620,500,0,0,0
11:22.9,620,500,0,0,0
11:23.1,620,500,0,0,0
11:23.3,621,500,0,0,0
11:23.5,621,500,0,0,0
11:23.7,621,500,0,0,0
11:23.9,621,500,0,0,0
11:24.1,621,500,0,0,0
11:24.3,621,500,0,0,0
11:24.5,622,500,0,0,0
11:24.7,622,500,0,0,0
11:24.9,622,500,0,0,0
11:25.1,622,500,0,0,0
11:25.3,622,500,0,0,0
11:25.5,622,500,0,0,0
11:25.7,622,500,0,0,0
11:25.9,622,500,0,0,0
11:26.1,622,500,0,0,0
11:26.3,622,500,0,0,0
11:26.5,622,500,0,0,0
11:26.7,622,500,0,0,0
11:26.9,622,500,0,0,0
11:27.1,622,500,0,0,0
11:27.3,622,500,0,0,0
11:27.5,622,500,0,0,0
11:27.7,622,500,0,0,0
11:27.9,622,500,0,0,0
11:28.1,622,500,0,0,0
11:28.3,622,500,0,0,0
11:28.5,622,500,0,0,0
11:28.7,622,500,0,0,0
11:28.8,623,500,0,0,0
11:29.0,623,500,0,0,0
11:29.2,623,500,0,0,0
11:29.4,623,500,0,0,0
11:29.6,624,500,0,0,0
11:29.9,624,500,0,0,0
11:30.1,624,500,0,0,0
11:30.3,624,500,0,0,0
11:30.5,623,500,0,0,0
11:30.7,623,500,0,0,0
11:30.8,621,500,0,0,0
11:31.0,619,500,0,0,0
11:31.2,617,500,0,0,0
11:31.4,614,500,0,0,0
11:31.6,609,500,0,0,0
11:31.8,604,500,0,0,0
11:32.0,598,500,0,0,0
11:32.2,591,500,0,0,0
11:32.4,584,500,0,0,0
11:32.6,578,500,0,0,0
11:32.8,571,500,0,0,0
11:33.0,565,500,0,0,0
11:33.2,560,500,0,0,0
11:33.4,555,500,0,0,0
11:33.6,550,500,0,0,0
11:33.8,546,500,0,0,0
11:34.0,542,500,0,0,0
11:34.2,538,500,0,0,0
11:34.4,534,500,0,0,0
11:34.6,531,500,0,0,0
11:34.8,528,500,0,0,0
11:35.0,524,500,0,0,0
11:35.2,521,500,0,0,0
11:35.4,518,500,0,0,0
11:35.6,515,500,0,0,0
11:35.8,512,500,0,0,0
11:36.0,509,500,0,0,0
11:36.2,506,500,0,0,0
11:36.4,503,500,0,0,0
11:36.6,500,500,0,0,0
11:36.8,497,500,0,0,0
11:37.0,493,500,0,0.1,0
11:37.2,491,500,0,0.1,0
11:37.4,488,500,0,0.2,0
11:37.6,486,500,0,0.2,0
11:37.8,483,500,0,0.3,0
11:38.0,481,500,0,0.3,0
11:38.2,479,500,0,0.4,0
11:38.4,477,500,0,0.4,0
11:38.6,476,500,0,0.5,0
11:38.8,475,500,0,0.5,0
11:39.0,474,500,0,0.5,0
11:39.2,473,500,1,0.6,0
11:39.4,471,500,1,0.6,0
11:39.6,470,500,1,0.7,0
11:39.8,469,500,1,0.7,0
11:40.0,469,500,1,0.8,0
11:40.2,469,500,1,0.8,0
11:40.4,469,500,1,0.8,0
11:40.6,469,500,2,0.9,0
11:40.8,469,500,2,0.9,0
11:41.0,470,500,2,0.9,0
11:41.2,470,500,2,1,0
11:41.4,470,500,2,1,0
11:41.6,471,500,2,1,0
11:41.8,472,500,3,1.1,0
11:42.0,472,500,3,1.1,0
11:42.2,473,500,3,1.1,0
11:42.4,474,500,3,1.1,0
11:42.6,475,500,3,1.2,0
11:42.8,475,500,3,1.2,0
11:43.0,476,500,3,1.2,0
11:43.2,476,500,3,1.2,0
11:43.4,477,500,4,1.2,0
11:43.6,478,500,4,1.3,0
11:43.8,479,500,4,1.3,0
11:44.0,481,500,4,1.3,0
11:44.2,482,500,4,1.3,0
11:44.4,484,500,4,1.3,0
11:44.6,485,500,4,1.3,0
11:44.8,486,500,4,1.3,0
11:45.0,486,500,4,1.3,0
11:45.2,487,500,4,1.3,0
11:45.4,488,500,4,1.3,0
11:45.6,488,500,4,1.3,0
11:45.8,489,500,4,1.3,0
11:46.0,489,500,4,1.3,0
11:46.2,489,500,5,1.3,0
11:46.4,489,500,5,1.3,0
11:46.6,490,500,5,1.3,0
11:46.8,490,500,5,1.4,0
11:47.0,490,500,5,1.4,0
11:47.2,490,500,5,1.4,0
11:47.4,491,500,5,1.4,0
11:47.6,492,500,5,1.4,0
11:47.8,492,500,5,1.4,0
11:48.0,492,500,5,1.4,0
11:48.2,493,500,5,1.4,0
11:48.4,494,500,5,1.4,0
11:48.6,494,500,5,1.4,0
11:48.8,495,500,5,1.3,0
11:49.0,495,500,5,1.3,0
11:49.2,495,500,5,1.3,0
11:49.4,494,500,5,1.4,0
11:49.6,494,500,5,1.4,0
11:49.8,495,500,5,1.3,0
11:50.0,495,500,5,1.3,0
11:50.2,495,500,5,1.3,0
11:50.4,494,500,5,1.4,0
11:50.6,495,500,5,1.3,0
11:50.8,495,500,5,1.3,0
11:51.0,495,500,5,1.3,0
11:51.2,495,500,5,1.3,0
11:51.4,495,500,5,1.3,0
11:51.6,494,500,5,1.4,0
11:51.8,494,500,5,1.4,0
11:52.0,495,500,5,1.4,0
11:52.2,495,500,5,1.4,0
11:52.4,495,500,5,1.4,0
11:52.6,495,500,5,1.4,0
11:52.8,494,500,5,1.4,0
11:53.0,495,500,5,1.4,0
11:53.2,495,500,5,1.4,0
11:53.4,495,500,5,1.4,0
11:53.6,495,500,5,1.4,0
11:53.8,495,500,5,1.4,0
11:54.0,495,500,5,1.4,0
11:54.2,495,500,5,1.4,0
11:54.4,495,500,5,1.4,0
11:54.6,495,500,5,1.4,0
11:54.8,495,500,5,1.4,0
11:55.0,495,500,5,1.4,0
11:55.2,495,500,5,1.4,0
11:55.4,495,500,5,1.4,0
11:55.6,495,500,5,1.4,0
11:55.8,495,500,5,1.4,0
11:56.0,495,500,5,1.4,0
11:56.2,495,500,5,1.4,0
11:56.4,495,500,5,1.4,0
11:56.6,495,500,5,1.4,0
11:56.8,495,500,5,1.4,0
11:57.0,495,500,5,1.4,0
11:57.2,495,500,5,1.4,0
11:57.4,495,500,5,1.4,0
11:57.6,495,500,5,1.4,0
11:57.8,495,500,5,1.4,0
11:58.0,495,500,5,1.4,0
11:58.2,495,500,5,1.4,0
11:58.4,495,500,5,1.4,0
11:58.6,495,500,5,1.4,0
11:58.8,495,500,5,1.4,0
11:59.0,495,500,5,1.4,0
11:59.2,495,500,5,1.4,0
11:59.4,495,500,5,1.4,0
11:59.6,495,500,5,1.4,0
11:59.8,495,500,5,1.4,0
12:00.0,495,500,5,1.4,0
12:00.2,495,500,5,1.4,0
12:00.4,496,500,5,1.4,0
12:00.6,496,500,5,1.4,0
12:00.8,496,500,5,1.4,0
12:01.0,496,500,5,1.4,0
12:01.2,496,500,5,1.4,0
12:01.4,496,500,5,1.4,0
12:01.6,496,500,5,1.4,0
12:01.8,496,500,5,1.4,0
12:02.0,496,500,5,1.4,0
12:02.2,496,500,5,1.4,0
12:02.4,496,500,5,1.4,0
12:02.6,496,500,5,1.4,0
12:02.8,496,500,5,1.4,0
12:03.0,497,500,5,1.4,0
12:03.2,496,500,5,1.4,0
12:03.4,496,500,5,1.4,0
12:03.6,496,500,5,1.4,0
12:03.8,496,500,5,1.4,0
12:04.0,496,500,5,1.4,0
12:04.2,496,500,5,1.4,0
12:04.4,496,500,5,1.4,0
12:04.6,496,500,5,1.4,0
12:04.8,496,500,5,1.4,0
12:05.0,496,500,5,1.4,0
12:05.2,496,500,5,1.4,0
12:05.4,496,500,5,1.4,0
12:05.6,496,500,5,1.4,0
12:05.8,496,500,5,1.4,0
12:06.0,496,500,5,1.4,0
12:06.1,496,500,5,1.4,0
12:06.4,496,500,5,1.4,0
12:06.6,496,500,5,1.4,0
12:06.8,496,500,5,1.4,0
12:07.0,496,500,5,1.4,0
12:07.1,496,500,5,1.4,0
12:07.3,496,500,5,1.4,0
12:07.5,496,500,5,1.4,0
12:07.7,496,500,5,1.4,0
12:08.0,496,500,5,1.4,0
12:08.2,496,500,5,1.4,0
12:08.4,496,500,5,1.4,0
12:08.5,496,500,5,1.4,0
12:08.7,496,500,5,1.4,0
12:08.9,496,500,5,1.4,0
12:09.1,496,500,5,1.4,0
12:09.3,497,500,5,1.4,0
12:09.5,497,500,5,1.4,0
12:09.7,497,500,5,1.4,0
12:09.9,497,500,5,1.4,0
12:10.1,497,500,5,1.4,0
12:10.3,497,500,5,1.4,0
12:10.5,497,500,5,1.4,0
12:10.7,497,500,5,1.4,0
12:10.9,497,500,5,1.4,0
12:11.1,497,500,5,1.4,0
12:11.3,497,500,5,1.4,0
12:11.5,497,500,5,1.4,0
12:11.7,497,500,5,1.4,0
12:11.9,497,500,5,1.4,0
12:12.1,497,500,5,1.4,0
12:12.3,497,500,5,1.4,0
12:12.5,497,500,5,1.4,0
12:12.7,497,500,5,1.4,0
12:12.9,497,500,5,1.4,0
12:13.1,497,500,5,1.4,0
12:13.3,497,500,5,1.4,0
12:13.5,497,500,5,1.4,0
12:13.7,497,500,5,1.4,0
12:13.9,497,500,5,1.4,0
12:14.1,497,500,5,1.4,0
12:14.3,497,500,5,1.4,0
12:14.5,497,500,5,1.4,0
12:14.7,497,500,5,1.4,0
12:14.9,497,500,5,1.4,0
12:15.1,498,500,5,1.4,0
12:15.3,498,500,5,1.4,0
12:15.5,498,500,5,1.4,0
12:15.7,498,500,5,1.4,0
12:15.9,498,500,5,1.4,0
12:16.1,498,500,5,1.4,0
12:16.3,497,500,5,1.4,0
12:16.5,498,500,5,1.4,0
12:16.7,498,500,5,1.4,0
12:16.9,498,500,5,1.4,0
12:17.1,498,500,5,1.4,0
12:17.3,498,500,5,1.4,0
12:17.5,497,500,5,1.4,0
12:17.7,497,500,5,1.4,0
12:17.9,497,500,5,1.4,0
12:18.1,497,500,5,1.4,0
12:18.3,497,500,5,1.4,0
12:18.5,497,500,5,1.4,0
12:18.7,497,500,5,1.4,0
12:18.9,497,500,5,1.4,0
12:19.1,497,500,5,1.4,0
12:19.3,497,500,5,1.4,0
12:19.5,497,500,5,1.4,0
12:19.7,497,500,5,1.4,0
12:19.9,497,500,5,1.4,0
12:20.1,497,500,5,1.4,0
12:20.3,497,500,5,1.4,0
12:20.5,497,500,5,1.4,0
12:20.7,497,500,5,1.4,0
12:20.9,497,500,5,1.4,0
12:21.1,497,500,5,1.4,0
12:21.3,497,500,5,1.4,0
12:21.5,497,500,5,1.4,0
12:21.7,497,500,5,1.4,0
12:21.9,497,500,5,1.4,0
12:22.1,497,500,5,1.4,0
12:22.3,497,500,5,1.4,0
12:22.5,497,500,5,1.4,0
12:22.7,497,500,5,1.4,0
12:22.9,497,500,5,1.4,0
12:23.1,497,500,5,1.4,0
12:23.3,497,500,5,1.4,0
12:23.5,497,500,5,1.4,0
12:23.7,497,500,5,1.4,0
12:23.9,497,500,5,1.4,0
12:24.1,497,500,5,1.4,0
12:24.3,497,500,5,1.4,0
12:24.5,497,500,5,1.4,0
12:24.7,497,500,5,1.4,0
12:24.9,497,500,5,1.4,0
12:25.1,496,500,5,1.4,0
12:25.3,496,500,5,1.4,0
12:25.5,496,500,5,1.4,0
12:25.7,496,500,5,1.4,0
12:25.9,496,500,5,1.4,0
12:26.1,496,500,5,1.4,0
12:26.3,496,500,5,1.4,0
12:26.5,496,500,5,1.4,0
12:26.7,496,500,5,1.4,0
12:26.9,496,500,5,1.4,0
12:27.1,496,500,5,1.4,0
12:27.3,496,500,5,1.4,0
12:27.5,496,500,5,1.4,0
12:27.7,496,500,5,1.4,0
12:27.9,496,500,5,1.4,0
12:28.1,496,500,5,1.4,0
12:28.3,496,500,5,1.4,0
12:28.5,496,500,5,1.4,0
12:28.7,496,500,5,1.4,0
12:28.9,496,500,5,1.4,0
12:29.1,496,500,5,1.4,0
12:29.3,496,500,5,1.4,0
12:29.5,496,500,5,1.4,0
12:29.7,496,500,5,1.4,0
12:29.9,496,500,5,1.4,0
12:30.1,496,500,5,1.4,0
12:30.3,496,500,5,1.4,0
12:30.5,496,500,5,1.4,0
12:30.7,496,500,5,1.4,0
12:30.9,495,500,5,1.4,0
12:31.1,495,500,5,1.4,0
12:31.3,495,500,5,1.4,0
12:31.5,495,500,5,1.4,0
12:31.7,495,500,5,1.4,0
12:31.9,495,500,5,1.4,0
12:32.1,495,500,5,1.4,0
12:32.3,495,500,5,1.4,0
12:32.5,495,500,5,1.4,0
12:32.7,495,500,5,1.4,0
12:32.9,495,500,5,1.4,0
12:33.1,495,500,5,1.4,0
12:33.3,495,500,5,1.4,0
12:33.5,495,500,5,1.4,0
12:33.7,495,500,5,1.4,0
12:33.9,495,500,5,1.4,0
12:34.1,495,500,5,1.4,0
12:34.3,495,500,5,1.4,0
12:34.5,495,500,5,1.4,0
12:34.7,495,500,5,1.4,0
12:34.9,495,500,5,1.4,0
12:35.1,494,500,5,1.4,0
12:35.3,495,500,5,1.4,0
12:35.5,495,500,5,1.4,0
12:35.7,495,500,5,1.4,0
12:35.9,495,500,5,1.4,0
12:36.1,495,500,5,1.4,0
12:36.3,495,500,5,1.4,0
12:36.5,495,500,5,1.4,0
12:36.7,495,500,5,1.4,0
12:36.9,495,500,5,1.4,0
12:37.1,494,500,5,1.4,0
12:37.3,495,500,5,1.4,0
12:37.5,496,500,5,1.4,0
12:37.7,495,500,5,1.4,0
12:37.9,495,500,5,1.4,0
12:38.1,495,500,5,1.4,0
12:38.3,494,500,5,1.4,0
12:38.5,495,500,5,1.4,0
12:38.7,496,500,5,1.4,0
12:38.9,495,500,5,1.4,0
12:39.1,495,500,5,1.4,0
12:39.3,495,500,5,1.4,0
12:39.5,494,500,5,1.4,0
12:39.7,494,500,5,1.4,0
12:39.9,495,500,5,1.4,0
12:40.1,496,500,5,1.4,0
12:40.3,497,500,5,1.4,0
12:40.5,497,500,5,1.4,0
12:40.7,497,500,5,1.4,0
12:40.9,498,500,5,1.4,0
12:41.1,498,500,5,1.4,0
12:41.3,498,500,5,1.4,0
12:41.5,498,500,5,1.4,0
12:41.7,498,500,5,1.4,0
12:41.9,498,500,5,1.4,0
12:42.1,498,500,5,1.4,0
12:42.3,498,500,5,1.4,0
12:42.5,498,500,5,1.4,0
12:42.7,499,500,5,1.4,0
12:42.9,498,500,5,1.4,0
12:43.1,498,500,5,1.4,0
12:43.3,498,500,5,1.4,0
12:43.5,498,500,5,1.4,0
12:43.7,498,500,5,1.4,0
12:43.9,498,500,5,1.4,0
12:44.1,498,500,5,1.4,0
12:44.3,498,500,5,1.4,0
12:44.4,498,500,5,1.4,0
12:44.6,498,500,5,1.4,0
12:44.8,498,500,5,1.4,0
12:45.1,498,500,5,1.4,0
12:45.2,497,500,5,1.4,0
12:45.4,497,500,5,1.4,0
12:45.6,497,500,5,1.4,0
12:45.9,497,500,5,1.4,0
12:46.1,497,500,5,1.4,0
12:46.2,497,500,5,1.4,0
12:46.4,497,500,5,1.4,0
12:46.6,497,500,5,1.4,0
12:46.8,497,500,5,1.4,0
12:47.0,497,500,5,1.4,0
12:47.2,497,500,5,1.4,0
12:47.4,496,500,5,1.4,0
12:47.6,496,500,5,1.4,0
12:47.8,496,500,5,1.4,0
12:48.0,496,500,5,1.4,0
12:48.2,496,500,5,1.4,0
12:48.4,496,500,5,1.4,0
12:48.6,496,500,5,1.4,0
12:48.8,496,500,5,1.4,0
12:49.0,496,500,5,1.4,0
12:49.2,496,500,5,1.4,0
12:49.4,495,500,5,1.4,0
12:49.6,495,500,5,1.4,0
12:49.8,495,500,5,1.4,0
12:50.0,495,500,5,1.4,0
12:50.2,495,500,5,1.4,0
12:50.4,495,500,5,1.4,0
12:50.6,495,500,5,1.4,0
12:50.8,495,500,5,1.4,0
12:51.0,494,500,5,1.5,0
12:51.2,494,500,5,1.5,0
12:51.4,494,500,5,1.5,0
12:51.6,494,500,5,1.5,0
12:51.8,494,500,5,1.5,0
12:52.0,494,500,5,1.5,0
12:52.2,494,500,5,1.5,0
12:52.4,494,500,6,1.5,0
12:52.6,494,500,6,1.5,0
12:52.8,496,500,6,1.5,0
12:53.0,496,500,6,1.5,0
12:53.2,495,500,6,1.5,0
12:53.4,495,500,6,1.5,0
12:53.6,495,500,6,1.5,0
12:53.8,494,500,6,1.5,0
12:54.0,495,500,6,1.5,0
12:54.2,496,500,6,1.5,0
12:54.4,495,500,6,1.5,0
12:54.6,495,500,6,1.5,0
12:54.8,495,500,6,1.5,0
12:55.0,494,500,6,1.5,0
12:55.2,496,500,6,1.5,0
12:55.4,496,500,6,1.5,0
12:55.6,496,500,6,1.5,0
12:55.8,495,500,6,1.5,0
12:56.0,495,500,6,1.5,0
12:56.2,495,500,6,1.5,0
12:56.4,494,500,6,1.5,0
12:56.6,495,500,6,1.5,0
12:56.8,495,500,6,1.5,0
12:57.0,495,500,6,1.5,0
12:57.2,495,500,6,1.5,0
12:57.4,494,500,6,1.5,0
12:57.6,495,500,6,1.5,0
12:57.8,495,500,6,1.5,0
12:58.0,495,500,6,1.5,0
12:58.2,494,500,6,1.5,0
12:58.4,495,500,6,1.5,0
12:58.6,494,500,6,1.5,0
12:58.8,495,500,6,1.5,0
12:59.0,494,500,6,1.6,0
12:59.2,495,500,6,1.5,0
12:59.4,495,500,6,1.5,0
12:59.6,494,500,6,1.6,0
12:59.8,495,500,6,1.5,0
13:00.0,495,500,6,1.5,0
13:00.2,494,500,6,1.6,0
13:00.4,495,500,6,1.5,0
13:00.6,495,500,6,1.5,0
13:00.8,494,500,6,1.6,0
13:01.0,494,500,6,1.6,0
13:01.2,495,500,6,1.5,0
13:01.4,495,500,6,1.5,0
13:01.6,496,500,6,1.5,0
13:01.8,496,500,6,1.5,0
13:02.0,497,500,6,1.5,0
13:02.2,497,500,6,1.5,0
13:02.4,497,500,6,1.5,0
13:02.6,498,500,6,1.5,0
13:02.8,498,500,6,1.5,0
13:03.0,498,500,6,1.5,0
13:03.2,498,500,6,1.5,0
13:03.4,498,500,6,1.5,0
13:03.6,498,500,6,1.5,0
13:03.8,498,500,6,1.5,0
13:04.0,498,500,6,1.5,0
13:04.2,498,500,6,1.5,0
13:04.4,498,500,6,1.5,0
13:04.6,498,500,6,1.5,0
13:04.8,498,500,6,1.5,0
13:05.0,498,500,6,1.5,0
13:05.2,498,500,6,1.5,0
13:05.4,497,500,6,1.5,0
13:05.6,497,500,6,1.5,0
13:05.8,497,500,6,1.5,0
13:06.0,497,500,6,1.5,0
13:06.2,497,500,6,1.5,0
13:06.4,497,500,6,1.5,0
13:06.6,497,500,6,1.5,0
13:06.8,497,500,6,1.5,0
13:07.0,497,500,6,1.5,0
13:07.2,497,500,6,1.5,0
13:07.4,497,500,6,1.5,0
13:07.6,497,500,6,1.5,0
13:07.8,497,500,6,1.5,0
13:08.0,497,500,6,1.5,0
13:08.2,497,500,6,1.5,0
13:08.4,497,500,6,1.5,0
13:08.6,497,500,6,1.5,0
13:08.8,497,500,6,1.5,0
13:09.0,497,500,6,1.5,0
13:09.2,496,500,6,1.5,0
13:09.4,496,500,6,1.5,0
13:09.6,496,500,6,1.5,0
13:09.8,496,500,6,1.5,0
13:10.0,496,500,6,1.5,0
13:10.2,496,500,6,1.5,0
13:10.4,496,500,6,1.5,0
13:10.6,496,500,6,1.5,0
13:10.8,496,500,6,1.5,0
13:11.0,496,500,6,1.5,0
13:11.2,496,500,6,1.5,0
13:11.4,496,500,6,1.5,0
13:11.6,496,500,6,1.5,0
13:11.8,496,500,6,1.5,0
13:12.0,496,500,6,1.5,0
13:12.2,496,500,6,1.5,0
13:12.4,496,500,6,1.5,0
13:12.6,496,500,6,1.5,0
13:12.8,496,500,6,1.5,0
13:13.0,496,500,6,1.5,0
13:13.2,496,500,6,1.5,0
13:13.4,496,500,6,1.5,0
13:13.6,496,500,6,1.5,0
13:13.8,496,500,6,1.5,0
13:14.0,496,500,6,1.5,0
13:14.2,496,500,6,1.5,0
13:14.4,496,500,6,1.5,0
13:14.6,496,500,6,1.5,0
13:14.8,496,500,6,1.5,0
13:15.0,496,500,6,1.5,0
13:15.2,496,500,6,1.5,0
13:15.4,496,500,6,1.5,0
13:15.6,496,500,6,1.5,0
13:15.8,496,500,6,1.5,0
13:16.0,496,500,6,1.5,0
13:16.2,496,500,6,1.5,0
13:16.4,496,500,6,1.5,0
13:16.6,496,500,6,1.5,0
13:16.8,496,500,6,1.5,0
13:17.0,497,500,6,1.5,0
13:17.2,497,500,6,1.5,0
13:17.4,497,500,6,1.5,0
13:17.6,497,500,6,1.5,0
13:17.8,497,500,6,1.5,0
13:18.0,497,500,6,1.5,0
13:18.2,497,500,6,1.5,0
13:18.4,497,500,6,1.5,0
13:18.6,497,500,6,1.5,0
13:18.8,497,500,6,1.5,0
13:19.0,498,500,6,1.5,0
13:19.2,498,500,6,1.5,0
13:19.4,498,500,6,1.5,0
13:19.6,498,500,6,1.5,0
13:19.8,498,500,6,1.5,0
13:20.0,498,500,6,1.5,0
13:20.2,498,500,6,1.5,0
13:20.4,498,500,6,1.5,0
13:20.6,498,500,6,1.5,0
13:20.8,498,500,6,1.5,0
13:21.0,498,500,6,1.5,0
13:21.2,498,500,6,1.5,0
13:21.4,498,500,6,1.5,0
13:21.6,498,500,6,1.5,0
13:21.8,498,500,6,1.5,0
13:22.0,498,500,6,1.5,0
13:22.2,498,500,6,1.5,0
13:22.4,498,500,6,1.5,0
13:22.5,498,500,6,1.5,0
13:22.7,498,500,6,1.5,0
13:22.9,498,500,6,1.5,0
13:23.1,498,500,6,1.5,0
13:23.3,498,500,6,1.5,0
13:23.5,498,500,6,1.5,0
13:23.8,498,500,6,1.5,0
13:24.0,498,500,6,1.5,0
13:24.2,498,500,6,1.5,0
13:24.3,499,500,6,1.5,0
13:24.5,499,500,6,1.5,0
13:24.7,499,500,6,1.5,0
13:24.9,499,500,6,1.5,0
13:25.1,499,500,6,1.5,0
13:25.3,500,500,6,1.5,0
13:25.5,500,500,6,1.5,0
13:25.7,501,500,6,1.5,0
13:25.9,503,500,6,1.5,0
13:26.2,504,500,6,1.5,0
13:26.3,505,500,6,1.4,0
13:26.5,505,500,6,1.4,0
13:26.7,503,500,6,1.5,0
13:26.9,501,500,6,1.5,0
13:27.1,500,500,6,1.5,0
13:27.3,499,500,6,1.5,0
13:27.5,498,500,6,1.5,0
13:27.7,497,500,6,1.5,0
13:27.9,497,500,6,1.5,0
13:28.1,496,500,6,1.5,0
13:28.3,496,500,6,1.5,0
13:28.5,495,500,6,1.5,0
13:28.7,495,500,6,1.5,0
13:28.9,495,500,6,1.5,0
13:29.1,494,500,6,1.6,0
13:29.3,495,500,6,1.5,0
13:29.5,496,500,6,1.5,0
13:29.7,497,500,6,1.5,0
13:29.9,498,500,6,1.5,0
13:30.1,498,500,6,1.5,0
13:30.3,499,500,6,1.5,0
13:30.5,500,500,6,1.5,0
13:30.7,500,500,6,1.5,0
13:30.9,501,500,6,1.5,0
13:31.1,501,500,6,1.5,0
13:31.3,501,500,6,1.5,0
13:31.5,501,500,6,1.5,0
13:31.7,501,500,6,1.5,0
13:31.9,501,500,6,1.5,0
13:32.1,501,500,6,1.5,0
13:32.3,501,500,6,1.5,0
13:32.5,501,500,6,1.5,0
13:32.7,501,500,6,1.5,0
13:32.9,501,500,6,1.5,0
13:33.1,501,500,6,1.5,0
13:33.3,501,500,6,1.5,0
13:33.5,501,500,6,1.5,0
13:33.7,501,500,6,1.5,0
13:33.9,501,500,6,1.5,0
13:34.1,500,500,6,1.5,0
13:34.3,500,500,6,1.5,0
13:34.5,500,500,6,1.5,0
13:34.7,500,500,6,1.5,0
13:34.9,500,500,6,1.5,0
13:35.1,500,500,6,1.5,0
13:35.3,500,500,6,1.5,0
13:35.5,500,500,6,1.5,0
13:35.7,499,500,6,1.5,0
13:35.9,499,500,6,1.5,0
13:36.1,498,500,6,1.5,0
13:36.3,498,500,6,1.5,0
13:36.5,498,500,6,1.5,0
13:36.7,497,500,6,1.5,0
13:36.9,497,500,6,1.5,0
13:37.1,497,500,6,1.5,0
13:37.3,497,500,6,1.5,0
13:37.5,496,500,6,1.5,0
13:37.7,496,500,6,1.5,0
13:37.9,496,500,6,1.5,0
13:38.1,496,500,6,1.5,0
13:38.3,496,500,6,1.5,0
13:38.5,496,500,6,1.5,0
13:38.7,496,500,6,1.5,0
13:38.9,496,500,6,1.5,0
13:39.1,496,500,6,1.5,0
13:39.3,496,500,6,1.5,0
13:39.5,496,500,6,1.5,0
13:39.7,496,500,6,1.5,0
13:39.9,496,500,6,1.5,0
13:40.1,496,500,6,1.5,0
13:40.3,496,500,6,1.5,0
13:40.5,496,500,6,1.5,0
13:40.7,496,500,6,1.5,0
13:40.9,496,500,6,1.5,0
13:41.1,496,500,6,1.5,0
13:41.3,496,500,6,1.5,0
13:41.5,496,500,6,1.5,0
13:41.7,496,500,6,1.5,0
13:41.9,496,500,6,1.5,0
13:42.1,495,500,6,1.5,0
13:42.3,495,500,6,1.5,0
13:42.5,495,500,6,1.5,0
13:42.7,495,500,6,1.5,0
13:42.9,495,500,6,1.5,0
13:43.1,495,500,6,1.5,0
13:43.3,495,500,6,1.5,0
13:43.5,495,500,6,1.5,0
13:43.7,495,500,6,1.5,0
13:43.9,495,500,6,1.5,0
13:44.1,495,500,6,1.5,0
13:44.3,495,500,6,1.5,0
13:44.5,495,500,6,1.5,0
13:44.7,495,500,6,1.5,0
13:44.9,495,500,6,1.5,0
13:45.1,495,500,6,1.5,0
13:45.3,495,500,6,1.5,0
13:45.5,495,500,6,1.5,0
13:45.7,494,500,6,1.6,0
13:45.9,494,500,6,1.6,0
13:46.1,494,500,6,1.6,0
13:46.3,494,500,6,1.6,0
13:46.5,494,500,6,1.6,0
13:46.7,494,500,6,1.6,0
13:46.9,494,500,6,1.6,0
13:47.1,494,500,6,1.6,0
13:47.3,494,500,6,1.6,0
13:47.5,494,500,6,1.6,0
13:47.7,494,500,6,1.6,0
13:47.9,495,500,6,1.6,0
13:48.1,495,500,6,1.6,0
13:48.3,495,500,6,1.6,0
13:48.5,495,500,6,1.6,0
13:48.7,495,500,6,1.6,0
13:48.9,495,500,6,1.6,0
13:49.1,495,500,6,1.6,0
13:49.3,495,500,6,1.6,0
13:49.5,495,500,6,1.6,0
13:49.7,495,500,6,1.6,0
13:49.9,496,500,6,1.6,0
13:50.1,496,500,6,1.6,0
13:50.3,496,500,6,1.6,0
13:50.5,496,500,6,1.6,0
13:50.7,496,500,6,1.6,0
13:50.9,496,500,6,1.6,0
13:51.1,496,500,6,1.6,0
13:51.3,497,500,6,1.6,0
13:51.5,497,500,6,1.6,0
13:51.7,497,500,6,1.6,0
13:51.9,498,500,6,1.6,0
13:52.1,498,500,6,1.6,0
13:52.3,499,500,6,1.6,0
13:52.5,500,500,6,1.6,0
13:52.7,501,500,6,1.6,0
13:52.9,502,500,6,1.6,0
13:53.1,503,500,6,1.6,0
13:53.3,504,500,6,1.6,0
13:53.5,504,500,6,1.6,0
13:53.7,505,500,6,1.5,0
13:53.9,505,500,6,1.5,0
13:54.1,504,500,6,1.6,0
13:54.3,503,500,6,1.6,0
13:54.5,503,500,6,1.6,0
13:54.7,502,500,6,1.6,0
13:54.9,502,500,6,1.6,0
13:55.1,502,500,6,1.6,0
13:55.3,502,500,6,1.6,0
13:55.5,503,500,6,1.6,0
13:55.7,506,500,6,1.5,0
13:55.9,507,500,6,1.5,0
13:56.1,506,500,6,1.5,0
13:56.3,505,500,6,1.5,0
13:56.5,504,500,6,1.5,0
13:56.7,506,500,6,1.5,0
13:56.9,505,500,6,1.5,0
13:57.1,504,500,6,1.5,0
13:57.3,506,500,6,1.4,0
13:57.5,507,500,6,1.4,0
13:57.7,506,500,6,1.4,0
13:57.9,505,500,6,1.4,0
13:58.1,504,500,6,1.5,0
13:58.3,503,500,6,1.5,0
13:58.5,502,500,6,1.5,0
13:58.7,502,500,6,1.5,0
13:58.9,501,500,6,1.5,0
13:59.1,500,500,6,1.5,0
13:59.3,499,500,6,1.5,0
13:59.5,499,500,6,1.5,0
13:59.7,498,500,6,1.5,0
13:59.9,498,500,6,1.5,0
14:00.1,497,500,6,1.5,0
14:00.2,497,500,6,1.5,0
14:00.4,497,500,6,1.5,0
14:00.6,497,500,6,1.5,0
14:00.9,496,500,6,1.5,0
14:01.1,496,500,6,1.5,0
14:01.3,496,500,6,1.5,0
14:01.5,496,500,6,1.5,0
14:01.6,496,500,6,1.5,0
14:01.8,496,500,6,1.5,0
14:02.0,496,500,6,1.5,0
14:02.2,495,500,6,1.5,0
14:02.4,495,500,6,1.5,0
14:02.7,495,500,6,1.5,0
14:02.9,495,500,6,1.5,0
14:03.1,495,500,6,1.5,0
14:03.3,495,500,6,1.5,0
14:03.5,495,500,6,1.5,0
14:03.6,494,500,6,1.6,0
14:03.8,495,500,6,1.5,0
14:04.0,496,500,6,1.5,0
14:04.2,496,500,6,1.5,0
14:04.4,495,500,6,1.5,0
14:04.6,495,500,6,1.5,0
14:04.8,494,500,6,1.6,0
14:05.0,495,500,6,1.5,0
14:05.2,495,500,6,1.5,0
14:05.4,494,500,6,1.6,0
14:05.6,495,500,6,1.5,0
14:05.8,496,500,6,1.5,0
14:06.0,498,500,6,1.5,0
14:06.2,499,500,6,1.5,0
14:06.4,500,500,6,1.5,0
14:06.6,501,500,6,1.5,0
14:06.8,502,500,6,1.5,0
14:07.0,503,500,6,1.5,0
14:07.2,503,500,6,1.5,0
14:07.4,504,500,6,1.5,0
14:07.6,505,500,6,1.4,0
14:07.8,505,500,6,1.4,0
14:08.0,503,500,6,1.5,0
14:08.2,501,500,6,1.5,0
14:08.4,500,500,6,1.5,0
14:08.6,498,500,6,1.5,0
14:08.8,497,500,6,1.5,0
14:09.0,495,500,6,1.5,0
14:09.2,494,500,6,1.6,0
14:09.4,495,500,6,1.5,0
14:09.6,495,500,6,1.5,0
14:09.8,494,500,6,1.6,0
14:10.0,495,500,6,1.5,0
14:10.2,495,500,6,1.5,0
14:10.4,494,500,6,1.6,0
14:10.6,495,500,6,1.5,0
14:10.8,496,500,6,1.5,0
14:11.0,497,500,6,1.5,0
14:11.2,498,500,6,1.5,0
14:11.4,498,500,6,1.5,0
14:11.6,499,500,6,1.5,0
14:11.8,499,500,6,1.5,0
14:12.0,499,500,6,1.5,0
14:12.2,500,500,6,1.5,0
14:12.4,500,500,6,1.5,0
14:12.6,500,500,6,1.5,0
14:12.8,500,500,6,1.5,0
14:13.0,500,500,6,1.5,0
14:13.2,500,500,6,1.5,0
14:13.4,499,500,6,1.5,0
14:13.6,499,500,6,1.5,0
14:13.8,498,500,6,1.5,0
14:14.0,499,500,6,1.5,0
14:14.2,499,500,6,1.5,0
14:14.4,499,500,6,1.5,0
14:14.6,499,500,6,1.5,0
14:14.8,498,500,6,1.5,0
14:15.0,497,500,6,1.5,0
14:15.2,497,500,6,1.5,0
14:15.4,496,500,6,1.5,0
14:15.6,495,500,6,1.5,0
14:15.8,494,500,6,1.6,0
14:16.0,493,500,6,1.6,0
14:16.2,493,500,6,1.6,0
14:16.4,493,500,6,1.6,0
14:16.6,493,500,6,1.6,0
14:16.8,493,500,6,1.6,0
14:17.0,494,500,6,1.6,0
14:17.2,494,500,6,1.6,0
14:17.4,494,500,6,1.6,0
14:17.6,496,500,6,1.6,0
14:17.8,496,500,6,1.6,0
14:18.0,495,500,6,1.6,0
14:18.2,494,500,6,1.7,0
14:18.4,494,500,6,1.7,0
14:18.6,496,500,6,1.6,0
14:18.8,497,500,6,1.6,0
14:19.0,496,500,6,1.6,0
14:19.2,494,500,6,1.7,0
14:19.4,495,500,6,1.6,0
14:19.6,495,500,6,1.6,0
14:19.8,494,500,6,1.7,0
14:20.0,494,500,6,1.7,0
14:20.2,497,500,6,1.6,0
14:20.4,496,500,6,1.6,0
14:20.6,495,500,6,1.6,0
14:20.8,494,500,6,1.7,0
14:21.0,496,500,6,1.6,0
14:21.2,496,500,6,1.6,0
14:21.4,494,500,6,1.7,0
14:21.6,495,500,6,1.6,0
14:21.8,494,500,6,1.7,0
14:22.0,493,500,6,1.7,0
14:22.2,493,500,6,1.7,0
14:22.4,493,500,6,1.7,0
14:22.6,492,500,6,1.8,0
14:22.8,492,500,6,1.8,0
14:23.0,492,500,7,1.8,0
14:23.2,494,500,7,1.8,0
14:23.4,494,500,7,1.8,0
14:23.6,493,500,7,1.8,0
14:23.8,495,500,7,1.7,0
14:24.0,495,500,7,1.7,0
14:24.2,494,500,7,1.8,0
14:24.4,496,500,7,1.7,0
14:24.6,497,500,7,1.7,0
14:24.8,496,500,7,1.7,0
14:25.0,495,500,7,1.7,0
14:25.2,494,500,7,1.8,0
14:25.4,495,500,7,1.7,0
14:25.6,495,500,7,1.7,0
14:25.8,494,500,7,1.8,0
14:26.0,495,500,7,1.7,0
14:26.2,494,500,7,1.8,0
14:26.4,495,500,7,1.7,0
14:26.6,495,500,7,1.7,0
14:26.8,494,500,7,1.8,0
14:27.0,494,500,7,1.8,0
14:27.2,496,500,7,1.7,0
14:27.4,495,500,7,1.7,0
14:27.6,494,500,7,1.8,0
14:27.8,496,500,7,1.8,0
14:28.0,495,500,7,1.8,0
14:28.2,494,500,7,1.8,0
14:28.4,496,500,7,1.8,0
14:28.6,494,500,7,1.8,0
14:28.8,495,500,7,1.8,0
14:29.0,494,500,7,1.8,0
14:29.2,496,500,7,1.8,0
14:29.4,496,500,7,1.8,0
14:29.6,494,500,7,1.8,0
14:29.8,494,500,7,1.9,0
14:30.0,495,500,7,1.8,0
14:30.2,497,500,7,1.8,0
14:30.4,498,500,7,1.8,0
14:30.6,499,500,7,1.8,0
14:30.8,500,500,7,1.8,0
14:31.0,501,500,7,1.8,0
14:31.2,501,500,7,1.8,0
14:31.4,502,500,7,1.8,0
14:31.6,502,500,7,1.8,0
14:31.8,502,500,7,1.8,0
14:32.0,502,500,7,1.8,0
14:32.2,502,500,7,1.8,0
14:32.4,502,500,7,1.8,0
14:32.6,502,500,7,1.8,0
14:32.8,502,500,7,1.8,0
14:33.0,502,500,7,1.8,0
14:33.2,502,500,7,1.8,0
14:33.4,502,500,7,1.8,0
14:33.6,502,500,7,1.8,0
14:33.8,502,500,7,1.8,0
14:34.0,502,500,7,1.8,0
14:34.2,502,500,7,1.8,0
14:34.4,501,500,7,1.8,0
14:34.6,501,500,7,1.8,0
14:34.8,501,500,7,1.8,0
14:35.0,501,500,7,1.8,0
14:35.2,501,500,7,1.8,0
14:35.4,501,500,7,1.8,0
14:35.6,501,500,7,1.8,0
14:35.8,500,500,7,1.8,0
14:36.0,500,500,7,1.8,0
14:36.2,500,500,7,1.8,0
14:36.4,500,500,7,1.8,0
14:36.6,500,500,7,1.8,0
14:36.8,499,500,7,1.8,0
14:37.0,499,500,7,1.8,0
14:37.2,499,500,7,1.8,0
14:37.4,499,500,7,1.8,0
14:37.6,500,500,7,1.8,0
14:37.8,500,500,7,1.8,0
14:38.0,501,500,7,1.8,0
14:38.2,501,500,7,1.8,0
14:38.4,501,500,7,1.8,0
14:38.5,502,500,7,1.8,0
14:38.7,502,500,7,1.8,0
14:39.0,503,500,7,1.8,0
14:39.2,504,500,7,1.8,0
14:39.4,505,500,7,1.7,0
14:39.6,505,500,7,1.7,0
14:39.8,503,500,7,1.8,0
14:40.0,503,500,7,1.8,0
14:40.1,503,500,7,1.8,0
14:40.3,503,500,7,1.8,0
14:40.5,502,500,7,1.8,0
14:40.7,502,500,7,1.8,0
14:40.9,501,500,7,1.8,0
14:41.1,501,500,7,1.8,0
14:41.3,501,500,7,1.8,0
14:41.5,501,500,7,1.8,0
14:41.7,501,500,7,1.8,0
14:41.9,502,500,7,1.8,0
14:42.1,501,500,7,1.8,0
14:42.3,501,500,7,1.8,0
14:42.5,501,500,7,1.8,0
14:42.7,500,500,7,1.8,0
14:42.9,499,500,7,1.8,0
14:43.1,498,500,7,1.8,0
14:43.3,497,500,7,1.8,0
14:43.5,497,500,7,1.8,0
14:43.7,496,500,7,1.8,0
14:43.9,496,500,7,1.8,0
14:44.1,495,500,7,1.8,0
14:44.3,495,500,7,1.8,0
14:44.5,494,500,7,1.8,0
14:44.7,494,500,7,1.8,0
14:44.9,494,500,7,1.9,0
14:45.1,493,500,7,1.9,0
14:45.3,493,500,7,1.9,0
14:45.5,493,500,7,1.9,0
14:45.7,493,500,7,1.9,0
14:45.9,493,500,7,1.9,0
14:46.1,495,500,7,1.8,0
14:46.3,494,500,7,1.9,0
14:46.5,494,500,7,1.9,0
14:46.7,496,500,7,1.8,0
14:46.9,495,500,7,1.8,0
14:47.1,495,500,7,1.8,0
14:47.3,494,500,7,1.9,0
14:47.5,496,500,7,1.8,0
14:47.7,496,500,7,1.8,0
14:47.9,496,500,7,1.8,0
14:48.1,495,500,7,1.8,0
14:48.3,495,500,7,1.8,0
14:48.5,495,500,7,1.8,0
14:48.7,494,500,7,1.9,0
14:48.9,494,500,7,1.9,0
14:49.1,495,500,7,1.9,0
14:49.3,494,500,7,1.9,0
14:49.5,494,500,7,1.9,0
14:49.7,494,500,7,1.9,0
14:49.9,495,500,7,1.9,0
14:50.1,494,500,7,2,0
14:50.3,494,500,7,2,0
14:50.5,495,500,7,1.9,0
14:50.7,494,500,7,2,0
14:50.9,494,500,7,2,0
14:51.1,495,500,7,1.9,0
14:51.3,495,500,7,1.9,0
14:51.5,495,500,7,1.9,0
14:51.7,495,500,7,1.9,0
14:51.9,495,500,7,1.9,0
14:52.1,495,500,7,1.9,0
14:52.3,495,500,7,1.9,0
14:52.5,495,500,7,1.9,0
14:52.7,495,500,7,1.9,0
14:52.9,495,500,7,1.9,0
14:53.1,495,500,7,1.9,0
14:53.3,494,500,7,2,0
14:53.5,494,500,7,2,0
14:53.7,494,500,8,2,0
14:53.9,494,500,8,2,0
14:54.1,494,500,8,2,0
14:54.3,494,500,8,2,0
14:54.5,493,500,8,2,0
14:54.7,493,500,8,2,0
14:54.9,493,500,8,2,0
14:55.1,493,500,8,2.1,0
14:55.3,493,500,8,2.1,0
14:55.5,495,500,8,2,0
14:55.7,496,500,8,2,0
14:55.9,495,500,8,2,0
14:56.1,495,500,8,2,0
14:56.3,495,500,8,2,0
14:56.5,494,500,8,2.1,0
14:56.7,494,500,8,2.1,0
14:56.9,495,500,8,2,0
14:57.1,495,500,8,2,0
14:57.3,494,500,8,2.1,0
14:57.5,495,500,8,2,0
14:57.7,495,500,8,2,0
14:57.9,495,500,8,2,0
14:58.1,494,500,8,2.1,0
14:58.3,496,500,8,2,0
14:58.5,495,500,8,2,0
14:58.7,495,500,8,2,0
14:58.9,494,500,8,2.1,0
14:59.1,496,500,8,2,0
14:59.3,496,500,8,2,0
14:59.5,495,500,8,2,0
14:59.7,495,500,8,2,0
14:59.9,494,500,8,2.1,0
15:00.1,495,500,8,2,0
15:00.3,495,500,8,2,0
15:00.5,494,500,8,2.1,0
15:00.7,496,500,8,2,0
15:00.9,495,500,8,2,0
15:01.1,495,500,8,2,0
15:01.3,494,500,8,2.1,0
15:01.5,494,500,8,2.1,0
15:01.7,496,500,8,2,0
15:01.9,495,500,8,2,0
15:02.1,495,500,8,2,0
15:02.3,494,500,8,2.1,0
15:02.5,495,500,8,2,0
15:02.7,496,500,8,2,0
15:02.9,495,500,8,2,0
15:03.1,494,500,8,2.1,0
15:03.3,494,500,8,2.1,0
15:03.5,496,500,8,2.1,0
15:03.7,497,500,8,2.1,0
15:03.9,496,500,8,2.1,0
15:04.1,494,500,8,2.1,0
15:04.3,493,500,8,2.2,0
15:04.5,492,500,8,2.2,0
15:04.7,491,500,8,2.2,0
15:04.9,491,500,8,2.2,0
15:05.1,490,500,8,2.2,0
15:05.3,491,500,8,2.2,0
15:05.5,493,500,8,2.2,0
15:05.7,493,500,8,2.2,0
15:05.9,493,500,8,2.2,0
15:06.1,495,500,8,2.1,0
15:06.3,495,500,8,2.1,0
15:06.5,494,500,8,2.2,0
15:06.7,494,500,9,2.2,0
15:06.9,494,500,9,2.2,0
15:07.1,495,500,9,2.2,0
15:07.3,494,500,9,2.2,0
15:07.5,494,500,9,2.2,0
15:07.7,494,500,9,2.3,0
15:07.9,494,500,9,2.3,0
15:08.1,494,500,9,2.3,0
15:08.3,494,500,9,2.3,0
15:08.5,494,500,9,2.3,0
15:08.7,494,500,9,2.3,0
15:08.9,494,500,9,2.3,0
15:09.1,494,500,9,2.3,0
15:09.3,494,500,9,2.3,0
15:09.5,494,500,9,2.3,0
15:09.7,494,500,9,2.3,0
15:09.9,494,500,9,2.3,0
15:10.1,494,500,9,2.3,0
15:10.3,494,500,9,2.3,0
15:10.5,494,500,9,2.3,0
15:10.7,494,500,9,2.4,0
15:10.9,494,500,9,2.4,0
15:11.1,494,500,9,2.4,0
15:11.3,494,500,9,2.4,0
15:11.5,494,500,9,2.4,0
15:11.7,496,500,9,2.3,0
15:11.9,496,500,9,2.3,0
15:12.1,496,500,9,2.3,0
15:12.3,496,500,9,2.3,0
15:12.5,496,500,9,2.3,0
15:12.7,496,500,9,2.3,0
15:12.9,496,500,9,2.3,0
15:13.1,496,500,9,2.3,0
15:13.3,496,500,9,2.3,0
15:13.5,496,500,9,2.3,0
15:13.7,497,500,9,2.3,0
15:13.9,497,500,9,2.3,0
15:14.1,497,500,9,2.3,0
15:14.3,497,500,9,2.3,0
15:14.5,497,500,9,2.3,0
15:14.7,497,500,9,2.3,0
15:14.9,496,500,9,2.3,0
15:15.1,496,500,9,2.3,0
15:15.3,496,500,9,2.3,0
15:15.5,495,500,9,2.3,0
15:15.7,495,500,9,2.3,0
15:15.9,495,500,9,2.3,0
15:16.1,495,500,9,2.3,0
15:16.3,495,500,9,2.3,0
15:16.5,495,500,9,2.3,0
15:16.7,495,500,9,2.3,0
15:16.9,495,500,9,2.3,0
15:17.1,495,500,9,2.3,0
15:17.3,495,500,9,2.3,0
15:17.5,494,500,9,2.4,0
15:17.7,497,500,9,2.3,0
15:17.9,497,500,9,2.3,0
15:18.0,497,500,9,2.3,0
15:18.2,497,500,9,2.3,0
15:18.4,496,500,9,2.3,0
15:18.6,496,500,9,2.3,0
15:18.8,495,500,9,2.3,0
15:19.0,495,500,9,2.3,0
15:19.2,495,500,9,2.3,0
15:19.4,495,500,9,2.3,0
15:19.6,494,500,9,2.4,0
15:19.8,495,500,9,2.3,0
15:20.1,495,500,9,2.3,0
15:20.3,494,500,9,2.4,0
15:20.4,494,500,9,2.4,0
15:20.6,495,500,9,2.3,0
15:20.8,496,500,9,2.3,0
15:21.0,496,500,9,2.3,0
15:21.2,496,500,9,2.3,0
15:21.4,496,500,9,2.3,0
15:21.6,497,500,9,2.3,0
15:21.8,496,500,9,2.3,0
15:22.0,496,500,9,2.3,0
15:22.2,496,500,9,2.3,0
15:22.4,496,500,9,2.3,0
15:22.6,496,500,9,2.3,0
15:22.8,497,500,9,2.3,0
15:23.0,497,500,9,2.3,0
15:23.2,497,500,9,2.3,0
15:23.4,497,500,9,2.3,0
15:23.6,497,500,9,2.3,0
15:23.8,497,500,9,2.3,0
15:24.0,496,500,9,2.3,0
15:24.2,495,500,9,2.3,0
15:24.4,495,500,9,2.3,0
15:24.6,494,500,9,2.4,0
15:24.8,496,500,9,2.3,0
15:25.0,496,500,9,2.3,0
15:25.2,495,500,9,2.3,0
15:25.4,494,500,9,2.4,0
15:25.6,495,500,9,2.4,0
15:25.8,494,500,9,2.4,0
15:26.0,494,500,9,2.4,0
15:26.2,495,500,9,2.4,0
15:26.4,495,500,9,2.4,0
15:26.6,493,500,9,2.4,0
15:26.8,494,500,9,2.4,0
15:27.0,496,500,9,2.4,0
15:27.2,495,500,9,2.4,0
15:27.4,495,500,9,2.4,0
15:27.6,494,500,9,2.4,0
15:27.8,496,500,9,2.4,0
15:28.0,498,500,9,2.4,0
15:28.2,499,500,9,2.4,0
15:28.4,500,500,9,2.4,0
15:28.6,502,500,9,2.4,0
15:28.8,503,500,9,2.4,0
15:29.0,503,500,9,2.4,0
15:29.2,504,500,9,2.4,0
15:29.4,505,500,9,2.3,0
15:29.6,503,500,9,2.4,0
15:29.8,502,500,9,2.4,0
15:30.0,503,500,9,2.4,0
15:30.2,502,500,9,2.4,0
15:30.4,502,500,9,2.4,0
15:30.6,502,500,9,2.4,0
15:30.8,501,500,9,2.4,0
15:31.0,501,500,9,2.4,0
15:31.2,501,500,9,2.4,0
15:31.4,501,500,9,2.4,0
15:31.6,501,500,9,2.4,0
15:31.8,501,500,9,2.4,0
15:32.0,501,500,9,2.4,0
15:32.2,501,500,9,2.4,0
15:32.4,502,500,9,2.4,0
15:32.6,502,500,9,2.4,0
15:32.8,502,500,9,2.4,0
15:33.0,502,500,9,2.4,0
15:33.2,502,500,9,2.4,0
15:33.4,502,500,9,2.4,0
15:33.6,502,500,9,2.4,0
15:33.8,502,500,9,2.4,0
15:34.0,502,500,9,2.4,0
15:34.2,502,500,9,2.4,0
15:34.4,502,500,9,2.4,0
15:34.6,502,500,9,2.4,0
15:34.8,502,500,9,2.4,0
15:35.0,502,500,9,2.4,0
15:35.2,502,500,9,2.4,0
15:35.4,502,500,9,2.4,0
15:35.6,502,500,9,2.4,0
15:35.8,502,500,9,2.4,0
15:36.0,502,500,9,2.4,0
15:36.2,502,500,9,2.4,0
15:36.4,502,500,9,2.4,0
15:36.6,502,500,9,2.4,0
15:36.8,503,500,9,2.4,0
15:37.0,503,500,9,2.4,0
15:37.2,503,500,9,2.4,0
15:37.4,503,500,9,2.4,0
15:37.6,503,500,9,2.4,0
15:37.8,503,500,9,2.4,0
15:38.0,503,500,9,2.4,0
15:38.2,503,500,9,2.4,0
15:38.4,503,500,9,2.4,0
15:38.6,503,500,9,2.4,0
15:38.8,503,500,9,2.4,0
15:39.0,503,500,9,2.4,0
15:39.2,504,500,9,2.4,0
15:39.4,504,500,9,2.4,0
15:39.6,504,500,9,2.4,0
15:39.8,504,500,9,2.4,0
15:40.0,504,500,9,2.4,0
15:40.2,504,500,9,2.4,0
15:40.4,504,500,9,2.4,0
15:40.6,506,500,9,2.3,0
15:40.8,506,500,9,2.3,0
15:41.0,505,500,9,2.3,0
15:41.2,505,500,9,2.3,0
15:41.4,504,500,9,2.4,0
15:41.6,504,500,9,2.4,0
15:41.8,504,500,9,2.4,0
15:42.0,505,500,9,2.3,0
15:42.2,506,500,9,2.3,0
15:42.4,507,500,9,2.2,0
15:42.6,508,500,9,2.2,0
15:42.8,508,500,9,2.2,0
15:43.0,506,500,9,2.2,0
15:43.2,505,500,9,2.2,0
15:43.4,505,500,9,2.2,0
15:43.6,504,500,9,2.3,0
15:43.8,504,500,9,2.3,0
15:44.0,503,500,9,2.3,0
15:44.2,502,500,9,2.3,0
15:44.4,501,500,9,2.3,0
15:44.6,501,500,9,2.3,0
15:44.8,500,500,9,2.3,0
15:45.0,500,500,9,2.3,0
15:45.2,499,500,9,2.3,0
15:45.4,498,500,9,2.3,0
15:45.6,498,500,9,2.3,0
15:45.8,497,500,9,2.3,0
15:46.0,497,500,9,2.3,0
15:46.2,497,500,9,2.3,0
15:46.4,497,500,9,2.3,0
15:46.6,497,500,9,2.3,0
15:46.8,499,500,9,2.3,0
15:47.0,500,500,9,2.3,0
15:47.2,502,500,9,2.3,0
15:47.4,503,500,9,2.3,0
15:47.6,504,500,9,2.3,0
15:47.8,505,500,9,2.2,0
15:48.0,504,500,9,2.3,0
15:48.2,504,500,9,2.3,0
15:48.4,506,500,9,2.2,0
15:48.6,505,500,9,2.2,0
15:48.8,503,500,9,2.3,0
15:49.0,503,500,9,2.3,0
15:49.2,504,500,9,2.3,0
15:49.4,504,500,9,2.3,0
15:49.6,505,500,9,2.2,0
15:49.8,503,500,9,2.3,0
15:50.0,503,500,9,2.3,0
15:50.2,504,500,9,2.3,0
15:50.4,506,500,9,2.2,0
15:50.6,506,500,9,2.2,0
15:50.8,505,500,9,2.2,0
15:51.0,505,500,9,2.2,0
15:51.2,504,500,9,2.2,0
15:51.4,505,500,9,2.2,0
15:51.6,506,500,9,2.1,0
15:51.8,505,500,9,2.1,0
15:52.0,504,500,9,2.2,0
15:52.2,503,500,9,2.2,0
15:52.4,503,500,9,2.2,0
15:52.6,502,500,9,2.2,0
15:52.8,502,500,9,2.2,0
15:53.0,502,500,9,2.2,0
15:53.2,502,500,9,2.2,0
15:53.4,502,500,9,2.2,0
15:53.6,501,500,9,2.2,0
15:53.8,502,500,9,2.2,0
15:54.0,501,500,9,2.2,0
15:54.2,502,500,9,2.2,0
15:54.4,502,500,9,2.2,0
15:54.6,502,500,9,2.2,0
15:54.8,502,500,9,2.2,0
15:55.0,502,500,9,2.2,0
15:55.2,503,500,9,2.2,0
15:55.4,503,500,9,2.2,0
15:55.6,503,500,9,2.2,0
15:55.8,503,500,9,2.2,0
15:56.0,503,500,9,2.2,0
15:56.2,503,500,9,2.2,0
15:56.4,504,500,9,2.2,0
15:56.6,504,500,9,2.2,0
15:56.8,504,500,9,2.2,0
15:57.0,504,500,9,2.2,0
15:57.1,505,500,9,2.1,0
15:57.3,505,500,9,2.1,0
15:57.5,505,500,9,2.1,0
15:57.7,506,500,9,2.1,0
15:57.9,506,500,9,2.1,0
15:58.1,506,500,9,2.1,0
15:58.3,506,500,9,2.1,0
15:58.6,506,500,8,2.1,0
15:58.8,507,500,8,2.1,0
15:58.9,505,500,8,2.1,0
15:59.1,505,500,8,2.1,0
15:59.3,505,500,8,2.1,0
15:59.5,506,500,8,2,0
15:59.7,508,500,8,2,0
15:59.9,510,500,8,2,0
16:00.1,510,500,8,2,0
16:00.3,511,500,8,1.9,0
16:00.5,513,500,8,1.9,0
16:00.7,513,500,8,1.9,0
16:00.9,511,500,8,1.9,0
16:01.1,510,500,8,1.9,0
16:01.3,509,500,8,1.9,0
16:01.5,508,500,8,1.9,0
16:01.7,508,500,8,1.9,0
16:01.9,507,500,8,1.9,0
16:02.1,507,500,8,1.9,0
16:02.3,507,500,8,1.9,0
16:02.5,507,500,8,1.9,0
16:02.7,507,500,8,1.8,0
16:02.9,506,500,8,1.8,0
16:03.1,506,500,7,1.8,0
16:03.3,506,500,7,1.8,0
16:03.5,506,500,7,1.8,0
16:03.7,506,500,7,1.8,0
16:03.9,506,500,7,1.8,0
16:04.1,507,500,7,1.8,0
16:04.3,508,500,7,1.8,0
16:04.5,507,500,7,1.8,0
16:04.7,506,500,7,1.8,0
16:04.9,505,500,7,1.8,0
16:05.1,507,500,7,1.7,0
16:05.3,507,500,7,1.7,0
16:05.5,507,500,7,1.7,0
16:05.7,506,500,7,1.7,0
16:05.9,506,500,7,1.7,0
16:06.1,506,500,7,1.7,0
16:06.3,506,500,7,1.7,0
16:06.5,505,500,7,1.7,0
16:06.7,504,500,7,1.8,0
16:06.9,506,500,7,1.7,0
16:07.1,506,500,7,1.7,0
16:07.3,504,500,7,1.8,0
16:07.5,503,500,7,1.8,0
16:07.7,502,500,7,1.8,0
16:07.9,501,500,7,1.8,0
16:08.1,501,500,7,1.8,0
16:08.3,501,500,7,1.8,0
16:08.5,500,500,7,1.8,0
16:08.7,500,500,7,1.8,0
16:08.9,500,500,7,1.8,0
16:09.1,499,500,7,1.8,0
16:09.3,499,500,7,1.8,0
16:09.5,498,500,7,1.8,0
16:09.7,498,500,7,1.8,0
16:09.9,498,500,7,1.8,0
16:10.1,497,500,7,1.8,0
16:10.3,497,500,7,1.8,0
16:10.5,497,500,7,1.8,0
16:10.7,496,500,7,1.8,0
16:10.9,496,500,7,1.8,0
16:11.1,497,500,7,1.8,0
16:11.3,497,500,7,1.8,0
16:11.5,497,500,7,1.8,0
16:11.7,496,500,7,1.8,0
16:11.9,497,500,7,1.8,0
16:12.1,497,500,7,1.8,0
16:12.3,497,500,7,1.8,0
16:12.5,497,500,7,1.8,0
16:12.7,497,500,7,1.8,0
16:12.9,497,500,7,1.8,0
16:13.1,497,500,7,1.8,0
16:13.3,497,500,7,1.8,0
16:13.5,497,500,7,1.8,0
16:13.7,497,500,7,1.8,0
16:13.9,497,500,7,1.8,0
16:14.1,497,500,7,1.8,0
16:14.3,497,500,7,1.8,0
16:14.5,497,500,7,1.8,0
16:14.7,497,500,7,1.8,0
16:14.9,497,500,7,1.8,0
16:15.1,496,500,7,1.8,0
16:15.3,495,500,7,1.8,0
16:15.5,494,500,7,1.8,0
16:15.7,493,500,7,1.9,0
16:15.9,495,500,7,1.8,0
16:16.1,497,500,7,1.8,0
16:16.3,498,500,7,1.8,0
16:16.5,500,500,7,1.8,0
16:16.7,501,500,7,1.8,0
16:16.9,503,500,7,1.8,0
16:17.1,504,500,7,1.8,0
16:17.3,505,500,7,1.7,0
16:17.5,504,500,7,1.8,0
16:17.7,505,500,7,1.7,0
16:17.9,503,500,7,1.8,0
16:18.1,502,500,7,1.8,0
16:18.3,502,500,7,1.8,0
16:18.5,501,500,7,1.8,0
16:18.7,500,500,7,1.8,0
16:18.9,500,500,7,1.8,0
16:19.1,500,500,7,1.8,0
16:19.3,499,500,7,1.8,0
16:19.5,499,500,7,1.8,0
16:19.7,499,500,7,1.8,0
16:19.9,499,500,7,1.8,0
16:20.1,499,500,7,1.8,0
16:20.3,499,500,7,1.8,0
16:20.5,499,500,7,1.8,0
16:20.7,499,500,7,1.8,0
16:20.9,499,500,7,1.8,0
16:21.1,498,500,7,1.8,0
16:21.3,496,500,7,1.8,0
16:21.5,495,500,7,1.8,0
16:21.7,494,500,7,1.8,0
16:21.9,495,500,7,1.8,0
16:22.1,497,500,7,1.8,0
16:22.3,499,500,7,1.8,0
16:22.5,500,500,7,1.8,0
16:22.7,502,500,7,1.8,0
16:22.9,503,500,7,1.8,0
16:23.1,503,500,7,1.8,0
16:23.3,504,500,7,1.8,0
16:23.5,504,500,7,1.8,0
16:23.7,505,500,7,1.7,0
16:23.9,505,500,7,1.7,0
16:24.1,504,500,7,1.8,0
16:24.3,504,500,7,1.8,0
16:24.5,504,500,7,1.8,0
16:24.7,505,500,7,1.7,0
16:24.9,506,500,7,1.7,0
16:25.1,507,500,7,1.6,0
16:25.3,508,500,7,1.6,0
16:25.5,508,500,7,1.6,0
16:25.7,507,500,7,1.6,0
16:25.9,505,500,7,1.6,0
16:26.1,504,500,7,1.7,0
16:26.3,505,500,7,1.6,0
16:26.5,504,500,7,1.7,0
16:26.7,505,500,7,1.6,0
16:26.9,503,500,7,1.7,0
16:27.1,504,500,7,1.7,0
16:27.3,505,500,6,1.6,0
16:27.5,504,500,6,1.7,0
16:27.7,504,500,6,1.7,0
16:27.9,505,500,6,1.6,0
16:28.1,503,500,6,1.7,0
16:28.3,503,500,6,1.7,0
16:28.5,504,500,6,1.7,0
16:28.7,506,500,6,1.6,0
16:28.9,506,500,6,1.6,0
16:29.1,504,500,6,1.7,0
16:29.3,505,500,6,1.6,0
16:29.5,505,500,6,1.6,0
16:29.7,503,500,6,1.6,0
16:29.9,504,500,6,1.6,0
16:30.1,506,500,6,1.6,0
16:30.3,504,500,6,1.6,0
16:30.5,503,500,6,1.6,0
16:30.7,501,500,6,1.6,0
16:30.9,500,500,6,1.6,0
16:31.1,498,500,6,1.6,0
16:31.3,496,500,6,1.6,0
16:31.5,495,500,6,1.6,0
16:31.7,495,500,6,1.6,0
16:31.9,494,500,6,1.7,0
16:32.1,497,500,6,1.6,0
16:32.3,499,500,6,1.6,0
16:32.5,501,500,6,1.6,0
16:32.7,503,500,6,1.6,0
16:32.9,504,500,6,1.6,0
16:33.1,505,500,6,1.6,0
16:33.3,503,500,6,1.6,0
16:33.5,502,500,6,1.6,0
16:33.7,500,500,6,1.6,0
16:33.9,499,500,6,1.6,0
16:34.1,498,500,6,1.6,0
16:34.3,496,500,6,1.6,0
16:34.5,496,500,6,1.6,0
16:34.7,496,500,6,1.6,0
16:34.9,497,500,6,1.6,0
16:35.1,497,500,6,1.6,0
16:35.3,498,500,6,1.6,0
16:35.4,499,500,6,1.6,0
16:35.7,498,500,6,1.6,0
16:35.9,498,500,6,1.6,0
16:36.1,498,500,6,1.6,0
16:36.2,499,500,6,1.6,0
16:36.4,499,500,6,1.6,0
16:36.6,499,500,6,1.6,0
16:36.8,499,500,6,1.6,0
16:37.0,500,500,6,1.6,0
16:37.3,500,500,6,1.6,0
16:37.5,500,500,6,1.6,0
16:37.7,500,500,6,1.6,0
16:37.8,499,500,6,1.6,0
16:38.0,497,500,6,1.6,0
16:38.2,496,500,6,1.6,0
16:38.4,494,500,6,1.7,0
16:38.6,495,500,6,1.6,0
16:38.8,497,500,6,1.6,0
16:39.0,499,500,6,1.6,0
16:39.2,501,500,6,1.6,0
16:39.4,503,500,6,1.6,0
16:39.6,504,500,6,1.6,0
16:39.8,505,500,6,1.6,0
16:40.0,503,500,6,1.6,0
16:40.2,501,500,6,1.6,0
16:40.4,498,500,6,1.6,0
16:40.6,496,500,6,1.6,0
16:40.8,494,500,6,1.7,0
16:41.0,492,500,6,1.7,0
16:41.2,492,500,6,1.7,0
16:41.4,492,500,6,1.8,0
16:41.6,492,500,6,1.8,0
16:41.8,492,500,7,1.8,0
16:42.0,495,500,7,1.7,0
16:42.2,495,500,7,1.7,0
16:42.4,496,500,7,1.7,0
16:42.6,497,500,7,1.7,0
16:42.8,498,500,7,1.7,0
16:43.0,499,500,7,1.7,0
16:43.2,499,500,7,1.7,0
16:43.4,500,500,7,1.7,0
16:43.6,501,500,7,1.7,0
16:43.8,502,500,7,1.7,0
16:44.0,503,500,7,1.7,0
16:44.2,503,500,7,1.7,0
16:44.4,504,500,7,1.7,0
16:44.6,504,500,7,1.7,0
16:44.8,504,500,7,1.7,0
16:45.0,503,500,7,1.7,0
16:45.2,501,500,7,1.7,0
16:45.4,498,500,7,1.7,0
16:45.6,496,500,7,1.7,0
16:45.8,495,500,7,1.7,0
16:46.0,493,500,7,1.8,0
16:46.2,494,500,7,1.8,0
16:46.4,496,500,7,1.7,0
16:46.6,495,500,7,1.7,0
16:46.8,494,500,7,1.8,0
16:47.0,495,500,7,1.7,0
16:47.2,494,500,7,1.8,0
16:47.4,495,500,7,1.7,0
16:47.6,494,500,7,1.8,0
16:47.8,496,500,7,1.7,0
16:48.0,496,500,7,1.7,0
16:48.2,495,500,7,1.7,0
16:48.4,493,500,7,1.8,0
16:48.6,494,500,7,1.8,0
16:48.8,497,500,7,1.7,0
16:49.0,498,500,7,1.7,0
16:49.2,496,500,7,1.7,0
16:49.4,495,500,7,1.7,0
16:49.6,494,500,7,1.8,0
16:49.8,496,500,7,1.7,0
16:50.0,495,500,7,1.7,0
16:50.2,495,500,7,1.7,0
16:50.4,494,500,7,1.8,0
16:50.6,496,500,7,1.7,0
16:50.8,496,500,7,1.7,0
16:51.0,494,500,7,1.8,0
16:51.2,496,500,7,1.8,0
16:51.4,496,500,7,1.8,0
16:51.6,494,500,7,1.8,0
16:51.8,496,500,7,1.8,0
16:52.0,496,500,7,1.8,0
16:52.2,494,500,7,1.8,0
16:52.4,496,500,7,1.8,0
16:52.6,496,500,7,1.8,0
16:52.8,494,500,7,1.8,0
16:53.0,496,500,7,1.8,0
16:53.2,498,500,7,1.8,0
16:53.4,499,500,7,1.8,0
16:53.6,501,500,7,1.8,0
16:53.8,502,500,7,1.8,0
16:54.0,503,500,7,1.8,0
16:54.2,503,500,7,1.8,0
16:54.4,504,500,7,1.8,0
16:54.6,504,500,7,1.8,0
16:54.8,505,500,7,1.7,0
16:55.0,503,500,7,1.8,0
16:55.2,500,500,7,1.8,0
16:55.4,497,500,7,1.8,0
16:55.6,495,500,7,1.8,0
16:55.8,494,500,7,1.8,0
16:56.0,494,500,7,1.8,0
16:56.2,497,500,7,1.8,0
16:56.4,499,500,7,1.8,0
16:56.6,501,500,7,1.8,0
16:56.8,503,500,7,1.8,0
16:57.0,504,500,7,1.8,0
16:57.2,505,500,7,1.7,0
16:57.4,503,500,7,1.8,0
16:57.6,504,500,7,1.8,0
16:57.8,505,500,7,1.7,0
16:58.0,503,500,7,1.8,0
16:58.2,500,500,7,1.8,0
16:58.4,498,500,7,1.8,0
16:58.6,496,500,7,1.8,0
16:58.8,495,500,7,1.8,0
16:59.0,494,500,7,1.8,0
16:59.2,496,500,7,1.8,0
16:59.4,499,500,7,1.8,0
16:59.6,501,500,7,1.8,0
16:59.8,503,500,7,1.8,0
17:00.0,504,500,7,1.8,0
17:00.2,506,500,7,1.7,0
17:00.4,504,500,7,1.8,0
17:00.6,503,500,7,1.8,0
17:00.8,502,500,7,1.8,0
17:01.0,501,500,7,1.8,0
17:01.2,500,500,7,1.8,0
17:01.4,500,500,7,1.8,0
17:01.6,499,500,7,1.8,0
17:01.8,499,500,7,1.8,0
17:02.0,498,500,7,1.8,0
17:02.2,497,500,7,1.8,0
17:02.4,496,500,7,1.8,0
17:02.6,495,500,7,1.8,0
17:02.8,494,500,7,1.8,0
17:03.0,496,500,7,1.8,0
17:03.2,498,500,7,1.8,0
17:03.4,500,500,7,1.8,0
17:03.6,502,500,7,1.8,0
17:03.8,504,500,7,1.8,0
17:04.0,505,500,7,1.7,0
17:04.2,504,500,7,1.8,0
17:04.4,502,500,7,1.8,0
17:04.6,500,500,7,1.8,0
17:04.8,499,500,7,1.8,0
17:05.0,497,500,7,1.8,0
17:05.2,496,500,7,1.8,0
17:05.4,495,500,7,1.8,0
17:05.6,495,500,7,1.8,0
17:05.8,494,500,7,1.8,0
17:06.0,497,500,7,1.8,0
17:06.2,500,500,7,1.8,0
17:06.4,503,500,7,1.8,0
17:06.6,505,500,7,1.7,0
17:06.8,506,500,7,1.7,0
17:07.0,506,500,7,1.7,0
17:07.2,506,500,7,1.7,0
17:07.4,506,500,7,1.7,0
17:07.6,506,500,7,1.6,0
17:07.8,507,500,7,1.6,0
17:08.0,504,500,7,1.7,0
17:08.2,503,500,7,1.7,0
17:08.4,504,500,7,1.7,0
17:08.6,505,500,7,1.6,0
17:08.8,504,500,7,1.7,0
17:09.0,503,500,7,1.7,0
17:09.2,501,500,7,1.7,0
17:09.4,500,500,7,1.7,0
17:09.6,499,500,7,1.7,0
17:09.8,498,500,7,1.7,0
17:10.0,497,500,7,1.7,0
17:10.2,497,500,7,1.7,0
17:10.4,496,500,7,1.7,0
17:10.6,496,500,7,1.7,0
17:10.8,495,500,7,1.7,0
17:11.0,495,500,7,1.7,0
17:11.2,495,500,7,1.7,0
17:11.4,495,500,7,1.7,0
17:11.6,495,500,7,1.7,0
17:11.8,495,500,7,1.7,0
17:12.0,495,500,7,1.7,0
17:12.2,495,500,7,1.7,0
17:12.4,495,500,7,1.7,0
17:12.6,495,500,7,1.7,0
17:12.8,495,500,7,1.7,0
17:13.0,495,500,7,1.7,0
17:13.2,495,500,7,1.7,0
17:13.4,495,500,7,1.7,0
17:13.6,495,500,7,1.7,0
17:13.8,495,500,7,1.7,0
17:14.0,495,500,7,1.7,0
17:14.2,495,500,7,1.7,0
17:14.4,495,500,7,1.7,0
17:14.6,495,500,7,1.7,0
17:14.8,495,500,7,1.7,0
17:15.0,495,500,7,1.7,0
17:15.2,495,500,7,1.7,0
17:15.4,495,500,7,1.7,0
17:15.6,495,500,7,1.7,0
17:15.8,496,500,7,1.7,0
17:16.0,498,500,7,1.7,0
17:16.2,499,500,7,1.7,0
17:16.4,500,500,7,1.7,0
17:16.6,501,500,7,1.7,0
17:16.8,501,500,7,1.7,0
17:17.0,502,500,7,1.7,0
17:17.2,503,500,7,1.7,0
17:17.3,504,500,7,1.7,0
17:17.5,504,500,7,1.7,0
17:17.7,505,500,7,1.6,0
17:18.0,505,500,7,1.6,0
17:18.2,502,500,7,1.7,0
17:18.4,500,500,7,1.7,0
17:18.6,499,500,7,1.7,0
17:18.7,499,500,7,1.7,0
17:18.9,498,500,7,1.7,0
17:19.1,498,500,7,1.7,0
17:19.3,497,500,7,1.7,0
17:19.5,497,500,7,1.7,0
17:19.7,497,500,7,1.7,0
17:19.9,497,500,7,1.7,0
17:20.1,496,500,7,1.7,0
17:20.4,496,500,7,1.7,0
17:20.5,496,500,7,1.7,0
17:20.7,496,500,7,1.7,0
17:20.9,496,500,7,1.7,0
17:21.1,496,500,7,1.7,0
17:21.3,496,500,7,1.7,0
17:21.5,496,500,7,1.7,0
17:21.7,495,500,7,1.7,0
17:21.9,495,500,7,1.7,0
17:22.1,496,500,7,1.7,0
17:22.3,496,500,7,1.7,0
17:22.5,496,500,7,1.7,0
17:22.7,496,500,7,1.7,0
17:22.9,496,500,7,1.7,0
17:23.1,496,500,7,1.7,0
17:23.3,496,500,7,1.7,0
17:23.5,496,500,7,1.7,0
17:23.7,496,500,7,1.7,0
17:23.9,496,500,7,1.7,0
17:24.1,497,500,7,1.7,0
17:24.3,496,500,7,1.7,0
17:24.5,496,500,7,1.7,0
17:24.7,496,500,7,1.7,0
17:24.9,496,500,7,1.7,0
17:25.1,497,500,7,1.7,0
17:25.3,497,500,7,1.7,0
17:25.5,497,500,7,1.7,0
17:25.7,497,500,7,1.7,0
17:25.9,497,500,7,1.7,0
17:26.1,497,500,7,1.7,0
17:26.3,497,500,7,1.7,0
17:26.5,497,500,7,1.7,0
17:26.7,497,500,7,1.7,0
17:26.9,499,500,7,1.7,0
17:27.1,499,500,7,1.7,0
17:27.3,500,500,7,1.7,0
17:27.5,501,500,7,1.7,0
17:27.7,502,500,7,1.7,0
17:27.9,502,500,7,1.7,0
17:28.1,503,500,7,1.7,0
17:28.3,504,500,7,1.7,0
17:28.5,505,500,7,1.6,0
17:28.7,503,500,7,1.7,0
17:28.9,503,500,7,1.7,0
17:29.1,505,500,7,1.6,0
17:29.3,506,500,6,1.6,0
17:29.5,504,500,6,1.7,0
17:29.7,506,500,6,1.6,0
17:29.9,506,500,6,1.6,0
17:30.1,504,500,6,1.7,0
17:30.3,505,500,6,1.6,0
17:30.5,505,500,6,1.6,0
17:30.7,502,500,6,1.6,0
17:30.9,504,500,6,1.6,0
17:31.1,505,500,6,1.6,0
17:31.3,503,500,6,1.6,0
17:31.5,505,500,6,1.6,0
17:31.7,505,500,6,1.6,0
17:31.9,503,500,6,1.6,0
17:32.1,501,500,6,1.6,0
17:32.3,500,500,6,1.6,0
17:32.5,499,500,6,1.6,0
17:32.7,498,500,6,1.6,0
17:32.9,497,500,6,1.6,0
17:33.1,497,500,6,1.6,0
17:33.3,496,500,6,1.6,0
17:33.5,496,500,6,1.6,0
17:33.7,496,500,6,1.6,0
17:33.9,495,500,6,1.6,0
17:34.1,495,500,6,1.6,0
17:34.3,495,500,6,1.6,0
17:34.5,495,500,6,1.6,0
17:34.7,496,500,6,1.6,0
17:34.9,497,500,6,1.6,0
17:35.1,498,500,6,1.6,0
17:35.3,498,500,6,1.6,0
17:35.5,500,500,6,1.6,0
17:35.7,501,500,6,1.6,0
17:35.9,503,500,6,1.6,0
17:36.1,505,500,6,1.6,0
17:36.3,506,500,6,1.5,0
17:36.5,508,500,6,1.5,0
17:36.7,506,500,6,1.5,0
17:36.9,505,500,6,1.5,0
17:37.1,507,500,6,1.5,0
17:37.3,505,500,6,1.5,0
17:37.5,505,500,6,1.5,0
17:37.7,503,500,6,1.6,0
17:37.9,504,500,6,1.6,0
17:38.1,505,500,6,1.5,0
17:38.3,503,500,6,1.6,0
17:38.5,503,500,6,1.6,0
17:38.7,504,500,6,1.6,0
17:38.9,504,500,6,1.6,0
17:39.1,504,500,6,1.6,0
17:39.3,504,500,6,1.6,0
17:39.5,504,500,6,1.6,0
17:39.7,504,500,6,1.6,0
17:39.9,504,500,6,1.6,0
17:40.1,504,500,6,1.6,0
17:40.3,504,500,6,1.6,0
17:40.5,504,500,6,1.6,0
17:40.7,504,500,6,1.6,0
17:40.9,504,500,6,1.6,0
17:41.1,503,500,6,1.6,0
17:41.3,503,500,6,1.6,0
17:41.5,503,500,6,1.6,0
17:41.7,503,500,6,1.6,0
17:41.9,503,500,6,1.6,0
17:42.1,502,500,6,1.6,0
17:42.3,503,500,6,1.6,0
17:42.5,502,500,6,1.6,0
17:42.7,503,500,6,1.6,0
17:42.9,502,500,6,1.6,0
17:43.1,502,500,6,1.6,0
17:43.3,502,500,6,1.6,0
17:43.5,501,500,6,1.6,0
17:43.7,500,500,6,1.6,0
17:43.9,500,500,6,1.6,0
17:44.1,499,500,6,1.6,0
17:44.3,499,500,6,1.6,0
17:44.5,499,500,6,1.6,0
17:44.7,499,500,6,1.6,0
17:44.9,498,500,6,1.6,0
17:45.1,498,500,6,1.6,0
17:45.3,498,500,6,1.6,0
17:45.5,498,500,6,1.6,0
17:45.7,498,500,6,1.6,0
17:45.9,497,500,6,1.6,0
17:46.1,497,500,6,1.6,0
17:46.3,497,500,6,1.6,0
17:46.5,497,500,6,1.6,0
17:46.7,497,500,6,1.6,0
17:46.9,497,500,6,1.6,0
17:47.1,497,500,6,1.6,0
17:47.3,497,500,6,1.6,0
17:47.5,497,500,6,1.6,0
17:47.7,496,500,6,1.6,0
17:47.9,496,500,6,1.6,0
17:48.1,496,500,6,1.6,0
17:48.3,496,500,6,1.6,0
17:48.5,496,500,6,1.6,0
17:48.7,496,500,6,1.6,0
17:48.9,496,500,6,1.6,0
17:49.1,495,500,6,1.6,0
17:49.3,496,500,6,1.6,0
17:49.5,496,500,6,1.6,0
17:49.7,496,500,6,1.6,0
17:49.9,495,500,6,1.6,0
17:50.1,495,500,6,1.6,0
17:50.3,494,500,6,1.6,0
17:50.5,496,500,6,1.6,0
17:50.7,497,500,6,1.6,0
17:50.9,495,500,6,1.6,0
17:51.1,494,500,6,1.6,0
17:51.3,494,500,6,1.6,0
17:51.5,497,500,6,1.6,0
17:51.7,496,500,6,1.6,0
17:51.9,496,500,6,1.6,0
17:52.1,495,500,6,1.6,0
17:52.3,494,500,6,1.7,0
17:52.5,495,500,6,1.6,0
17:52.7,495,500,6,1.6,0
17:52.9,494,500,6,1.7,0
17:53.1,495,500,6,1.6,0
17:53.3,495,500,6,1.6,0
17:53.5,495,500,6,1.6,0
17:53.7,494,500,6,1.7,0
17:53.9,497,500,6,1.6,0
17:54.1,496,500,6,1.6,0
17:54.3,495,500,6,1.6,0
17:54.5,494,500,6,1.7,0
17:54.7,495,500,6,1.6,0
17:54.9,496,500,6,1.6,0
17:55.1,496,500,6,1.6,0
17:55.3,496,500,6,1.6,0
17:55.5,495,500,6,1.6,0
17:55.7,495,500,6,1.6,0
17:55.9,494,500,6,1.7,0
17:56.1,496,500,6,1.6,0
17:56.3,495,500,6,1.6,0
17:56.5,493,500,6,1.7,0
17:56.7,494,500,6,1.7,0
17:56.9,496,500,6,1.6,0
17:57.1,496,500,6,1.6,0
17:57.3,495,500,6,1.6,0
17:57.5,493,500,6,1.7,0
17:57.7,493,500,6,1.7,0
17:57.9,495,500,6,1.6,0
17:58.1,497,500,6,1.6,0
17:58.3,499,500,6,1.6,0
17:58.5,500,500,6,1.6,0
17:58.7,501,500,6,1.6,0
17:58.9,502,500,6,1.6,0
17:59.1,502,500,6,1.6,0
17:59.3,503,500,6,1.6,0
17:59.5,503,500,6,1.6,0
17:59.6,503,500,6,1.6,0
17:59.9,504,500,6,1.6,0
18:00.1,504,500,6,1.6,0
18:00.3,504,500,6,1.6,0
18:00.5,504,500,6,1.6,0
18:00.7,504,500,6,1.6,0
18:00.8,504,500,6,1.6,0
18:01.0,504,500,6,1.6,0
18:01.2,503,500,6,1.6,0
18:01.4,501,500,6,1.6,0
18:01.6,500,500,6,1.6,0
18:01.9,499,500,6,1.6,0
18:02.0,499,500,6,1.6,0
18:02.2,498,500,6,1.6,0
18:02.5,498,500,6,1.6,0
18:02.6,499,500,6,1.6,0
18:02.8,500,500,6,1.6,0
18:03.0,500,500,6,1.6,0
18:03.2,501,500,6,1.6,0
18:03.4,502,500,6,1.6,0
18:03.6,503,500,6,1.6,0
18:03.8,503,500,6,1.6,0
18:04.0,503,500,6,1.6,0
18:04.2,504,500,6,1.6,0
18:04.4,505,500,6,1.6,0
18:04.6,504,500,6,1.6,0
18:04.8,504,500,6,1.6,0
18:05.0,506,500,6,1.6,0
18:05.2,503,500,6,1.6,0
18:05.4,500,500,6,1.6,0
18:05.6,497,500,6,1.6,0
18:05.8,495,500,6,1.6,0
18:06.0,493,500,6,1.7,0
18:06.2,493,500,6,1.7,0
18:06.4,494,500,6,1.7,0
18:06.6,494,500,6,1.7,0
18:06.8,494,500,6,1.7,0
18:07.0,495,500,6,1.7,0
18:07.2,495,500,6,1.7,0
18:07.4,495,500,6,1.7,0
18:07.6,495,500,6,1.7,0
18:07.8,496,500,6,1.7,0
18:08.0,496,500,6,1.7,0
18:08.2,496,500,6,1.7,0
18:08.4,496,500,6,1.7,0
18:08.6,496,500,6,1.7,0
18:08.8,496,500,6,1.7,0
18:09.0,496,500,6,1.7,0
18:09.2,496,500,6,1.7,0
18:09.4,497,500,6,1.7,0
18:09.6,497,500,6,1.7,0
18:09.8,498,500,6,1.7,0
18:10.0,500,500,6,1.7,0
18:10.2,502,500,6,1.7,0
18:10.4,503,500,6,1.7,0
18:10.6,505,500,6,1.6,0
18:10.8,504,500,6,1.7,0
18:11.0,504,500,6,1.7,0
18:11.2,505,500,6,1.6,0
18:11.4,504,500,6,1.7,0
18:11.6,504,500,6,1.7,0
18:11.8,505,500,6,1.6,0
18:12.0,504,500,6,1.6,0
18:12.2,505,500,6,1.6,0
18:12.4,503,500,6,1.6,0
18:12.6,502,500,6,1.6,0
18:12.8,503,500,6,1.6,0
18:13.0,503,500,6,1.6,0
18:13.2,503,500,6,1.6,0
18:13.4,502,500,6,1.6,0
18:13.6,501,500,6,1.6,0
18:13.8,500,500,6,1.6,0
18:14.0,499,500,6,1.6,0
18:14.2,499,500,6,1.6,0
18:14.4,498,500,6,1.6,0
18:14.6,498,500,6,1.6,0
18:14.8,498,500,6,1.6,0
18:15.0,498,500,6,1.6,0
18:15.2,497,500,6,1.6,0
18:15.4,497,500,6,1.6,0
18:15.6,497,500,6,1.6,0
18:15.8,497,500,6,1.6,0
18:16.0,497,500,6,1.6,0
18:16.2,497,500,6,1.6,0
18:16.4,497,500,6,1.6,0
18:16.6,498,500,6,1.6,0
18:16.8,498,500,6,1.6,0
18:17.0,497,500,6,1.6,0
18:17.2,497,500,6,1.6,0
18:17.4,497,500,6,1.6,0
18:17.6,497,500,6,1.6,0
18:17.8,497,500,6,1.6,0
18:18.0,497,500,6,1.6,0
18:18.2,497,500,6,1.6,0
18:18.4,497,500,6,1.6,0
18:18.6,497,500,6,1.6,0
18:18.8,497,500,6,1.6,0
18:19.0,497,500,6,1.6,0
18:19.2,497,500,6,1.6,0
18:19.4,497,500,6,1.6,0
18:19.6,497,500,6,1.6,0
18:19.8,497,500,6,1.6,0
18:20.0,497,500,6,1.6,0
18:20.2,497,500,6,1.6,0
18:20.4,497,500,6,1.6,0
18:20.6,498,500,6,1.6,0
18:20.8,498,500,6,1.6,0
18:21.0,497,500,6,1.6,0
18:21.2,497,500,6,1.6,0
18:21.4,497,500,6,1.6,0
18:21.6,497,500,6,1.6,0
18:21.8,497,500,6,1.6,0
18:22.0,497,500,6,1.6,0
18:22.2,498,500,6,1.6,0
18:22.4,498,500,6,1.6,0
18:22.6,497,500,6,1.6,0
18:22.8,497,500,6,1.6,0
18:23.0,497,500,6,1.6,0
18:23.2,498,500,6,1.6,0
18:23.4,499,500,6,1.6,0
18:23.6,501,500,6,1.6,0
18:23.8,502,500,6,1.6,0
18:24.0,503,500,6,1.6,0
18:24.2,504,500,6,1.6,0
18:24.4,505,500,6,1.6,0
18:24.6,504,500,6,1.6,0
18:24.8,501,500,6,1.6,0
18:25.0,499,500,6,1.6,0
18:25.2,497,500,6,1.6,0
18:25.4,495,500,6,1.6,0
18:25.6,494,500,6,1.7,0
18:25.8,493,500,6,1.7,0
18:26.0,494,500,6,1.7,0
18:26.2,494,500,6,1.7,0
18:26.4,495,500,6,1.7,0
18:26.6,495,500,6,1.7,0
18:26.8,496,500,6,1.7,0
18:27.0,496,500,6,1.7,0
18:27.2,496,500,6,1.7,0
18:27.4,497,500,6,1.7,0
18:27.6,498,500,6,1.7,0
18:27.8,498,500,6,1.7,0
18:28.0,497,500,6,1.7,0
18:28.2,498,500,6,1.7,0
18:28.4,498,500,6,1.7,0
18:28.6,498,500,6,1.7,0
18:28.8,498,500,6,1.7,0
18:29.0,498,500,6,1.7,0
18:29.2,500,500,6,1.7,0
18:29.4,501,500,6,1.7,0
18:29.6,503,500,6,1.7,0
18:29.8,504,500,6,1.7,0
18:30.0,505,500,6,1.6,0
18:30.2,503,500,6,1.7,0
18:30.4,502,500,6,1.7,0
18:30.6,504,500,6,1.7,0
18:30.8,506,500,6,1.6,0
18:31.0,507,500,6,1.6,0
18:31.2,505,500,6,1.6,0
18:31.4,503,500,6,1.6,0
18:31.6,502,500,6,1.6,0
18:31.8,500,500,6,1.6,0
18:32.0,499,500,6,1.6,0
18:32.2,497,500,6,1.6,0
18:32.4,496,500,6,1.6,0
18:32.6,494,500,6,1.7,0
18:32.8,495,500,6,1.6,0
18:33.0,495,500,6,1.6,0
18:33.2,494,500,6,1.7,0
18:33.4,495,500,6,1.6,0
18:33.6,497,500,6,1.6,0
18:33.8,498,500,6,1.6,0
18:34.0,499,500,6,1.6,0
18:34.2,499,500,6,1.6,0
18:34.4,498,500,6,1.6,0
18:34.6,498,500,6,1.6,0
18:34.8,497,500,6,1.6,0
18:35.0,497,500,6,1.6,0
18:35.2,497,500,6,1.6,0
18:35.4,498,500,6,1.6,0
18:35.6,499,500,6,1.6,0
18:35.8,500,500,6,1.6,0
18:36.0,501,500,6,1.6,0
18:36.2,501,500,6,1.6,0
18:36.4,501,500,6,1.6,0
18:36.6,501,500,6,1.6,0
18:36.8,502,500,6,1.6,0
18:37.0,502,500,6,1.6,0
18:37.1,503,500,6,1.6,0
18:37.4,504,500,6,1.6,0
18:37.6,504,500,6,1.6,0
18:37.8,505,500,6,1.6,0
18:38.0,503,500,6,1.6,0
18:38.2,502,500,6,1.6,0
18:38.4,501,500,6,1.6,0
18:38.6,500,500,6,1.6,0
18:38.7,499,500,6,1.6,0
18:38.9,499,500,6,1.6,0
18:39.1,498,500,6,1.6,0
18:39.3,498,500,6,1.6,0
18:39.5,499,500,6,1.6,0
18:39.8,500,500,6,1.6,0
18:39.9,501,500,6,1.6,0
18:40.1,502,500,6,1.6,0
18:40.3,503,500,6,1.6,0
18:40.5,505,500,6,1.6,0
18:40.7,504,500,6,1.6,0
18:40.9,502,500,6,1.6,0
18:41.1,500,500,6,1.6,0
18:41.3,499,500,6,1.6,0
18:41.5,498,500,6,1.6,0
18:41.7,497,500,6,1.6,0
18:41.9,497,500,6,1.6,0
18:42.1,496,500,6,1.6,0
18:42.3,496,500,6,1.6,0
18:42.5,497,500,6,1.6,0
18:42.7,497,500,6,1.6,0
18:42.9,497,500,6,1.6,0
18:43.1,497,500,6,1.6,0
18:43.3,497,500,6,1.6,0
18:43.5,496,500,6,1.6,0
18:43.7,496,500,6,1.6,0
18:43.9,496,500,6,1.6,0
18:44.1,496,500,6,1.6,0
18:44.3,496,500,6,1.6,0
18:44.5,496,500,6,1.6,0
18:44.7,497,500,6,1.6,0
18:44.9,497,500,6,1.6,0
18:45.1,497,500,6,1.6,0
18:45.3,497,500,6,1.6,0
18:45.5,498,500,6,1.6,0
18:45.7,498,500,6,1.6,0
18:45.9,499,500,6,1.6,0
18:46.1,500,500,6,1.6,0
18:46.3,500,500,6,1.6,0
18:46.5,501,500,6,1.6,0
18:46.7,502,500,6,1.6,0
18:46.9,503,500,6,1.6,0
18:47.1,503,500,6,1.6,0
18:47.3,503,500,6,1.6,0
18:47.5,502,500,6,1.6,0
18:47.7,501,500,6,1.6,0
18:47.9,501,500,6,1.6,0
18:48.1,500,500,6,1.6,0
18:48.3,500,500,6,1.6,0
18:48.5,499,500,6,1.6,0
18:48.7,499,500,6,1.6,0
18:48.9,499,500,6,1.6,0
18:49.1,498,500,6,1.6,0
18:49.3,498,500,6,1.6,0
18:49.5,499,500,6,1.6,0
18:49.7,499,500,6,1.6,0
18:49.9,499,500,6,1.6,0
18:50.1,499,500,6,1.6,0
18:50.3,499,500,6,1.6,0
18:50.5,499,500,6,1.6,0
18:50.7,499,500,6,1.6,0
18:50.9,500,500,6,1.6,0
18:51.1,500,500,6,1.6,0
18:51.3,500,500,6,1.6,0
18:51.5,500,500,6,1.6,0
18:51.7,501,500,6,1.6,0
18:51.9,500,500,6,1.6,0
18:52.1,500,500,6,1.6,0
18:52.3,499,500,6,1.6,0
18:52.5,499,500,6,1.6,0
18:52.7,498,500,6,1.6,0
18:52.9,498,500,6,1.6,0
18:53.1,497,500,6,1.6,0
18:53.3,498,500,6,1.6,0
18:53.5,500,500,6,1.6,0
18:53.7,500,500,6,1.6,0
18:53.9,502,500,6,1.6,0
18:54.1,502,500,6,1.6,0
18:54.3,503,500,6,1.6,0
18:54.5,503,500,6,1.6,0
18:54.7,504,500,6,1.6,0
18:54.9,504,500,6,1.6,0
18:55.1,505,500,6,1.6,0
18:55.3,505,500,6,1.6,0
18:55.5,505,500,6,1.5,0
18:55.7,505,500,6,1.5,0
18:55.9,505,500,6,1.5,0
18:56.1,504,500,6,1.6,0
18:56.3,503,500,6,1.6,0
18:56.5,500,500,6,1.6,0
18:56.7,497,500,6,1.6,0
18:56.9,495,500,6,1.6,0
18:57.1,493,500,6,1.7,0
18:57.3,494,500,6,1.7,0
18:57.5,494,500,6,1.7,0
18:57.7,494,500,6,1.7,0
18:57.9,494,500,6,1.7,0
18:58.1,494,500,6,1.7,0
18:58.3,494,500,6,1.7,0
18:58.5,494,500,6,1.7,0
18:58.7,495,500,6,1.7,0
18:58.9,495,500,6,1.7,0
18:59.1,495,500,6,1.7,0
18:59.3,496,500,6,1.7,0
18:59.5,496,500,6,1.7,0
18:59.7,496,500,6,1.7,0
18:59.9,496,500,6,1.7,0
19:00.1,496,500,6,1.7,0
19:00.3,497,500,6,1.7,0
19:00.5,496,500,6,1.7,0
19:00.7,496,500,6,1.7,0
19:00.9,495,500,6,1.7,0
19:01.1,495,500,6,1.7,0
19:01.3,494,500,6,1.7,0
19:01.5,494,500,6,1.7,0
19:01.7,494,500,6,1.7,0
19:01.9,493,500,7,1.8,0
19:02.1,493,500,7,1.8,0
19:02.3,493,500,7,1.8,0
19:02.5,496,500,7,1.7,0
19:02.7,497,500,7,1.7,0
19:02.9,497,500,7,1.7,0
19:03.1,496,500,7,1.7,0
19:03.3,495,500,7,1.7,0
19:03.5,494,500,7,1.8,0
19:03.7,494,500,7,1.8,0
19:03.9,496,500,7,1.7,0
19:04.1,495,500,7,1.7,0
19:04.3,495,500,7,1.7,0
19:04.5,495,500,7,1.7,0
19:04.7,494,500,7,1.8,0
19:04.9,495,500,7,1.7,0
19:05.1,496,500,7,1.7,0
19:05.3,495,500,7,1.7,0
19:05.5,495,500,7,1.7,0
19:05.7,494,500,7,1.8,0
19:05.9,497,500,7,1.7,0
19:06.1,499,500,7,1.7,0
19:06.3,498,500,7,1.7,0
19:06.5,497,500,7,1.7,0
19:06.7,496,500,7,1.7,0
19:06.9,495,500,7,1.7,0
19:07.1,495,500,7,1.7,0
19:07.3,494,500,7,1.8,0
19:07.5,496,500,7,1.7,0
19:07.7,496,500,7,1.7,0
19:07.9,496,500,7,1.7,0
19:08.1,495,500,7,1.7,0
19:08.3,495,500,7,1.7,0
19:08.5,494,500,7,1.8,0
19:08.7,497,500,7,1.7,0
19:08.9,497,500,7,1.7,0
19:09.1,496,500,7,1.7,0
19:09.3,496,500,7,1.7,0
19:09.5,495,500,7,1.7,0
19:09.7,495,500,7,1.7,0
19:09.9,494,500,7,1.8,0
19:10.1,497,500,7,1.7,0
19:10.3,498,500,7,1.7,0
19:10.5,497,500,7,1.7,0
19:10.7,496,500,7,1.7,0
19:10.9,496,500,7,1.7,0
19:11.1,495,500,7,1.7,0
19:11.3,495,500,7,1.7,0
19:11.5,494,500,7,1.8,0
19:11.7,497,500,7,1.7,0
19:11.9,499,500,7,1.7,0
19:12.1,498,500,7,1.7,0
19:12.3,497,500,7,1.7,0
19:12.5,496,500,7,1.7,0
19:12.7,496,500,7,1.7,0
19:12.9,495,500,7,1.7,0
19:13.1,495,500,7,1.7,0
19:13.3,494,500,7,1.8,0
19:13.5,497,500,7,1.8,0
19:13.7,499,500,7,1.8,0
19:13.9,499,500,7,1.8,0
19:14.1,499,500,7,1.8,0
19:14.3,500,500,7,1.8,0
19:14.5,500,500,7,1.8,0
19:14.7,501,500,7,1.8,0
19:14.9,501,500,7,1.8,0
19:15.1,502,500,7,1.8,0
19:15.3,503,500,7,1.8,0
19:15.5,504,500,7,1.8,0
19:15.7,505,500,7,1.7,0
19:15.9,505,500,7,1.7,0
19:16.1,504,500,7,1.7,0
19:16.2,504,500,7,1.7,0
19:16.4,503,500,7,1.7,0
19:16.6,504,500,7,1.7,0
19:16.9,504,500,7,1.7,0
19:17.1,504,500,7,1.7,0
19:17.3,505,500,7,1.7,0
19:17.5,505,500,7,1.7,0
19:17.7,505,500,7,1.7,0
19:17.8,505,500,7,1.7,0
19:18.0,505,500,7,1.6,0
19:18.2,504,500,7,1.7,0
19:18.4,504,500,7,1.7,0
19:18.7,503,500,7,1.7,0
19:18.8,503,500,7,1.7,0
19:19.0,502,500,7,1.7,0
19:19.2,501,500,7,1.7,0
19:19.4,499,500,7,1.7,0
19:19.6,498,500,7,1.7,0
19:19.8,497,500,7,1.7,0
19:20.0,497,500,7,1.7,0
19:20.2,496,500,7,1.7,0
19:20.4,496,500,7,1.7,0
19:20.6,495,500,7,1.7,0
19:20.8,495,500,7,1.7,0
19:21.0,495,500,7,1.7,0
19:21.2,494,500,7,1.8,0
19:21.4,497,500,7,1.7,0
19:21.6,499,500,7,1.7,0
19:21.8,498,500,7,1.7,0
19:22.0,497,500,7,1.7,0
19:22.2,497,500,7,1.7,0
19:22.4,496,500,7,1.7,0
19:22.6,496,500,7,1.7,0
19:22.8,495,500,7,1.7,0
19:23.0,495,500,7,1.7,0
19:23.2,494,500,7,1.8,0
19:23.4,496,500,7,1.7,0
19:23.6,496,500,7,1.7,0
19:23.8,496,500,7,1.7,0
19:24.0,495,500,7,1.7,0
19:24.2,495,500,7,1.7,0
19:24.4,495,500,7,1.7,0
19:24.6,495,500,7,1.7,0
19:24.8,495,500,7,1.7,0
19:25.0,495,500,7,1.7,0
19:25.2,494,500,7,1.8,0
19:25.4,497,500,7,1.7,0
19:25.6,499,500,7,1.7,0
19:25.8,498,500,7,1.7,0
19:26.0,497,500,7,1.7,0
19:26.2,496,500,7,1.7,0
19:26.4,496,500,7,1.7,0
19:26.6,495,500,7,1.7,0
19:26.8,495,500,7,1.7,0
19:27.0,495,500,7,1.7,0
19:27.2,495,500,7,1.7,0
19:27.4,494,500,7,1.8,0
19:27.6,497,500,7,1.7,0
19:27.8,497,500,7,1.7,0
19:28.0,497,500,7,1.7,0
19:28.2,496,500,7,1.7,0
19:28.4,496,500,7,1.7,0
19:28.6,495,500,7,1.7,0
19:28.8,495,500,7,1.7,0
19:29.0,495,500,7,1.7,0
19:29.2,495,500,7,1.7,0
19:29.4,495,500,7,1.7,0
19:29.6,495,500,7,1.7,0
19:29.8,495,500,7,1.7,0
19:30.0,495,500,7,1.7,0
19:30.2,495,500,7,1.7,0
19:30.4,495,500,7,1.7,0
19:30.6,495,500,7,1.7,0
19:30.8,495,500,7,1.7,0
19:31.0,495,500,7,1.7,0
19:31.2,494,500,7,1.8,0
19:31.4,496,500,7,1.7,0
19:31.6,497,500,7,1.7,0
19:31.8,496,500,7,1.7,0
19:32.0,496,500,7,1.7,0
19:32.2,496,500,7,1.7,0
19:32.4,495,500,7,1.7,0
19:32.6,495,500,7,1.7,0
19:32.8,495,500,7,1.7,0
19:33.0,495,500,7,1.7,0
19:33.2,495,500,7,1.7,0
19:33.4,495,500,7,1.7,0
19:33.6,495,500,7,1.7,0
19:33.8,495,500,7,1.7,0
19:34.0,495,500,7,1.7,0
19:34.2,495,500,7,1.7,0
19:34.4,495,500,7,1.7,0
19:34.6,495,500,7,1.7,0
19:34.8,495,500,7,1.7,0
19:35.0,495,500,7,1.7,0
19:35.2,495,500,7,1.7,0
19:35.4,495,500,7,1.7,0
19:35.6,495,500,7,1.7,0
19:35.8,495,500,7,1.7,0
19:36.0,495,500,7,1.7,0
19:36.2,495,500,7,1.7,0
19:36.4,495,500,7,1.7,0
19:36.6,495,500,7,1.7,0
19:36.8,495,500,7,1.7,0
19:37.0,495,500,7,1.7,0
19:37.2,495,500,7,1.7,0
19:37.4,495,500,7,1.7,0
19:37.6,495,500,7,1.7,0
19:37.8,495,500,7,1.7,0
19:38.0,495,500,7,1.7,0
19:38.2,495,500,7,1.7,0
19:38.4,495,500,7,1.7,0
19:38.6,495,500,7,1.7,0
19:38.8,495,500,7,1.7,0
19:39.0,495,500,7,1.7,0
19:39.2,495,500,7,1.7,0
19:39.4,495,500,7,1.7,0
19:39.6,495,500,7,1.7,0
19:39.8,495,500,7,1.7,0
19:40.0,495,500,7,1.7,0
19:40.2,495,500,7,1.7,0
19:40.4,497,500,7,1.7,0
19:40.6,499,500,7,1.7,0
19:40.8,500,500,7,1.7,0
19:41.0,501,500,7,1.7,0
19:41.2,502,500,7,1.7,0
19:41.4,502,500,7,1.7,0
19:41.6,503,500,7,1.7,0
19:41.8,503,500,7,1.7,0
19:42.0,504,500,7,1.7,0
19:42.2,505,500,7,1.7,0
19:42.4,506,500,7,1.7,0
19:42.6,507,500,7,1.6,0
19:42.8,505,500,7,1.6,0
19:43.0,504,500,7,1.7,0
19:43.2,505,500,7,1.6,0
19:43.4,503,500,7,1.7,0
19:43.6,503,500,7,1.7,0
19:43.8,504,500,7,1.7,0
19:44.0,505,500,7,1.6,0
19:44.2,504,500,7,1.7,0
19:44.4,505,500,7,1.6,0
19:44.6,502,500,7,1.7,0
19:44.8,502,500,7,1.7,0
19:45.0,503,500,7,1.7,0
19:45.2,504,500,7,1.7,0
19:45.4,505,500,7,1.6,0
19:45.6,503,500,7,1.7,0
19:45.8,504,500,7,1.7,0
19:46.0,505,500,6,1.6,0
19:46.2,503,500,6,1.7,0
19:46.4,501,500,6,1.7,0
19:46.6,502,500,6,1.7,0
19:46.8,503,500,6,1.7,0
19:47.0,504,500,6,1.7,0
19:47.2,505,500,6,1.6,0
19:47.4,503,500,6,1.7,0
19:47.6,502,500,6,1.7,0
19:47.8,503,500,6,1.7,0
19:48.0,504,500,6,1.7,0
19:48.2,505,500,6,1.6,0
19:48.4,503,500,6,1.7,0
19:48.6,504,500,6,1.7,0
19:48.8,505,500,6,1.6,0
19:49.0,503,500,6,1.7,0
19:49.2,504,500,6,1.7,0
19:49.4,506,500,6,1.6,0
19:49.6,504,500,6,1.7,0
19:49.8,505,500,6,1.6,0
19:50.0,504,500,6,1.6,0
19:50.2,505,500,6,1.6,0
19:50.4,503,500,6,1.6,0
19:50.6,500,500,6,1.6,0
19:50.8,499,500,6,1.6,0
19:51.0,497,500,6,1.6,0
19:51.2,496,500,6,1.6,0
19:51.4,495,500,6,1.6,0
19:51.6,494,500,6,1.7,0
19:51.8,495,500,6,1.6,0
19:52.0,498,500,6,1.6,0
19:52.2,500,500,6,1.6,0
19:52.4,501,500,6,1.6,0
19:52.6,502,500,6,1.6,0
19:52.8,501,500,6,1.6,0
19:53.0,501,500,6,1.6,0
19:53.2,500,500,6,1.6,0
19:53.4,500,500,6,1.6,0
19:53.6,500,500,6,1.6,0
19:53.8,500,500,6,1.6,0
19:54.0,501,500,6,1.6,0
19:54.2,502,500,6,1.6,0
19:54.4,503,500,6,1.6,0
19:54.6,504,500,6,1.6,0
19:54.8,505,500,6,1.6,0
19:55.0,502,500,6,1.6,0
19:55.2,501,500,6,1.6,0
19:55.4,499,500,6,1.6,0
19:55.6,497,500,6,1.6,0
19:55.8,496,500,6,1.6,0
19:56.0,495,500,6,1.6,0
19:56.2,494,500,6,1.7,0
19:56.4,495,500,6,1.6,0
19:56.6,497,500,6,1.6,0
19:56.8,499,500,6,1.6,0
19:57.0,500,500,6,1.6,0
19:57.2,501,500,6,1.6,0
19:57.3,502,500,6,1.6,0
19:57.5,503,500,6,1.6,0
19:57.7,504,500,6,1.6,0
19:57.9,504,500,6,1.6,0
19:58.1,505,500,6,1.6,0
19:58.3,503,500,6,1.6,0
19:58.5,501,500,6,1.6,0
19:58.7,499,500,6,1.6,0
19:58.9,498,500,6,1.6,0
19:59.1,497,500,6,1.6,0
19:59.4,495,500,6,1.6,0
19:59.6,495,500,6,1.6,0
19:59.7,495,500,6,1.6,0
19:59.9,494,500,6,1.7,0
20:00.1,497,500,6,1.6,0
20:00.3,500,500,6,1.6,0
20:00.5,502,500,6,1.6,0
20:00.7,504,500,6,1.6,0
20:00.9,506,500,6,1.6,0
20:01.1,505,500,6,1.6,0
20:01.3,504,500,6,1.6,0
20:01.5,502,500,6,1.6,0
20:01.7,501,500,6,1.6,0
20:01.9,500,500,6,1.6,0
20:02.1,498,500,6,1.6,0
20:02.3,497,500,6,1.6,0
20:02.5,496,500,6,1.6,0
20:02.7,495,500,6,1.6,0
20:02.9,495,500,6,1.6,0
20:03.1,494,500,6,1.7,0
20:03.3,495,500,6,1.6,0
20:03.5,494,500,6,1.7,0
20:03.7,495,500,6,1.6,0
20:03.9,496,500,6,1.6,0
20:04.1,497,500,6,1.6,0
20:04.3,498,500,6,1.6,0
20:04.5,498,500,6,1.6,0
20:04.7,499,500,6,1.6,0
20:04.9,499,500,6,1.6,0
20:05.1,500,500,6,1.6,0
20:05.3,500,500,6,1.6,0
20:05.5,501,500,6,1.6,0
20:05.7,502,500,6,1.6,0
20:05.9,504,500,6,1.6,0
20:06.1,504,500,6,1.6,0
20:06.3,505,500,6,1.6,0
20:06.5,505,500,6,1.6,0
20:06.7,503,500,6,1.6,0
20:06.9,501,500,6,1.6,0
20:07.1,500,500,6,1.6,0
20:07.3,498,500,6,1.6,0
20:07.5,497,500,6,1.6,0
20:07.7,496,500,6,1.6,0
20:07.9,495,500,6,1.6,0
20:08.1,494,500,6,1.7,0
20:08.3,494,500,6,1.7,0
20:08.5,495,500,6,1.6,0
20:08.7,496,500,6,1.6,0
20:08.9,497,500,6,1.6,0
20:09.1,498,500,6,1.6,0
20:09.3,498,500,6,1.6,0
20:09.5,499,500,6,1.6,0
20:09.7,499,500,6,1.6,0
20:09.9,499,500,6,1.6,0
20:10.1,500,500,6,1.6,0
20:10.3,500,500,6,1.6,0
20:10.5,500,500,6,1.6,0
20:10.7,500,500,6,1.6,0
20:10.9,500,500,6,1.6,0
20:11.1,500,500,6,1.6,0
20:11.3,500,500,6,1.6,0
20:11.5,500,500,6,1.6,0
20:11.7,500,500,6,1.6,0
20:11.9,500,500,6,1.6,0
20:12.1,501,500,6,1.6,0
20:12.3,503,500,6,1.6,0
20:12.5,504,500,6,1.6,0
20:12.7,505,500,6,1.6,0
20:12.9,505,500,6,1.6,0
20:13.1,503,500,6,1.6,0
20:13.3,501,500,6,1.6,0
20:13.5,500,500,6,1.6,0
20:13.7,499,500,6,1.6,0
20:13.9,498,500,6,1.6,0
20:14.1,498,500,6,1.6,0
20:14.3,497,500,6,1.6,0
20:14.5,496,500,6,1.6,0
20:14.7,496,500,6,1.6,0
20:14.9,496,500,6,1.6,0
20:15.1,495,500,6,1.6,0
20:15.3,494,500,6,1.7,0
20:15.5,495,500,6,1.6,0
20:15.7,495,500,6,1.6,0
20:15.9,494,500,6,1.7,0
20:16.1,495,500,6,1.6,0
20:16.3,496,500,6,1.6,0
20:16.5,496,500,6,1.6,0
20:16.7,497,500,6,1.6,0
20:16.9,497,500,6,1.6,0
20:17.1,498,500,6,1.6,0
20:17.3,498,500,6,1.6,0
20:17.5,498,500,6,1.6,0
20:17.7,498,500,6,1.6,0
20:17.9,498,500,6,1.6,0
20:18.1,498,500,6,1.6,0
20:18.3,498,500,6,1.6,0
20:18.5,498,500,6,1.6,0
20:18.7,498,500,6,1.6,0
20:18.9,499,500,6,1.6,0
20:19.1,499,500,6,1.6,0
20:19.3,499,500,6,1.6,0
20:19.5,499,500,6,1.6,0
20:19.7,499,500,6,1.6,0
20:19.9,499,500,6,1.6,0
20:20.1,499,500,6,1.6,0
20:20.3,499,500,6,1.6,0
20:20.5,499,500,6,1.6,0
20:20.7,499,500,6,1.6,0
20:20.9,499,500,6,1.6,0
20:21.1,499,500,6,1.6,0
20:21.3,499,500,6,1.6,0
20:21.5,499,500,6,1.6,0
20:21.7,499,500,6,1.6,0
20:21.9,499,500,6,1.6,0
20:22.1,499,500,6,1.6,0
20:22.3,499,500,6,1.6,0
20:22.5,499,500,6,1.6,0
20:22.7,499,500,6,1.6,0
20:22.9,499,500,6,1.6,0
20:23.1,500,500,6,1.6,0
20:23.3,502,500,6,1.6,0
20:23.5,504,500,6,1.6,0
20:23.7,505,500,6,1.6,0
20:23.9,505,500,6,1.6,0
20:24.1,502,500,6,1.6,0
20:24.3,501,500,6,1.6,0
20:24.5,500,500,6,1.6,0
20:24.7,500,500,6,1.6,0
20:24.9,499,500,6,1.6,0
20:25.1,499,500,6,1.6,0
20:25.3,499,500,6,1.6,0
20:25.5,498,500,6,1.6,0
20:25.7,497,500,6,1.6,0
20:25.9,497,500,6,1.6,0
20:26.1,496,500,6,1.6,0
20:26.3,495,500,6,1.6,0
20:26.5,494,500,6,1.7,0
20:26.7,495,500,6,1.6,0
20:26.9,495,500,6,1.6,0
20:27.1,495,500,6,1.6,0
20:27.3,494,500,6,1.7,0
20:27.5,496,500,6,1.6,0
20:27.7,498,500,6,1.6,0
20:27.9,500,500,6,1.6,0
20:28.1,502,500,6,1.6,0
20:28.3,503,500,6,1.6,0
20:28.5,504,500,6,1.6,0
20:28.7,505,500,6,1.6,0
20:28.9,503,500,6,1.6,0
20:29.1,501,500,6,1.6,0
20:29.3,499,500,6,1.6,0
20:29.5,497,500,6,1.6,0
20:29.7,496,500,6,1.6,0
20:29.9,495,500,6,1.6,0
20:30.1,494,500,6,1.7,0
20:30.3,495,500,6,1.6,0
20:30.5,495,500,6,1.6,0
20:30.7,494,500,6,1.7,0
20:30.9,495,500,6,1.6,0
20:31.1,498,500,6,1.6,0
20:31.3,500,500,6,1.6,0
20:31.5,501,500,6,1.6,0
20:31.7,503,500,6,1.6,0
20:31.9,504,500,6,1.6,0
20:32.1,505,500,6,1.6,0
20:32.3,503,500,6,1.6,0
20:32.5,501,500,6,1.6,0
20:32.7,499,500,6,1.6,0
20:32.9,498,500,6,1.6,0
20:33.1,496,500,6,1.6,0
20:33.3,495,500,6,1.6,0
20:33.5,494,500,6,1.7,0
20:33.7,495,500,6,1.6,0
20:33.9,497,500,6,1.6,0
20:34.1,499,500,6,1.6,0
20:34.3,501,500,6,1.6,0
20:34.5,503,500,6,1.6,0
20:34.7,505,500,6,1.6,0
20:34.9,504,500,6,1.6,0
20:35.1,503,500,6,1.6,0
20:35.3,502,500,6,1.6,0
20:35.5,501,500,6,1.6,0
20:35.7,501,500,6,1.6,0
20:35.9,501,500,6,1.6,0
20:36.1,501,500,6,1.6,0
20:36.3,502,500,6,1.6,0
20:36.5,502,500,6,1.6,0
20:36.6,503,500,6,1.6,0
20:36.8,504,500,6,1.6,0
20:37.0,504,500,6,1.6,0
20:37.2,505,500,6,1.6,0
20:37.4,505,500,6,1.6,0
20:37.6,505,500,6,1.6,0
20:37.8,505,500,6,1.5,0
20:38.0,505,500,6,1.5,0
20:38.3,505,500,6,1.5,0
20:38.5,505,500,6,1.5,0
20:38.6,505,500,6,1.5,0
20:38.8,504,500,6,1.6,0
20:39.0,504,500,6,1.6,0
20:39.2,504,500,6,1.6,0
20:39.4,504,500,6,1.6,0
20:39.6,504,500,6,1.6,0
20:39.8,504,500,6,1.6,0
20:40.0,504,500,6,1.6,0
20:40.2,505,500,6,1.5,0
20:40.4,505,500,6,1.5,0
20:40.6,503,500,6,1.6,0
20:40.8,503,500,6,1.6,0
20:41.0,504,500,6,1.6,0
20:41.2,504,500,6,1.6,0
20:41.4,505,500,6,1.5,0
20:41.6,503,500,6,1.6,0
20:41.8,503,500,6,1.6,0
20:42.0,503,500,6,1.6,0
20:42.2,504,500,6,1.6,0
20:42.4,504,500,6,1.6,0
20:42.6,504,500,6,1.6,0
20:42.8,505,500,6,1.5,0
20:43.0,502,500,6,1.6,0
20:43.2,501,500,6,1.6,0
20:43.4,501,500,6,1.6,0
20:43.6,501,500,6,1.6,0
20:43.8,501,500,6,1.6,0
20:44.0,500,500,6,1.6,0
20:44.2,500,500,6,1.6,0
20:44.4,500,500,6,1.6,0
20:44.6,500,500,6,1.6,0
20:44.8,499,500,6,1.6,0
20:45.0,499,500,6,1.6,0
20:45.2,499,500,6,1.6,0
20:45.4,499,500,6,1.6,0
20:45.6,499,500,6,1.6,0
20:45.8,499,500,6,1.6,0
20:46.0,498,500,6,1.6,0
20:46.2,497,500,6,1.6,0
20:46.4,497,500,6,1.6,0
20:46.6,496,500,6,1.6,0
20:46.8,496,500,6,1.6,0
20:47.0,495,500,6,1.6,0
20:47.2,495,500,6,1.6,0
20:47.4,495,500,6,1.6,0
20:47.6,496,500,6,1.6,0
20:47.8,496,500,6,1.6,0
20:48.0,496,500,6,1.6,0
20:48.2,496,500,6,1.6,0
20:48.4,497,500,6,1.6,0
20:48.6,497,500,6,1.6,0
20:48.8,498,500,6,1.6,0
20:49.0,498,500,6,1.6,0
20:49.2,499,500,6,1.6,0
20:49.4,499,500,6,1.6,0
20:49.6,498,500,6,1.6,0
20:49.8,497,500,6,1.6,0
20:50.0,495,500,6,1.6,0
20:50.2,493,500,6,1.7,0
20:50.4,493,500,6,1.7,0
20:50.6,494,500,6,1.6,0
20:50.8,495,500,6,1.6,0
20:51.0,494,500,6,1.7,0
20:51.2,494,500,6,1.7,0
20:51.4,495,500,6,1.6,0
20:51.6,494,500,6,1.7,0
20:51.8,494,500,6,1.7,0
20:52.0,495,500,6,1.6,0
20:52.2,493,500,6,1.7,0
20:52.4,494,500,6,1.7,0
20:52.6,494,500,6,1.7,0
20:52.8,495,500,6,1.6,0
20:53.0,493,500,6,1.7,0
20:53.2,492,500,6,1.7,0
20:53.4,492,500,6,1.7,0
20:53.6,492,500,6,1.8,0
20:53.8,492,500,6,1.8,0
20:54.0,492,500,7,1.8,0
20:54.2,495,500,7,1.7,0
20:54.4,496,500,7,1.7,0
20:54.6,495,500,7,1.7,0
20:54.8,495,500,7,1.7,0
20:55.0,494,500,7,1.8,0
20:55.2,493,500,7,1.8,0
20:55.4,495,500,7,1.7,0
20:55.6,495,500,7,1.7,0
20:55.8,493,500,7,1.8,0
20:56.0,493,500,7,1.8,0
20:56.2,495,500,7,1.7,0
20:56.4,494,500,7,1.8,0
20:56.6,494,500,7,1.8,0
20:56.8,496,500,7,1.7,0
20:57.0,495,500,7,1.7,0
20:57.2,494,500,7,1.8,0
20:57.4,495,500,7,1.7,0
20:57.6,494,500,7,1.8,0
20:57.8,494,500,7,1.8,0
20:58.0,496,500,7,1.7,0
20:58.2,495,500,7,1.7,0
20:58.4,494,500,7,1.8,0
20:58.6,494,500,7,1.8,0
20:58.8,496,500,7,1.8,0
20:59.0,496,500,7,1.8,0
20:59.2,494,500,7,1.8,0
20:59.4,496,500,7,1.8,0
20:59.6,495,500,7,1.8,0
20:59.8,493,500,7,1.8,0
21:00.0,495,500,7,1.8,0
21:00.2,496,500,7,1.8,0
21:00.4,497,500,7,1.8,0
21:00.6,498,500,7,1.8,0
21:00.8,499,500,7,1.8,0
21:01.0,499,500,7,1.8,0
21:01.2,500,500,7,1.8,0
21:01.4,500,500,7,1.8,0
21:01.6,501,500,7,1.8,0
21:01.8,501,500,7,1.8,0
21:02.0,501,500,7,1.8,0
21:02.2,501,500,7,1.8,0
21:02.4,501,500,7,1.8,0
21:02.6,501,500,7,1.8,0
21:02.8,501,500,7,1.8,0
21:03.0,501,500,7,1.8,0
21:03.2,501,500,7,1.8,0
21:03.4,501,500,7,1.8,0
21:03.6,501,500,7,1.8,0
21:03.8,501,500,7,1.8,0
21:04.0,501,500,7,1.8,0
21:04.2,501,500,7,1.8,0
21:04.4,501,500,7,1.8,0
21:04.6,501,500,7,1.8,0
21:04.8,501,500,7,1.8,0
21:05.0,500,500,7,1.8,0
21:05.2,500,500,7,1.8,0
21:05.4,501,500,7,1.8,0
21:05.6,501,500,7,1.8,0
21:05.8,502,500,7,1.8,0
21:06.0,502,500,7,1.8,0
21:06.2,502,500,7,1.8,0
21:06.4,503,500,7,1.8,0
21:06.6,504,500,7,1.8,0
21:06.8,504,500,7,1.8,0
21:07.0,505,500,7,1.7,0
21:07.2,504,500,7,1.8,0
21:07.4,503,500,7,1.8,0
21:07.6,502,500,7,1.8,0
21:07.8,500,500,7,1.8,0
21:08.0,498,500,7,1.8,0
21:08.2,496,500,7,1.8,0
21:08.4,493,500,7,1.9,0
21:08.6,493,500,7,1.9,0
21:08.8,494,500,7,1.9,0
21:09.0,495,500,7,1.8,0
21:09.2,495,500,7,1.8,0
21:09.4,495,500,7,1.8,0
21:09.6,496,500,7,1.8,0
21:09.8,496,500,7,1.8,0
21:10.0,496,500,7,1.8,0
21:10.2,496,500,7,1.8,0
21:10.4,497,500,7,1.8,0
21:10.6,497,500,7,1.8,0
21:10.8,497,500,7,1.8,0
21:11.0,498,500,7,1.8,0
21:11.2,498,500,7,1.8,0
21:11.4,499,500,7,1.8,0
21:11.6,499,500,7,1.8,0
21:11.8,500,500,7,1.8,0
21:12.0,500,500,7,1.8,0
21:12.2,501,500,7,1.8,0
21:12.4,501,500,7,1.8,0
21:12.6,501,500,7,1.8,0
21:12.8,501,500,7,1.8,0
21:13.0,501,500,7,1.8,0
21:13.2,501,500,7,1.8,0
21:13.4,500,500,7,1.8,0
21:13.6,499,500,7,1.8,0
21:13.8,498,500,7,1.8,0
21:14.0,497,500,7,1.8,0
21:14.2,497,500,7,1.8,0
21:14.4,496,500,7,1.8,0
21:14.6,496,500,7,1.8,0
21:14.8,496,500,7,1.8,0
21:15.0,495,500,7,1.8,0
21:15.2,495,500,7,1.8,0
21:15.4,495,500,7,1.8,0
21:15.5,494,500,7,1.9,0
21:15.7,494,500,7,1.9,0
21:15.9,494,500,7,1.9,0
21:16.1,493,500,7,1.9,0
21:16.3,493,500,7,1.9,0
21:16.6,494,500,7,1.9,0
21:16.7,495,500,7,1.8,0
21:16.9,495,500,7,1.8,0
21:17.1,494,500,7,1.9,0
21:17.3,494,500,7,1.9,0
21:17.6,496,500,7,1.8,0
21:17.7,495,500,7,1.8,0
21:17.9,494,500,7,1.9,0
21:18.2,495,500,7,1.8,0
21:18.4,495,500,7,1.8,0
21:18.5,495,500,7,1.8,0
21:18.7,494,500,7,1.9,0
21:18.9,496,500,7,1.9,0
21:19.1,497,500,7,1.9,0
21:19.3,497,500,7,1.9,0
21:19.5,496,500,7,1.9,0
21:19.7,496,500,7,1.9,0
21:19.9,496,500,7,1.9,0
21:20.1,496,500,7,1.9,0
21:20.3,496,500,7,1.9,0
21:20.5,496,500,7,1.9,0
21:20.7,496,500,7,1.9,0
21:20.9,497,500,7,1.9,0
21:21.1,497,500,7,1.9,0
21:21.3,497,500,7,1.9,0
21:21.5,498,500,7,1.9,0
21:21.7,497,500,7,1.9,0
21:21.9,497,500,7,1.9,0
21:22.1,496,500,7,1.9,0
21:22.3,496,500,7,1.9,0
21:22.5,495,500,7,1.9,0
21:22.7,495,500,7,1.9,0
21:22.9,494,500,7,1.9,0
21:23.1,494,500,7,1.9,0
21:23.3,495,500,7,1.9,0
21:23.5,495,500,7,1.9,0
21:23.7,494,500,7,1.9,0
21:23.9,495,500,7,1.9,0
21:24.1,495,500,7,1.9,0
21:24.3,494,500,7,1.9,0
21:24.5,495,500,7,1.9,0
21:24.7,495,500,7,1.9,0
21:24.9,494,500,7,2,0
21:25.1,495,500,7,1.9,0
21:25.3,494,500,7,2,0
21:25.5,495,500,7,1.9,0
21:25.7,494,500,7,2,0
21:25.9,496,500,7,1.9,0
21:26.1,496,500,7,1.9,0
21:26.3,495,500,7,1.9,0
21:26.5,494,500,7,2,0
21:26.7,494,500,7,2,0
21:26.9,496,500,7,1.9,0
21:27.1,497,500,7,1.9,0
21:27.3,498,500,7,1.9,0
21:27.5,499,500,7,1.9,0
21:27.7,499,500,7,1.9,0
21:27.9,500,500,7,1.9,0
21:28.1,500,500,7,1.9,0
21:28.3,501,500,7,1.9,0
21:28.5,501,500,7,1.9,0
21:28.7,501,500,7,1.9,0
21:28.9,501,500,7,1.9,0
21:29.1,501,500,7,1.9,0
21:29.3,501,500,7,1.9,0
21:29.5,501,500,7,1.9,0
21:29.7,499,500,7,1.9,0
21:29.9,497,500,7,1.9,0
21:30.1,495,500,7,1.9,0
21:30.3,492,500,8,2,0
21:30.5,489,500,8,2.1,0
21:30.7,487,500,8,2.1,0
21:30.9,487,500,8,2.1,0
21:31.1,488,500,8,2.1,0
21:31.3,488,500,8,2.1,0
21:31.5,488,500,8,2.1,0
21:31.7,488,500,8,2.2,0
21:31.9,488,500,8,2.2,0
21:32.1,488,500,8,2.2,0
21:32.3,488,500,8,2.2,0
21:32.5,488,500,8,2.2,0
21:32.7,488,500,8,2.2,0
21:32.9,490,500,8,2.2,0
21:33.1,490,500,8,2.2,0
21:33.3,490,500,8,2.2,0
21:33.5,492,500,8,2.2,0
21:33.7,493,500,8,2.2,0
21:33.9,493,500,8,2.2,0
21:34.1,493,500,8,2.2,0
21:34.3,495,500,8,2.2,0
21:34.5,495,500,8,2.2,0
21:34.7,495,500,8,2.2,0
21:34.9,494,500,8,2.2,0
21:35.1,495,500,8,2.2,0
21:35.3,496,500,8,2.2,0
21:35.5,495,500,8,2.2,0
21:35.7,494,500,9,2.2,0
21:35.9,494,500,9,2.2,0
21:36.1,496,500,9,2.2,0
21:36.3,495,500,9,2.2,0
21:36.5,494,500,9,2.2,0
21:36.7,495,500,9,2.2,0
21:36.9,494,500,9,2.2,0
21:37.1,494,500,9,2.3,0
21:37.3,496,500,9,2.2,0
21:37.5,495,500,9,2.2,0
21:37.7,494,500,9,2.3,0
21:37.9,495,500,9,2.2,0
21:38.1,494,500,9,2.3,0
21:38.3,495,500,9,2.2,0
21:38.5,494,500,9,2.3,0
21:38.7,495,500,9,2.2,0
21:38.9,495,500,9,2.2,0
21:39.1,494,500,9,2.3,0
21:39.3,494,500,9,2.3,0
21:39.5,495,500,9,2.2,0
21:39.7,496,500,9,2.2,0
21:39.9,496,500,9,2.2,0
21:40.1,497,500,9,2.2,0
21:40.3,498,500,9,2.2,0
21:40.5,498,500,9,2.2,0
21:40.7,498,500,9,2.2,0
21:40.9,499,500,9,2.2,0
21:41.1,499,500,9,2.2,0
21:41.3,499,500,9,2.2,0
21:41.5,499,500,9,2.2,0
21:41.7,499,500,9,2.2,0
21:41.9,499,500,9,2.2,0
21:42.1,499,500,9,2.2,0
21:42.3,500,500,9,2.2,0
21:42.5,500,500,9,2.2,0
21:42.7,500,500,9,2.2,0
21:42.9,501,500,9,2.2,0
21:43.1,501,500,9,2.2,0
21:43.3,501,500,9,2.2,0
21:43.5,501,500,9,2.2,0
21:43.7,502,500,9,2.2,0
21:43.9,503,500,9,2.2,0
21:44.1,503,500,9,2.2,0
21:44.3,503,500,9,2.2,0
21:44.5,503,500,9,2.2,0
21:44.7,502,500,9,2.2,0
21:44.9,502,500,9,2.2,0
21:45.1,502,500,9,2.2,0
21:45.3,501,500,9,2.2,0
21:45.5,501,500,9,2.2,0
21:45.7,500,500,9,2.2,0
21:45.9,499,500,9,2.2,0
21:46.1,499,500,9,2.2,0
21:46.3,498,500,9,2.2,0
21:46.5,497,500,9,2.2,0
21:46.7,497,500,9,2.2,0
21:46.9,497,500,9,2.2,0
21:47.1,497,500,9,2.2,0
21:47.3,497,500,9,2.2,0
21:47.5,497,500,9,2.2,0
21:47.7,497,500,9,2.2,0
21:47.9,497,500,9,2.2,0
21:48.1,497,500,9,2.2,0
21:48.3,497,500,9,2.2,0
21:48.5,498,500,9,2.2,0
21:48.7,498,500,9,2.2,0
21:48.9,498,500,9,2.2,0
21:49.1,498,500,9,2.2,0
21:49.3,498,500,9,2.2,0
21:49.5,498,500,9,2.2,0
21:49.7,498,500,9,2.2,0
21:49.9,498,500,9,2.2,0
21:50.1,498,500,9,2.2,0
21:50.3,497,500,9,2.2,0
21:50.5,497,500,9,2.2,0
21:50.7,497,500,9,2.2,0
21:50.9,497,500,9,2.2,0
21:51.1,497,500,9,2.2,0
21:51.3,496,500,9,2.2,0
21:51.5,495,500,9,2.2,0
21:51.7,494,500,9,2.3,0
21:51.9,494,500,9,2.3,0
21:52.1,493,500,9,2.3,0
21:52.3,492,500,9,2.3,0
21:52.5,491,500,9,2.4,0
21:52.7,491,500,9,2.4,0
21:52.9,490,500,9,2.4,0
21:53.1,492,500,9,2.4,0
21:53.3,493,500,9,2.4,0
21:53.5,493,500,9,2.4,0
21:53.7,494,500,9,2.4,0
21:53.9,495,500,9,2.3,0
21:54.1,494,500,9,2.4,0
21:54.3,496,500,9,2.3,0
21:54.5,495,500,9,2.3,0
21:54.7,494,500,9,2.4,0
21:54.9,495,500,9,2.3,0
21:55.1,495,500,9,2.3,0
21:55.3,493,500,9,2.4,0
21:55.5,493,500,9,2.4,0
21:55.7,494,500,9,2.4,0
21:55.9,495,500,9,2.3,0
21:56.1,495,500,9,2.3,0
21:56.2,493,500,9,2.4,0
21:56.4,493,500,9,2.4,0
21:56.6,493,500,9,2.4,0
21:56.8,493,500,9,2.4,0
21:57.0,493,500,9,2.4,0
21:57.3,493,500,9,2.4,0
21:57.5,493,500,10,2.4,0
21:57.7,493,500,10,2.4,0
21:57.8,493,500,10,2.4,0
21:58.0,493,500,10,2.4,0
21:58.2,493,500,10,2.4,0
21:58.4,493,500,10,2.4,0
21:58.6,493,500,10,2.4,0
21:58.8,493,500,10,2.4,0
21:59.0,493,500,10,2.4,0
21:59.2,493,500,10,2.4,0
21:59.4,493,500,10,2.4,0
21:59.6,493,500,10,2.5,0
21:59.8,493,500,10,2.5,0
22:00.0,493,500,10,2.5,0
22:00.2,493,500,10,2.5,0
22:00.4,493,500,10,2.5,0
22:00.6,493,500,10,2.5,0
22:00.8,493,500,10,2.5,0
22:01.0,494,500,10,2.5,0
22:01.2,494,500,10,2.5,0
22:01.4,494,500,10,2.5,0
22:01.6,493,500,10,2.5,0
22:01.8,493,500,10,2.5,0
22:02.0,493,500,10,2.5,0
22:02.2,493,500,10,2.5,0
22:02.4,493,500,10,2.5,0
22:02.6,493,500,10,2.5,0
22:02.8,492,500,10,2.5,0
22:03.0,492,500,10,2.5,0
22:03.2,492,500,10,2.5,0
22:03.4,491,500,11,2.5,0
22:03.6,491,500,11,2.5,0
22:03.8,491,500,11,2.5,0
22:04.0,491,500,11,2.5,0
22:04.2,490,500,11,2.5,0
22:04.4,490,500,11,2.5,0
22:04.6,490,500,11,2.5,0
22:04.8,490,500,11,2.5,0
22:05.0,490,500,11,2.5,0
22:05.2,489,500,11,2.5,0
22:05.4,489,500,11,2.5,0
22:05.6,489,500,11,2.5,0
22:05.8,491,500,11,2.5,0
22:06.0,492,500,11,2.5,0
22:06.2,491,500,11,2.5,0
22:06.4,493,500,11,2.5,0
22:06.6,495,500,11,2.5,0
22:06.8,494,500,11,2.5,0
22:07.0,493,500,11,2.5,0
22:07.2,494,500,11,2.5,0
22:07.4,495,500,11,2.5,0
22:07.6,496,500,11,2.5,0
22:07.8,494,500,11,2.5,0
22:08.0,495,500,11,2.5,0
22:08.2,496,500,11,2.5,0
22:08.4,494,500,11,2.5,0
22:08.6,495,500,11,2.5,0
22:08.8,495,500,11,2.5,0
22:09.0,494,500,11,2.5,0
22:09.2,495,500,11,2.5,0
22:09.4,495,500,11,2.5,0
22:09.6,494,500,11,2.6,0
22:09.8,495,500,11,2.5,0
22:10.0,496,500,11,2.5,0
22:10.2,496,500,11,2.5,0
22:10.4,496,500,11,2.5,0
22:10.6,496,500,11,2.5,0
22:10.8,496,500,11,2.5,0
22:11.0,495,500,11,2.5,0
22:11.2,495,500,11,2.5,0
22:11.4,495,500,11,2.5,0
22:11.6,496,500,11,2.5,0
22:11.8,496,500,11,2.5,0
22:12.0,497,500,11,2.5,0
22:12.2,497,500,11,2.5,0
22:12.4,497,500,11,2.5,0
22:12.6,498,500,11,2.5,0
22:12.8,498,500,11,2.5,0
22:13.0,497,500,11,2.5,0
22:13.2,497,500,11,2.5,0
22:13.4,496,500,11,2.5,0
22:13.6,496,500,11,2.5,0
22:13.8,495,500,11,2.5,0
22:14.0,495,500,11,2.5,0
22:14.2,494,500,11,2.6,0
22:14.4,495,500,11,2.5,0
22:14.6,495,500,11,2.5,0
22:14.8,495,500,11,2.5,0
22:15.0,494,500,11,2.6,0
22:15.2,494,500,11,2.6,0
22:15.4,495,500,11,2.5,0
22:15.6,495,500,11,2.5,0
22:15.8,494,500,11,2.6,0
22:16.0,495,500,11,2.5,0
22:16.2,494,500,12,2.6,0
22:16.4,494,500,12,2.6,0
22:16.6,495,500,12,2.5,0
22:16.8,495,500,12,2.5,0
22:17.0,496,500,12,2.5,0
22:17.2,496,500,12,2.5,0
22:17.4,497,500,12,2.5,0
22:17.6,497,500,12,2.5,0
22:17.8,497,500,12,2.5,0
22:18.0,497,500,12,2.5,0
22:18.2,498,500,12,2.5,0
22:18.4,497,500,12,2.5,0
22:18.6,498,500,12,2.5,0
22:18.8,497,500,12,2.5,0
22:19.0,497,500,12,2.5,0
22:19.2,497,500,12,2.5,0
22:19.4,497,500,12,2.5,0
22:19.6,497,500,12,2.5,0
22:19.8,498,500,12,2.5,0
22:20.0,497,500,12,2.5,0
22:20.2,497,500,12,2.5,0
22:20.4,497,500,12,2.5,0
22:20.6,497,500,12,2.5,0
22:20.8,497,500,12,2.5,0
22:21.0,497,500,12,2.5,0
22:21.2,497,500,12,2.5,0
22:21.4,497,500,12,2.5,0
22:21.6,497,500,12,2.5,0
22:21.8,497,500,12,2.5,0
22:22.0,497,500,12,2.5,0
22:22.2,497,500,12,2.5,0
22:22.4,497,500,12,2.5,0
22:22.6,496,500,12,2.5,0
22:22.8,496,500,12,2.5,0
22:23.0,496,500,12,2.5,0
22:23.2,496,500,12,2.5,0
22:23.4,495,500,12,2.5,0
22:23.6,495,500,12,2.5,0
22:23.8,495,500,12,2.5,0
22:24.0,495,500,12,2.5,0
22:24.2,495,500,12,2.5,0
22:24.4,495,500,12,2.5,0
22:24.6,495,500,12,2.5,0
22:24.8,495,500,12,2.5,0
22:25.0,494,500,12,2.6,0
22:25.2,494,500,12,2.6,0
22:25.4,494,500,12,2.6,0
22:25.6,493,500,12,2.6,0
22:25.8,492,500,12,2.6,0
22:26.0,492,500,12,2.6,0
22:26.2,491,500,12,2.6,0
22:26.4,491,500,12,2.6,0
22:26.6,491,500,12,2.6,0
22:26.8,490,500,12,2.6,0
22:27.0,491,500,12,2.6,0
22:27.2,491,500,12,2.6,0
22:27.4,492,500,12,2.6,0
22:27.6,492,500,12,2.6,0
22:27.8,492,500,12,2.6,0
22:28.0,493,500,12,2.6,0
22:28.2,493,500,12,2.6,0
22:28.4,493,500,12,2.6,0
22:28.6,493,500,12,2.6,0
22:28.8,493,500,12,2.6,0
22:29.0,493,500,12,2.6,0
22:29.2,493,500,12,2.6,0
22:29.4,493,500,12,2.6,0
22:29.6,493,500,12,2.6,0
22:29.8,493,500,12,2.6,0
22:30.0,493,500,12,2.6,0
22:30.2,493,500,12,2.6,0
22:30.4,493,500,13,2.6,0
22:30.6,493,500,13,2.6,0
22:30.8,493,500,13,2.6,0
22:31.0,492,500,13,2.6,0
22:31.2,492,500,13,2.6,0
22:31.4,492,500,13,2.6,0
22:31.6,491,500,13,2.7,0
22:31.8,490,500,13,2.7,0
22:32.0,490,500,13,2.7,0
22:32.2,489,500,13,2.7,0
22:32.4,488,500,13,2.7,0
22:32.6,488,500,13,2.7,0
22:32.8,487,500,13,2.7,0
22:33.0,487,500,13,2.7,0
22:33.2,487,500,13,2.7,0
22:33.4,488,500,13,2.7,0
22:33.6,489,500,13,2.7,0
22:33.8,490,500,13,2.7,0
22:34.0,491,500,13,2.7,0
22:34.2,492,500,13,2.7,0
22:34.4,493,500,13,2.7,0
22:34.6,493,500,13,2.7,0
22:34.8,493,500,14,2.7,0
22:35.0,494,500,14,2.7,0
22:35.2,494,500,14,2.7,0
22:35.4,495,500,14,2.7,0
22:35.6,494,500,14,2.7,0
22:35.8,494,500,14,2.7,0
22:36.0,494,500,14,2.7,0
22:36.1,494,500,14,2.7,0
22:36.3,495,500,14,2.7,0
22:36.5,494,500,14,2.7,0
22:36.7,494,500,14,2.7,0
22:36.9,494,500,14,2.7,0
22:37.2,494,500,14,2.7,0
22:37.3,494,500,14,2.7,0
22:37.5,494,500,14,2.7,0
22:37.7,494,500,14,2.7,0
22:37.9,494,500,14,2.7,0
22:38.1,494,500,14,2.7,0
22:38.3,494,500,14,2.7,0
22:38.5,494,500,14,2.7,0
22:38.7,494,500,14,2.7,0
22:38.9,494,500,14,2.7,0
22:39.1,494,500,14,2.7,0
22:39.3,494,500,14,2.7,0
22:39.5,494,500,14,2.7,0
22:39.7,494,500,14,2.7,0
22:39.9,494,500,14,2.7,0
22:40.1,494,500,14,2.7,0
22:40.3,494,500,14,2.8,0
22:40.5,494,500,14,2.8,0
22:40.7,494,500,14,2.8,0
22:40.9,494,500,14,2.8,0
22:41.1,495,500,14,2.7,0
22:41.3,496,500,14,2.7,0
22:41.5,497,500,14,2.7,0
22:41.7,498,500,14,2.7,0
22:41.9,499,500,14,2.7,0
22:42.1,499,500,14,2.7,0
22:42.3,500,500,14,2.7,0
22:42.5,500,500,14,2.7,0
22:42.7,501,500,14,2.7,0
22:42.9,501,500,14,2.7,0
22:43.1,501,500,14,2.7,0
22:43.3,501,500,14,2.7,0
22:43.5,501,500,14,2.7,0
22:43.7,500,500,14,2.7,0
22:43.9,499,500,14,2.7,0
22:44.1,498,500,14,2.7,0
22:44.3,497,500,14,2.7,0
22:44.5,497,500,14,2.7,0
22:44.7,496,500,14,2.7,0
22:44.9,496,500,14,2.7,0
22:45.1,497,500,14,2.7,0
22:45.3,497,500,14,2.7,0
22:45.5,497,500,14,2.7,0
22:45.7,498,500,14,2.7,0
22:45.9,498,500,14,2.7,0
22:46.1,498,500,14,2.7,0
22:46.3,499,500,14,2.7,0
22:46.5,499,500,14,2.7,0
22:46.7,499,500,14,2.7,0
22:46.9,499,500,14,2.7,0
22:47.1,499,500,14,2.7,0
22:47.3,499,500,14,2.7,0
22:47.5,499,500,14,2.7,0
22:47.7,499,500,14,2.7,0
22:47.9,499,500,14,2.7,0
22:48.1,499,500,14,2.7,0
22:48.3,499,500,14,2.7,0
22:48.5,499,500,14,2.7,0
22:48.7,499,500,14,2.7,0
22:48.9,499,500,14,2.7,0
22:49.1,499,500,14,2.7,0
22:49.3,498,500,14,2.7,0
22:49.5,498,500,14,2.7,0
22:49.7,498,500,14,2.7,0
22:49.9,497,500,14,2.7,0
22:50.1,497,500,14,2.7,0
22:50.3,497,500,14,2.7,0
22:50.5,497,500,14,2.7,0
22:50.7,496,500,14,2.7,0
22:50.9,496,500,14,2.7,0
22:51.1,496,500,14,2.7,0
22:51.3,496,500,14,2.7,0
22:51.5,496,500,14,2.7,0
22:51.7,496,500,14,2.7,0
22:51.9,497,500,14,2.7,0
22:52.1,497,500,14,2.7,0
22:52.3,497,500,14,2.7,0
22:52.5,497,500,14,2.7,0
22:52.7,496,500,14,2.7,0
22:52.9,496,500,14,2.7,0
22:53.1,497,500,14,2.7,0
22:53.3,496,500,14,2.7,0
22:53.5,496,500,14,2.7,0
22:53.7,496,500,14,2.7,0
22:53.9,495,500,14,2.7,0
22:54.1,495,500,14,2.7,0
22:54.3,494,500,14,2.8,0
22:54.5,493,500,14,2.8,0
22:54.7,492,500,14,2.8,0
22:54.9,492,500,14,2.8,0
22:55.1,491,500,14,2.8,0
22:55.3,491,500,15,2.8,0
22:55.5,490,500,15,2.8,0
22:55.7,490,500,15,2.8,0
22:55.9,490,500,15,2.8,0
22:56.1,490,500,15,2.8,0
22:56.3,490,500,15,2.8,0
22:56.5,489,500,15,2.8,0
22:56.7,489,500,15,2.8,0
22:56.9,489,500,15,2.8,0
22:57.1,489,500,15,2.8,0
22:57.3,489,500,15,2.8,0
22:57.5,489,500,15,2.8,0
22:57.7,489,500,15,2.8,0
22:57.9,489,500,15,2.8,0
22:58.1,489,500,15,2.8,0
22:58.3,489,500,15,2.8,0
22:58.5,488,500,15,2.8,0
22:58.7,488,500,15,2.9,0
22:58.9,488,500,15,2.9,0
22:59.1,488,500,16,2.9,0
22:59.3,489,500,16,2.9,0
22:59.5,490,500,16,2.9,0
22:59.7,491,500,16,2.9,0
22:59.9,492,500,16,2.9,0
23:00.1,493,500,16,2.9,0
23:00.3,493,500,16,2.9,0
23:00.5,493,500,16,2.9,0
23:00.7,493,500,16,2.9,0
23:00.9,494,500,16,2.9,0
23:01.1,494,500,16,2.9,0
23:01.3,494,500,16,2.9,0
23:01.5,495,500,16,2.8,0
23:01.7,493,500,16,2.9,0
23:01.9,494,500,16,2.9,0
23:02.1,494,500,16,2.9,0
23:02.3,494,500,16,2.9,0
23:02.5,494,500,16,2.9,0
23:02.7,495,500,16,2.9,0
23:02.9,493,500,16,2.9,0
23:03.1,494,500,16,2.9,0
23:03.3,494,500,16,2.9,0
23:03.5,494,500,16,2.9,0
23:03.7,494,500,16,2.9,0
23:03.9,494,500,16,2.9,0
23:04.1,494,500,16,2.9,0
23:04.3,494,500,16,2.9,0
23:04.5,495,500,16,2.9,0
23:04.7,496,500,16,2.9,0
23:04.9,496,500,16,2.9,0
23:05.1,497,500,16,2.9,0
23:05.3,498,500,16,2.9,0
23:05.5,498,500,16,2.9,0
23:05.7,499,500,16,2.9,0
23:05.9,500,500,16,2.9,0
23:06.1,501,500,16,2.9,0
23:06.3,501,500,16,2.9,0
23:06.5,502,500,16,2.9,0
23:06.7,502,500,16,2.9,0
23:06.9,502,500,16,2.9,0
23:07.1,503,500,16,2.9,0
23:07.3,503,500,16,2.9,0
23:07.5,503,500,16,2.9,0
23:07.7,503,500,16,2.9,0
23:07.9,503,500,16,2.9,0
23:08.1,503,500,16,2.9,0
23:08.3,503,500,16,2.9,0
23:08.5,503,500,16,2.9,0
23:08.7,503,500,16,2.9,0
23:08.9,503,500,16,2.9,0
23:09.1,503,500,16,2.9,0
23:09.3,503,500,16,2.9,0
23:09.5,503,500,16,2.9,0
23:09.7,503,500,16,2.9,0
23:09.9,503,500,16,2.9,0
23:10.1,503,500,16,2.9,0
23:10.3,503,500,16,2.9,0
23:10.5,503,500,16,2.9,0
23:10.7,503,500,16,2.9,0
23:10.9,503,500,16,2.9,0
23:11.1,503,500,16,2.9,0
23:11.3,503,500,16,2.9,0
23:11.5,503,500,16,2.9,0
23:11.7,503,500,16,2.9,0
23:11.9,503,500,16,2.9,0
23:12.1,503,500,16,2.9,0
23:12.3,503,500,16,2.9,0
23:12.5,503,500,16,2.9,0
23:12.7,503,500,16,2.9,0
23:12.8,503,500,16,2.9,0
23:13.0,503,500,16,2.9,0
23:13.2,503,500,16,2.9,0
23:13.4,503,500,16,2.9,0
23:13.6,503,500,16,2.9,0
23:13.9,503,500,16,2.9,0
23:14.1,503,500,16,2.9,0
23:14.2,503,500,16,2.9,0
23:14.4,503,500,16,2.9,0
23:14.6,503,500,16,2.9,0
23:14.8,503,500,16,2.9,0
23:15.0,503,500,16,2.9,0
23:15.2,502,500,16,2.9,0
23:15.4,502,500,16,2.9,0
23:15.6,502,500,16,2.9,0
23:15.8,502,500,16,2.9,0
23:16.0,502,500,16,2.9,0
23:16.2,502,500,16,2.9,0
23:16.4,502,500,16,2.9,0
23:16.6,502,500,16,2.9,0
23:16.8,502,500,16,2.9,0
23:17.0,502,500,16,2.9,0
23:17.2,503,500,16,2.9,0
23:17.4,502,500,16,2.9,0
23:17.6,502,500,16,2.9,0
23:17.8,502,500,16,2.9,0
23:18.0,502,500,16,2.9,0
23:18.2,502,500,16,2.9,0
23:18.4,502,500,16,2.9,0
23:18.6,502,500,16,2.9,0
23:18.8,502,500,16,2.9,0
23:19.0,502,500,16,2.9,0
23:19.2,502,500,16,2.9,0
23:19.4,503,500,16,2.9,0
23:19.6,503,500,16,2.9,0
23:19.8,503,500,16,2.9,0
23:20.0,503,500,16,2.9,0
23:20.2,503,500,16,2.9,0
23:20.4,503,500,16,2.9,0
23:20.6,504,500,16,2.9,0
23:20.8,504,500,16,2.9,0
23:21.0,504,500,16,2.9,0
23:21.2,504,500,16,2.9,0
23:21.4,504,500,16,2.9,0
23:21.6,504,500,16,2.9,0
23:21.8,505,500,16,2.9,0
23:22.0,504,500,16,2.9,0
23:22.2,504,500,16,2.9,0
23:22.4,504,500,16,2.9,0
23:22.6,505,500,16,2.9,0
23:22.8,504,500,16,2.9,0
23:23.0,504,500,16,2.9,0
23:23.2,504,500,16,2.9,0
23:23.4,505,500,16,2.9,0
23:23.6,504,500,16,2.9,0
23:23.8,503,500,16,2.9,0
23:24.0,504,500,16,2.9,0
23:24.2,504,500,16,2.9,0
23:24.4,504,500,16,2.9,0
23:24.6,504,500,16,2.9,0
23:24.8,505,500,16,2.8,0
23:25.0,504,500,16,2.9,0
23:25.2,504,500,16,2.9,0
23:25.4,505,500,16,2.8,0
23:25.6,504,500,16,2.9,0
23:25.8,504,500,16,2.9,0
23:26.0,504,500,16,2.9,0
23:26.2,505,500,16,2.8,0
23:26.4,503,500,16,2.9,0
23:26.6,503,500,16,2.9,0
23:26.8,503,500,16,2.9,0
23:27.0,503,500,16,2.9,0
23:27.2,504,500,16,2.9,0
23:27.4,504,500,16,2.9,0
23:27.6,504,500,16,2.9,0
23:27.8,503,500,16,2.9,0
23:28.0,503,500,16,2.9,0
23:28.2,502,500,16,2.9,0
23:28.4,502,500,16,2.9,0
23:28.6,502,500,16,2.9,0
23:28.8,502,500,16,2.9,0
23:29.0,502,500,16,2.9,0
23:29.2,502,500,16,2.9,0
23:29.4,503,500,16,2.9,0
23:29.6,503,500,16,2.9,0
23:29.8,503,500,16,2.9,0
23:30.0,503,500,16,2.9,0
23:30.2,504,500,16,2.9,0
23:30.4,504,500,16,2.9,0
23:30.6,504,500,16,2.9,0
23:30.8,504,500,16,2.9,0
23:31.0,504,500,16,2.9,0
23:31.2,504,500,16,2.9,0
23:31.4,504,500,16,2.9,0
23:31.6,504,500,16,2.9,0
23:31.8,503,500,16,2.9,0
23:32.0,503,500,16,2.9,0
23:32.2,503,500,16,2.9,0
23:32.4,502,500,16,2.9,0
23:32.6,502,500,16,2.9,0
23:32.8,502,500,16,2.9,0
23:33.0,502,500,16,2.9,0
23:33.2,502,500,16,2.9,0
23:33.4,502,500,16,2.9,0
23:33.6,501,500,16,2.9,0
23:33.8,501,500,16,2.9,0
23:34.0,500,500,16,2.9,0
23:34.2,499,500,16,2.9,0
23:34.4,499,500,16,2.9,0
23:34.6,498,500,16,2.9,0
23:34.8,498,500,16,2.9,0
23:35.0,498,500,16,2.9,0
23:35.2,498,500,16,2.9,0
23:35.4,497,500,16,2.9,0
23:35.6,497,500,16,2.9,0
23:35.8,497,500,16,2.9,0
23:36.0,497,500,16,2.9,0
23:36.2,497,500,16,2.9,0
23:36.4,497,500,16,2.9,0
23:36.6,497,500,16,2.9,0
23:36.8,497,500,16,2.9,0
23:37.0,497,500,16,2.9,0
23:37.2,497,500,16,2.9,0
23:37.4,497,500,16,2.9,0
23:37.6,497,500,16,2.9,0
23:37.8,497,500,16,2.9,0
23:38.0,497,500,16,2.9,0
23:38.2,497,500,16,2.9,0
23:38.4,497,500,16,2.9,0
23:38.6,497,500,16,2.9,0
23:38.8,497,500,16,2.9,0
23:39.0,497,500,16,2.9,0
23:39.2,497,500,16,2.9,0
23:39.4,497,500,16,2.9,0
23:39.6,497,500,16,2.9,0
23:39.8,497,500,16,2.9,0
23:40.0,497,500,16,2.9,0
23:40.2,497,500,16,2.9,0
23:40.4,497,500,16,2.9,0
23:40.6,497,500,16,2.9,0
23:40.8,497,500,16,2.9,0
23:41.0,497,500,16,2.9,0
23:41.2,498,500,16,2.9,0
23:41.4,498,500,16,2.9,0
23:41.6,498,500,16,2.9,0
23:41.8,498,500,16,2.9,0
23:42.0,499,500,16,2.9,0
23:42.2,499,500,16,2.9,0
23:42.4,500,500,16,2.9,0
23:42.6,500,500,16,2.9,0
23:42.8,501,500,16,2.9,0
23:43.0,501,500,16,2.9,0
23:43.2,501,500,16,2.9,0
23:43.4,501,500,16,2.9,0
23:43.6,502,500,16,2.9,0
23:43.8,502,500,16,2.9,0
23:44.0,502,500,16,2.9,0
23:44.2,502,500,16,2.9,0
23:44.4,501,500,16,2.9,0
23:44.6,501,500,16,2.9,0
23:44.8,500,500,16,2.9,0
23:45.0,500,500,16,2.9,0
23:45.2,500,500,16,2.9,0
23:45.4,500,500,16,2.9,0
23:45.6,500,500,16,2.9,0
23:45.8,500,500,16,2.9,0
23:46.0,500,500,16,2.9,0
23:46.2,499,500,16,2.9,0
23:46.4,499,500,16,2.9,0
23:46.6,499,500,16,2.9,0
23:46.8,499,500,16,2.9,0
23:47.0,499,500,16,2.9,0
23:47.2,500,500,16,2.9,0
23:47.4,500,500,16,2.9,0
23:47.6,500,500,16,2.9,0
23:47.8,501,500,16,2.9,0
23:48.0,501,500,16,2.9,0
23:48.2,501,500,16,2.9,0
23:48.4,502,500,16,2.9,0
23:48.6,502,500,16,2.9,0
23:48.8,502,500,16,2.9,0
23:49.0,502,500,16,2.9,0
23:49.2,503,500,16,2.9,0
23:49.4,503,500,16,2.9,0
23:49.6,503,500,16,2.9,0
23:49.8,504,500,16,2.9,0
23:49.9,504,500,16,2.9,0
23:50.1,504,500,16,2.9,0
23:50.4,504,500,16,2.9,0
23:50.6,504,500,16,2.9,0
23:50.8,503,500,16,2.9,0
23:50.9,503,500,16,2.9,0
23:51.1,503,500,16,2.9,0
23:51.3,502,500,16,2.9,0
23:51.6,502,500,16,2.9,0
23:51.8,501,500,16,2.9,0
23:52.0,501,500,16,2.9,0
23:52.1,501,500,16,2.9,0
23:52.3,501,500,16,2.9,0
23:52.5,501,500,16,2.9,0
23:52.7,501,500,16,2.9,0
23:52.9,501,500,16,2.9,0
23:53.1,501,500,16,2.9,0
23:53.3,501,500,16,2.9,0
23:53.5,500,500,16,2.9,0
23:53.7,500,500,16,2.9,0
23:53.9,500,500,16,2.9,0
23:54.1,500,500,16,2.9,0
23:54.3,501,500,16,2.9,0
23:54.5,501,500,16,2.9,0
23:54.7,501,500,16,2.9,0
23:54.9,501,500,16,2.9,0
23:55.1,501,500,16,2.9,0
23:55.3,501,500,16,2.9,0
23:55.5,501,500,16,2.9,0
23:55.7,501,500,16,2.9,0
23:55.9,501,500,16,2.9,0
23:56.1,502,500,16,2.9,0
23:56.3,502,500,16,2.9,0
23:56.5,502,500,16,2.9,0
23:56.7,502,500,16,2.9,0
23:56.9,502,500,16,2.9,0
23:57.1,502,500,16,2.9,0
23:57.3,502,500,16,2.9,0
23:57.5,503,500,16,2.9,0
23:57.7,503,500,16,2.9,0
23:57.9,503,500,16,2.9,0
23:58.1,503,500,16,2.9,0
23:58.3,503,500,16,2.9,0
23:58.5,504,500,16,2.9,0
23:58.7,504,500,16,2.9,0
23:58.9,504,500,16,2.9,0
23:59.1,504,500,16,2.9,0
23:59.3,504,500,16,2.9,0
23:59.5,505,500,16,2.8,0
23:59.7,503,500,16,2.9,0
23:59.9,503,500,16,2.9,0
24:00.1,503,500,16,2.9,0
24:00.3,504,500,16,2.9,0
24:00.5,504,500,16,2.9,0
24:00.7,505,500,16,2.8,0
24:00.9,504,500,16,2.9,0
24:01.1,504,500,16,2.9,0
24:01.3,505,500,16,2.8,0
24:01.5,504,500,16,2.9,0
24:01.7,504,500,16,2.9,0
24:01.9,503,500,16,2.9,0
24:02.1,503,500,16,2.9,0
24:02.3,502,500,16,2.9,0
24:02.5,502,500,16,2.9,0
24:02.7,502,500,16,2.9,0
24:02.9,502,500,16,2.9,0
24:03.1,502,500,16,2.9,0
24:03.3,501,500,16,2.9,0
24:03.5,500,500,16,2.9,0
24:03.7,499,500,16,2.9,0
24:03.9,499,500,16,2.9,0
24:04.1,499,500,16,2.9,0
24:04.3,498,500,16,2.9,0
24:04.5,498,500,16,2.9,0
24:04.7,498,500,16,2.9,0
24:04.9,498,500,16,2.9,0
24:05.1,498,500,16,2.9,0
24:05.3,498,500,16,2.9,0
24:05.5,498,500,16,2.9,0
24:05.7,497,500,16,2.9,0
24:05.9,497,500,16,2.9,0
24:06.1,497,500,16,2.9,0
24:06.3,497,500,16,2.9,0
24:06.5,497,500,16,2.9,0
24:06.7,497,500,16,2.9,0
24:06.9,497,500,16,2.9,0
24:07.1,497,500,16,2.9,0
24:07.3,497,500,16,2.9,0
24:07.5,497,500,16,2.9,0
24:07.7,498,500,16,2.9,0
24:07.9,498,500,16,2.9,0
24:08.1,498,500,16,2.9,0
24:08.3,498,500,16,2.9,0
24:08.5,498,500,16,2.9,0
24:08.7,498,500,16,2.9,0
24:08.9,498,500,16,2.9,0
24:09.1,498,500,16,2.9,0
24:09.3,498,500,16,2.9,0
24:09.5,498,500,16,2.9,0
24:09.7,498,500,16,2.9,0
24:09.9,498,500,16,2.9,0
24:10.1,498,500,16,2.9,0
24:10.3,498,500,16,2.9,0
24:10.5,498,500,16,2.9,0
24:10.7,498,500,16,2.9,0
24:10.9,498,500,16,2.9,0
24:11.1,498,500,16,2.9,0
24:11.3,498,500,16,2.9,0
24:11.5,498,500,16,2.9,0
24:11.7,498,500,16,2.9,0
24:11.9,498,500,16,2.9,0
24:12.1,498,500,16,2.9,0
24:12.3,498,500,16,2.9,0
24:12.5,498,500,16,2.9,0
24:12.7,498,500,16,2.9,0
24:12.9,498,500,16,2.9,0
24:13.1,498,500,16,2.9,0
24:13.3,498,500,16,2.9,0
24:13.5,498,500,16,2.9,0
24:13.7,498,500,16,2.9,0
24:13.9,498,500,16,2.9,0
24:14.1,498,500,16,2.9,0
24:14.3,498,500,16,2.9,0
24:14.5,498,500,16,2.9,0
24:14.7,498,500,16,2.9,0
24:14.9,498,500,16,2.9,0
24:15.1,498,500,16,2.9,0
24:15.3,498,500,16,2.9,0
24:15.5,498,500,16,2.9,0
24:15.7,498,500,16,2.9,0
24:15.9,498,500,16,2.9,0
24:16.1,498,500,16,2.9,0
24:16.3,498,500,16,2.9,0
24:16.5,498,500,16,2.9,0
24:16.7,498,500,16,2.9,0
24:16.9,498,500,16,2.9,0
24:17.1,498,500,16,2.9,0
24:17.3,499,500,16,2.9,0
24:17.5,499,500,16,2.9,0
24:17.7,499,500,16,2.9,0
24:17.9,499,500,16,2.9,0
24:18.1,499,500,16,2.9,0
24:18.3,499,500,16,2.9,0
24:18.5,499,500,16,2.9,0
24:18.7,499,500,16,2.9,0
24:18.9,499,500,16,2.9,0
24:19.1,499,500,16,2.9,0
24:19.3,499,500,16,2.9,0
24:19.5,500,500,16,2.9,0
24:19.7,500,500,16,2.9,0
24:19.9,500,500,16,2.9,0
24:20.1,500,500,16,2.9,0
24:20.3,500,500,16,2.9,0
24:20.5,500,500,16,2.9,0
24:20.7,500,500,16,2.9,0
24:20.9,499,500,16,2.9,0
24:21.1,499,500,16,2.9,0
24:21.3,499,500,16,2.9,0
24:21.5,499,500,16,2.9,0
24:21.7,499,500,16,2.9,0
24:21.9,499,500,16,2.9,0
24:22.1,499,500,16,2.9,0
24:22.3,499,500,16,2.9,0
24:22.5,499,500,16,2.9,0
24:22.7,499,500,16,2.9,0
24:22.9,499,500,16,2.9,0
24:23.1,499,500,16,2.9,0
24:23.3,498,500,16,2.9,0
24:23.5,498,500,16,2.9,0
24:23.7,498,500,16,2.9,0
24:23.9,498,500,16,2.9,0
24:24.1,498,500,16,2.9,0
24:24.3,498,500,16,2.9,0
24:24.5,498,500,16,2.9,0
24:24.7,498,500,16,2.9,0
24:24.9,498,500,16,2.9,0
24:25.1,498,500,16,2.9,0
24:25.3,498,500,16,2.9,0
24:25.5,498,500,16,2.9,0
24:25.7,498,500,16,2.9,0
24:25.9,498,500,16,2.9,0
24:26.1,498,500,16,2.9,0
24:26.3,498,500,16,2.9,0
24:26.5,498,500,16,2.9,0
24:26.7,498,500,16,2.9,0
24:26.9,498,500,16,2.9,0
24:27.1,498,500,16,2.9,0
24:27.3,498,500,16,2.9,0
24:27.5,498,500,16,2.9,0
24:27.7,498,500,16,2.9,0
24:27.9,498,500,16,2.9,0
24:28.1,498,500,16,2.9,0
24:28.3,498,500,16,2.9,0
24:28.5,498,500,16,2.9,0
24:28.7,498,500,16,2.9,0
24:28.9,498,500,16,2.9,0
24:29.1,498,500,16,2.9,0
24:29.3,498,500,16,2.9,0
24:29.4,498,500,16,2.9,0
24:29.6,498,500,16,2.9,0
24:29.8,498,500,16,2.9,0
24:30.0,498,500,16,2.9,0
24:30.2,498,500,16,2.9,0
24:30.4,499,500,16,2.9,0
24:30.6,499,500,16,2.9,0
24:30.8,499,500,16,2.9,0
24:31.0,498,500,16,2.9,0
24:31.2,498,500,16,2.9,0
24:31.4,498,500,16,2.9,0
24:31.6,498,500,16,2.9,0
24:31.9,498,500,16,2.9,0
24:32.0,498,500,16,2.9,0
24:32.3,498,500,16,2.9,0
24:32.5,498,500,16,2.9,0
24:32.6,498,500,16,2.9,0
24:32.8,498,500,16,2.9,0
24:33.0,498,500,16,2.9,0
24:33.2,497,500,16,2.9,0
24:33.4,497,500,16,2.9,0
24:33.6,497,500,16,2.9,0
24:33.8,498,500,16,2.9,0
24:34.0,498,500,16,2.9,0
24:34.2,498,500,16,2.9,0
24:34.4,498,500,16,2.9,0
24:34.6,498,500,16,2.9,0
24:34.8,498,500,16,2.9,0
24:35.0,498,500,16,2.9,0
24:35.2,498,500,16,2.9,0
24:35.4,498,500,16,2.9,0
24:35.6,498,500,16,2.9,0
24:35.8,498,500,16,2.9,0
24:36.0,498,500,16,2.9,0
24:36.2,498,500,16,2.9,0
24:36.4,498,500,16,2.9,0
24:36.6,498,500,16,2.9,0
24:36.8,498,500,16,2.9,0
24:37.0,498,500,16,2.9,0
24:37.2,498,500,16,2.9,0
24:37.4,498,500,16,2.9,0
24:37.6,498,500,16,2.9,0
24:37.8,498,500,16,2.9,0
24:38.0,498,500,16,2.9,0
24:38.2,498,500,16,2.9,0
24:38.4,497,500,16,2.9,0
24:38.6,497,500,16,2.9,0
24:38.8,497,500,16,2.9,0
24:39.0,497,500,16,2.9,0
24:39.2,497,500,16,2.9,0
24:39.4,497,500,16,2.9,0
24:39.6,497,500,16,2.9,0
24:39.8,497,500,16,2.9,0
24:40.0,497,500,16,2.9,0
24:40.2,497,500,16,2.9,0
24:40.4,497,500,16,2.9,0
24:40.6,497,500,16,2.9,0
24:40.8,497,500,16,2.9,0
24:41.0,497,500,16,2.9,0
24:41.2,497,500,16,2.9,0
24:41.4,497,500,16,2.9,0
24:41.6,497,500,16,2.9,0
24:41.8,497,500,16,2.9,0
24:42.0,497,500,16,2.9,0
24:42.2,497,500,16,2.9,0
24:42.4,497,500,16,2.9,0
24:42.6,497,500,16,2.9,0
24:42.8,497,500,16,2.9,0
24:43.0,497,500,16,2.9,0
24:43.2,498,500,16,2.9,0
24:43.4,498,500,16,2.9,0
24:43.6,498,500,16,2.9,0
24:43.8,498,500,16,2.9,0
24:44.0,498,500,16,2.9,0
24:44.2,499,500,16,2.9,0
24:44.4,499,500,16,2.9,0
24:44.6,499,500,16,2.9,0
24:44.8,500,500,16,2.9,0
24:45.0,501,500,16,2.9,0
24:45.2,501,500,16,2.9,0
24:45.4,501,500,16,2.9,0
24:45.6,502,500,16,2.9,0
24:45.8,502,500,16,2.9,0
24:46.0,502,500,16,2.9,0
24:46.2,503,500,16,2.9,0
24:46.4,503,500,16,2.9,0
24:46.6,503,500,16,2.9,0
24:46.8,503,500,16,2.9,0
24:47.0,504,500,16,2.9,0
24:47.2,504,500,16,2.9,0
24:47.4,504,500,16,2.9,0
24:47.6,504,500,16,2.9,0
24:47.8,504,500,16,2.9,0
24:48.0,504,500,16,2.9,0
24:48.2,504,500,16,2.9,0
24:48.4,504,500,16,2.9,0
24:48.6,504,500,16,2.9,0
24:48.8,504,500,16,2.9,0
24:49.0,504,500,16,2.9,0
24:49.2,504,500,16,2.9,0
24:49.4,504,500,16,2.9,0
24:49.6,504,500,16,2.9,0
24:49.8,504,500,16,2.9,0
24:50.0,504,500,16,2.9,0
24:50.2,504,500,16,2.9,0
24:50.4,504,500,16,2.9,0
24:50.6,504,500,16,2.9,0
24:50.8,504,500,16,2.9,0
24:51.0,504,500,16,2.9,0
24:51.2,504,500,16,2.9,0
24:51.4,504,500,16,2.9,0
24:51.6,504,500,16,2.9,0
24:51.8,504,500,16,2.9,0
24:52.0,504,500,16,2.9,0
24:52.2,504,500,16,2.9,0
24:52.4,504,500,16,2.9,0
24:52.6,504,500,16,2.9,0
24:52.8,504,500,16,2.9,0
24:53.0,504,500,16,2.9,0
24:53.2,504,500,16,2.9,0
24:53.4,504,500,16,2.9,0
24:53.6,504,500,16,2.9,0
24:53.8,504,500,16,2.9,0
24:54.0,504,500,16,2.9,0
24:54.2,504,500,16,2.9,0
24:54.4,504,500,16,2.9,0
24:54.6,504,500,16,2.9,0
24:54.8,504,500,16,2.9,0
24:55.0,503,500,16,2.9,0
24:55.2,503,500,16,2.9,0
24:55.4,503,500,16,2.9,0
24:55.6,503,500,16,2.9,0
24:55.8,503,500,16,2.9,0
24:56.0,503,500,16,2.9,0
24:56.2,503,500,16,2.9,0
24:56.4,503,500,16,2.9,0
24:56.6,503,500,16,2.9,0
24:56.8,503,500,16,2.9,0
24:57.0,503,500,16,2.9,0
24:57.2,503,500,16,2.9,0
24:57.4,503,500,16,2.9,0
24:57.6,503,500,16,2.9,0
24:57.8,503,500,16,2.9,0
24:58.0,503,500,16,2.9,0
24:58.2,503,500,16,2.9,0
24:58.4,503,500,16,2.9,0
24:58.6,503,500,16,2.9,0
24:58.8,502,500,16,2.9,0
24:59.0,502,500,16,2.9,0
24:59.2,502,500,16,2.9,0
24:59.4,502,500,16,2.9,0
24:59.6,502,500,16,2.9,0
24:59.8,502,500,16,2.9,0
25:00.0,502,500,16,2.9,0
25:00.2,502,500,16,2.9,0
25:00.4,502,500,16,2.9,0
25:00.6,502,500,16,2.9,0
25:00.8,502,500,16,2.9,0
25:01.0,502,500,16,2.9,0
25:01.2,502,500,16,2.9,0
25:01.4,502,500,16,2.9,0
25:01.6,503,500,16,2.9,0
25:01.8,502,500,16,2.9,0
25:02.0,502,500,16,2.9,0
25:02.2,502,500,16,2.9,0
25:02.4,503,500,16,2.9,0
25:02.6,503,500,16,2.9,0
25:02.8,503,500,16,2.9,0
25:03.0,503,500,16,2.9,0
25:03.2,504,500,16,2.9,0
25:03.4,504,500,16,2.9,0
25:03.6,504,500,16,2.9,0
25:03.8,504,500,16,2.9,0
25:04.0,504,500,16,2.9,0
25:04.2,504,500,16,2.9,0
25:04.4,504,500,16,2.9,0
25:04.6,504,500,16,2.9,0
25:04.8,504,500,16,2.9,0
25:05.0,504,500,16,2.9,0
25:05.2,504,500,16,2.9,0
25:05.4,504,500,16,2.9,0
25:05.6,504,500,16,2.9,0
25:05.8,504,500,16,2.9,0
25:06.0,504,500,16,2.9,0
25:06.2,503,500,16,2.9,0
25:06.4,503,500,16,2.9,0
25:06.6,503,500,16,2.9,0
25:06.8,502,500,16,2.9,0
25:07.0,502,500,16,2.9,0
25:07.2,502,500,16,2.9,0
25:07.4,502,500,16,2.9,0
25:07.6,502,500,16,2.9,0
25:07.8,502,500,16,2.9,0
25:07.9,502,500,16,2.9,0
25:08.1,502,500,16,2.9,0
25:08.3,502,500,16,2.9,0
25:08.6,502,500,16,2.9,0
25:08.8,502,500,16,2.9,0
25:08.9,502,500,16,2.9,0
25:09.1,502,500,16,2.9,0
25:09.3,502,500,16,2.9,0
25:09.5,502,500,16,2.9,0
25:09.7,502,500,16,2.9,0
25:10.0,501,500,16,2.9,0
25:10.1,501,500,16,2.9,0
25:10.4,500,500,16,2.9,0
25:10.6,500,500,16,2.9,0
25:10.8,499,500,16,2.9,0
25:10.9,499,500,16,2.9,0
25:11.1,499,500,16,2.9,0
25:11.3,499,500,16,2.9,0
25:11.5,499,500,16,2.9,0
25:11.7,498,500,16,2.9,0
25:11.9,499,500,16,2.9,0
25:12.1,499,500,16,2.9,0
25:12.3,499,500,16,2.9,0
25:12.5,500,500,16,2.9,0
25:12.7,500,500,16,2.9,0
25:12.9,500,500,16,2.9,0
25:13.1,500,500,16,2.9,0
25:13.3,500,500,16,2.9,0
25:13.5,500,500,16,2.9,0
25:13.7,500,500,16,2.9,0
25:13.9,500,500,16,2.9,0
25:14.1,500,500,16,2.9,0
25:14.3,500,500,16,2.9,0
25:14.5,500,500,16,2.9,0
25:14.7,500,500,16,2.9,0
25:14.9,500,500,16,2.9,0
25:15.1,499,500,16,2.9,0
25:15.3,499,500,16,2.9,0
25:15.5,498,500,16,2.9,0
25:15.7,498,500,16,2.9,0
25:15.9,497,500,16,2.9,0
25:16.1,497,500,16,2.9,0
25:16.3,497,500,16,2.9,0
25:16.5,496,500,16,2.9,0
25:16.7,496,500,16,2.9,0
25:16.9,496,500,16,2.9,0
25:17.1,495,500,16,2.9,0
25:17.3,495,500,16,2.9,0
25:17.5,495,500,16,2.9,0
25:17.7,495,500,16,2.9,0
25:17.9,495,500,16,2.9,0
25:18.1,495,500,16,2.9,0
25:18.3,495,500,16,2.9,0
25:18.5,495,500,16,2.9,0
25:18.7,495,500,16,2.9,0
25:18.9,495,500,16,2.9,0
25:19.1,495,500,16,2.9,0
25:19.3,495,500,16,2.9,0
25:19.5,495,500,16,2.9,0
25:19.7,495,500,16,2.9,0
25:19.9,495,500,16,2.9,0
25:20.1,495,500,16,2.9,0
25:20.3,495,500,16,2.9,0
25:20.5,495,500,16,2.9,0
25:20.7,495,500,16,2.9,0
25:20.9,495,500,16,2.9,0
25:21.1,495,500,16,2.9,0
25:21.3,495,500,16,2.9,0
25:21.5,494,500,16,2.9,0
25:21.7,496,500,16,2.9,0
25:21.9,498,500,16,2.9,0
25:22.1,499,500,16,2.9,0
25:22.3,500,500,16,2.9,0
25:22.5,501,500,16,2.9,0
25:22.7,501,500,16,2.9,0
25:22.9,502,500,16,2.9,0
25:23.1,502,500,16,2.9,0
25:23.3,502,500,16,2.9,0
25:23.5,502,500,16,2.9,0
25:23.7,502,500,16,2.9,0
25:23.9,502,500,16,2.9,0
25:24.1,503,500,16,2.9,0
25:24.3,503,500,16,2.9,0
25:24.5,503,500,16,2.9,0
25:24.7,502,500,16,2.9,0
25:24.9,502,500,16,2.9,0
25:25.1,501,500,16,2.9,0
25:25.3,502,500,16,2.9,0
25:25.5,502,500,16,2.9,0
25:25.7,502,500,16,2.9,0
25:25.9,502,500,16,2.9,0
25:26.1,502,500,16,2.9,0
25:26.3,503,500,16,2.9,0
25:26.5,503,500,16,2.9,0
25:26.7,503,500,16,2.9,0
25:26.9,504,500,16,2.9,0
25:27.1,504,500,16,2.9,0
25:27.3,504,500,16,2.9,0
25:27.5,504,500,16,2.9,0
25:27.7,504,500,16,2.9,0
25:27.9,504,500,16,2.9,0
25:28.1,504,500,16,2.9,0
25:28.3,504,500,16,2.9,0
25:28.5,503,500,16,2.9,0
25:28.7,503,500,16,2.9,0
25:28.9,502,500,16,2.9,0
25:29.1,502,500,16,2.9,0
25:29.3,502,500,16,2.9,0
25:29.5,501,500,16,2.9,0
25:29.7,501,500,16,2.9,0
25:29.9,501,500,16,2.9,0
25:30.1,500,500,16,2.9,0
25:30.3,500,500,16,2.9,0
25:30.5,500,500,16,2.9,0
25:30.7,500,500,16,2.9,0
25:30.9,500,500,16,2.9,0
25:31.1,500,500,16,2.9,0
25:31.3,500,500,16,2.9,0
25:31.5,500,500,16,2.9,0
25:31.7,500,500,16,2.9,0
25:31.9,500,500,16,2.9,0
25:32.1,500,500,16,2.9,0
25:32.3,500,500,16,2.9,0
25:32.5,500,500,16,2.9,0
25:32.7,500,500,16,2.9,0
25:32.9,500,500,16,2.9,0
25:33.1,500,500,16,2.9,0
25:33.3,500,500,16,2.9,0
25:33.5,500,500,16,2.9,0
25:33.7,499,500,16,2.9,0
25:33.9,499,500,16,2.9,0
25:34.1,499,500,16,2.9,0
25:34.3,499,500,16,2.9,0
25:34.5,499,500,16,2.9,0
25:34.7,499,500,16,2.9,0
25:34.9,499,500,16,2.9,0
25:35.1,499,500,16,2.9,0
25:35.3,499,500,16,2.9,0
25:35.5,498,500,16,2.9,0
25:35.7,498,500,16,2.9,0
25:35.9,498,500,16,2.9,0
25:36.1,498,500,16,2.9,0
25:36.3,498,500,16,2.9,0
25:36.5,498,500,16,2.9,0
25:36.7,498,500,16,2.9,0
25:36.9,497,500,16,2.9,0
25:37.1,497,500,16,2.9,0
25:37.3,497,500,16,2.9,0
25:37.5,497,500,16,2.9,0
25:37.7,497,500,16,2.9,0
25:37.9,497,500,16,2.9,0
25:38.1,497,500,16,2.9,0
25:38.3,498,500,16,2.9,0
25:38.5,498,500,16,2.9,0
25:38.7,498,500,16,2.9,0
25:38.9,498,500,16,2.9,0
25:39.1,498,500,16,2.9,0
25:39.3,497,500,16,2.9,0
25:39.5,497,500,16,2.9,0
25:39.7,497,500,16,2.9,0
25:39.9,497,500,16,2.9,0
25:40.1,497,500,16,2.9,0
25:40.3,497,500,16,2.9,0
25:40.5,497,500,16,2.9,0
25:40.7,497,500,16,2.9,0
25:40.9,497,500,16,2.9,0
25:41.1,497,500,16,2.9,0
25:41.3,497,500,16,2.9,0
25:41.5,497,500,16,2.9,0
25:41.7,497,500,16,2.9,0
25:41.9,497,500,16,2.9,0
25:42.1,497,500,16,2.9,0
25:42.3,497,500,16,2.9,0
25:42.5,497,500,16,2.9,0
25:42.7,497,500,16,2.9,0
25:42.9,497,500,16,2.9,0
25:43.1,497,500,16,2.9,0
25:43.3,497,500,16,2.9,0
25:43.5,497,500,16,2.9,0
25:43.7,498,500,16,2.9,0
25:43.9,498,500,16,2.9,0
25:44.1,498,500,16,2.9,0
25:44.3,498,500,16,2.9,0
25:44.5,497,500,16,2.9,0
25:44.7,497,500,16,2.9,0
25:44.9,496,500,16,2.9,0
25:45.1,496,500,16,2.9,0
25:45.3,496,500,16,2.9,0
25:45.5,495,500,16,2.9,0
25:45.7,495,500,16,2.9,0
25:45.9,496,500,16,2.9,0
25:46.1,496,500,16,2.9,0
25:46.3,496,500,16,2.9,0
25:46.5,496,500,16,2.9,0
25:46.7,496,500,16,2.9,0
25:46.9,496,500,16,2.9,0
25:47.1,497,500,16,2.9,0
25:47.3,497,500,16,2.9,0
25:47.5,497,500,16,2.9,0
25:47.6,497,500,16,2.9,0
25:47.9,497,500,16,2.9,0
25:48.0,497,500,16,2.9,0
25:48.2,497,500,16,2.9,0
25:48.4,497,500,16,2.9,0
25:48.6,497,500,16,2.9,0
25:48.8,497,500,16,2.9,0
25:49.1,496,500,16,2.9,0
25:49.3,496,500,16,2.9,0
25:49.5,496,500,16,2.9,0
25:49.7,496,500,16,2.9,0
25:49.8,496,500,16,2.9,0
25:50.0,496,500,16,2.9,0
25:50.2,496,500,16,2.9,0
25:50.4,496,500,16,2.9,0
25:50.6,496,500,16,2.9,0
25:50.8,495,500,16,2.9,0
25:51.0,495,500,16,2.9,0
25:51.2,495,500,16,2.9,0
25:51.4,495,500,16,2.9,0
25:51.6,495,500,16,2.9,0
25:51.8,495,500,16,2.9,0
25:52.0,494,500,16,2.9,0
25:52.2,494,500,16,2.9,0
25:52.4,494,500,16,2.9,0
25:52.6,494,500,16,2.9,0
25:52.8,494,500,16,2.9,0
25:53.0,494,500,16,2.9,0
25:53.2,494,500,16,2.9,0
25:53.4,493,500,16,2.9,0
25:53.6,493,500,16,2.9,0
25:53.8,493,500,16,2.9,0
25:54.0,493,500,16,2.9,0
25:54.2,493,500,16,2.9,0
25:54.4,492,500,16,2.9,0
25:54.6,492,500,16,2.9,0
25:54.8,492,500,17,2.9,0
25:55.0,492,500,17,2.9,0
25:55.2,492,500,17,2.9,0
25:55.4,492,500,17,2.9,0
25:55.6,492,500,17,2.9,0
25:55.8,491,500,17,2.9,0
25:56.0,491,500,17,2.9,0
25:56.2,491,500,17,2.9,0
25:56.4,491,500,17,2.9,0
25:56.6,491,500,17,2.9,0
25:56.8,491,500,17,3,0
25:57.0,490,500,17,3,0
25:57.2,490,500,17,3,0
25:57.4,490,500,17,3,0
25:57.6,490,500,17,3,0
25:57.8,490,500,17,3,0
25:58.0,490,500,17,3,0
25:58.2,489,500,17,3,0
25:58.4,489,500,17,3,0
25:58.6,489,500,17,3,0
25:58.8,489,500,17,3,0
25:59.0,489,500,17,3,0
25:59.2,489,500,18,3,0
25:59.4,489,500,18,3,0
25:59.6,489,500,18,3,0
25:59.8,489,500,18,3,0
26:00.0,489,500,18,3,0
26:00.2,490,500,18,3,0
26:00.4,490,500,18,3,0
26:00.6,490,500,18,3,0
26:00.8,491,500,18,3,0
26:01.0,492,500,18,3,0
26:01.2,492,500,18,3,0
26:01.4,493,500,18,3,0
26:01.6,494,500,18,3,0
26:01.8,495,500,18,3,0
26:02.0,495,500,18,3,0
26:02.2,494,500,18,3,0
26:02.4,494,500,18,3,0
26:02.6,495,500,18,3,0
26:02.8,494,500,18,3,0
26:03.0,495,500,18,3,0
26:03.2,495,500,18,3,0
26:03.4,495,500,18,3,0
26:03.6,494,500,18,3,0
26:03.8,495,500,18,3,0
26:04.0,494,500,18,3,0
26:04.2,494,500,18,3,0
26:04.4,495,500,18,3,0
26:04.6,494,500,18,3,0
26:04.8,494,500,18,3,0
26:05.0,495,500,18,3,0
26:05.2,494,500,18,3,0
26:05.4,495,500,18,3,0
26:05.6,494,500,18,3,0
26:05.8,495,500,18,3,0
26:06.0,495,500,18,3,0
26:06.2,494,500,18,3,0
26:06.4,494,500,18,3,0
26:06.6,495,500,18,3,0
26:06.8,495,500,18,3,0
26:07.0,496,500,18,3,0
26:07.2,496,500,18,3,0
26:07.4,496,500,18,3,0
26:07.6,496,500,18,3,0
26:07.8,496,500,18,3,0
26:08.0,496,500,18,3,0
26:08.2,496,500,18,3,0
26:08.4,496,500,18,3,0
26:08.6,497,500,18,3,0
26:08.8,497,500,18,3,0
26:09.0,496,500,18,3,0
26:09.2,496,500,18,3,0
26:09.4,496,500,18,3,0
26:09.6,496,500,18,3,0
26:09.8,496,500,18,3,0
26:10.0,496,500,18,3,0
26:10.2,496,500,18,3,0
26:10.4,496,500,18,3,0
26:10.6,496,500,18,3,0
26:10.8,496,500,18,3,0
26:11.0,496,500,18,3,0
26:11.2,496,500,18,3,0
26:11.4,496,500,18,3,0
26:11.6,496,500,18,3,0
26:11.8,496,500,18,3,0
26:12.0,496,500,18,3,0
26:12.2,495,500,18,3,0
26:12.4,495,500,18,3,0
26:12.6,495,500,18,3,0
26:12.8,495,500,18,3,0
26:13.0,495,500,18,3,0
26:13.2,495,500,18,3,0
26:13.4,495,500,18,3,0
26:13.6,495,500,18,3,0
26:13.8,495,500,18,3,0
26:14.0,495,500,18,3,0
26:14.2,495,500,18,3,0
26:14.4,495,500,18,3,0
26:14.6,495,500,18,3,0
26:14.8,495,500,18,3,0
26:15.0,495,500,18,3,0
26:15.2,495,500,18,3,0
26:15.4,494,500,18,3,0
26:15.6,494,500,18,3,0
26:15.8,494,500,18,3,0
26:16.0,494,500,18,3,0
26:16.2,494,500,19,3.1,0
26:16.4,494,500,19,3.1,0
26:16.6,494,500,19,3.1,0
26:16.8,494,500,19,3.1,0
26:17.0,493,500,19,3.1,0
26:17.2,493,500,19,3.1,0
26:17.4,494,500,19,3.1,0
26:17.6,494,500,19,3.1,0
26:17.8,493,500,19,3.1,0
26:18.0,493,500,19,3.1,0
26:18.2,493,500,19,3.1,0
26:18.4,493,500,19,3.1,0
26:18.6,493,500,19,3.1,0
26:18.8,493,500,19,3.1,0
26:19.0,493,500,19,3.1,0
26:19.2,493,500,19,3.1,0
26:19.4,493,500,19,3.1,0
26:19.6,493,500,19,3.1,0
26:19.8,493,500,19,3.1,0
26:20.0,493,500,19,3.1,0
26:20.2,493,500,19,3.1,0
26:20.4,493,500,19,3.1,0
26:20.6,493,500,19,3.1,0
26:20.8,493,500,19,3.1,0
26:21.0,493,500,19,3.1,0
26:21.2,493,500,19,3.1,0
26:21.4,493,500,19,3.1,0
26:21.6,493,500,19,3.1,0
26:21.8,492,500,19,3.1,0
26:22.0,492,500,19,3.1,0
26:22.2,491,500,19,3.1,0
26:22.4,491,500,20,3.1,0
26:22.6,490,500,20,3.1,0
26:22.8,490,500,20,3.1,0
26:23.0,490,500,20,3.1,0
26:23.2,490,500,20,3.1,0
26:23.4,490,500,20,3.1,0
26:23.6,490,500,20,3.1,0
26:23.8,490,500,20,3.1,0
26:24.0,490,500,20,3.1,0
26:24.2,490,500,20,3.1,0
26:24.4,490,500,20,3.1,0
26:24.6,490,500,20,3.1,0
26:24.8,490,500,20,3.1,0
26:25.0,490,500,20,3.1,0
26:25.1,490,500,20,3.1,0
26:25.3,490,500,20,3.1,0
26:25.5,490,500,20,3.1,0
26:25.7,490,500,20,3.2,0
26:26.0,490,500,20,3.2,0
26:26.2,490,500,20,3.2,0
26:26.4,490,500,20,3.2,0
26:26.5,490,500,20,3.2,0
26:26.7,490,500,21,3.2,0
26:26.9,490,500,21,3.2,0
26:27.1,490,500,21,3.2,0
26:27.3,490,500,21,3.2,0
26:27.5,490,500,21,3.2,0
26:27.8,490,500,21,3.2,0
26:27.9,490,500,21,3.2,0
26:28.2,489,500,21,3.2,0
26:28.3,489,500,21,3.2,0
26:28.5,488,500,21,3.2,0
26:28.7,490,500,21,3.2,0
26:28.9,491,500,21,3.2,0
26:29.1,492,500,21,3.2,0
26:29.3,492,500,21,3.2,0
26:29.5,493,500,21,3.2,0
26:29.7,494,500,21,3.2,0
26:29.9,494,500,21,3.2,0
26:30.1,495,500,21,3.2,0
26:30.3,496,500,21,3.2,0
26:30.5,496,500,21,3.2,0
26:30.7,495,500,21,3.2,0
26:30.9,495,500,21,3.2,0
26:31.1,495,500,21,3.2,0
26:31.3,495,500,21,3.2,0
26:31.5,494,500,21,3.2,0
26:31.7,495,500,21,3.2,0
26:31.9,495,500,21,3.2,0
26:32.1,495,500,21,3.2,0
26:32.3,494,500,21,3.2,0
26:32.5,494,500,21,3.2,0
26:32.7,495,500,21,3.2,0
26:32.9,495,500,21,3.2,0
26:33.1,494,500,21,3.2,0
26:33.3,495,500,21,3.2,0
26:33.5,494,500,21,3.2,0
26:33.7,495,500,21,3.2,0
26:33.9,494,500,21,3.2,0
26:34.1,495,500,21,3.2,0
26:34.3,495,500,21,3.2,0
26:34.5,495,500,21,3.2,0
26:34.7,494,500,21,3.2,0
26:34.9,495,500,21,3.2,0
26:35.1,495,500,21,3.2,0
26:35.3,494,500,21,3.2,0
26:35.5,495,500,21,3.2,0
26:35.7,494,500,21,3.2,0
26:35.9,495,500,21,3.2,0
26:36.1,495,500,21,3.2,0
26:36.3,494,500,21,3.2,0
26:36.5,495,500,21,3.2,0
26:36.7,495,500,21,3.2,0
26:36.9,494,500,22,3.2,0
26:37.1,495,500,22,3.2,0
26:37.3,495,500,22,3.2,0
26:37.5,496,500,22,3.2,0
26:37.7,496,500,22,3.2,0
26:37.9,497,500,22,3.2,0
26:38.1,497,500,22,3.2,0
26:38.3,497,500,22,3.2,0
26:38.5,497,500,22,3.2,0
26:38.7,498,500,22,3.2,0
26:38.9,498,500,22,3.2,0
26:39.1,498,500,22,3.2,0
26:39.3,498,500,22,3.2,0
26:39.5,498,500,22,3.2,0
26:39.7,498,500,22,3.2,0
26:39.9,498,500,22,3.2,0
26:40.1,498,500,22,3.2,0
26:40.3,498,500,22,3.2,0
26:40.5,498,500,22,3.2,0
26:40.7,498,500,22,3.2,0
26:40.9,498,500,22,3.2,0
26:41.1,498,500,22,3.2,0
26:41.3,498,500,22,3.2,0
26:41.5,498,500,22,3.2,0
26:41.7,499,500,22,3.2,0
26:41.9,499,500,22,3.2,0
26:42.1,499,500,22,3.2,0
26:42.3,499,500,22,3.2,0
26:42.5,499,500,22,3.2,0
26:42.7,499,500,22,3.2,0
26:42.9,498,500,22,3.2,0
26:43.1,498,500,22,3.2,0
26:43.3,498,500,22,3.2,0
26:43.5,498,500,22,3.2,0
26:43.7,498,500,22,3.2,0
26:43.9,498,500,22,3.2,0
26:44.1,498,500,22,3.2,0
26:44.3,498,500,22,3.2,0
26:44.5,498,500,22,3.2,0
26:44.7,498,500,22,3.2,0
26:44.9,498,500,22,3.2,0
26:45.1,498,500,22,3.2,0
26:45.3,497,500,22,3.2,0
26:45.5,497,500,22,3.2,0
26:45.7,497,500,22,3.2,0
26:45.9,497,500,22,3.2,0
26:46.1,497,500,22,3.2,0
26:46.3,497,500,22,3.2,0
26:46.5,497,500,22,3.2,0
26:46.7,496,500,22,3.2,0
26:46.9,496,500,22,3.2,0
26:47.1,496,500,22,3.2,0
26:47.3,496,500,22,3.2,0
26:47.5,496,500,22,3.2,0
26:47.7,496,500,22,3.2,0
26:47.9,496,500,22,3.2,0
26:48.1,496,500,22,3.2,0
26:48.3,496,500,22,3.2,0
26:48.5,496,500,22,3.2,0
26:48.7,496,500,22,3.2,0
26:48.9,496,500,22,3.2,0
26:49.1,496,500,22,3.2,0
26:49.3,496,500,22,3.2,0
26:49.5,496,500,22,3.2,0
26:49.7,496,500,22,3.2,0
26:49.9,496,500,22,3.2,0
26:50.1,496,500,22,3.2,0
26:50.3,496,500,22,3.2,0
26:50.5,496,500,22,3.2,0
26:50.7,495,500,22,3.2,0
26:50.9,496,500,22,3.2,0
26:51.1,496,500,22,3.2,0
26:51.3,496,500,22,3.2,0
26:51.5,496,500,22,3.2,0
26:51.7,496,500,22,3.2,0
26:51.9,496,500,22,3.2,0
26:52.1,496,500,22,3.2,0
26:52.3,496,500,22,3.2,0
26:52.5,496,500,22,3.2,0
26:52.7,496,500,22,3.2,0
26:52.9,496,500,22,3.2,0
26:53.1,496,500,22,3.2,0
26:53.3,496,500,22,3.2,0
26:53.5,496,500,22,3.2,0
26:53.7,496,500,22,3.2,0
26:53.9,496,500,22,3.2,0
26:54.1,495,500,22,3.2,0
26:54.3,495,500,22,3.2,0
26:54.5,495,500,22,3.2,0
26:54.7,495,500,22,3.2,0
26:54.9,495,500,22,3.2,0
26:55.1,495,500,22,3.2,0
26:55.3,495,500,22,3.2,0
26:55.5,495,500,22,3.2,0
26:55.7,495,500,22,3.2,0
26:55.9,495,500,22,3.2,0
26:56.1,495,500,22,3.2,0
26:56.3,495,500,22,3.2,0
26:56.5,495,500,22,3.2,0
26:56.7,495,500,22,3.2,0
26:56.9,495,500,22,3.2,0
26:57.1,495,500,22,3.2,0
26:57.3,495,500,22,3.2,0
26:57.5,495,500,22,3.2,0
26:57.7,495,500,22,3.2,0
26:57.9,495,500,22,3.2,0
26:58.1,495,500,22,3.2,0
26:58.3,495,500,22,3.2,0
26:58.5,495,500,22,3.2,0
26:58.7,495,500,22,3.2,0
26:58.9,495,500,22,3.2,0
26:59.1,495,500,22,3.2,0
26:59.3,495,500,22,3.2,0
26:59.5,495,500,22,3.2,0
26:59.7,495,500,22,3.2,0
26:59.9,495,500,22,3.2,0
27:00.1,495,500,22,3.2,0
27:00.3,495,500,22,3.2,0
27:00.5,495,500,22,3.2,0
27:00.7,495,500,22,3.2,0
27:00.9,495,500,22,3.2,0
27:01.1,495,500,22,3.2,0
27:01.3,495,500,22,3.2,0
27:01.5,495,500,22,3.2,0
27:01.7,495,500,22,3.2,0
27:01.9,495,500,22,3.2,0
27:02.1,495,500,22,3.2,0
27:02.3,495,500,22,3.2,0
27:02.4,495,500,22,3.2,0
27:02.6,495,500,22,3.2,0
27:02.8,495,500,22,3.2,0
27:03.1,495,500,22,3.2,0
27:03.3,495,500,22,3.2,0
27:03.5,494,500,22,3.2,0
27:03.7,494,500,22,3.2,0
27:03.8,494,500,22,3.2,0
27:04.0,494,500,22,3.2,0
27:04.2,494,500,22,3.2,0
27:04.4,494,500,22,3.2,0
27:04.7,494,500,22,3.2,0
27:04.9,494,500,22,3.2,0
27:05.0,494,500,22,3.2,0
27:05.2,494,500,22,3.2,0
27:05.4,494,500,22,3.2,0
27:05.6,494,500,22,3.2,0
27:05.8,495,500,22,3.2,0
27:06.0,495,500,22,3.2,0
27:06.2,495,500,22,3.2,0
27:06.4,495,500,22,3.2,0
27:06.6,496,500,22,3.2,0
27:06.8,496,500,22,3.2,0
27:07.0,496,500,22,3.2,0
27:07.2,496,500,22,3.2,0
27:07.4,496,500,22,3.2,0
27:07.6,496,500,22,3.2,0
27:07.8,496,500,22,3.2,0
27:08.0,497,500,22,3.2,0
27:08.2,497,500,22,3.2,0
27:08.4,497,500,22,3.2,0
27:08.6,497,500,22,3.2,0
27:08.8,497,500,22,3.2,0
27:09.0,497,500,22,3.2,0
27:09.2,497,500,22,3.2,0
27:09.4,497,500,22,3.2,0
27:09.6,497,500,22,3.2,0
27:09.8,496,500,22,3.2,0
27:10.0,496,500,22,3.2,0
27:10.2,496,500,22,3.2,0
27:10.4,496,500,22,3.2,0
27:10.6,496,500,22,3.2,0
27:10.8,496,500,22,3.2,0
27:11.0,495,500,22,3.2,0
27:11.2,495,500,22,3.2,0
27:11.4,495,500,22,3.2,0
27:11.6,495,500,22,3.2,0
27:11.8,495,500,22,3.2,0
27:12.0,495,500,22,3.2,0
27:12.2,496,500,22,3.2,0
27:12.4,496,500,22,3.2,0
27:12.6,496,500,22,3.2,0
27:12.8,496,500,22,3.2,0
27:13.0,496,500,22,3.2,0
27:13.2,497,500,22,3.2,0
27:13.4,497,500,22,3.2,0
27:13.6,497,500,22,3.2,0
27:13.8,497,500,22,3.2,0
27:14.0,497,500,22,3.2,0
27:14.2,497,500,22,3.2,0
27:14.4,497,500,22,3.2,0
27:14.6,498,500,22,3.2,0
27:14.8,498,500,22,3.2,0
27:15.0,498,500,22,3.2,0
27:15.2,498,500,22,3.2,0
27:15.4,498,500,22,3.2,0
27:15.6,498,500,22,3.2,0
27:15.8,498,500,22,3.2,0
27:16.0,498,500,22,3.2,0
27:16.2,498,500,22,3.2,0
27:16.4,498,500,22,3.2,0
27:16.6,498,500,22,3.2,0
27:16.8,498,500,22,3.2,0
27:17.0,498,500,22,3.2,0
27:17.2,498,500,22,3.2,0
27:17.4,498,500,22,3.2,0
27:17.6,498,500,22,3.2,0
27:17.8,498,500,22,3.2,0
27:18.0,498,500,22,3.2,0
27:18.2,498,500,22,3.2,0
27:18.4,498,500,22,3.2,0
27:18.6,498,500,22,3.2,0
27:18.8,498,500,22,3.2,0
27:19.0,498,500,22,3.2,0
27:19.2,498,500,22,3.2,0
27:19.4,498,500,22,3.2,0
27:19.6,498,500,22,3.2,0
27:19.8,498,500,22,3.2,0
27:20.0,498,500,22,3.2,0
27:20.2,498,500,22,3.2,0
27:20.4,498,500,22,3.2,0
27:20.6,498,500,22,3.2,0
27:20.8,498,500,22,3.2,0
27:21.0,498,500,22,3.2,0
27:21.2,498,500,22,3.2,0
27:21.4,498,500,22,3.2,0
27:21.6,498,500,22,3.2,0
27:21.8,498,500,22,3.2,0
27:22.0,498,500,22,3.2,0
27:22.2,497,500,22,3.2,0
27:22.4,497,500,22,3.2,0
27:22.6,497,500,22,3.2,0
27:22.8,497,500,22,3.2,0
27:23.0,497,500,22,3.2,0
27:23.2,497,500,22,3.2,0
27:23.4,497,500,22,3.2,0
27:23.6,498,500,22,3.2,0
27:23.8,497,500,22,3.2,0
27:24.0,497,500,22,3.2,0
27:24.2,497,500,22,3.2,0
27:24.4,497,500,22,3.2,0
27:24.6,497,500,22,3.2,0
27:24.8,497,500,22,3.2,0
27:25.0,497,500,22,3.2,0
27:25.2,497,500,22,3.2,0
27:25.4,497,500,22,3.2,0
27:25.6,497,500,22,3.2,0
27:25.8,497,500,22,3.2,0
27:26.0,497,500,22,3.2,0
27:26.2,497,500,22,3.2,0
27:26.4,497,500,22,3.2,0
27:26.6,497,500,22,3.2,0
27:26.8,497,500,22,3.2,0
27:27.0,497,500,22,3.2,0
27:27.2,497,500,22,3.2,0
27:27.4,498,500,22,3.2,0
27:27.6,498,500,22,3.2,0
27:27.8,497,500,22,3.2,0
27:28.0,498,500,22,3.2,0
27:28.2,498,500,22,3.2,0
27:28.4,498,500,22,3.2,0
27:28.6,498,500,22,3.2,0
27:28.8,498,500,22,3.2,0
27:29.0,498,500,22,3.2,0
27:29.2,498,500,22,3.2,0
27:29.4,498,500,22,3.2,0
27:29.6,498,500,22,3.2,0
27:29.8,497,500,22,3.2,0
27:30.0,498,500,22,3.2,0
27:30.2,498,500,22,3.2,0
27:30.4,498,500,22,3.2,0
27:30.6,498,500,22,3.2,0
27:30.8,498,500,22,3.2,0
27:31.0,497,500,22,3.2,0
27:31.2,497,500,22,3.2,0
27:31.4,497,500,22,3.2,0
27:31.6,497,500,22,3.2,0
27:31.8,497,500,22,3.2,0
27:32.0,498,500,22,3.2,0
27:32.2,498,500,22,3.2,0
27:32.4,498,500,22,3.2,0
27:32.6,498,500,22,3.2,0
27:32.8,497,500,22,3.2,0
27:33.0,497,500,22,3.2,0
27:33.2,497,500,22,3.2,0
27:33.4,497,500,22,3.2,0
27:33.6,497,500,22,3.2,0
27:33.8,497,500,22,3.2,0
27:34.0,497,500,22,3.2,0
27:34.2,497,500,22,3.2,0
27:34.4,497,500,22,3.2,0
27:34.6,497,500,22,3.2,0
27:34.8,497,500,22,3.2,0
27:35.0,497,500,22,3.2,0
27:35.2,497,500,22,3.2,0
27:35.4,497,500,22,3.2,0
27:35.6,497,500,22,3.2,0
27:35.8,497,500,22,3.2,0
27:36.0,497,500,22,3.2,0
27:36.2,497,500,22,3.2,0
27:36.4,497,500,22,3.2,0
27:36.6,497,500,22,3.2,0
27:36.8,497,500,22,3.2,0
27:37.0,497,500,22,3.2,0
27:37.2,497,500,22,3.2,0
27:37.4,498,500,22,3.2,0
27:37.6,498,500,22,3.2,0
27:37.8,498,500,22,3.2,0
27:38.0,498,500,22,3.2,0
27:38.2,498,500,22,3.2,0
27:38.4,498,500,22,3.2,0
27:38.6,498,500,22,3.2,0
27:38.8,498,500,22,3.2,0
27:39.0,498,500,22,3.2,0
27:39.2,497,500,22,3.2,0
27:39.4,497,500,22,3.2,0
27:39.6,497,500,22,3.2,0
27:39.8,497,500,22,3.2,0
27:40.0,497,500,22,3.2,0
27:40.1,497,500,22,3.2,0
27:40.3,497,500,22,3.2,0
27:40.5,497,500,22,3.2,0
27:40.8,498,500,22,3.2,0
27:41.0,497,500,22,3.2,0
27:41.2,497,500,22,3.2,0
27:41.4,497,500,22,3.2,0
27:41.5,498,500,22,3.2,0
27:41.7,498,500,22,3.2,0
27:41.9,498,500,22,3.2,0
27:42.1,498,500,22,3.2,0
27:42.3,498,500,22,3.2,0
27:42.6,498,500,22,3.2,0
27:42.7,498,500,22,3.2,0
27:42.9,498,500,22,3.2,0
27:43.1,498,500,22,3.2,0
27:43.3,498,500,22,3.2,0
27:43.5,497,500,22,3.2,0
27:43.7,497,500,22,3.2,0
27:43.9,497,500,22,3.2,0
27:44.1,497,500,22,3.2,0
27:44.3,497,500,22,3.2,0
27:44.5,497,500,22,3.2,0
27:44.7,497,500,22,3.2,0
27:44.9,497,500,22,3.2,0
27:45.1,497,500,22,3.2,0
27:45.3,497,500,22,3.2,0
27:45.5,497,500,22,3.2,0
27:45.7,497,500,22,3.2,0
27:45.9,497,500,22,3.2,0
27:46.1,497,500,22,3.2,0
27:46.3,497,500,22,3.2,0
27:46.5,497,500,22,3.2,0
27:46.7,497,500,22,3.2,0
27:46.9,497,500,22,3.2,0
27:47.1,497,500,22,3.2,0
27:47.3,497,500,22,3.2,0
27:47.5,497,500,22,3.2,0
27:47.7,498,500,22,3.2,0
27:47.9,498,500,22,3.2,0
27:48.1,498,500,22,3.2,0
27:48.3,499,500,22,3.2,0
27:48.5,499,500,22,3.2,0
27:48.7,499,500,22,3.2,0
27:48.9,499,500,22,3.2,0
27:49.1,499,500,22,3.2,0
27:49.3,499,500,22,3.2,0
27:49.5,499,500,22,3.2,0
27:49.7,499,500,22,3.2,0
27:49.9,499,500,22,3.2,0
27:50.1,499,500,22,3.2,0
27:50.3,499,500,22,3.2,0
27:50.5,498,500,22,3.2,0
27:50.7,498,500,22,3.2,0
27:50.9,498,500,22,3.2,0
27:51.1,498,500,22,3.2,0
27:51.3,498,500,22,3.2,0
27:51.5,498,500,22,3.2,0
27:51.7,498,500,22,3.2,0
27:51.9,498,500,22,3.2,0
27:52.1,498,500,22,3.2,0
27:52.3,498,500,22,3.2,0
27:52.5,498,500,22,3.2,0
27:52.7,498,500,22,3.2,0
27:52.9,498,500,22,3.2,0
27:53.1,498,500,22,3.2,0
27:53.3,498,500,22,3.2,0
27:53.5,498,500,22,3.2,0
27:53.7,498,500,22,3.2,0
27:53.9,498,500,22,3.2,0
27:54.1,498,500,22,3.2,0
27:54.3,498,500,22,3.2,0
27:54.5,498,500,22,3.2,0
27:54.7,498,500,22,3.2,0
27:54.9,498,500,22,3.2,0
27:55.1,498,500,22,3.2,0
27:55.3,498,500,22,3.2,0
27:55.5,497,500,22,3.2,0
27:55.7,497,500,22,3.2,0
27:55.9,497,500,22,3.2,0
27:56.1,497,500,22,3.2,0
27:56.3,497,500,22,3.2,0
27:56.5,497,500,22,3.2,0
27:56.7,497,500,22,3.2,0
27:56.9,497,500,22,3.2,0
27:57.1,497,500,22,3.2,0
27:57.3,497,500,22,3.2,0
27:57.5,497,500,22,3.2,0
27:57.7,497,500,22,3.2,0
27:57.9,497,500,22,3.2,0
27:58.1,497,500,22,3.2,0
27:58.3,497,500,22,3.2,0
27:58.5,497,500,22,3.2,0
27:58.7,497,500,22,3.2,0
27:58.9,497,500,22,3.2,0
27:59.1,497,500,22,3.2,0
27:59.3,497,500,22,3.2,0
27:59.5,497,500,22,3.2,0
27:59.7,497,500,22,3.2,0
27:59.9,497,500,22,3.2,0
28:00.1,497,500,22,3.2,0
28:00.3,497,500,22,3.2,0
28:00.5,497,500,22,3.2,0
28:00.7,497,500,22,3.2,0
28:00.9,497,500,22,3.2,0
28:01.1,497,500,22,3.2,0
28:01.3,497,500,22,3.2,0
28:01.5,497,500,22,3.2,0
28:01.7,497,500,22,3.2,0
28:01.9,498,500,22,3.2,0
28:02.1,497,500,22,3.2,0
28:02.3,497,500,22,3.2,0
28:02.5,498,500,22,3.2,0
28:02.7,498,500,22,3.2,0
28:02.9,497,500,22,3.2,0
28:03.1,497,500,22,3.2,0
28:03.3,497,500,22,3.2,0
28:03.5,497,500,22,3.2,0
28:03.7,496,500,22,3.2,0
28:03.9,496,500,22,3.2,0
28:04.1,496,500,22,3.2,0
28:04.3,496,500,22,3.2,0
28:04.5,496,500,22,3.2,0
28:04.7,496,500,22,3.2,0
28:04.9,496,500,22,3.2,0
28:05.1,496,500,22,3.2,0
28:05.3,497,500,22,3.2,0
28:05.5,497,500,22,3.2,0
28:05.7,497,500,22,3.2,0
28:05.9,497,500,22,3.2,0
28:06.1,497,500,22,3.2,0
28:06.3,497,500,22,3.2,0
28:06.5,498,500,22,3.2,0
28:06.7,498,500,22,3.2,0
28:06.9,498,500,22,3.2,0
28:07.1,498,500,22,3.2,0
28:07.3,498,500,22,3.2,0
28:07.5,497,500,22,3.2,0
28:07.7,497,500,22,3.2,0
28:07.9,496,500,22,3.2,0
28:08.1,496,500,22,3.2,0
28:08.3,495,500,22,3.2,0
28:08.5,495,500,22,3.2,0
28:08.7,495,500,22,3.2,0
28:08.9,495,500,22,3.2,0
28:09.1,495,500,22,3.2,0
28:09.3,495,500,22,3.2,0
28:09.5,496,500,22,3.2,0
28:09.7,496,500,22,3.2,0
28:09.9,496,500,22,3.2,0
28:10.1,497,500,22,3.2,0
28:10.3,497,500,22,3.2,0
28:10.5,497,500,22,3.2,0
28:10.7,497,500,22,3.2,0
28:10.9,497,500,22,3.2,0
28:11.1,497,500,22,3.2,0
28:11.3,498,500,22,3.2,0
28:11.5,498,500,22,3.2,0
28:11.7,498,500,22,3.2,0
28:11.9,498,500,22,3.2,0
28:12.1,498,500,22,3.2,0
28:12.3,498,500,22,3.2,0
28:12.5,498,500,22,3.2,0
28:12.7,498,500,22,3.2,0
28:12.9,498,500,22,3.2,0
28:13.1,498,500,22,3.2,0
28:13.3,498,500,22,3.2,0
28:13.5,498,500,22,3.2,0
28:13.7,498,500,22,3.2,0
28:13.9,498,500,22,3.2,0
28:14.1,498,500,22,3.2,0
28:14.3,498,500,22,3.2,0
28:14.5,498,500,22,3.2,0
28:14.7,498,500,22,3.2,0
28:14.9,497,500,22,3.2,0
28:15.1,497,500,22,3.2,0
28:15.3,497,500,22,3.2,0
28:15.5,498,500,22,3.2,0
28:15.7,498,500,22,3.2,0
28:15.9,498,500,22,3.2,0
28:16.1,498,500,22,3.2,0
28:16.3,498,500,22,3.2,0
28:16.5,498,500,22,3.2,0
28:16.7,498,500,22,3.2,0
28:16.9,498,500,22,3.2,0
28:17.1,499,500,22,3.2,0
28:17.3,499,500,22,3.2,0
28:17.5,499,500,22,3.2,0
28:17.7,499,500,22,3.2,0
28:17.8,499,500,22,3.2,0
28:18.0,499,500,22,3.2,0
28:18.2,499,500,22,3.2,0
28:18.5,499,500,22,3.2,0
28:18.7,499,500,22,3.2,0
28:18.9,499,500,22,3.2,0
28:19.0,499,500,22,3.2,0
28:19.2,499,500,22,3.2,0
28:19.4,499,500,22,3.2,0
28:19.6,499,500,22,3.2,0
28:19.8,499,500,22,3.2,0
28:20.0,499,500,22,3.2,0
28:20.2,499,500,22,3.2,0
28:20.4,499,500,22,3.2,0
28:20.6,499,500,22,3.2,0
28:20.8,499,500,22,3.2,0
28:21.0,499,500,22,3.2,0
28:21.2,499,500,22,3.2,0
28:21.4,498,500,22,3.2,0
28:21.6,498,500,22,3.2,0
28:21.8,498,500,22,3.2,0
28:22.0,498,500,22,3.2,0
28:22.2,498,500,22,3.2,0
28:22.4,498,500,22,3.2,0
28:22.6,498,500,22,3.2,0
28:22.8,498,500,22,3.2,0
28:23.0,498,500,22,3.2,0
28:23.2,498,500,22,3.2,0
28:23.4,499,500,22,3.2,0
28:23.6,499,500,22,3.2,0
28:23.8,499,500,22,3.2,0
28:24.0,499,500,22,3.2,0
28:24.2,499,500,22,3.2,0
28:24.4,499,500,22,3.2,0
28:24.6,499,500,22,3.2,0
28:24.8,499,500,22,3.2,0
28:25.0,499,500,22,3.2,0
28:25.2,499,500,22,3.2,0
28:25.4,499,500,22,3.2,0
28:25.6,499,500,22,3.2,0
28:25.8,499,500,22,3.2,0
28:26.0,499,500,22,3.2,0
28:26.2,499,500,22,3.2,0
28:26.4,499,500,22,3.2,0
28:26.6,499,500,22,3.2,0
28:26.8,499,500,22,3.2,0
28:27.0,498,500,22,3.2,0
28:27.2,499,500,22,3.2,0
28:27.4,499,500,22,3.2,0
28:27.6,499,500,22,3.2,0
28:27.8,499,500,22,3.2,0
28:28.0,499,500,22,3.2,0
28:28.2,499,500,22,3.2,0
28:28.4,499,500,22,3.2,0
28:28.6,499,500,22,3.2,0
28:28.8,499,500,22,3.2,0
28:29.0,499,500,22,3.2,0
28:29.2,499,500,22,3.2,0
28:29.4,499,500,22,3.2,0
28:29.6,499,500,22,3.2,0
28:29.8,499,500,22,3.2,0
28:30.0,499,500,22,3.2,0
28:30.2,499,500,22,3.2,0
28:30.4,499,500,22,3.2,0
28:30.6,498,500,22,3.2,0
28:30.8,498,500,22,3.2,0
28:31.0,499,500,22,3.2,0
28:31.2,499,500,22,3.2,0
28:31.4,498,500,22,3.2,0
28:31.6,498,500,22,3.2,0
28:31.8,499,500,22,3.2,0
28:32.0,499,500,22,3.2,0
28:32.2,499,500,22,3.2,0
28:32.4,499,500,22,3.2,0
28:32.6,499,500,22,3.2,0
28:32.8,499,500,22,3.2,0
28:33.0,499,500,22,3.2,0
28:33.2,499,500,22,3.2,0
28:33.4,499,500,22,3.2,0
28:33.6,499,500,22,3.2,0
28:33.8,499,500,22,3.2,0
28:34.0,499,500,22,3.2,0
28:34.2,499,500,22,3.2,0
28:34.4,499,500,22,3.2,0
28:34.6,499,500,22,3.2,0
28:34.8,499,500,22,3.2,0
28:35.0,499,500,22,3.2,0
28:35.2,499,500,22,3.2,0
28:35.4,499,500,22,3.2,0
28:35.6,499,500,22,3.2,0
28:35.8,499,500,22,3.2,0
28:36.0,499,500,22,3.2,0
28:36.2,499,500,22,3.2,0
28:36.4,499,500,22,3.2,0
28:36.6,499,500,22,3.2,0
28:36.8,499,500,22,3.2,0
28:37.0,500,500,22,3.2,0
28:37.2,500,500,22,3.2,0
28:37.4,499,500,22,3.2,0
28:37.6,498,500,22,3.2,0
28:37.8,498,500,22,3.2,0
28:38.0,499,500,22,3.2,0
28:38.2,499,500,22,3.2,0
28:38.4,499,500,22,3.2,0
28:38.6,500,500,22,3.2,0
28:38.8,500,500,22,3.2,0
28:39.0,500,500,22,3.2,0
28:39.2,500,500,22,3.2,0
28:39.4,500,500,22,3.2,0
28:39.6,500,500,22,3.2,0
28:39.8,500,500,22,3.2,0
28:40.0,500,500,22,3.2,0
28:40.2,500,500,22,3.2,0
28:40.4,500,500,22,3.2,0
28:40.6,500,500,22,3.2,0
28:40.8,500,500,22,3.2,0
28:41.0,500,500,22,3.2,0
28:41.2,500,500,22,3.2,0
28:41.4,500,500,22,3.2,0
28:41.6,501,500,22,3.2,0
28:41.8,501,500,22,3.2,0
28:42.0,501,500,22,3.2,0
28:42.2,501,500,22,3.2,0
28:42.4,501,500,22,3.2,0
28:42.6,501,500,22,3.2,0
28:42.8,501,500,22,3.2,0
28:43.0,501,500,22,3.2,0
28:43.2,501,500,22,3.2,0
28:43.4,501,500,22,3.2,0
28:43.6,501,500,22,3.2,0
28:43.8,501,500,22,3.2,0
28:44.0,501,500,22,3.2,0
28:44.2,501,500,22,3.2,0
28:44.4,501,500,22,3.2,0
28:44.6,501,500,22,3.2,0
28:44.8,501,500,22,3.2,0
28:45.0,501,500,22,3.2,0
28:45.2,501,500,22,3.2,0
28:45.4,501,500,22,3.2,0
28:45.6,501,500,22,3.2,0
28:45.8,501,500,22,3.2,0
28:46.0,501,500,22,3.2,0
28:46.2,501,500,22,3.2,0
28:46.4,501,500,22,3.2,0
28:46.6,501,500,22,3.2,0
28:46.8,501,500,22,3.2,0
28:47.0,501,500,22,3.2,0
28:47.2,501,500,22,3.2,0
28:47.4,501,500,22,3.2,0
28:47.6,501,500,22,3.2,0
28:47.8,501,500,22,3.2,0
28:48.0,501,500,22,3.2,0
28:48.2,502,500,22,3.2,0
28:48.4,501,500,22,3.2,0
28:48.6,501,500,22,3.2,0
28:48.8,501,500,22,3.2,0
28:49.0,501,500,22,3.2,0
28:49.2,501,500,22,3.2,0
28:49.4,501,500,22,3.2,0
28:49.6,502,500,22,3.2,0
28:49.8,502,500,22,3.2,0
28:50.0,502,500,22,3.2,0
28:50.2,502,500,22,3.2,0
28:50.4,502,500,22,3.2,0
28:50.6,502,500,22,3.2,0
28:50.8,502,500,22,3.2,0
28:51.0,502,500,22,3.2,0
28:51.2,502,500,22,3.2,0
28:51.4,502,500,22,3.2,0
28:51.6,502,500,22,3.2,0
28:51.8,502,500,22,3.2,0
28:52.0,502,500,22,3.2,0
28:52.2,502,500,22,3.2,0
28:52.4,502,500,22,3.2,0
28:52.6,502,500,22,3.2,0
28:52.8,502,500,22,3.2,0
28:53.0,502,500,22,3.2,0
28:53.2,503,500,22,3.2,0
28:53.4,503,500,22,3.2,0
28:53.6,503,500,22,3.2,0
28:53.8,503,500,22,3.2,0
28:53.9,503,500,22,3.2,0
28:54.2,503,500,22,3.2,0
28:54.4,503,500,22,3.2,0
28:54.5,503,500,22,3.2,0
28:54.7,502,500,22,3.2,0
28:54.9,503,500,22,3.2,0
28:55.1,503,500,22,3.2,0
28:55.3,503,500,22,3.2,0
28:55.5,503,500,22,3.2,0
28:55.7,503,500,22,3.2,0
28:55.9,503,500,22,3.2,0
28:56.1,503,500,22,3.2,0
28:56.3,503,500,22,3.2,0
28:56.5,503,500,22,3.2,0
28:56.7,503,500,22,3.2,0
28:56.9,504,500,22,3.2,0
28:57.1,504,500,22,3.2,0
28:57.3,504,500,22,3.2,0
28:57.5,504,500,22,3.2,0
28:57.7,504,500,22,3.2,0
28:57.9,504,500,22,3.2,0
28:58.1,504,500,22,3.2,0
28:58.3,504,500,22,3.2,0
28:58.5,504,500,22,3.2,0
28:58.7,504,500,22,3.2,0
28:58.9,504,500,22,3.2,0
28:59.1,504,500,22,3.2,0
28:59.3,504,500,22,3.2,0
28:59.5,504,500,22,3.2,0
28:59.7,504,500,22,3.2,0
28:59.9,504,500,22,3.2,0
29:00.1,504,500,22,3.2,0
29:00.3,504,500,22,3.2,0
29:00.5,504,500,22,3.2,0
29:00.7,504,500,22,3.2,0
29:00.9,504,500,22,3.2,0
29:01.1,504,500,22,3.2,0
29:01.3,503,500,22,3.2,0
29:01.5,503,500,22,3.2,0
29:01.7,502,500,22,3.2,0
29:01.9,502,500,22,3.2,0
29:02.1,502,500,22,3.2,0
29:02.3,501,500,22,3.2,0
29:02.5,501,500,22,3.2,0
29:02.7,501,500,22,3.2,0
29:02.9,501,500,22,3.2,0
29:03.1,502,500,22,3.2,0
29:03.3,502,500,22,3.2,0
29:03.5,503,500,22,3.2,0
29:03.7,503,500,22,3.2,0
29:03.9,503,500,22,3.2,0
29:04.1,504,500,22,3.2,0
29:04.3,504,500,22,3.2,0
29:04.5,504,500,22,3.2,0
29:04.7,504,500,22,3.2,0
29:04.9,505,500,22,3.2,0
29:05.1,505,500,22,3.2,0
29:05.3,505,500,22,3.2,0
29:05.5,504,500,22,3.2,0
29:05.7,504,500,22,3.2,0
29:05.9,504,500,22,3.2,0
29:06.1,504,500,22,3.2,0
29:06.3,505,500,22,3.2,0
29:06.5,504,500,22,3.2,0
29:06.7,504,500,22,3.2,0
29:06.9,504,500,22,3.2,0
29:07.1,505,500,22,3.2,0
29:07.3,504,500,22,3.2,0
29:07.5,504,500,22,3.2,0
29:07.7,504,500,22,3.2,0
29:07.9,505,500,22,3.2,0
29:08.1,504,500,22,3.2,0
29:08.3,504,500,22,3.2,0
29:08.5,504,500,22,3.2,0
29:08.7,505,500,22,3.2,0
29:08.9,504,500,22,3.2,0
29:09.1,504,500,22,3.2,0
29:09.3,504,500,22,3.2,0
29:09.5,504,500,22,3.2,0
29:09.7,505,500,22,3.2,0
29:09.9,504,500,22,3.2,0
29:10.1,504,500,22,3.2,0
29:10.3,505,500,22,3.2,0
29:10.5,504,500,22,3.2,0
29:10.7,504,500,22,3.2,0
29:10.9,505,500,22,3.2,0
29:11.1,504,500,22,3.2,0
29:11.3,504,500,22,3.2,0
29:11.5,505,500,22,3.2,0
29:11.7,504,500,22,3.2,0
29:11.9,504,500,22,3.2,0
29:12.1,504,500,22,3.2,0
29:12.3,505,500,22,3.2,0
29:12.5,504,500,22,3.2,0
29:12.7,505,500,21,3.2,0
29:12.9,504,500,21,3.2,0
29:13.1,503,500,21,3.2,0
29:13.3,503,500,21,3.2,0
29:13.5,502,500,21,3.2,0
29:13.7,502,500,21,3.2,0
29:13.9,502,500,21,3.2,0
29:14.1,502,500,21,3.2,0
29:14.3,502,500,21,3.2,0
29:14.5,501,500,21,3.2,0
29:14.7,501,500,21,3.2,0
29:14.9,501,500,21,3.2,0
29:15.1,501,500,21,3.2,0
29:15.3,501,500,21,3.2,0
29:15.5,501,500,21,3.2,0
29:15.7,501,500,21,3.2,0
29:15.9,501,500,21,3.2,0
29:16.1,501,500,21,3.2,0
29:16.3,501,500,21,3.2,0
29:16.5,501,500,21,3.2,0
29:16.7,501,500,21,3.2,0
29:16.9,501,500,21,3.2,0
29:17.1,501,500,21,3.2,0
29:17.3,501,500,21,3.2,0
29:17.5,501,500,21,3.2,0
29:17.7,501,500,21,3.2,0
29:17.9,501,500,21,3.2,0
29:18.1,501,500,21,3.2,0
29:18.3,501,500,21,3.2,0
29:18.5,501,500,21,3.2,0
29:18.7,501,500,21,3.2,0
29:18.9,501,500,21,3.2,0
29:19.1,501,500,21,3.2,0
29:19.3,501,500,21,3.2,0
29:19.5,501,500,21,3.2,0
29:19.7,502,500,21,3.2,0
29:19.9,502,500,21,3.2,0
29:20.1,502,500,21,3.2,0
29:20.3,502,500,21,3.2,0
29:20.5,501,500,21,3.2,0
29:20.7,501,500,21,3.2,0
29:20.9,500,500,21,3.2,0
29:21.1,500,500,21,3.2,0
29:21.3,499,500,21,3.2,0
29:21.5,499,500,21,3.2,0
29:21.7,499,500,21,3.2,0
29:21.9,499,500,21,3.2,0
29:22.1,499,500,21,3.2,0
29:22.3,499,500,21,3.2,0
29:22.5,500,500,21,3.2,0
29:22.7,501,500,21,3.2,0
29:22.9,501,500,21,3.2,0
