Real_Time,Time_Elapsed(s),Lux,Target,Effort,Foil_V,LED_Pct
14:47:41,3.984,523,1000,2,3.3,0
14:47:42,4.189,521,1000,4,3.4,0
14:47:42,4.391,520,1000,7,3.5,0
14:47:42,4.592,519,1000,9,3.6,0
14:47:42,4.783,518,1000,11,3.7,0
14:47:42,4.983,517,1000,14,3.8,0
14:47:43,5.182,514,1000,16,3.9,0
14:47:43,5.381,513,1000,19,4.0,0
14:47:43,5.583,512,1000,21,4.1,0
14:47:43,5.785,512,1000,24,4.2,0
14:47:43,5.985,512,1000,26,4.2,0
14:47:44,6.173,512,1000,29,4.3,0
14:47:44,6.38,513,1000,31,4.4,0
14:47:44,6.572,514,1000,33,4.5,0
14:47:44,6.78,515,1000,36,4.6,0
14:47:44,6.971,516,1000,38,4.7,0
14:47:45,7.177,517,1000,41,4.8,0
14:47:45,7.377,518,1000,43,4.9,0
14:47:45,7.58,519,1000,45,5.0,0
14:47:45,7.782,520,1000,48,5.1,0
14:47:45,7.993,520,1000,50,5.2,0
14:47:46,8.183,521,1000,53,5.3,0
14:47:46,8.382,521,1000,55,5.4,0
14:47:46,8.573,522,1000,57,5.6,0
14:47:46,8.772,523,1000,60,5.9,0
14:47:46,8.972,524,1000,62,6.1,0
14:47:47,9.173,524,1000,65,6.4,0
14:47:47,9.364,525,1000,67,6.9,0
14:47:47,9.571,526,1000,69,7.7,0
14:47:47,9.764,527,1000,72,8.5,0
14:47:47,9.969,528,1000,74,9.3,0
14:47:48,10.177,529,1000,76,10.0,10
14:47:48,10.377,530,1000,79,10.0,12
14:47:48,10.577,531,1000,81,10.0,14
14:47:48,10.767,603,1000,83,10.0,13
14:47:48,10.966,672,1000,85,10.0,11
14:47:49,11.172,725,1000,86,10.0,10
14:47:49,11.363,762,1000,87,9.9,0
14:47:49,11.571,779,1000,88,9.9,0
14:47:49,11.762,791,1000,89,10.0,10
14:47:49,11.97,768,1000,91,10.0,12
14:47:50,12.164,742,1000,92,10.0,14
14:47:50,12.363,770,1000,93,10.0,14
14:47:50,12.562,810,1000,94,10.0,13
14:47:50,12.762,842,1000,95,10.0,12
14:47:50,12.961,864,1000,95,10.0,12
14:47:51,13.161,882,1000,96,10.0,12
14:47:51,13.359,893,1000,96,10.0,12
14:47:51,13.56,902,1000,97,10.0,12
14:47:51,13.762,906,1000,97,10.0,12
14:47:51,13.961,912,1000,98,10.0,12
14:47:51,14.157,914,1000,98,10.0,12
14:47:52,14.365,920,1000,99,10.0,12
14:47:52,14.555,926,1000,99,10.0,12
14:47:52,14.762,928,1000,99,10.0,13
14:47:52,14.953,934,1000,100,10.0,13
14:47:52,15.158,940,1000,100,10.0,13
14:47:53,15.358,940,1000,100,10.0,13
14:47:53,15.56,945,1000,101,10.0,13
14:47:53,15.762,951,1000,101,10.0,13
14:47:53,15.953,951,1000,101,10.0,13
14:47:53,16.155,954,1000,101,10.0,13
14:47:54,16.352,958,1000,102,10.0,13
14:47:54,16.552,959,1000,102,10.0,13
14:47:54,16.755,965,1000,102,10.0,13
14:47:54,16.956,968,1000,102,10.0,13
14:47:54,17.157,971,1000,102,10.0,13
14:47:55,17.35,974,1000,102,10.0,13
14:47:55,17.549,972,1000,102,10.0,13
14:47:55,17.748,974,1000,103,10.0,13
14:47:55,17.95,972,1000,103,10.0,14
14:47:55,18.141,975,1000,103,10.0,14
14:47:56,18.347,981,1000,103,10.0,13
14:47:56,18.539,979,1000,103,10.0,14
14:47:56,18.747,982,1000,103,10.0,14
14:47:56,18.954,984,1000,103,10.0,14
14:47:56,19.147,983,1000,103,10.0,14
14:47:57,19.346,984,1000,103,10.0,14
14:47:57,19.548,984,1000,103,10.0,14
14:47:57,19.749,980,1000,104,10.0,14
14:47:57,19.949,982,1000,104,10.0,14
14:47:57,20.141,981,1000,104,10.0,14
14:47:58,20.349,981,1000,104,10.0,14
14:47:58,20.541,985,1000,104,10.0,14
14:47:58,20.748,985,1000,104,10.0,14
14:47:58,20.939,983,1000,104,10.0,14
14:47:58,21.145,985,1000,104,10.0,14
14:47:59,21.345,987,1000,104,10.0,14
14:47:59,21.538,985,1000,104,10.0,14
14:47:59,21.738,988,1000,104,10.0,14
14:47:59,21.936,991,1000,104,10.0,14
14:47:59,22.137,993,1000,104,10.0,14
14:48:00,22.34,990,1000,104,10.0,14
14:48:00,22.54,993,1000,104,10.0,14
14:48:00,22.743,995,1000,104,10.0,14
14:48:00,22.935,990,1000,105,10.0,14
14:48:00,23.142,991,1000,105,10.0,14
14:48:01,23.335,994,1000,105,10.0,14
14:48:01,23.542,995,1000,105,10.0,14
14:48:01,23.736,993,1000,105,10.0,14
14:48:01,23.927,994,1000,105,10.0,14
14:48:01,24.136,997,1000,105,10.0,14
14:48:02,24.327,1000,1000,105,10.0,14
14:48:02,24.534,995,1000,105,10.0,14
14:48:02,24.726,996,1000,105,10.0,14
14:48:02,24.935,996,1000,105,10.0,14
14:48:02,25.129,993,1000,105,10.0,14
14:48:03,25.328,997,1000,105,10.0,14
14:48:03,25.529,1000,1000,105,10.0,14
14:48:03,25.727,997,1000,105,10.0,14
14:48:03,25.928,998,1000,105,10.0,14
14:48:03,26.13,1000,1000,105,10.0,14
14:48:04,26.331,1001,1000,105,10.0,14
14:48:04,26.532,1001,1000,105,10.0,14
14:48:04,26.734,999,1000,105,10.0,14
14:48:04,26.923,1001,1000,105,10.0,14
14:48:04,27.123,1002,1000,105,10.0,14
14:48:05,27.324,1003,1000,105,10.0,14
14:48:05,27.525,1000,1000,105,10.0,14
14:48:05,27.727,1001,1000,105,10.0,14
14:48:05,27.928,1002,1000,105,10.0,14
14:48:05,28.125,1003,1000,105,10.0,14
14:48:06,28.316,1004,1000,105,10.0,14
14:48:06,28.525,1000,1000,105,10.0,14
14:48:06,28.716,1002,1000,105,10.0,14
14:48:06,28.922,1003,1000,105,10.0,14
14:48:06,29.118,1004,1000,105,10.0,14
14:48:07,29.317,1003,1000,105,10.0,14
14:48:07,29.519,1002,1000,105,10.0,14
14:48:07,29.721,1003,1000,105,10.0,14
14:48:07,29.922,1004,1000,105,10.0,14
14:48:07,30.124,1005,1000,105,10.0,14
14:48:08,30.314,1001,1000,105,10.0,14
14:48:08,30.514,1002,1000,105,10.0,14
14:48:08,30.712,1003,1000,105,10.0,14
14:48:08,30.916,1004,1000,105,10.0,14
14:48:08,31.116,1003,1000,105,10.0,14
14:48:09,31.322,1000,1000,105,10.0,14
14:48:09,31.511,1001,1000,105,10.0,14
14:48:09,31.711,1001,1000,105,10.0,14
14:48:09,31.911,999,1000,105,10.0,14
14:48:09,32.113,999,1000,105,10.0,14
14:48:10,32.312,999,1000,105,10.0,14
14:48:10,32.514,999,1000,105,10.0,14
14:48:10,32.715,996,1000,105,10.0,14
14:48:10,32.907,996,1000,105,10.0,14
14:48:10,33.107,996,1000,105,10.0,14
14:48:11,33.306,992,1000,105,10.0,15
14:48:11,33.508,991,1000,105,10.0,15
14:48:11,33.708,989,1000,105,10.0,15
14:48:11,33.91,984,1000,105,10.0,15
14:48:11,34.11,987,1000,105,10.0,15
14:48:12,34.312,986,1000,105,10.0,15
14:48:12,34.503,984,1000,105,10.0,15
14:48:12,34.702,990,1000,105,10.0,15
14:48:12,34.902,991,1000,105,10.0,15
14:48:12,35.104,992,1000,105,10.0,15
14:48:13,35.306,995,1000,105,10.0,15
14:48:13,35.507,999,1000,105,10.0,15
14:48:13,35.7,1001,1000,105,10.0,15
14:48:13,35.899,1003,1000,105,10.0,15
14:48:13,36.099,1002,1000,105,10.0,15
14:48:14,36.297,1002,1000,105,10.0,15
14:48:14,36.497,1004,1000,105,10.0,15
14:48:14,36.699,1006,1000,105,10.0,14
14:48:14,36.901,1004,1000,105,10.0,15
14:48:14,37.103,998,1000,105,10.0,15
14:48:15,37.303,998,1000,105,10.0,15
14:48:15,37.494,1000,1000,105,10.0,15
14:48:15,37.703,1003,1000,105,10.0,15
14:48:15,37.893,1002,1000,105,10.0,15
14:48:15,38.093,1000,1000,105,10.0,15
14:48:16,38.292,999,1000,105,10.0,15
14:48:16,38.492,996,1000,105,10.0,15
14:48:16,38.693,987,1000,105,10.0,15
14:48:16,38.893,981,1000,105,10.0,16
14:48:16,39.095,977,1000,105,10.0,16
14:48:17,39.296,969,1000,106,10.0,16
14:48:17,39.498,960,1000,106,10.0,17
14:48:17,39.689,957,1000,106,10.0,17
14:48:17,39.888,954,1000,106,10.0,18
14:48:17,40.087,946,1000,107,10.0,18
14:48:18,40.288,943,1000,107,10.0,19
14:48:18,40.489,938,1000,107,10.0,19
14:48:18,40.692,937,1000,107,10.0,19
14:48:18,40.891,941,1000,108,10.0,20
14:48:18,41.091,943,1000,108,10.0,20
14:48:19,41.29,945,1000,108,10.0,20
14:48:19,41.483,943,1000,109,10.0,20
14:48:19,41.683,948,1000,109,10.0,20
14:48:19,41.881,946,1000,109,10.0,20
14:48:19,42.083,953,1000,109,10.0,20
14:48:20,42.283,961,1000,109,10.0,20
14:48:20,42.483,964,1000,110,10.0,20
14:48:20,42.684,970,1000,110,10.0,20
14:48:20,42.884,975,1000,110,10.0,20
14:48:20,43.083,974,1000,110,10.0,20
14:48:21,43.283,976,1000,110,10.0,20
14:48:21,43.483,977,1000,110,10.0,20
14:48:21,43.682,972,1000,110,10.0,21
14:48:21,43.883,975,1000,111,10.0,21
14:48:21,44.083,977,1000,111,10.0,21
14:48:22,44.276,979,1000,111,10.0,21
14:48:22,44.475,984,1000,111,10.0,20
14:48:22,44.674,987,1000,111,10.0,20
14:48:22,44.874,983,1000,111,10.0,21
14:48:22,45.076,987,1000,111,10.0,20
14:48:23,45.279,993,1000,111,10.0,20
14:48:23,45.48,1009,1000,111,10.0,19
14:48:23,45.671,1034,1000,111,10.0,18
14:48:23,45.871,1050,1000,111,10.0,17
14:48:23,46.07,1063,1000,110,10.0,16
14:48:24,46.272,1067,1000,110,10.0,16
14:48:24,46.473,1067,1000,110,10.0,16
14:48:24,46.676,1065,1000,109,10.0,15
14:48:24,46.868,1062,1000,109,10.0,15
14:48:24,47.067,1059,1000,109,10.0,15
14:48:25,47.266,1053,1000,108,10.0,15
14:48:25,47.468,1050,1000,108,10.0,15
14:48:25,47.67,1044,1000,108,10.0,15
14:48:25,47.872,1043,1000,108,10.0,15
14:48:25,48.064,1043,1000,107,10.0,15
14:48:26,48.263,1037,1000,107,10.0,15
14:48:26,48.463,1034,1000,107,10.0,15
14:48:26,48.664,1029,1000,107,10.0,15
14:48:26,48.865,1028,1000,107,10.0,15
14:48:26,49.067,1024,1000,107,10.0,15
14:48:27,49.268,1022,1000,107,10.0,15
14:48:27,49.469,1022,1000,106,10.0,15
14:48:27,49.659,1022,1000,106,10.0,15
14:48:27,49.858,1023,1000,106,10.0,15
14:48:27,50.06,1019,1000,106,10.0,15
14:48:28,50.262,1020,1000,106,10.0,14
14:48:28,50.463,1020,1000,106,10.0,14
14:48:28,50.664,1014,1000,106,10.0,15
14:48:28,50.865,1014,1000,106,10.0,15
14:48:28,51.055,1010,1000,106,10.0,15
14:48:29,51.255,1011,1000,106,10.0,15
14:48:29,51.457,1007,1000,106,10.0,15
14:48:29,51.659,1005,1000,106,10.0,15
14:48:29,51.86,1010,1000,106,10.0,15
14:48:29,52.062,1009,1000,106,10.0,14
14:48:30,52.251,1006,1000,106,10.0,15
14:48:30,52.451,1008,1000,105,10.0,14
14:48:30,52.65,1005,1000,105,10.0,15
14:48:30,52.854,1007,1000,105,10.0,14
14:48:30,53.056,1004,1000,105,10.0,15
14:48:31,53.257,1003,1000,105,10.0,15
14:48:31,53.457,1008,1000,105,10.0,14
14:48:31,53.648,1006,1000,105,10.0,14
14:48:31,53.848,1003,1000,105,10.0,15
14:48:31,54.046,1005,1000,105,10.0,14
14:48:32,54.247,1003,1000,105,10.0,15
14:48:32,54.446,1005,1000,105,10.0,14
14:48:32,54.649,1003,1000,105,10.0,15
14:48:32,54.85,1005,1000,105,10.0,14
14:48:32,55.044,1007,1000,105,10.0,14
14:48:33,55.236,1004,1000,105,10.0,15
14:48:33,55.445,1006,1000,105,10.0,14
14:48:33,55.637,1007,1000,105,10.0,14
14:48:33,55.845,1006,1000,105,10.0,14
14:48:33,56.041,1008,1000,105,10.0,14
14:48:34,56.24,1003,1000,105,10.0,15
14:48:34,56.441,1005,1000,105,10.0,14
14:48:34,56.643,1003,1000,105,10.0,14
14:48:34,56.843,1004,1000,105,10.0,14
14:48:34,57.046,1006,1000,105,10.0,14
14:48:35,57.247,1003,1000,105,10.0,14
14:48:35,57.438,1005,1000,105,10.0,14
14:48:35,57.636,1002,1000,105,10.0,14
14:48:35,57.836,1002,1000,105,10.0,14
14:48:35,58.029,1004,1000,105,10.0,14
14:48:36,58.237,1005,1000,105,10.0,14
14:48:36,58.428,1007,1000,105,10.0,14
14:48:36,58.637,1001,1000,105,10.0,14
14:48:36,58.828,1002,1000,105,10.0,14
14:48:36,59.035,1004,1000,105,10.0,14
14:48:37,59.238,1002,1000,105,10.0,14
14:48:37,59.439,1004,1000,105,10.0,14
14:48:37,59.641,1006,1000,105,10.0,14
14:48:37,59.831,1004,1000,105,10.0,14
14:48:37,60.029,1005,1000,105,10.0,14
14:48:38,60.237,1005,1000,105,10.0,14
14:48:38,60.429,1002,1000,105,10.0,14
14:48:38,60.621,1002,1000,105,10.0,14
14:48:38,60.828,1002,1000,105,10.0,14
14:48:38,61.026,1002,1000,105,10.0,14
14:48:39,61.226,1001,1000,105,10.0,14
14:48:39,61.427,999,1000,105,10.0,14
14:48:39,61.629,1000,1000,105,10.0,14
14:48:39,61.83,1001,1000,105,10.0,14
14:48:39,62.029,998,1000,105,10.0,14
14:48:40,62.221,1000,1000,105,10.0,14
14:48:40,62.428,1000,1000,105,10.0,14
14:48:40,62.62,1001,1000,105,10.0,14
14:48:40,62.828,998,1000,105,10.0,14
14:48:40,63.022,996,1000,105,10.0,14
14:48:41,63.226,998,1000,105,10.0,14
14:48:41,63.427,1000,1000,105,10.0,14
14:48:41,63.629,1001,1000,105,10.0,14
14:48:41,63.818,997,1000,105,10.0,14
14:48:41,64.018,999,1000,105,10.0,14
14:48:42,64.219,1000,1000,105,10.0,14
14:48:42,64.421,1001,1000,105,10.0,14
14:48:42,64.621,1000,1000,105,10.0,14
14:48:42,64.823,1000,1000,105,10.0,14
14:48:42,65.026,1001,1000,105,10.0,14
14:48:43,65.221,1002,1000,105,10.0,14
14:48:43,65.412,1001,1000,105,10.0,14
14:48:43,65.619,1000,1000,105,10.0,14
14:48:43,65.811,1001,1000,105,10.0,14
14:48:43,66.02,1002,1000,105,10.0,14
14:48:44,66.212,1000,1000,105,10.0,14
14:48:44,66.412,996,1000,105,10.0,14
14:48:44,66.612,997,1000,105,10.0,14
14:48:44,66.812,998,1000,105,10.0,14
14:48:44,67.014,997,1000,105,10.0,14
14:48:45,67.214,997,1000,105,10.0,14
14:48:45,67.417,998,1000,105,10.0,14
14:48:45,67.608,999,1000,105,10.0,14
14:48:45,67.808,996,1000,105,10.0,14
14:48:45,68.007,993,1000,105,10.0,15
14:48:46,68.206,997,1000,105,10.0,14
14:48:46,68.413,1000,1000,105,10.0,14
14:48:46,68.605,1002,1000,105,10.0,14
14:48:46,68.814,1000,1000,105,10.0,14
14:48:46,69.007,1002,1000,105,10.0,14
14:48:47,69.199,1004,1000,105,10.0,14
14:48:47,69.407,1006,1000,105,10.0,14
14:48:47,69.598,1005,1000,105,10.0,14
14:48:47,69.805,1002,1000,105,10.0,14
14:48:47,69.996,1001,1000,105,10.0,14
14:48:48,70.202,1001,1000,105,10.0,14
14:48:48,70.402,1001,1000,105,10.0,14
14:48:48,70.602,997,1000,105,10.0,14
14:48:48,70.805,998,1000,105,10.0,14
14:48:48,71.006,999,1000,105,10.0,14
14:48:49,71.208,1000,1000,105,10.0,14
14:48:49,71.398,996,1000,105,10.0,14
14:48:49,71.598,998,1000,105,10.0,14
14:48:49,71.797,999,1000,105,10.0,14
14:48:49,71.999,1000,1000,105,10.0,14
14:48:50,72.201,996,1000,105,10.0,14
14:48:50,72.402,998,1000,105,10.0,14
14:48:50,72.603,999,1000,105,10.0,14
14:48:50,72.794,1001,1000,105,10.0,14
14:48:50,72.994,997,1000,105,10.0,14
14:48:51,73.187,998,1000,105,10.0,14
14:48:51,73.396,999,1000,105,10.0,14
14:48:51,73.586,998,1000,105,10.0,14
14:48:51,73.795,994,1000,105,10.0,15
14:48:51,73.987,998,1000,105,10.0,14
14:48:52,74.191,1001,1000,105,10.0,14
14:48:52,74.392,1003,1000,105,10.0,14
14:48:52,74.593,1001,1000,105,10.0,14
14:48:52,74.791,1002,1000,105,10.0,14
14:48:52,74.992,1002,1000,105,10.0,14
14:48:53,75.193,1000,1000,105,10.0,14
14:48:53,75.393,996,1000,105,10.0,14
14:48:53,75.595,998,1000,105,10.0,14
14:48:53,75.797,999,1000,105,10.0,14
14:48:53,75.987,1000,1000,105,10.0,14
14:48:54,76.189,996,1000,105,10.0,14
14:48:54,76.38,997,1000,105,10.0,14
14:48:54,76.587,998,1000,105,10.0,14
14:48:54,76.779,997,1000,105,10.0,14
14:48:54,76.987,998,1000,105,10.0,14
14:48:55,77.191,999,1000,105,10.0,14
14:48:55,77.382,999,1000,105,10.0,14
14:48:55,77.581,995,1000,105,10.0,14
14:48:55,77.781,994,1000,105,10.0,15
14:48:55,77.98,991,1000,105,10.0,15
14:48:56,78.18,986,1000,105,10.0,15
14:48:56,78.38,990,1000,105,10.0,15
14:48:56,78.573,994,1000,105,10.0,15
14:48:56,78.779,995,1000,105,10.0,14
14:48:56,78.986,995,1000,105,10.0,14
14:48:57,79.177,997,1000,105,10.0,14
14:48:57,79.376,999,1000,105,10.0,14
14:48:57,79.576,998,1000,105,10.0,14
14:48:57,79.777,998,1000,105,10.0,14
14:48:57,79.979,999,1000,105,10.0,14
14:48:58,80.182,1000,1000,105,10.0,14
14:48:58,80.384,997,1000,105,10.0,14
14:48:58,80.573,993,1000,105,10.0,15
14:48:58,80.773,995,1000,105,10.0,15
14:48:58,80.972,998,1000,105,10.0,15
14:48:59,81.173,996,1000,105,10.0,15
14:48:59,81.365,997,1000,105,10.0,15
14:48:59,81.573,998,1000,105,10.0,15
14:48:59,81.765,998,1000,105,10.0,15
14:48:59,81.972,994,1000,105,10.0,15
14:49:00,82.176,995,1000,105,10.0,15
14:49:00,82.369,998,1000,105,10.0,15
14:49:00,82.568,998,1000,105,10.0,15
14:49:00,82.768,994,1000,105,10.0,15
14:49:00,82.969,997,1000,105,10.0,15
14:49:01,83.172,999,1000,105,10.0,15
14:49:01,83.364,999,1000,105,10.0,15
14:49:01,83.571,995,1000,105,10.0,15
14:49:01,83.763,996,1000,105,10.0,15
14:49:01,83.971,997,1000,105,10.0,15
14:49:02,84.164,995,1000,105,10.0,15
14:49:02,84.363,991,1000,105,10.0,15
14:49:02,84.562,995,1000,105,10.0,15
14:49:02,84.762,996,1000,105,10.0,15
14:49:02,84.965,995,1000,105,10.0,15
14:49:03,85.168,996,1000,105,10.0,15
14:49:03,85.369,998,1000,105,10.0,15
14:49:03,85.568,999,1000,105,10.0,15
14:49:03,85.76,996,1000,105,10.0,15
14:49:03,85.959,997,1000,105,10.0,15
14:49:03,86.156,999,1000,105,10.0,15
14:49:04,86.364,999,1000,105,10.0,15
14:49:04,86.556,996,1000,105,10.0,15
14:49:04,86.763,998,1000,105,10.0,15
14:49:04,86.956,999,1000,105,10.0,15
14:49:05,87.159,996,1000,105,10.0,15
14:49:05,87.358,992,1000,105,10.0,15
14:49:05,87.56,996,1000,105,10.0,15
14:49:05,87.761,998,1000,105,10.0,15
14:49:05,87.954,998,1000,105,10.0,15
14:49:05,88.157,1001,1000,105,10.0,15
14:49:06,88.352,999,1000,105,10.0,15
14:49:06,88.554,1002,1000,105,10.0,15
14:49:06,88.754,1000,1000,105,10.0,15
14:49:06,88.957,1000,1000,105,10.0,15
14:49:06,89.152,1003,1000,105,10.0,15
14:49:07,89.35,1002,1000,105,10.0,15
14:49:07,89.549,1005,1000,105,10.0,14
14:49:07,89.751,1004,1000,105,10.0,15
14:49:07,89.95,999,1000,105,10.0,15
14:49:07,90.153,999,1000,105,10.0,15
14:49:08,90.356,1001,1000,105,10.0,15
14:49:08,90.546,999,1000,105,10.0,15
14:49:08,90.747,1002,1000,105,10.0,15
14:49:08,90.946,1004,1000,105,10.0,15
14:49:08,91.148,1004,1000,105,10.0,15
14:49:09,91.351,1006,1000,105,10.0,14
14:49:09,91.553,1001,1000,105,10.0,15
14:49:09,91.744,1001,1000,105,10.0,15
14:49:09,91.943,1001,1000,105,10.0,15
14:49:09,92.14,999,1000,105,10.0,15
14:49:10,92.347,995,1000,105,10.0,15
14:49:10,92.539,996,1000,105,10.0,15
14:49:10,92.746,997,1000,105,10.0,15
14:49:10,92.939,997,1000,105,10.0,15
14:49:10,93.144,996,1000,105,10.0,15
14:49:11,93.347,997,1000,105,10.0,15
14:49:11,93.54,998,1000,105,10.0,15
14:49:11,93.738,994,1000,105,10.0,15
14:49:11,93.937,998,1000,105,10.0,15
14:49:11,94.141,1001,1000,105,10.0,15
14:49:12,94.332,1003,1000,105,10.0,15
14:49:12,94.54,1005,1000,105,10.0,14
14:49:12,94.732,1001,1000,105,10.0,15
14:49:12,94.94,1001,1000,105,10.0,15
14:49:12,95.135,1002,1000,105,10.0,15
14:49:13,95.334,1002,1000,105,10.0,15
14:49:13,95.534,998,1000,105,10.0,15
14:49:13,95.733,1000,1000,105,10.0,15
14:49:13,95.936,1001,1000,105,10.0,15
14:49:13,96.137,1001,1000,105,10.0,15
14:49:14,96.339,997,1000,105,10.0,15
14:49:14,96.54,998,1000,105,10.0,15
14:49:14,96.739,998,1000,105,10.0,15
14:49:14,96.929,998,1000,105,10.0,15
14:49:14,97.124,996,1000,105,10.0,15
14:49:15,97.331,998,1000,105,10.0,15
14:49:15,97.524,999,1000,105,10.0,15
14:49:15,97.732,995,1000,105,10.0,15
14:49:15,97.924,996,1000,105,10.0,15
14:49:15,98.13,997,1000,105,10.0,15
14:49:16,98.331,998,1000,105,10.0,15
14:49:16,98.532,996,1000,105,10.0,15
14:49:16,98.733,997,1000,105,10.0,15
14:49:16,98.923,998,1000,105,10.0,15
14:49:16,99.124,999,1000,105,10.0,15
14:49:17,99.323,995,1000,105,10.0,15
14:49:17,99.528,997,1000,105,10.0,15
14:49:17,99.729,998,1000,105,10.0,15
14:49:17,99.929,997,1000,105,10.0,15
14:49:17,100.13,998,1000,105,10.0,15
14:49:18,100.331,999,1000,105,10.0,15
14:49:18,100.521,1000,1000,105,10.0,15
14:49:18,100.721,997,1000,105,10.0,15
14:49:18,100.92,994,1000,105,10.0,15
14:49:18,101.126,998,1000,105,10.0,15
14:49:19,101.318,998,1000,105,10.0,15
14:49:19,101.518,995,1000,105,10.0,15
14:49:19,101.719,997,1000,105,10.0,15
14:49:19,101.921,1000,1000,105,10.0,15
14:49:19,102.123,1001,1000,105,10.0,15
14:49:20,102.323,998,1000,105,10.0,15
14:49:20,102.524,995,1000,105,10.0,15
14:49:20,102.715,997,1000,105,10.0,15
14:49:20,102.914,999,1000,105,10.0,15
14:49:20,103.113,998,1000,105,10.0,15
14:49:21,103.315,998,1000,105,10.0,15
14:49:21,103.52,999,1000,105,10.0,15
14:49:21,103.713,1000,1000,105,10.0,15
14:49:21,103.919,998,1000,105,10.0,15
14:49:21,104.111,1000,1000,105,10.0,15
14:49:22,104.31,1002,1000,105,10.0,15
14:49:22,104.511,1003,1000,105,10.0,15
14:49:22,104.712,1003,1000,105,10.0,15
14:49:22,104.913,1000,1000,105,10.0,15
14:49:22,105.116,1001,1000,105,10.0,15
14:49:23,105.308,1002,1000,105,10.0,15
14:49:23,105.507,1003,1000,105,10.0,15
14:49:23,105.707,999,1000,105,10.0,15
14:49:23,105.912,996,1000,105,10.0,15
14:49:23,106.108,998,1000,105,10.0,15
14:49:24,106.3,999,1000,105,10.0,15
14:49:24,106.508,998,1000,105,10.0,15
14:49:24,106.7,998,1000,105,10.0,15
14:49:24,106.908,999,1000,105,10.0,15
14:49:24,107.114,1000,1000,105,10.0,15
14:49:25,107.302,998,1000,105,10.0,15
14:49:25,107.503,1000,1000,105,10.0,15
14:49:25,107.7,1001,1000,105,10.0,15
14:49:25,107.901,1002,1000,105,10.0,15
14:49:25,108.102,1000,1000,105,10.0,15
14:49:26,108.305,996,1000,105,10.0,15
14:49:26,108.505,998,1000,105,10.0,15
14:49:26,108.707,999,1000,105,10.0,15
14:49:26,108.898,1000,1000,105,10.0,15
14:49:26,109.092,997,1000,105,10.0,15
14:49:27,109.299,998,1000,105,10.0,15
14:49:27,109.491,1000,1000,105,10.0,15
14:49:27,109.699,1001,1000,105,10.0,15
14:49:27,109.89,999,1000,105,10.0,15
14:49:27,110.098,1001,1000,105,10.0,15
14:49:28,110.298,1002,1000,105,10.0,15
14:49:28,110.498,1003,1000,105,10.0,15
14:49:28,110.699,1002,1000,105,10.0,15
14:49:28,110.9,1000,1000,105,10.0,15
14:49:28,111.092,1001,1000,105,10.0,15
14:49:29,111.292,1002,1000,105,10.0,15
14:49:29,111.49,1001,1000,105,10.0,15
14:49:29,111.693,997,1000,105,10.0,15
14:49:29,111.894,998,1000,105,10.0,15
14:49:29,112.093,999,1000,105,10.0,15
14:49:30,112.286,1000,1000,105,10.0,15
14:49:30,112.492,996,1000,105,10.0,15
14:49:30,112.683,998,1000,105,10.0,15
14:49:30,112.891,999,1000,105,10.0,15
14:49:30,113.087,1000,1000,105,10.0,15
14:49:31,113.287,996,1000,105,10.0,15
14:49:31,113.486,998,1000,105,10.0,15
14:49:31,113.687,1000,1000,105,10.0,15
14:49:31,113.89,1001,1000,105,10.0,15
14:49:31,114.091,998,1000,105,10.0,15
14:49:32,114.294,1000,1000,105,10.0,15
14:49:32,114.483,1001,1000,105,10.0,15
14:49:32,114.682,1002,1000,105,10.0,15
14:49:32,114.882,999,1000,105,10.0,15
14:49:32,115.077,996,1000,105,10.0,15
14:49:33,115.284,998,1000,105,10.0,15
14:49:33,115.477,1000,1000,105,10.0,15
14:49:33,115.684,1001,1000,105,10.0,15
14:49:33,115.876,997,1000,105,10.0,15
14:49:33,116.084,999,1000,105,10.0,15
14:49:34,116.287,1001,1000,105,10.0,15
14:49:34,116.478,1002,1000,105,10.0,15
14:49:34,116.677,1000,1000,105,10.0,15
14:49:34,116.878,1000,1000,105,10.0,15
14:49:34,117.079,1002,1000,105,10.0,15
14:49:35,117.281,1003,1000,105,10.0,15
14:49:35,117.482,1004,1000,105,10.0,15
14:49:35,117.683,1000,1000,105,10.0,15
14:49:35,117.884,1001,1000,105,10.0,15
14:49:35,118.075,1003,1000,105,10.0,15
14:49:36,118.273,1004,1000,105,10.0,15
14:49:36,118.476,1003,1000,105,10.0,15
14:49:36,118.675,1001,1000,105,10.0,15
14:49:36,118.879,1003,1000,105,10.0,15
14:49:36,119.08,1004,1000,105,10.0,15
14:49:37,119.27,1005,1000,105,10.0,14
14:49:37,119.471,1003,1000,105,10.0,15
14:49:37,119.672,1002,1000,105,10.0,15
14:49:37,119.875,1004,1000,105,10.0,15
14:49:37,120.078,1005,1000,105,10.0,14
14:49:38,120.269,1005,1000,105,10.0,14
14:49:38,120.474,1002,1000,105,10.0,15
14:49:38,120.666,1001,1000,105,10.0,15
14:49:38,120.873,1003,1000,105,10.0,15
14:49:38,121.067,1004,1000,105,10.0,15
14:49:39,121.266,1005,1000,105,10.0,14
14:49:39,121.466,1001,1000,105,10.0,15
14:49:39,121.668,1001,1000,105,10.0,15
14:49:39,121.87,1002,1000,105,10.0,15
14:49:39,122.072,1003,1000,105,10.0,15
14:49:40,122.263,1004,1000,105,10.0,15
14:49:40,122.462,1000,1000,105,10.0,15
14:49:40,122.664,1002,1000,105,10.0,15
14:49:40,122.866,1003,1000,105,10.0,15
14:49:40,123.068,1004,1000,105,10.0,15
14:49:41,123.271,1000,1000,105,10.0,15
14:49:41,123.461,997,1000,105,10.0,15
14:49:41,123.659,999,1000,105,10.0,15
14:49:41,123.862,1001,1000,105,10.0,15
14:49:41,124.061,1003,1000,105,10.0,15
14:49:42,124.266,999,1000,105,10.0,15
14:49:42,124.458,1000,1000,105,10.0,15
14:49:42,124.664,1002,1000,105,10.0,15
14:49:42,124.855,1003,1000,105,10.0,15
14:49:42,125.064,1004,1000,105,10.0,15
14:49:43,125.265,1000,1000,105,10.0,15
14:49:43,125.455,1002,1000,105,10.0,15
14:49:43,125.654,1003,1000,105,10.0,15
14:49:43,125.854,1004,1000,105,10.0,15
14:49:43,126.056,1001,1000,105,10.0,15
14:49:44,126.256,998,1000,105,10.0,15
14:49:44,126.457,999,1000,105,10.0,15
14:49:44,126.661,1001,1000,105,10.0,15
14:49:44,126.86,1002,1000,105,10.0,15
14:49:44,127.059,999,1000,105,10.0,15
14:49:45,127.25,1000,1000,105,10.0,15
14:49:45,127.451,1002,1000,105,10.0,15
14:49:45,127.65,1003,1000,105,10.0,15
14:49:45,127.851,1004,1000,105,10.0,15
14:49:45,128.045,1001,1000,105,10.0,15
14:49:46,128.252,1002,1000,105,10.0,15
14:49:46,128.442,1003,1000,105,10.0,15
14:49:46,128.65,1005,1000,105,10.0,14
14:49:46,128.842,1003,1000,105,10.0,14
14:49:46,129.052,999,1000,105,10.0,14
14:49:47,129.25,1001,1000,105,10.0,14
14:49:47,129.453,1002,1000,105,10.0,14
14:49:47,129.643,1003,1000,105,10.0,14
14:49:47,129.843,1001,1000,105,10.0,14
14:49:47,130.043,1003,1000,105,10.0,14
14:49:48,130.243,1004,1000,105,10.0,14
14:49:48,130.446,1006,1000,105,10.0,14
14:49:48,130.648,1007,1000,105,10.0,14
14:49:48,130.851,1004,1000,105,10.0,14
14:49:48,131.041,1003,1000,105,10.0,14
14:49:49,131.239,1005,1000,105,10.0,14
14:49:49,131.439,1006,1000,105,10.0,14
14:49:49,131.638,1003,1000,105,10.0,14
14:49:49,131.839,997,1000,105,10.0,14
14:49:49,132.044,999,1000,105,10.0,14
14:49:50,132.236,1001,1000,105,10.0,14
14:49:50,132.444,1003,1000,105,10.0,14
14:49:50,132.636,1002,1000,105,10.0,14
14:49:50,132.828,1002,1000,105,10.0,14
14:49:50,133.038,1004,1000,105,10.0,14
14:49:51,133.238,1005,1000,105,10.0,14
14:49:51,133.44,1006,1000,105,10.0,14
14:49:51,133.642,1001,1000,105,10.0,14
14:49:51,133.832,1001,1000,105,10.0,14
14:49:51,134.032,1002,1000,105,10.0,14
14:49:52,134.232,1003,1000,105,10.0,14
14:49:52,134.432,1000,1000,105,10.0,14
14:49:52,134.632,998,1000,105,10.0,14
14:49:52,134.834,1000,1000,105,10.0,14
14:49:52,135.036,1002,1000,105,10.0,14
14:49:53,135.236,1003,1000,105,10.0,14
14:49:53,135.428,999,1000,105,10.0,14
14:49:53,135.627,1001,1000,105,10.0,14
14:49:53,135.827,1002,1000,105,10.0,14
14:49:53,136.028,1003,1000,105,10.0,14
14:49:54,136.232,1001,1000,105,10.0,14
14:49:54,136.433,998,1000,105,10.0,14
14:49:54,136.634,1000,1000,105,10.0,14
14:49:54,136.834,1001,1000,105,10.0,14
14:49:54,137.028,1003,1000,105,10.0,14
14:49:55,137.219,999,1000,105,10.0,14
14:49:55,137.427,997,1000,105,10.0,14
14:49:55,137.619,999,1000,105,10.0,14
14:49:55,137.827,1001,1000,105,10.0,14
14:49:55,138.021,1003,1000,105,10.0,14
14:49:56,138.222,1000,1000,105,10.0,14
14:49:56,138.425,1002,1000,105,10.0,14
14:49:56,138.624,1003,1000,105,10.0,14
14:49:56,138.828,1004,1000,105,10.0,14
14:49:56,139.029,1003,1000,105,10.0,14
14:49:57,139.22,1000,1000,105,10.0,14
14:49:57,139.412,1002,1000,105,10.0,14
14:49:57,139.62,1004,1000,105,10.0,14
14:49:57,139.811,1005,1000,105,10.0,14
14:49:57,140.02,1004,1000,105,10.0,14
14:49:58,140.221,999,1000,105,10.0,14
14:49:58,140.422,999,1000,105,10.0,14
14:49:58,140.624,998,1000,105,10.0,14
14:49:58,140.815,995,1000,105,10.0,14
14:49:58,141.013,996,1000,105,10.0,14
14:49:59,141.213,997,1000,105,10.0,14
14:49:59,141.413,998,1000,105,10.0,14
14:49:59,141.615,995,1000,105,10.0,14
14:49:59,141.818,996,1000,105,10.0,14
14:49:59,142.019,997,1000,105,10.0,14
14:50:00,142.22,993,1000,105,10.0,15
14:50:00,142.41,997,1000,105,10.0,14
14:50:00,142.609,999,1000,105,10.0,14
14:50:00,142.808,1002,1000,105,10.0,14
14:50:00,143.009,1000,1000,105,10.0,14
14:50:01,143.209,1003,1000,105,10.0,14
14:50:01,143.411,1000,1000,105,10.0,14
14:50:01,143.614,1001,1000,105,10.0,14
14:50:01,143.806,1003,1000,105,10.0,14
14:50:01,144.006,1003,1000,105,10.0,14
14:50:02,144.205,1005,1000,105,10.0,14
14:50:02,144.404,1001,1000,105,10.0,14
14:50:02,144.603,1001,1000,105,10.0,14
14:50:02,144.803,1001,1000,105,10.0,14
14:50:02,145.002,1000,1000,105,10.0,14
14:50:03,145.203,999,1000,105,10.0,14
14:50:03,145.395,1000,1000,105,10.0,14
14:50:03,145.603,1001,1000,105,10.0,14
14:50:03,145.795,999,1000,105,10.0,14
14:50:03,146.002,995,1000,105,10.0,14
14:50:04,146.208,997,1000,105,10.0,14
14:50:04,146.399,998,1000,105,10.0,14
14:50:04,146.599,999,1000,105,10.0,14
14:50:04,146.798,996,1000,105,10.0,14
14:50:04,146.998,998,1000,105,10.0,14
14:50:05,147.203,998,1000,105,10.0,14
14:50:05,147.395,997,1000,105,10.0,14
14:50:05,147.602,994,1000,105,10.0,15
14:50:05,147.792,997,1000,105,10.0,14
14:50:05,148.0,1000,1000,105,10.0,14
14:50:06,148.204,1003,1000,105,10.0,14
14:50:06,148.393,1003,1000,105,10.0,14
14:50:06,148.593,1005,1000,105,10.0,14
14:50:06,148.795,1001,1000,105,10.0,14
14:50:06,148.997,1001,1000,105,10.0,14
14:50:07,149.199,1001,1000,105,10.0,14
14:50:07,149.391,999,1000,105,10.0,14
14:50:07,149.59,999,1000,105,10.0,14
14:50:07,149.789,1000,1000,105,10.0,14
14:50:07,149.991,1001,1000,105,10.0,14
14:50:08,150.188,997,1000,105,10.0,14
14:50:08,150.396,995,1000,105,10.0,14
14:50:08,150.588,997,1000,105,10.0,14
14:50:08,150.782,998,1000,105,10.0,14
14:50:08,150.989,999,1000,105,10.0,14
14:50:09,151.192,996,1000,105,10.0,14
14:50:09,151.393,998,1000,105,10.0,14
14:50:09,151.594,1000,1000,105,10.0,14
14:50:09,151.784,1000,1000,105,10.0,14
14:50:09,151.984,998,1000,105,10.0,14
14:50:10,152.184,999,1000,105,10.0,14
14:50:10,152.385,1001,1000,105,10.0,14
14:50:10,152.584,1000,1000,105,10.0,14
14:50:10,152.785,997,1000,105,10.0,14
14:50:10,152.986,998,1000,105,10.0,14
14:50:11,153.184,999,1000,105,10.0,14
14:50:11,153.387,1000,1000,105,10.0,14
14:50:11,153.579,997,1000,105,10.0,14
14:50:11,153.778,997,1000,105,10.0,14
14:50:11,153.979,999,1000,105,10.0,14
14:50:12,154.179,1000,1000,105,10.0,14
14:50:12,154.378,998,1000,105,10.0,14
14:50:12,154.579,1000,1000,105,10.0,14
14:50:12,154.78,1000,1000,105,10.0,14
14:50:12,154.983,1001,1000,105,10.0,14
14:50:13,155.184,998,1000,105,10.0,14
14:50:13,155.384,998,1000,105,10.0,14
14:50:13,155.575,999,1000,105,10.0,14
14:50:13,155.773,1000,1000,105,10.0,14
14:50:13,155.975,996,1000,105,10.0,14
14:50:14,156.173,997,1000,105,10.0,14
14:50:14,156.381,999,1000,105,10.0,14
14:50:14,156.574,1000,1000,105,10.0,14
14:50:14,156.766,998,1000,105,10.0,14
14:50:14,156.975,999,1000,105,10.0,14
14:50:15,157.166,1001,1000,105,10.0,14
14:50:15,157.374,1001,1000,105,10.0,14
14:50:15,157.565,998,1000,105,10.0,14
14:50:15,157.773,996,1000,105,10.0,14
14:50:15,157.965,997,1000,105,10.0,14
14:50:16,158.174,999,1000,105,10.0,14
14:50:16,158.365,1000,1000,105,10.0,14
14:50:16,158.573,997,1000,105,10.0,14
14:50:16,158.765,998,1000,105,10.0,14
14:50:16,158.972,1000,1000,105,10.0,14
14:50:17,159.164,1000,1000,105,10.0,14
14:50:17,159.364,997,1000,105,10.0,14
14:50:17,159.564,999,1000,105,10.0,14
14:50:17,159.766,999,1000,105,10.0,14
14:50:17,159.967,1001,1000,105,10.0,14
14:50:17,160.156,998,1000,105,10.0,14
14:50:18,160.362,999,1000,105,10.0,14
14:50:18,160.564,999,1000,105,10.0,14
14:50:18,160.755,1001,1000,105,10.0,14
14:50:18,160.962,998,1000,105,10.0,14
14:50:19,161.167,1000,1000,105,10.0,14
14:50:19,161.358,1001,1000,105,10.0,14
14:50:19,161.559,1003,1000,105,10.0,14
14:50:19,161.757,1003,1000,105,10.0,14
14:50:19,161.957,1000,1000,105,10.0,14
14:50:20,162.158,1001,1000,105,10.0,14
14:50:20,162.36,1003,1000,105,10.0,14
14:50:20,162.556,1004,1000,105,10.0,14
14:50:20,162.755,1000,1000,105,10.0,14
14:50:20,162.954,998,1000,105,10.0,14
14:50:20,163.157,1001,1000,105,10.0,14
14:50:21,163.349,1002,1000,105,10.0,14
14:50:21,163.556,1003,1000,105,10.0,14
14:50:21,163.749,1000,1000,105,10.0,14
14:50:21,163.958,999,1000,105,10.0,14
14:50:21,164.151,1001,1000,105,10.0,14
14:50:22,164.351,1002,1000,105,10.0,14
14:50:22,164.549,1004,1000,105,10.0,14
14:50:22,164.749,999,1000,105,10.0,14
14:50:22,164.949,1001,1000,105,10.0,14
14:50:22,165.15,1002,1000,105,10.0,14
14:50:23,165.352,1003,1000,105,10.0,14
14:50:23,165.553,1001,1000,105,10.0,14
14:50:23,165.753,998,1000,105,10.0,14
14:50:23,165.946,1000,1000,105,10.0,14
14:50:23,166.145,1001,1000,105,10.0,14
14:50:24,166.344,1004,1000,105,10.0,14
14:50:24,166.544,1003,1000,105,10.0,14
14:50:24,166.743,999,1000,105,10.0,14
14:50:24,166.943,1001,1000,105,10.0,14
14:50:24,167.142,1002,1000,105,10.0,14
14:50:25,167.343,1003,1000,105,10.0,14
14:50:25,167.544,1001,1000,105,10.0,14
14:50:25,167.746,1003,1000,105,10.0,14
14:50:25,167.947,1004,1000,105,10.0,14
14:50:25,168.142,1005,1000,105,10.0,14
14:50:26,168.333,1005,1000,105,10.0,14
14:50:26,168.541,1002,1000,105,10.0,14
14:50:26,168.733,1002,1000,105,10.0,14
14:50:26,168.941,1003,1000,105,10.0,14
14:50:26,169.136,1003,1000,105,10.0,14
14:50:27,169.336,1001,1000,105,10.0,14
14:50:27,169.538,997,1000,105,10.0,14
14:50:27,169.74,1000,1000,105,10.0,14
14:50:27,169.942,1001,1000,105,10.0,14
14:50:27,170.14,1003,1000,105,10.0,14
14:50:28,170.331,1000,1000,105,10.0,14
14:50:28,170.538,1001,1000,105,10.0,14
14:50:28,170.73,1003,1000,105,10.0,14
14:50:28,170.935,1004,1000,105,10.0,14
14:50:28,171.138,1003,1000,105,10.0,14
14:50:29,171.337,1000,1000,105,10.0,14
14:50:29,171.538,1002,1000,105,10.0,14
14:50:29,171.739,1004,1000,105,10.0,14
14:50:29,171.929,1005,1000,105,10.0,14
14:50:29,172.128,1004,1000,105,10.0,14
14:50:30,172.328,1000,1000,105,10.0,14
14:50:30,172.527,1001,1000,105,10.0,14
14:50:30,172.729,1002,1000,105,10.0,14
14:50:30,172.929,1003,1000,105,10.0,14
14:50:30,173.129,999,1000,105,10.0,14
14:50:31,173.33,1001,1000,105,10.0,14
14:50:31,173.532,1003,1000,105,10.0,14
14:50:31,173.723,1004,1000,105,10.0,14
14:50:31,173.924,1005,1000,105,10.0,14
14:50:31,174.122,1001,1000,105,10.0,14
14:50:32,174.322,1002,1000,105,10.0,14
14:50:32,174.524,1003,1000,105,10.0,14
14:50:32,174.725,1004,1000,105,10.0,14
14:50:32,174.926,1001,1000,105,10.0,14
14:50:32,175.124,998,1000,105,10.0,14
14:50:33,175.316,1000,1000,105,10.0,14
14:50:33,175.523,1001,1000,105,10.0,14
14:50:33,175.715,1002,1000,105,10.0,14
14:50:33,175.923,999,1000,105,10.0,14
14:50:33,176.118,1001,1000,105,10.0,14
14:50:34,176.316,1002,1000,105,10.0,14
14:50:34,176.517,1003,1000,105,10.0,14
14:50:34,176.717,1001,1000,105,10.0,14
14:50:34,176.918,997,1000,105,10.0,14
14:50:34,177.119,999,1000,105,10.0,14
14:50:35,177.32,1001,1000,105,10.0,14
14:50:35,177.52,1002,1000,105,10.0,14
14:50:35,177.721,999,1000,105,10.0,14
14:50:35,177.912,1000,1000,105,10.0,14
14:50:35,178.108,1002,1000,105,10.0,14
14:50:36,178.317,1003,1000,105,10.0,14
14:50:36,178.508,1004,1000,105,10.0,14
14:50:36,178.717,1000,1000,105,10.0,14
14:50:36,178.905,1002,1000,105,10.0,14
14:50:36,179.11,1003,1000,105,10.0,14
14:50:37,179.313,1004,1000,105,10.0,14
14:50:37,179.513,1001,1000,105,10.0,14
14:50:37,179.715,998,1000,105,10.0,14
14:50:37,179.907,1000,1000,105,10.0,14
14:50:37,180.106,1001,1000,105,10.0,14
14:50:38,180.306,1003,1000,105,10.0,14
14:50:38,180.507,999,1000,105,10.0,14
14:50:38,180.709,1001,1000,105,10.0,14
14:50:38,180.908,1002,1000,105,10.0,14
14:50:38,181.111,1003,1000,105,10.0,14
14:50:39,181.312,1005,1000,105,10.0,14
14:50:39,181.511,1001,1000,105,10.0,14
14:50:39,181.703,1002,1000,105,10.0,14
14:50:39,181.901,1004,1000,105,10.0,14
14:50:39,182.101,1005,1000,105,10.0,14
14:50:40,182.301,1003,1000,105,10.0,14
14:50:40,182.5,1000,1000,105,10.0,14
14:50:40,182.7,1002,1000,105,10.0,14
14:50:40,182.903,1003,1000,105,10.0,14
14:50:40,183.105,1004,1000,105,10.0,14
14:50:41,183.298,1003,1000,105,10.0,14
14:50:41,183.497,1002,1000,105,10.0,14
14:50:41,183.697,1003,1000,105,10.0,14
14:50:41,183.896,1004,1000,105,10.0,14
14:50:41,184.096,1005,1000,105,10.0,14
14:50:42,184.296,1005,1000,105,10.0,14
14:50:42,184.5,1002,1000,105,10.0,14
14:50:42,184.701,1003,1000,105,10.0,14
14:50:42,184.894,1004,1000,105,10.0,14
14:50:42,185.095,1005,1000,105,10.0,14
14:50:43,185.3,1004,1000,105,10.0,14
14:50:43,185.49,1003,1000,105,10.0,14
14:50:43,185.7,1004,1000,105,10.0,14
14:50:43,185.891,1005,1000,105,10.0,14
14:50:43,186.09,1006,1000,105,10.0,14
14:50:44,186.289,1000,1000,105,10.0,14
14:50:44,186.49,999,1000,105,10.0,14
14:50:44,186.692,1001,1000,105,10.0,14
14:50:44,186.895,1003,1000,105,10.0,14
14:50:44,187.094,1004,1000,105,10.0,14
14:50:45,187.297,1001,1000,105,10.0,14
14:50:45,187.486,1002,1000,105,10.0,14
14:50:45,187.686,1003,1000,105,10.0,14
14:50:45,187.887,1005,1000,104,10.0,14
14:50:45,188.09,1006,1000,104,10.0,14
14:50:46,188.292,1000,1000,104,10.0,14
14:50:46,188.491,1000,1000,104,10.0,14
14:50:46,188.682,1000,1000,104,10.0,14
14:50:46,188.883,1003,1000,104,10.0,14
14:50:46,189.084,1000,1000,104,10.0,14
14:50:47,189.285,1000,1000,104,10.0,14
14:50:47,189.487,1002,1000,104,10.0,14
14:50:47,189.688,1004,1000,104,10.0,14
14:50:47,189.88,1005,1000,104,10.0,14
14:50:47,190.078,1002,1000,104,10.0,14
14:50:48,190.278,997,1000,104,10.0,14
14:50:48,190.479,1000,1000,104,10.0,14
14:50:48,190.681,1002,1000,104,10.0,14
14:50:48,190.881,1004,1000,104,10.0,14
14:50:48,191.076,1001,1000,104,10.0,14
14:50:49,191.268,1003,1000,104,10.0,14
14:50:49,191.475,1005,1000,104,10.0,14
14:50:49,191.667,1005,1000,104,10.0,14
14:50:49,191.874,1003,1000,104,10.0,14
14:50:49,192.073,998,1000,104,10.0,14
14:50:50,192.271,998,1000,104,10.0,14
14:50:50,192.472,998,1000,104,10.0,14
14:50:50,192.672,997,1000,104,10.0,14
14:50:50,192.875,997,1000,104,10.0,14
14:50:50,193.077,998,1000,104,10.0,14
14:50:51,193.277,998,1000,104,10.0,14
14:50:51,193.47,994,1000,104,10.0,14
14:50:51,193.668,997,1000,104,10.0,14
14:50:51,193.868,1000,1000,104,10.0,14
14:50:51,194.076,1002,1000,104,10.0,14
14:50:52,194.268,1004,1000,104,10.0,14
14:50:52,194.46,1003,1000,104,10.0,14
14:50:52,194.668,1005,1000,104,10.0,14
14:50:52,194.86,1002,1000,104,10.0,14
14:50:52,195.068,1002,1000,104,10.0,14
14:50:53,195.27,1002,1000,104,10.0,14
14:50:53,195.473,1001,1000,104,10.0,14
14:50:53,195.663,998,1000,104,10.0,14
14:50:53,195.862,999,1000,104,10.0,14
14:50:53,196.062,999,1000,104,10.0,14
14:50:54,196.262,995,1000,104,10.0,14
14:50:54,196.461,997,1000,104,10.0,14
14:50:54,196.663,998,1000,104,10.0,14
14:50:54,196.862,998,1000,104,10.0,14
14:50:54,197.065,996,1000,104,10.0,14
14:50:55,197.267,997,1000,104,10.0,14
14:50:55,197.458,998,1000,104,10.0,14
14:50:55,197.657,998,1000,104,10.0,14
14:50:55,197.857,996,1000,104,10.0,14
14:50:55,198.057,997,1000,104,10.0,14
14:50:56,198.259,998,1000,104,10.0,14
14:50:56,198.461,995,1000,104,10.0,14
14:50:56,198.661,996,1000,104,10.0,14
14:50:56,198.864,998,1000,104,10.0,14
14:50:56,199.06,998,1000,104,10.0,14
14:50:57,199.254,995,1000,104,10.0,14
14:50:57,199.459,996,1000,104,10.0,14
14:50:57,199.651,997,1000,104,10.0,14
14:50:57,199.86,995,1000,104,10.0,14
14:50:57,200.053,993,1000,104,10.0,14
14:50:58,200.252,997,1000,104,10.0,14
14:50:58,200.455,998,1000,104,10.0,14
14:50:58,200.655,997,1000,104,10.0,14
14:50:58,200.858,1001,1000,104,10.0,14
14:50:58,201.048,1003,1000,104,10.0,14
14:50:59,201.247,1003,1000,104,10.0,14
14:50:59,201.447,1005,1000,104,10.0,14
14:50:59,201.651,1002,1000,104,10.0,14
14:50:59,201.853,1002,1000,104,10.0,14
14:50:59,202.045,1002,1000,104,10.0,14
14:51:00,202.251,1003,1000,104,10.0,14
14:51:00,202.442,999,1000,104,10.0,14
14:51:00,202.65,1000,1000,104,10.0,14
14:51:00,202.841,1000,1000,104,10.0,14
14:51:00,203.05,1001,1000,104,10.0,14
14:51:01,203.252,998,1000,104,10.0,14
14:51:01,203.441,999,1000,104,10.0,14
14:51:01,203.641,1000,1000,104,10.0,14
14:51:01,203.839,998,1000,104,10.0,14
14:51:01,204.045,995,1000,104,10.0,14
14:51:02,204.236,997,1000,104,10.0,14
14:51:02,204.444,998,1000,104,10.0,14
14:51:02,204.635,998,1000,104,10.0,14
14:51:02,204.843,996,1000,104,10.0,14
14:51:02,205.036,998,1000,104,10.0,14
14:51:03,205.237,999,1000,104,10.0,14
14:51:03,205.435,999,1000,104,10.0,14
14:51:03,205.637,996,1000,104,10.0,14
14:51:03,205.84,998,1000,104,10.0,14
14:51:03,206.029,999,1000,104,10.0,14
14:51:04,206.237,1000,1000,104,10.0,14
14:51:04,206.428,997,1000,104,10.0,14
14:51:04,206.637,998,1000,104,10.0,14
14:51:04,206.829,999,1000,104,10.0,14
14:51:04,207.038,1001,1000,104,10.0,14
14:51:05,207.229,998,1000,104,10.0,14
14:51:05,207.438,999,1000,104,10.0,14
14:51:05,207.629,1002,1000,104,10.0,14
14:51:05,207.838,1004,1000,104,10.0,14
14:51:05,208.03,1001,1000,104,10.0,14
14:51:06,208.234,1004,1000,104,10.0,14
14:51:06,208.433,1006,1000,104,10.0,14
14:51:06,208.635,1005,1000,104,10.0,14
14:51:06,208.837,1007,1000,104,10.0,13
14:51:06,209.026,1004,1000,104,10.0,14
14:51:07,209.226,1006,1000,104,10.0,13
14:51:07,209.425,1004,1000,104,10.0,14
14:51:07,209.624,1004,1000,104,10.0,14
14:51:07,209.826,1006,1000,104,10.0,13
14:51:07,210.029,1005,1000,104,10.0,13
14:51:08,210.22,1006,1000,104,10.0,13
14:51:08,210.428,1005,1000,104,10.0,13
14:51:08,210.62,1005,1000,104,10.0,13
14:51:08,210.828,1001,1000,104,10.0,14
14:51:08,211.02,1003,1000,104,10.0,14
14:51:09,211.221,1005,1000,104,10.0,13
14:51:09,211.419,1003,1000,104,10.0,14
14:51:09,211.62,1004,1000,104,10.0,14
14:51:09,211.821,1007,1000,104,10.0,13
14:51:09,212.023,1003,1000,104,10.0,14
14:51:10,212.223,1002,1000,104,10.0,14
14:51:10,212.425,1001,1000,104,10.0,14
14:51:10,212.616,1001,1000,104,10.0,14
14:51:10,212.815,999,1000,104,10.0,14
14:51:10,213.016,1000,1000,104,10.0,14
14:51:11,213.215,1002,1000,104,10.0,14
14:51:11,213.414,1002,1000,104,10.0,14
14:51:11,213.614,1000,1000,104,10.0,14
14:51:11,213.818,1002,1000,104,10.0,14
14:51:11,214.029,1003,1000,104,10.0,14
14:51:12,214.22,1005,1000,104,10.0,13
14:51:12,214.411,1003,1000,104,10.0,14
14:51:12,214.618,999,1000,104,10.0,14
14:51:12,214.809,1000,1000,104,10.0,14
14:51:12,215.018,1002,1000,104,10.0,14
14:51:13,215.218,1004,1000,104,10.0,14
14:51:13,215.409,1001,1000,104,10.0,14
14:51:13,215.608,1002,1000,104,10.0,14
14:51:13,215.807,1004,1000,104,10.0,14
14:51:13,216.012,1005,1000,104,10.0,13
14:51:14,216.214,1003,1000,104,10.0,14
14:51:14,216.405,998,1000,104,10.0,14
14:51:14,216.605,999,1000,104,10.0,14
14:51:14,216.804,1001,1000,104,10.0,14
14:51:14,217.005,1003,1000,104,10.0,14
14:51:15,217.203,1000,1000,104,10.0,14
14:51:15,217.411,1003,1000,104,10.0,14
14:51:15,217.603,1004,1000,104,10.0,14
14:51:15,217.81,1006,1000,104,10.0,13
14:51:15,218.002,1006,1000,104,10.0,13
14:51:16,218.206,1000,1000,104,10.0,13
14:51:16,218.409,1000,1000,104,10.0,13
14:51:16,218.599,1000,1000,104,10.0,13
14:51:16,218.799,998,1000,104,10.0,13
14:51:16,218.998,998,1000,104,10.0,13
14:51:17,219.199,998,1000,104,10.0,13
14:51:17,219.403,998,1000,104,10.0,13
14:51:17,219.601,994,1000,104,10.0,14
14:51:17,219.805,996,1000,104,10.0,14
14:51:17,220.004,999,1000,104,10.0,14
14:51:18,220.195,1002,1000,104,10.0,14
14:51:18,220.396,1003,1000,104,10.0,14
14:51:18,220.595,1001,1000,104,10.0,14
14:51:18,220.795,1003,1000,104,10.0,14
14:51:18,221.001,1005,1000,104,10.0,13
14:51:19,221.203,1004,1000,104,10.0,13
14:51:19,221.393,1003,1000,104,10.0,13
14:51:19,221.592,998,1000,104,10.0,13
14:51:19,221.791,998,1000,104,10.0,13
14:51:19,221.991,998,1000,104,10.0,13
14:51:20,222.191,994,1000,104,10.0,14
14:51:20,222.393,997,1000,104,10.0,14
14:51:20,222.593,999,1000,104,10.0,14
14:51:20,222.794,1001,1000,104,10.0,14
14:51:20,222.995,999,1000,104,10.0,14
14:51:21,223.197,998,1000,104,10.0,14
14:51:21,223.386,1003,1000,104,10.0,14
14:51:21,223.586,1002,1000,104,10.0,14
14:51:21,223.786,1003,1000,104,10.0,14
14:51:21,223.989,1007,1000,104,10.0,13
14:51:22,224.191,1003,1000,104,10.0,13
14:51:22,224.392,1004,1000,104,10.0,13
14:51:22,224.594,1005,1000,104,10.0,13
14:51:22,224.782,1006,1000,104,10.0,13
14:51:22,224.982,1007,1000,104,10.0,13
14:51:23,225.184,1002,1000,104,10.0,13
14:51:23,225.386,998,1000,104,10.0,13
14:51:23,225.588,1001,1000,104,10.0,13
14:51:23,225.789,1003,1000,104,10.0,13
14:51:23,225.98,1005,1000,104,10.0,13
14:51:24,226.179,1003,1000,104,10.0,13
14:51:24,226.378,1003,1000,104,10.0,13
14:51:24,226.578,1004,1000,104,10.0,13
14:51:24,226.78,1006,1000,104,10.0,13
14:51:24,226.981,1007,1000,104,10.0,13
14:51:25,227.183,1005,1000,104,10.0,13
14:51:25,227.383,1001,1000,104,10.0,13
14:51:25,227.575,1000,1000,104,10.0,13
14:51:25,227.774,1002,1000,104,10.0,13
14:51:25,227.973,1003,1000,104,10.0,13
14:51:26,228.172,1001,1000,104,10.0,13
14:51:26,228.379,1003,1000,104,10.0,13
14:51:26,228.571,1005,1000,104,10.0,13
14:51:26,228.779,1006,1000,104,10.0,13
14:51:26,228.971,1005,1000,104,10.0,13
14:51:27,229.175,1000,1000,104,10.0,13
14:51:27,229.374,1000,1000,104,10.0,13
14:51:27,229.578,1000,1000,104,10.0,13
14:51:27,229.779,997,1000,104,10.0,13
14:51:27,229.968,995,1000,104,10.0,13
14:51:28,230.168,997,1000,104,10.0,13
14:51:28,230.368,998,1000,104,10.0,13
14:51:28,230.567,995,1000,104,10.0,13
14:51:28,230.769,996,1000,104,10.0,13
14:51:28,230.968,998,1000,104,10.0,13
14:51:29,231.169,999,1000,104,10.0,13
14:51:29,231.37,996,1000,104,10.0,13
14:51:29,231.572,997,1000,104,10.0,13
14:51:29,231.773,998,1000,104,10.0,13
14:51:29,231.964,1000,1000,104,10.0,13
14:51:30,232.166,999,1000,104,10.0,13
14:51:30,232.362,999,1000,104,10.0,13
14:51:30,232.562,1000,1000,104,10.0,13
14:51:30,232.764,1001,1000,104,10.0,13
14:51:30,232.964,999,1000,104,10.0,13
14:51:31,233.161,999,1000,104,10.0,13
14:51:31,233.364,1000,1000,104,10.0,13
14:51:31,233.565,1002,1000,104,10.0,13
14:51:31,233.758,1003,1000,104,10.0,13
14:51:31,233.958,999,1000,104,10.0,13
14:51:32,234.159,1000,1000,104,10.0,13
14:51:32,234.356,1002,1000,104,10.0,13
14:51:32,234.558,1002,1000,104,10.0,13
14:51:32,234.758,998,1000,104,10.0,13
14:51:32,234.961,999,1000,104,10.0,13
14:51:33,235.161,1000,1000,104,10.0,13
14:51:33,235.362,1001,1000,104,10.0,13
14:51:33,235.554,999,1000,104,10.0,13
14:51:33,235.752,1000,1000,104,10.0,13
14:51:33,235.953,1001,1000,104,10.0,13
14:51:33,236.153,1002,1000,104,10.0,13
14:51:34,236.353,1001,1000,104,10.0,13
14:51:34,236.557,1000,1000,104,10.0,13
14:51:34,236.757,1001,1000,104,10.0,13
14:51:34,236.958,1003,1000,104,10.0,13
14:51:34,237.15,1003,1000,104,10.0,13
14:51:35,237.348,1000,1000,104,10.0,13
14:51:35,237.548,1002,1000,104,10.0,13
14:51:35,237.747,1003,1000,104,10.0,13
14:51:35,237.949,1004,1000,104,10.0,13
14:51:35,238.151,1002,1000,104,10.0,13
14:51:36,238.353,999,1000,104,10.0,13
14:51:36,238.546,1000,1000,104,10.0,13
14:51:36,238.745,1001,1000,104,10.0,13
14:51:36,238.944,1003,1000,104,10.0,13
14:51:36,239.145,999,1000,104,10.0,13
14:51:37,239.346,1001,1000,104,10.0,13
14:51:37,239.546,1002,1000,104,10.0,13
14:51:37,239.746,1003,1000,104,10.0,13
14:51:37,239.947,1004,1000,104,10.0,13
14:51:37,240.147,1000,1000,104,10.0,13
14:51:38,240.349,1001,1000,104,10.0,13
14:51:38,240.55,1002,1000,104,10.0,13
14:51:38,240.74,1003,1000,104,10.0,13
14:51:38,240.938,999,1000,104,10.0,13
14:51:38,241.14,999,1000,104,10.0,13
14:51:39,241.343,1001,1000,104,10.0,13
14:51:39,241.546,1002,1000,104,10.0,13
14:51:39,241.737,1002,1000,104,10.0,13
14:51:39,241.936,999,1000,104,10.0,13
14:51:39,242.138,1000,1000,104,10.0,13
14:51:40,242.342,1002,1000,104,10.0,13
14:51:40,242.535,1002,1000,104,10.0,13
14:51:40,242.733,998,1000,104,10.0,13
14:51:40,242.933,1001,1000,104,10.0,13
14:51:40,243.134,1002,1000,104,10.0,13
14:51:41,243.338,1002,1000,104,10.0,13
14:51:41,243.54,999,1000,104,10.0,13
14:51:41,243.739,1001,1000,104,10.0,13
14:51:41,243.931,1002,1000,104,10.0,13
14:51:41,244.129,1003,1000,104,10.0,13
14:51:42,244.332,1001,1000,104,10.0,13
14:51:42,244.533,998,1000,104,10.0,13
14:51:42,244.737,1000,1000,104,10.0,13
14:51:42,244.927,1001,1000,104,10.0,13
14:51:42,245.126,1002,1000,104,10.0,13
14:51:43,245.327,999,1000,104,10.0,13
14:51:43,245.526,1001,1000,104,10.0,13
14:51:43,245.726,1002,1000,104,10.0,13
14:51:43,245.928,1003,1000,104,10.0,13
14:51:43,246.132,1004,1000,104,10.0,13
14:51:44,246.334,1002,1000,104,10.0,13
14:51:44,246.524,1003,1000,104,10.0,13
14:51:44,246.723,1004,1000,104,10.0,13
14:51:44,246.922,1005,1000,104,10.0,13
14:51:44,247.122,1001,1000,104,10.0,13
14:51:45,247.321,997,1000,104,10.0,13
14:51:45,247.522,998,1000,104,10.0,13
14:51:45,247.723,999,1000,104,10.0,13
14:51:45,247.925,999,1000,104,10.0,13
14:51:45,248.126,998,1000,104,10.0,13
14:51:46,248.327,1001,1000,104,10.0,13
14:51:46,248.518,1002,1000,104,10.0,13
14:51:46,248.717,1003,1000,104,10.0,13
14:51:46,248.916,1000,1000,104,10.0,13
14:51:46,249.116,1001,1000,104,10.0,13
14:51:47,249.32,1003,1000,104,10.0,13
14:51:47,249.52,1004,1000,104,10.0,13
14:51:47,249.72,1005,1000,104,10.0,13
14:51:47,249.922,1001,1000,104,10.0,13
14:51:47,250.113,1001,1000,104,10.0,13
14:51:48,250.313,1001,1000,104,10.0,13
14:51:48,250.512,1002,1000,104,10.0,13
14:51:48,250.711,999,1000,104,10.0,13
14:51:48,250.912,1001,1000,104,10.0,13
14:51:48,251.111,1002,1000,104,10.0,13
14:51:49,251.311,1003,1000,104,10.0,13
14:51:49,251.511,1003,1000,104,10.0,13
14:51:49,251.712,1000,1000,104,10.0,13
14:51:49,251.914,1002,1000,104,10.0,13
14:51:49,252.116,1003,1000,104,10.0,13
14:51:50,252.315,1004,1000,104,10.0,13
14:51:50,252.507,1003,1000,104,10.0,13
14:51:50,252.706,1001,1000,104,10.0,13
14:51:50,252.906,1003,1000,104,10.0,13
14:51:50,253.106,1004,1000,104,10.0,13
14:51:51,253.31,1005,1000,104,10.0,13
14:51:51,253.511,1002,1000,104,10.0,13
14:51:51,253.704,1002,1000,104,10.0,13
14:51:51,253.904,1003,1000,104,10.0,13
14:51:51,254.102,1003,1000,104,10.0,13
14:51:52,254.303,1000,1000,104,10.0,13
14:51:52,254.503,1002,1000,104,10.0,13
14:51:52,254.703,1003,1000,104,10.0,13
14:51:52,254.904,1004,1000,104,10.0,13
14:51:52,255.106,1004,1000,104,10.0,13
14:51:53,255.307,1001,1000,104,10.0,13
14:51:53,255.507,1003,1000,104,10.0,13
14:51:53,255.698,1004,1000,104,10.0,13
14:51:53,255.898,1005,1000,103,10.0,13
14:51:53,256.097,1004,1000,103,10.0,13
14:51:54,256.299,1000,1000,103,10.0,13
14:51:54,256.501,1000,1000,103,10.0,13
14:51:54,256.702,1001,1000,103,10.0,13
14:51:54,256.902,1002,1000,103,10.0,13
14:51:54,257.103,998,1000,103,10.0,13
14:51:55,257.295,999,1000,103,10.0,13
14:51:55,257.489,1000,1000,103,10.0,13
14:51:55,257.694,1000,1000,103,10.0,13
14:51:55,257.901,998,1000,103,10.0,13
14:51:55,258.092,999,1000,103,10.0,13
14:51:56,258.293,1000,1000,103,10.0,13
14:51:56,258.496,998,1000,103,10.0,13
14:51:56,258.69,995,1000,103,10.0,13
14:51:56,258.89,997,1000,103,10.0,13
14:51:56,259.092,998,1000,103,10.0,13
14:51:57,259.29,999,1000,103,10.0,13
14:51:57,259.493,996,1000,103,10.0,13
14:51:57,259.694,997,1000,103,10.0,13
14:51:57,259.895,999,1000,103,10.0,13
14:51:57,260.091,997,1000,103,10.0,13
14:51:58,260.28,994,1000,104,10.0,13
14:51:58,260.486,998,1000,104,10.0,13
14:51:58,260.691,1000,1000,104,10.0,13
14:51:58,260.88,999,1000,104,10.0,13
14:51:58,261.084,1000,1000,104,10.0,13
14:51:59,261.286,1002,1000,104,10.0,13
14:51:59,261.487,1004,1000,104,10.0,13
14:51:59,261.69,1005,1000,103,10.0,13
14:51:59,261.882,1003,1000,103,10.0,13
14:51:59,262.082,1001,1000,103,10.0,13
14:52:00,262.281,1002,1000,103,10.0,13
14:52:00,262.481,1002,1000,103,10.0,13
14:52:00,262.682,999,1000,103,10.0,13
14:52:00,262.88,1000,1000,103,10.0,13
14:52:00,263.076,1001,1000,103,10.0,13
14:52:01,263.283,1001,1000,103,10.0,13
14:52:01,263.475,998,1000,103,10.0,13
14:52:01,263.683,996,1000,103,10.0,13
14:52:01,263.875,997,1000,103,10.0,13
14:52:01,264.081,998,1000,103,10.0,13
14:52:02,264.283,997,1000,103,10.0,13
14:52:02,264.482,998,1000,103,10.0,13
14:52:02,264.676,999,1000,103,10.0,13
14:52:02,264.874,1000,1000,103,10.0,13
14:52:02,265.075,996,1000,103,10.0,13
14:52:03,265.28,994,1000,104,10.0,13
14:52:03,265.474,997,1000,104,10.0,13
14:52:03,265.672,996,1000,104,10.0,13
14:52:03,265.875,996,1000,104,10.0,13
14:52:03,266.076,999,1000,104,10.0,13
14:52:04,266.27,997,1000,104,10.0,13
14:52:04,266.475,999,1000,104,10.0,13
14:52:04,266.666,1000,1000,104,10.0,13
14:52:04,266.874,1002,1000,104,10.0,13
14:52:04,267.069,1004,1000,104,10.0,13
14:52:05,267.269,1001,1000,104,10.0,13
14:52:05,267.469,1003,1000,104,10.0,13
14:52:05,267.669,1004,1000,104,10.0,13
14:52:05,267.872,1005,1000,103,10.0,13
14:52:05,268.061,1003,1000,103,10.0,13
14:52:06,268.268,999,1000,103,10.0,13
14:52:06,268.465,1000,1000,103,10.0,13
14:52:06,268.665,1000,1000,103,10.0,13
14:52:06,268.872,1001,1000,103,10.0,13
14:52:06,269.064,997,1000,103,10.0,13
14:52:07,269.265,998,1000,103,10.0,13
14:52:07,269.469,999,1000,103,10.0,13
14:52:07,269.669,999,1000,103,10.0,13
14:52:07,269.869,995,1000,103,10.0,13
14:52:07,270.061,997,1000,103,10.0,13
14:52:08,270.26,998,1000,103,10.0,13
14:52:08,270.459,999,1000,103,10.0,13
14:52:08,270.661,996,1000,103,10.0,13
14:52:08,270.863,997,1000,103,10.0,13
14:52:08,271.065,998,1000,103,10.0,13
14:52:09,271.265,998,1000,103,10.0,13
14:52:09,271.456,997,1000,103,10.0,13
14:52:09,271.656,999,1000,103,10.0,13
14:52:09,271.856,999,1000,103,10.0,13
14:52:09,272.061,1000,1000,103,10.0,13
14:52:10,272.252,996,1000,103,10.0,13
14:52:10,272.459,998,1000,103,10.0,13
14:52:10,272.653,999,1000,103,10.0,13
14:52:10,272.858,998,1000,103,10.0,13
14:52:10,273.053,998,1000,103,10.0,13
14:52:11,273.252,999,1000,103,10.0,13
14:52:11,273.453,1000,1000,103,10.0,13
14:52:11,273.656,997,1000,103,10.0,13
14:52:11,273.859,994,1000,104,10.0,13
14:52:11,274.045,997,1000,104,10.0,13
14:52:12,274.252,997,1000,104,10.0,13
14:52:12,274.445,996,1000,104,10.0,13
14:52:12,274.654,999,1000,104,10.0,13
14:52:12,274.844,1001,1000,104,10.0,13
14:52:12,275.053,1003,1000,104,10.0,13
14:52:13,275.252,1003,1000,104,10.0,13
14:52:13,275.454,1000,1000,104,10.0,13
14:52:13,275.655,1001,1000,104,10.0,13
14:52:13,275.845,1002,1000,104,10.0,13
14:52:13,276.044,1003,1000,104,10.0,13
14:52:14,276.248,1002,1000,104,10.0,13
14:52:14,276.448,1002,1000,104,10.0,13
14:52:14,276.65,1003,1000,104,10.0,13
14:52:14,276.851,1004,1000,104,10.0,13
14:52:14,277.042,1004,1000,104,10.0,13
14:52:15,277.241,1001,1000,104,10.0,13
14:52:15,277.442,1002,1000,104,10.0,13
14:52:15,277.641,1003,1000,104,10.0,13
14:52:15,277.842,1004,1000,104,10.0,13
14:52:15,278.046,1003,1000,104,10.0,13
14:52:16,278.24,999,1000,104,10.0,13
14:52:16,278.438,1001,1000,104,10.0,13
14:52:16,278.639,1002,1000,104,10.0,13
14:52:16,278.841,1003,1000,104,10.0,13
14:52:16,279.044,1001,1000,104,10.0,13
14:52:17,279.235,1002,1000,104,10.0,13
14:52:17,279.443,1003,1000,104,10.0,13
14:52:17,279.632,1004,1000,104,10.0,13
14:52:17,279.839,1003,1000,104,10.0,13
14:52:17,280.034,1000,1000,104,10.0,13
14:52:18,280.232,1001,1000,104,10.0,13
14:52:18,280.436,1002,1000,104,10.0,13
14:52:18,280.638,1003,1000,104,10.0,13
14:52:18,280.84,999,1000,104,10.0,13
14:52:18,281.029,1000,1000,104,10.0,13
14:52:19,281.237,1002,1000,104,10.0,13
14:52:19,281.429,1003,1000,104,10.0,13
14:52:19,281.637,1002,1000,104,10.0,13
14:52:19,281.829,1000,1000,104,10.0,13
14:52:19,282.029,1001,1000,104,10.0,13
14:52:20,282.239,1002,1000,104,10.0,13
14:52:20,282.427,1002,1000,104,10.0,13
14:52:20,282.627,999,1000,104,10.0,13
14:52:20,282.827,1001,1000,104,10.0,13
14:52:20,283.027,1002,1000,104,10.0,13
14:52:21,283.228,1003,1000,104,10.0,13
14:52:21,283.43,1000,1000,104,10.0,13
14:52:21,283.63,1001,1000,104,10.0,13
14:52:21,283.83,1002,1000,104,10.0,13
14:52:21,284.034,1003,1000,104,10.0,13
14:52:22,284.223,1001,1000,104,10.0,13
14:52:22,284.422,998,1000,104,10.0,13
14:52:22,284.622,1000,1000,104,10.0,13
14:52:22,284.82,1002,1000,104,10.0,13
14:52:22,285.023,1003,1000,104,10.0,13
14:52:23,285.223,999,1000,104,10.0,13
14:52:23,285.424,1001,1000,104,10.0,13
14:52:23,285.626,1002,1000,104,10.0,13
14:52:23,285.819,1003,1000,104,10.0,13
14:52:23,286.015,999,1000,104,10.0,13
14:52:24,286.223,997,1000,104,10.0,13
14:52:24,286.413,998,1000,104,10.0,13
14:52:24,286.62,999,1000,104,10.0,13
14:52:24,286.811,998,1000,104,10.0,13
14:52:24,287.022,998,1000,104,10.0,13
14:52:25,287.224,1000,1000,104,10.0,13
14:52:25,287.414,1001,1000,104,10.0,13
14:52:25,287.613,999,1000,104,10.0,13
14:52:25,287.813,996,1000,104,10.0,13
14:52:25,288.012,998,1000,104,10.0,13
14:52:26,288.215,999,1000,104,10.0,13
14:52:26,288.418,1000,1000,104,10.0,13
14:52:26,288.618,997,1000,104,10.0,13
14:52:26,288.809,999,1000,104,10.0,13
14:52:26,289.008,1000,1000,104,10.0,13
14:52:27,289.204,1001,1000,104,10.0,13
14:52:27,289.413,998,1000,104,10.0,13
14:52:27,289.605,999,1000,104,10.0,13
14:52:27,289.813,1000,1000,104,10.0,13
14:52:27,290.005,1001,1000,104,10.0,13
14:52:28,290.209,998,1000,104,10.0,13
14:52:28,290.411,1000,1000,104,10.0,13
14:52:28,290.612,1001,1000,104,10.0,13
14:52:28,290.804,1002,1000,104,10.0,13
14:52:28,291.003,999,1000,104,10.0,13
14:52:29,291.203,996,1000,104,10.0,13
14:52:29,291.404,997,1000,104,10.0,13
14:52:29,291.608,998,1000,104,10.0,13
14:52:29,291.8,999,1000,104,10.0,13
14:52:29,292.0,996,1000,104,10.0,13
14:52:30,292.199,998,1000,104,10.0,13
14:52:30,292.398,999,1000,104,10.0,13
14:52:30,292.599,998,1000,104,10.0,13
14:52:30,292.801,998,1000,104,10.0,13
14:52:30,293.002,999,1000,104,10.0,13
14:52:31,293.203,1000,1000,104,10.0,13
14:52:31,293.404,997,1000,104,10.0,13
14:52:31,293.595,995,1000,104,10.0,13
14:52:31,293.796,997,1000,104,10.0,13
14:52:31,293.995,998,1000,104,10.0,13
14:52:32,294.189,998,1000,104,10.0,13
14:52:32,294.396,996,1000,104,10.0,13
14:52:32,294.592,998,1000,104,10.0,13
14:52:32,294.794,999,1000,104,10.0,13
14:52:32,294.986,997,1000,104,10.0,13
14:52:33,295.192,994,1000,104,10.0,13
14:52:33,295.392,998,1000,104,10.0,13
14:52:33,295.593,1001,1000,104,10.0,13
14:52:33,295.795,1003,1000,104,10.0,13
14:52:33,295.997,1003,1000,104,10.0,13
14:52:34,296.189,1000,1000,104,10.0,13
14:52:34,296.387,1000,1000,104,10.0,13
14:52:34,296.588,1002,1000,104,10.0,13
14:52:34,296.79,1000,1000,104,10.0,13
14:52:34,296.992,996,1000,104,10.0,13
14:52:35,297.188,998,1000,104,10.0,13
14:52:35,297.382,999,1000,104,10.0,13
14:52:35,297.588,1000,1000,104,10.0,13
14:52:35,297.784,997,1000,104,10.0,13
14:52:35,297.989,998,1000,104,10.0,13
14:52:36,298.193,999,1000,104,10.0,13
14:52:36,298.391,1000,1000,104,10.0,13
14:52:36,298.592,997,1000,104,10.0,13
14:52:36,298.782,998,1000,104,10.0,13
14:52:36,298.981,999,1000,104,10.0,13
14:52:37,299.182,1000,1000,104,10.0,13
14:52:37,299.384,996,1000,104,10.0,13
14:52:37,299.586,998,1000,104,10.0,13
14:52:37,299.786,999,1000,104,10.0,13
14:52:37,299.978,999,1000,104,10.0,13
14:52:38,300.177,996,1000,104,10.0,13
14:52:38,300.379,997,1000,104,10.0,13
14:52:38,300.58,998,1000,104,10.0,13
14:52:38,300.782,999,1000,104,10.0,13
14:52:38,300.985,996,1000,104,10.0,13
14:52:39,301.175,997,1000,104,10.0,13
14:52:39,301.375,998,1000,104,10.0,13
14:52:39,301.574,997,1000,104,10.0,13
14:52:39,301.778,998,1000,104,10.0,13
14:52:39,301.981,999,1000,104,10.0,13
14:52:40,302.18,1000,1000,104,10.0,13
14:52:40,302.381,997,1000,104,10.0,13
14:52:40,302.571,994,1000,104,10.0,13
14:52:40,302.771,998,1000,104,10.0,13
14:52:40,302.97,1000,1000,104,10.0,13
14:52:41,303.173,1002,1000,104,10.0,13
14:52:41,303.365,999,1000,104,10.0,13
14:52:41,303.573,997,1000,104,10.0,13
14:52:41,303.765,999,1000,104,10.0,13
14:52:41,303.973,999,1000,104,10.0,13
14:52:42,304.177,998,1000,104,10.0,13
14:52:42,304.367,999,1000,104,10.0,13
14:52:42,304.566,999,1000,104,10.0,13
14:52:42,304.765,999,1000,104,10.0,13
14:52:42,304.967,996,1000,104,10.0,13
14:52:43,305.173,997,1000,104,10.0,13
14:52:43,305.365,998,1000,104,10.0,13
14:52:43,305.556,998,1000,104,10.0,13
14:52:43,305.764,996,1000,104,10.0,13
14:52:43,305.956,997,1000,104,10.0,13
14:52:44,306.162,998,1000,104,10.0,13
14:52:44,306.362,996,1000,104,10.0,13
14:52:44,306.562,993,1000,104,10.0,13
14:52:44,306.764,996,1000,104,10.0,13
14:52:44,306.965,999,1000,104,10.0,13
14:52:45,307.167,1001,1000,104,10.0,13
14:52:45,307.368,998,1000,104,10.0,13
14:52:45,307.558,998,1000,104,10.0,13
14:52:45,307.758,999,1000,104,10.0,13
14:52:45,307.959,999,1000,104,10.0,13
14:52:45,308.156,996,1000,104,10.0,13
14:52:46,308.363,998,1000,104,10.0,13
14:52:46,308.555,999,1000,104,10.0,13
14:52:46,308.764,999,1000,104,10.0,13
14:52:46,308.956,995,1000,104,10.0,13
14:52:47,309.162,996,1000,104,10.0,13
14:52:47,309.354,997,1000,104,10.0,13
14:52:47,309.552,994,1000,104,10.0,13
14:52:47,309.752,997,1000,104,10.0,13
14:52:47,309.952,999,1000,104,10.0,13
14:52:47,310.156,1001,1000,104,10.0,13
14:52:48,310.358,1003,1000,104,10.0,13
14:52:48,310.56,1000,1000,104,10.0,13
14:52:48,310.759,1001,1000,104,10.0,13
14:52:48,310.957,1003,1000,104,10.0,13
14:52:48,311.149,1004,1000,104,10.0,13
14:52:49,311.358,1003,1000,104,10.0,13
14:52:49,311.548,1000,1000,104,10.0,13
14:52:49,311.747,1002,1000,104,10.0,13
14:52:49,311.947,1003,1000,104,10.0,13
14:52:49,312.148,1004,1000,104,10.0,13
14:52:50,312.348,1003,1000,104,10.0,13
14:52:50,312.541,1002,1000,104,10.0,13
14:52:50,312.749,1003,1000,104,10.0,13
14:52:50,312.941,1004,1000,104,10.0,13
14:52:50,313.144,1005,1000,104,10.0,13
14:52:51,313.347,1003,1000,104,10.0,13
14:52:51,313.548,1002,1000,104,10.0,13
14:52:51,313.75,1001,1000,104,10.0,13
14:52:51,313.94,1000,1000,104,10.0,13
14:52:51,314.14,997,1000,104,10.0,13
14:52:52,314.34,997,1000,104,10.0,13
14:52:52,314.542,997,1000,104,10.0,13
14:52:52,314.744,993,1000,104,10.0,13
14:52:52,314.945,996,1000,104,10.0,13
14:52:52,315.138,998,1000,104,10.0,13
14:52:53,315.337,1000,1000,104,10.0,13
14:52:53,315.537,1001,1000,104,10.0,13
14:52:53,315.737,998,1000,104,10.0,13
14:52:53,315.937,1000,1000,104,10.0,13
14:52:53,316.141,1002,1000,104,10.0,13
14:52:54,316.331,1003,1000,104,10.0,13
14:52:54,316.538,1002,1000,104,10.0,13
14:52:54,316.728,1001,1000,104,10.0,13
14:52:54,316.936,1002,1000,104,10.0,13
14:52:54,317.142,1003,1000,104,10.0,13
14:52:55,317.332,1004,1000,104,10.0,13
14:52:55,317.531,1000,1000,104,10.0,13
14:52:55,317.73,1002,1000,104,10.0,13
14:52:55,317.932,1003,1000,104,10.0,13
14:52:55,318.134,1004,1000,104,10.0,13
14:52:56,318.335,1003,1000,104,10.0,13
14:52:56,318.528,1000,1000,104,10.0,13
14:52:56,318.728,1002,1000,104,10.0,13
14:52:56,318.927,1003,1000,104,10.0,13
14:52:56,319.126,1003,1000,104,10.0,13
14:52:57,319.326,1000,1000,104,10.0,13
14:52:57,319.53,1001,1000,104,10.0,13
14:52:57,319.731,1002,1000,104,10.0,13
14:52:57,319.931,1003,1000,104,10.0,13
14:52:57,320.124,1002,1000,104,10.0,13
14:52:58,320.324,1001,1000,104,10.0,13
14:52:58,320.523,1002,1000,104,10.0,13
14:52:58,320.722,1003,1000,104,10.0,13
14:52:58,320.924,1003,1000,104,10.0,13
14:52:58,321.125,999,1000,104,10.0,13
14:52:59,321.326,1001,1000,104,10.0,13
14:52:59,321.527,1002,1000,104,10.0,13
14:52:59,321.728,1003,1000,104,10.0,13
14:52:59,321.92,999,1000,104,10.0,13
14:52:59,322.119,1001,1000,104,10.0,13
14:53:00,322.318,1002,1000,104,10.0,13
14:53:00,322.518,1003,1000,104,10.0,13
14:53:00,322.718,1003,1000,104,10.0,13
14:53:00,322.922,999,1000,104,10.0,13
14:53:00,323.123,1001,1000,104,10.0,13
14:53:01,323.324,1002,1000,104,10.0,13
14:53:01,323.524,1002,1000,104,10.0,13
14:53:01,323.724,999,1000,104,10.0,13
14:53:01,323.915,1000,1000,104,10.0,13
14:53:01,324.114,1001,1000,104,10.0,13
14:53:02,324.313,1002,1000,104,10.0,13
14:53:02,324.513,1000,1000,104,10.0,13
14:53:02,324.714,1001,1000,104,10.0,13
14:53:02,324.914,1002,1000,104,10.0,13
14:53:02,325.116,1002,1000,104,10.0,13
14:53:03,325.318,1001,1000,104,10.0,13
14:53:03,325.517,1001,1000,104,10.0,13
14:53:03,325.719,1002,1000,104,10.0,13
14:53:03,325.91,1003,1000,104,10.0,13
14:53:03,326.108,1003,1000,104,10.0,13
14:53:04,326.308,999,1000,104,10.0,13
14:53:04,326.511,1001,1000,104,10.0,13
14:53:04,326.711,1002,1000,104,10.0,13
14:53:04,326.912,1002,1000,104,10.0,13
14:53:04,327.107,999,1000,104,10.0,13
14:53:05,327.305,999,1000,104,10.0,13
14:53:05,327.506,1000,1000,104,10.0,13
14:53:05,327.708,1001,1000,104,10.0,13
14:53:05,327.912,1000,1000,104,10.0,13
14:53:05,328.103,1000,1000,104,10.0,13
14:53:06,328.304,1001,1000,104,10.0,13
14:53:06,328.503,1001,1000,104,10.0,13
14:53:06,328.703,1000,1000,104,10.0,13
14:53:06,328.905,997,1000,104,10.0,13
14:53:06,329.107,998,1000,104,10.0,13
14:53:07,329.31,999,1000,104,10.0,13
14:53:07,329.501,1000,1000,104,10.0,13
14:53:07,329.699,997,1000,104,10.0,13
14:53:07,329.899,999,1000,104,10.0,13
14:53:07,330.098,1000,1000,104,10.0,13
14:53:08,330.298,1001,1000,104,10.0,13
14:53:08,330.497,997,1000,104,10.0,13
14:53:08,330.699,999,1000,104,10.0,13
14:53:08,330.901,1000,1000,104,10.0,13
14:53:08,331.103,1001,1000,104,10.0,13
14:53:09,331.306,998,1000,104,10.0,13
14:53:09,331.496,1000,1000,104,10.0,13
14:53:09,331.695,1001,1000,104,10.0,13
14:53:09,331.895,1001,1000,104,10.0,13
14:53:09,332.098,998,1000,104,10.0,13
14:53:10,332.3,996,1000,104,10.0,13
14:53:10,332.499,997,1000,104,10.0,13
14:53:10,332.701,998,1000,104,10.0,13
14:53:10,332.891,997,1000,104,10.0,13
14:53:10,333.09,998,1000,104,10.0,13
14:53:11,333.291,999,1000,104,10.0,13
14:53:11,333.49,1000,1000,104,10.0,13
14:53:11,333.692,998,1000,104,10.0,13
14:53:11,333.894,999,1000,104,10.0,13
14:53:11,334.095,1000,1000,104,10.0,13
14:53:12,334.287,1001,1000,104,10.0,13
14:53:12,334.487,997,1000,104,10.0,13
14:53:12,334.686,995,1000,104,10.0,13
14:53:12,334.888,997,1000,104,10.0,13
14:53:12,335.088,998,1000,104,10.0,13
14:53:13,335.29,997,1000,104,10.0,13
14:53:13,335.49,998,1000,104,10.0,13
14:53:13,335.691,999,1000,104,10.0,13
14:53:13,335.891,1000,1000,104,10.0,13
14:53:13,336.083,997,1000,104,10.0,13
14:53:14,336.283,994,1000,104,10.0,13
14:53:14,336.483,996,1000,104,10.0,13
14:53:14,336.682,997,1000,104,10.0,13
14:53:14,336.885,996,1000,104,10.0,13
14:53:14,337.087,998,1000,104,10.0,13
14:53:15,337.286,999,1000,104,10.0,13
14:53:15,337.487,1000,1000,104,10.0,13
14:53:15,337.68,997,1000,104,10.0,13
14:53:15,337.888,998,1000,104,10.0,13
14:53:15,338.087,999,1000,104,10.0,13
14:53:16,338.277,1000,1000,104,10.0,13
14:53:16,338.478,996,1000,104,10.0,13
14:53:16,338.677,998,1000,104,10.0,13
14:53:16,338.876,999,1000,104,10.0,13
14:53:16,339.077,999,1000,104,10.0,13
14:53:17,339.279,996,1000,104,10.0,13
14:53:17,339.481,998,1000,104,10.0,13
14:53:17,339.683,999,1000,104,10.0,13
14:53:17,339.874,1000,1000,104,10.0,13
14:53:17,340.073,996,1000,104,10.0,13
14:53:18,340.273,997,1000,104,10.0,13
14:53:18,340.473,998,1000,104,10.0,13
14:53:18,340.675,999,1000,104,10.0,13
14:53:18,340.875,995,1000,104,10.0,13
14:53:18,341.075,997,1000,104,10.0,13
14:53:19,341.278,998,1000,104,10.0,13
14:53:19,341.469,999,1000,104,10.0,13
14:53:19,341.668,996,1000,104,10.0,13
14:53:19,341.87,997,1000,104,10.0,13
14:53:19,342.073,998,1000,104,10.0,13
14:53:20,342.274,997,1000,104,10.0,13
14:53:20,342.475,994,1000,104,10.0,14
14:53:20,342.667,996,1000,104,10.0,13
14:53:20,342.866,997,1000,104,10.0,13
14:53:20,343.064,998,1000,104,10.0,13
14:53:21,343.267,995,1000,104,10.0,13
14:53:21,343.469,997,1000,104,10.0,13
14:53:21,343.669,998,1000,104,10.0,13
14:53:21,343.872,996,1000,104,10.0,13
14:53:21,344.062,997,1000,104,10.0,13
14:53:22,344.261,998,1000,104,10.0,13
14:53:22,344.462,999,1000,104,10.0,13
14:53:22,344.663,996,1000,104,10.0,13
14:53:22,344.862,997,1000,104,10.0,13
14:53:22,345.064,998,1000,104,10.0,13
14:53:23,345.264,998,1000,104,10.0,13
14:53:23,345.465,995,1000,104,10.0,13
14:53:23,345.657,996,1000,104,10.0,13
14:53:23,345.858,997,1000,104,10.0,13
14:53:23,346.057,998,1000,104,10.0,13
14:53:24,346.259,995,1000,104,10.0,13
14:53:24,346.459,996,1000,104,10.0,13
14:53:24,346.66,997,1000,104,10.0,13
14:53:24,346.862,996,1000,104,10.0,13
14:53:24,347.055,993,1000,104,10.0,14
14:53:25,347.255,995,1000,104,10.0,13
14:53:25,347.453,996,1000,104,10.0,13
14:53:25,347.655,996,1000,104,10.0,13
14:53:25,347.858,996,1000,104,10.0,13
14:53:25,348.059,997,1000,104,10.0,13
14:53:26,348.251,998,1000,104,10.0,13
14:53:26,348.451,995,1000,104,10.0,13
14:53:26,348.65,996,1000,104,10.0,13
14:53:26,348.852,997,1000,104,10.0,13
14:53:26,349.054,998,1000,104,10.0,13
14:53:27,349.255,995,1000,104,10.0,13
14:53:27,349.456,997,1000,104,10.0,13
14:53:27,349.658,998,1000,104,10.0,13
14:53:27,349.847,999,1000,104,10.0,13
14:53:27,350.048,995,1000,104,10.0,13
14:53:28,350.25,997,1000,104,10.0,13
14:53:28,350.451,998,1000,104,10.0,13
14:53:28,350.652,997,1000,104,10.0,13
14:53:28,350.849,997,1000,104,10.0,13
14:53:28,351.051,998,1000,104,10.0,13
14:53:29,351.243,999,1000,104,10.0,13
14:53:29,351.443,996,1000,104,10.0,13
14:53:29,351.643,994,1000,104,10.0,14
14:53:29,351.844,996,1000,104,10.0,13
14:53:29,352.047,997,1000,104,10.0,13
14:53:30,352.244,994,1000,104,10.0,14
14:53:30,352.449,996,1000,104,10.0,13
14:53:30,352.648,997,1000,104,10.0,13
14:53:30,352.839,998,1000,104,10.0,13
14:53:30,353.045,995,1000,104,10.0,13
14:53:31,353.237,996,1000,104,10.0,13
14:53:31,353.445,997,1000,104,10.0,13
14:53:31,353.636,996,1000,104,10.0,13
14:53:31,353.844,993,1000,104,10.0,14
14:53:31,354.036,995,1000,104,10.0,13
14:53:32,354.237,996,1000,104,10.0,13
14:53:32,354.439,997,1000,104,10.0,13
14:53:32,354.641,994,1000,104,10.0,14
14:53:32,354.841,997,1000,104,10.0,13
14:53:32,355.028,1000,1000,104,10.0,13
14:53:33,355.237,1000,1000,104,10.0,13
14:53:33,355.428,997,1000,104,10.0,13
14:53:33,355.634,998,1000,104,10.0,13
14:53:33,355.826,999,1000,104,10.0,13
14:53:33,356.034,999,1000,104,10.0,13
14:53:34,356.236,996,1000,104,10.0,13
14:53:34,356.438,997,1000,104,10.0,13
14:53:34,356.638,998,1000,104,10.0,13
14:53:34,356.828,996,1000,104,10.0,13
14:53:34,357.028,997,1000,104,10.0,13
14:53:35,357.229,998,1000,104,10.0,13
14:53:35,357.429,999,1000,104,10.0,13
14:53:35,357.629,995,1000,104,10.0,13
14:53:35,357.831,996,1000,104,10.0,13
14:53:35,358.032,997,1000,104,10.0,13
14:53:36,358.234,998,1000,104,10.0,13
14:53:36,358.432,994,1000,104,10.0,14
14:53:36,358.625,997,1000,104,10.0,13
14:53:36,358.823,998,1000,104,10.0,13
14:53:36,359.025,995,1000,104,10.0,13
14:53:37,359.228,996,1000,104,10.0,13
14:53:37,359.429,997,1000,104,10.0,13
14:53:37,359.621,998,1000,104,10.0,13
14:53:37,359.821,995,1000,104,10.0,13
14:53:37,360.022,996,1000,104,10.0,13
14:53:38,360.224,998,1000,104,10.0,13
14:53:38,360.427,995,1000,104,10.0,13
14:53:38,360.618,992,1000,104,10.0,14
14:53:38,360.816,996,1000,104,10.0,13
14:53:38,361.028,996,1000,104,10.0,13
14:53:39,361.219,993,1000,104,10.0,14
14:53:39,361.411,997,1000,104,10.0,13
14:53:39,361.618,997,1000,104,10.0,13
14:53:39,361.808,995,1000,104,10.0,13
14:53:39,362.017,996,1000,104,10.0,13
14:53:40,362.22,997,1000,104,10.0,13
14:53:40,362.421,998,1000,104,10.0,13
14:53:40,362.612,995,1000,104,10.0,13
14:53:40,362.812,997,1000,104,10.0,13
14:53:40,363.013,998,1000,104,10.0,13
14:53:41,363.215,995,1000,104,10.0,13
14:53:41,363.417,992,1000,104,10.0,14
14:53:41,363.618,996,1000,104,10.0,14
14:53:41,363.809,996,1000,104,10.0,14
14:53:41,364.009,995,1000,104,10.0,14
14:53:42,364.209,999,1000,104,10.0,14
14:53:42,364.411,998,1000,104,10.0,14
14:53:42,364.602,1001,1000,104,10.0,14
14:53:42,364.81,999,1000,104,10.0,14
14:53:42,365.002,1002,1000,104,10.0,14
14:53:43,365.207,1005,1000,104,10.0,13
14:53:43,365.406,1001,1000,104,10.0,13
14:53:43,365.609,1002,1000,104,10.0,13
14:53:43,365.811,1002,1000,104,10.0,13
14:53:43,366.011,998,1000,104,10.0,13
14:53:44,366.203,999,1000,104,10.0,13
14:53:44,366.402,1000,1000,104,10.0,13
14:53:44,366.602,1000,1000,104,10.0,13
14:53:44,366.805,998,1000,104,10.0,13
14:53:44,367.006,999,1000,104,10.0,13
14:53:45,367.207,1000,1000,104,10.0,13
14:53:45,367.409,1000,1000,104,10.0,13
14:53:45,367.599,996,1000,104,10.0,13
14:53:45,367.798,997,1000,104,10.0,13
14:53:45,367.999,998,1000,104,10.0,13
14:53:46,368.207,999,1000,104,10.0,13
14:53:46,368.396,996,1000,104,10.0,13
14:53:46,368.603,997,1000,104,10.0,13
14:53:46,368.794,998,1000,104,10.0,13
14:53:46,369.002,995,1000,104,10.0,13
14:53:47,369.194,993,1000,104,10.0,14
14:53:47,369.394,997,1000,104,10.0,14
14:53:47,369.595,996,1000,104,10.0,14
14:53:47,369.798,996,1000,104,10.0,14
14:53:47,370.0,999,1000,104,10.0,14
14:53:48,370.202,998,1000,104,10.0,14
14:53:48,370.39,1001,1000,104,10.0,14
14:53:48,370.592,999,1000,104,10.0,14
14:53:48,370.795,1000,1000,104,10.0,14
14:53:48,370.998,1002,1000,104,10.0,14
14:53:49,371.197,1002,1000,104,10.0,14
14:53:49,371.397,1004,1000,104,10.0,14
14:53:49,371.589,1002,1000,104,10.0,14
14:53:49,371.787,1004,1000,104,10.0,14
14:53:49,371.987,1006,1000,104,10.0,13
14:53:50,372.189,1005,1000,104,10.0,13
14:53:50,372.38,1002,1000,104,10.0,13
14:53:50,372.587,998,1000,104,10.0,13
14:53:50,372.794,999,1000,104,10.0,13
14:53:50,372.986,1000,1000,104,10.0,13
14:53:51,373.188,1001,1000,104,10.0,13
14:53:51,373.392,997,1000,104,10.0,13
14:53:51,373.583,998,1000,104,10.0,13
14:53:51,373.781,999,1000,104,10.0,13
14:53:51,373.982,995,1000,104,10.0,13
14:53:52,374.183,992,1000,104,10.0,14
14:53:52,374.385,995,1000,104,10.0,14
14:53:52,374.585,998,1000,104,10.0,14
14:53:52,374.788,1000,1000,104,10.0,14
14:53:52,374.979,998,1000,104,10.0,14
14:53:53,375.173,1001,1000,104,10.0,14
14:53:53,375.382,1002,1000,104,10.0,14
14:53:53,375.573,1004,1000,104,10.0,14
14:53:53,375.781,1003,1000,104,10.0,14
14:53:53,375.973,1000,1000,104,10.0,14
14:53:54,376.178,1002,1000,104,10.0,14
14:53:54,376.38,1003,1000,104,10.0,14
14:53:54,376.583,1005,1000,104,10.0,13
14:53:54,376.785,1002,1000,104,10.0,13
14:53:54,376.974,1001,1000,104,10.0,13
14:53:55,377.174,1000,1000,104,10.0,13
14:53:55,377.374,1000,1000,104,10.0,13
14:53:55,377.575,996,1000,104,10.0,13
14:53:55,377.778,996,1000,104,10.0,13
14:53:55,377.979,996,1000,104,10.0,13
14:53:56,378.181,995,1000,104,10.0,13
14:53:56,378.37,996,1000,104,10.0,13
14:53:56,378.569,996,1000,104,10.0,13
14:53:56,378.77,997,1000,104,10.0,13
14:53:56,378.973,993,1000,104,10.0,14
14:53:57,379.174,997,1000,104,10.0,14
14:53:57,379.376,1000,1000,104,10.0,14
14:53:57,379.568,1001,1000,104,10.0,14
14:53:57,379.767,999,1000,104,10.0,14
14:53:57,379.969,1001,1000,104,10.0,14
14:53:58,380.169,1003,1000,104,10.0,14
14:53:58,380.37,1005,1000,104,10.0,13
14:53:58,380.572,1004,1000,104,10.0,13
14:53:58,380.772,999,1000,104,10.0,13
14:53:58,380.963,999,1000,104,10.0,13
14:53:59,381.161,999,1000,104,10.0,13
14:53:59,381.363,996,1000,104,10.0,13
14:53:59,381.57,993,1000,104,10.0,14
14:53:59,381.762,996,1000,104,10.0,14
14:53:59,381.969,999,1000,104,10.0,14
14:54:00,382.16,1002,1000,104,10.0,14
14:54:00,382.361,1000,1000,104,10.0,14
14:54:00,382.562,1002,1000,104,10.0,14
14:54:00,382.764,1004,1000,104,10.0,14
14:54:00,382.966,1006,1000,104,10.0,13
14:54:01,383.168,1004,1000,104,10.0,13
14:54:01,383.357,1000,1000,104,10.0,13
14:54:01,383.556,1000,1000,104,10.0,13
14:54:01,383.757,1000,1000,104,10.0,13
14:54:01,383.958,999,1000,104,10.0,13
14:54:02,384.163,997,1000,104,10.0,13
14:54:02,384.353,998,1000,104,10.0,13
14:54:02,384.553,998,1000,104,10.0,13
14:54:02,384.753,994,1000,104,10.0,14
14:54:02,384.953,996,1000,104,10.0,14
14:54:02,385.155,999,1000,104,10.0,14
14:54:03,385.354,1001,1000,104,10.0,14
14:54:03,385.556,1004,1000,104,10.0,14
14:54:03,385.757,1001,1000,104,10.0,14
14:54:03,385.957,1003,1000,104,10.0,14
14:54:03,386.157,1005,1000,104,10.0,13
14:54:04,386.348,1004,1000,104,10.0,13
14:54:04,386.555,1000,1000,104,10.0,13
14:54:04,386.746,996,1000,104,10.0,13
14:54:04,386.953,997,1000,104,10.0,13
14:54:04,387.146,997,1000,104,10.0,13
14:54:05,387.346,994,1000,104,10.0,14
14:54:05,387.545,997,1000,104,10.0,14
14:54:05,387.744,1000,1000,104,10.0,14
14:54:05,387.947,1002,1000,104,10.0,14
14:54:05,388.15,1003,1000,104,10.0,14
14:54:06,388.353,1000,1000,104,10.0,14
14:54:06,388.543,1003,1000,104,10.0,14
14:54:06,388.742,1004,1000,104,10.0,14
14:54:06,388.941,1006,1000,104,10.0,13
14:54:06,389.145,1005,1000,104,10.0,13
14:54:07,389.347,999,1000,104,10.0,13
14:54:07,389.548,999,1000,104,10.0,13
14:54:07,389.74,999,1000,104,10.0,13
14:54:07,389.938,999,1000,104,10.0,13
14:54:07,390.141,996,1000,104,10.0,13
14:54:08,390.332,997,1000,104,10.0,13
14:54:08,390.539,997,1000,104,10.0,13
14:54:08,390.732,993,1000,104,10.0,14
14:54:08,390.936,997,1000,104,10.0,13
14:54:08,391.14,1000,1000,104,10.0,13
14:54:09,391.334,1000,1000,104,10.0,13
14:54:09,391.534,995,1000,104,10.0,13
14:54:09,391.734,996,1000,104,10.0,13
14:54:09,391.932,996,1000,104,10.0,13
14:54:09,392.132,994,1000,104,10.0,14
14:54:10,392.334,992,1000,104,10.0,14
14:54:10,392.535,996,1000,104,10.0,14
14:54:10,392.738,999,1000,104,10.0,14
14:54:10,392.94,1001,1000,104,10.0,14
14:54:10,393.125,1002,1000,104,10.0,14
14:54:11,393.331,999,1000,104,10.0,14
14:54:11,393.523,1002,1000,104,10.0,14
14:54:11,393.73,1004,1000,104,10.0,14
14:54:11,393.936,1005,1000,104,10.0,13
14:54:11,394.127,1004,1000,104,10.0,14
14:54:12,394.326,999,1000,104,10.0,14
14:54:12,394.528,999,1000,104,10.0,14
14:54:12,394.729,1001,1000,104,10.0,14
14:54:12,394.931,1003,1000,104,10.0,14
14:54:12,395.124,1001,1000,104,10.0,14
14:54:13,395.333,1002,1000,104,10.0,14
14:54:13,395.524,1004,1000,104,10.0,14
14:54:13,395.717,1005,1000,104,10.0,13
14:54:13,395.925,1004,1000,104,10.0,14
14:54:13,396.13,999,1000,104,10.0,14
14:54:14,396.331,999,1000,104,10.0,14
14:54:14,396.521,1002,1000,104,10.0,14
14:54:14,396.72,1004,1000,104,10.0,14
14:54:14,396.919,1004,1000,104,10.0,14
14:54:14,397.121,1001,1000,104,10.0,14
14:54:15,397.319,1003,1000,104,10.0,14
14:54:15,397.522,1005,1000,104,10.0,13
14:54:15,397.723,1004,1000,104,10.0,13
14:54:15,397.924,1002,1000,104,10.0,13
14:54:15,398.125,999,1000,104,10.0,13
14:54:16,398.317,999,1000,104,10.0,13
14:54:16,398.509,999,1000,104,10.0,13
14:54:16,398.716,995,1000,104,10.0,13
14:54:16,398.907,996,1000,104,10.0,13
14:54:16,399.116,996,1000,104,10.0,13
14:54:17,399.318,993,1000,104,10.0,14
14:54:17,399.519,991,1000,104,10.0,14
14:54:17,399.72,995,1000,104,10.0,14
14:54:17,399.92,999,1000,104,10.0,14
14:54:17,400.111,1001,1000,104,10.0,14
14:54:18,400.311,999,1000,104,10.0,14
14:54:18,400.512,1001,1000,104,10.0,14
14:54:18,400.713,1003,1000,104,10.0,14
14:54:18,400.916,1005,1000,104,10.0,13
14:54:18,401.108,1004,1000,104,10.0,14
14:54:19,401.307,1000,1000,104,10.0,14
14:54:19,401.507,1000,1000,104,10.0,14
14:54:19,401.711,1002,1000,104,10.0,14
14:54:19,401.914,1004,1000,104,10.0,14
14:54:19,402.107,1002,1000,104,10.0,14
14:54:20,402.314,1003,1000,104,10.0,14
14:54:20,402.505,1005,1000,104,10.0,13
14:54:20,402.698,1003,1000,104,10.0,13
14:54:20,402.906,1002,1000,104,10.0,13
14:54:20,403.111,998,1000,104,10.0,13
14:54:21,403.31,998,1000,104,10.0,13
14:54:21,403.51,998,1000,104,10.0,13
14:54:21,403.701,995,1000,104,10.0,13
14:54:21,403.901,996,1000,104,10.0,13
14:54:21,404.101,996,1000,104,10.0,13
14:54:22,404.301,996,1000,104,10.0,13
14:54:22,404.504,995,1000,104,10.0,13
14:54:22,404.706,996,1000,104,10.0,13
14:54:22,404.898,996,1000,104,10.0,13
14:54:22,405.093,993,1000,104,10.0,14
14:54:23,405.3,995,1000,104,10.0,14
14:54:23,405.493,998,1000,104,10.0,14
14:54:23,405.7,1001,1000,104,10.0,14
14:54:23,405.891,1002,1000,104,10.0,14
14:54:23,406.097,999,1000,104,10.0,14
14:54:24,406.299,1002,1000,104,10.0,14
14:54:24,406.499,1003,1000,104,10.0,14
14:54:24,406.702,1005,1000,104,10.0,13
14:54:24,406.893,1005,1000,104,10.0,13
14:54:24,407.092,999,1000,104,10.0,13
14:54:25,407.292,999,1000,104,10.0,13
14:54:25,407.493,999,1000,104,10.0,13
14:54:25,407.695,994,1000,104,10.0,14
14:54:25,407.897,997,1000,104,10.0,14
14:54:25,408.097,1000,1000,104,10.0,14
14:54:26,408.29,1002,1000,104,10.0,14
14:54:26,408.489,1000,1000,104,10.0,14
14:54:26,408.688,997,1000,104,10.0,14
14:54:26,408.888,1000,1000,104,10.0,14
14:54:26,409.097,1001,1000,104,10.0,14
14:54:27,409.287,1003,1000,104,10.0,14
14:54:27,409.486,1002,1000,104,10.0,14
14:54:27,409.686,999,1000,104,10.0,14
14:54:27,409.886,1001,1000,104,10.0,14
14:54:27,410.086,1003,1000,104,10.0,14
14:54:28,410.288,1004,1000,104,10.0,14
14:54:28,410.492,1004,1000,104,10.0,14
14:54:28,410.693,1001,1000,104,10.0,14
14:54:28,410.883,1003,1000,104,10.0,14
14:54:28,411.076,1004,1000,104,10.0,14
14:54:29,411.284,1005,1000,104,10.0,13
14:54:29,411.475,1004,1000,104,10.0,13
14:54:29,411.683,1001,1000,104,10.0,13
14:54:29,411.875,1000,1000,104,10.0,13
14:54:29,412.083,999,1000,104,10.0,13
14:54:30,412.283,995,1000,104,10.0,13
14:54:30,412.483,995,1000,104,10.0,13
14:54:30,412.684,995,1000,104,10.0,13
14:54:30,412.888,991,1000,104,10.0,14
14:54:30,413.077,993,1000,104,10.0,14
14:54:31,413.286,996,1000,104,10.0,14
14:54:31,413.478,997,1000,104,10.0,14
14:54:31,413.675,995,1000,104,10.0,14
14:54:31,413.875,998,1000,104,10.0,14
14:54:31,414.076,1000,1000,104,10.0,14
14:54:32,414.267,1002,1000,104,10.0,14
14:54:32,414.475,1001,1000,104,10.0,14
14:54:32,414.666,1000,1000,104,10.0,14
14:54:32,414.873,1002,1000,104,10.0,14
14:54:32,415.079,1003,1000,104,10.0,14
14:54:33,415.28,1004,1000,104,10.0,14
14:54:33,415.471,1003,1000,104,10.0,14
14:54:33,415.671,1002,1000,104,10.0,14
14:54:33,415.87,1003,1000,104,10.0,14
14:54:33,416.069,1005,1000,104,10.0,13
14:54:34,416.27,1003,1000,104,10.0,14
14:54:34,416.468,997,1000,104,10.0,14
14:54:34,416.669,998,1000,104,10.0,14
14:54:34,416.872,1000,1000,104,10.0,14
14:54:34,417.06,1001,1000,104,10.0,14
14:54:35,417.267,999,1000,104,10.0,14
14:54:35,417.474,1001,1000,104,10.0,14
14:54:35,417.665,1002,1000,104,10.0,14
14:54:35,417.872,1003,1000,104,10.0,14
14:54:35,418.064,1001,1000,104,10.0,14
14:54:36,418.264,998,1000,104,10.0,14
14:54:36,418.465,1000,1000,104,10.0,14
14:54:36,418.666,1002,1000,104,10.0,14
14:54:36,418.867,1003,1000,104,10.0,14
14:54:36,419.069,1001,1000,104,10.0,14
14:54:37,419.272,998,1000,104,10.0,14
14:54:37,419.46,1000,1000,104,10.0,14
14:54:37,419.66,1002,1000,104,10.0,14
14:54:37,419.861,1003,1000,104,10.0,14
14:54:37,420.061,1001,1000,104,10.0,14
14:54:38,420.267,1002,1000,104,10.0,14
14:54:38,420.458,1003,1000,104,10.0,14
14:54:38,420.665,1004,1000,104,10.0,14
14:54:38,420.857,1005,1000,104,10.0,13
14:54:38,421.065,1001,1000,104,10.0,13
14:54:39,421.257,1000,1000,104,10.0,13
14:54:39,421.455,999,1000,104,10.0,13
14:54:39,421.654,996,1000,104,10.0,13
14:54:39,421.855,996,1000,104,10.0,13
14:54:39,422.056,996,1000,104,10.0,13
14:54:40,422.261,994,1000,104,10.0,14
14:54:40,422.459,996,1000,104,10.0,14
14:54:40,422.662,999,1000,104,10.0,14
14:54:40,422.852,1001,1000,104,10.0,14
14:54:40,423.044,1001,1000,104,10.0,14
14:54:41,423.251,998,1000,104,10.0,14
14:54:41,423.443,1000,1000,104,10.0,14
14:54:41,423.651,1002,1000,104,10.0,14
14:54:41,423.842,1003,1000,104,10.0,14
14:54:41,424.051,1002,1000,104,10.0,14
14:54:42,424.253,1001,1000,104,10.0,14
14:54:42,424.456,1003,1000,104,10.0,14
14:54:42,424.647,1004,1000,104,10.0,14
14:54:42,424.846,1005,1000,104,10.0,13
14:54:42,425.046,1001,1000,104,10.0,13
14:54:43,425.246,1000,1000,104,10.0,13
14:54:43,425.445,1000,1000,104,10.0,13
14:54:43,425.646,998,1000,104,10.0,13
14:54:43,425.848,997,1000,104,10.0,13
14:54:43,426.049,997,1000,104,10.0,13
14:54:44,426.249,997,1000,104,10.0,13
14:54:44,426.451,993,1000,104,10.0,14
14:54:44,426.642,995,1000,104,10.0,14
14:54:44,426.841,998,1000,104,10.0,14
14:54:44,427.045,1001,1000,104,10.0,14
14:54:45,427.236,1000,1000,104,10.0,14
14:54:45,427.444,1000,1000,104,10.0,14
14:54:45,427.635,1002,1000,104,10.0,14
14:54:45,427.845,1004,1000,104,10.0,14
14:54:45,428.039,1005,1000,104,10.0,13
14:54:46,428.238,1004,1000,104,10.0,14
14:54:46,428.439,1001,1000,104,10.0,14
14:54:46,428.64,1001,1000,104,10.0,14
14:54:46,428.841,1003,1000,104,10.0,14
14:54:46,429.045,1000,1000,104,10.0,14
14:54:47,429.237,1002,1000,104,10.0,14
14:54:47,429.429,1004,1000,104,10.0,14
14:54:47,429.636,1005,1000,104,10.0,13
14:54:47,429.843,1003,1000,104,10.0,13
14:54:47,430.034,998,1000,104,10.0,13
14:54:48,430.235,998,1000,104,10.0,13
14:54:48,430.437,998,1000,104,10.0,13
14:54:48,430.638,995,1000,104,10.0,13
14:54:48,430.84,995,1000,104,10.0,13
14:54:48,431.031,996,1000,104,10.0,13
14:54:49,431.23,995,1000,104,10.0,13
14:54:49,431.429,995,1000,104,10.0,13
14:54:49,431.63,996,1000,104,10.0,13
14:54:49,431.831,996,1000,104,10.0,13
14:54:49,432.031,992,1000,104,10.0,14
14:54:50,432.233,994,1000,104,10.0,14
14:54:50,432.434,997,1000,104,10.0,14
14:54:50,432.635,999,1000,104,10.0,14
14:54:50,432.827,997,1000,104,10.0,14
14:54:50,433.028,999,1000,104,10.0,14
14:54:51,433.22,1001,1000,104,10.0,14
14:54:51,433.428,1003,1000,104,10.0,14
14:54:51,433.619,1004,1000,104,10.0,14
14:54:51,433.828,1000,1000,104,10.0,14
14:54:51,434.024,1002,1000,104,10.0,14
14:54:52,434.224,1004,1000,104,10.0,14
14:54:52,434.424,1005,1000,104,10.0,13
14:54:52,434.625,1004,1000,104,10.0,14
14:54:52,434.826,999,1000,104,10.0,14
14:54:52,435.028,1000,1000,104,10.0,14
14:54:53,435.229,1002,1000,104,10.0,14
14:54:53,435.42,1001,1000,104,10.0,14
14:54:53,435.62,999,1000,104,10.0,14
14:54:53,435.822,1001,1000,104,10.0,14
14:54:53,436.025,1003,1000,104,10.0,14
14:54:54,436.228,1004,1000,104,10.0,14
14:54:54,436.418,1004,1000,104,10.0,14
14:54:54,436.618,1001,1000,104,10.0,14
14:54:54,436.818,1003,1000,104,10.0,14
14:54:54,437.029,1004,1000,104,10.0,14
14:54:55,437.22,1005,1000,104,10.0,13
14:54:55,437.411,1003,1000,104,10.0,13
14:54:55,437.619,1001,1000,104,10.0,13
14:54:55,437.811,1000,1000,104,10.0,13
14:54:55,438.019,999,1000,104,10.0,13
14:54:56,438.219,996,1000,104,10.0,13
14:54:56,438.419,996,1000,104,10.0,13
14:54:56,438.62,996,1000,104,10.0,13
14:54:56,438.812,992,1000,104,10.0,14
14:54:56,439.011,994,1000,104,10.0,14
14:54:57,439.21,997,1000,104,10.0,14
14:54:57,439.413,998,1000,104,10.0,14
14:54:57,439.615,996,1000,104,10.0,14
14:54:57,439.818,997,1000,104,10.0,14
14:54:57,440.008,998,1000,104,10.0,14
14:54:58,440.208,999,1000,104,10.0,14
14:54:58,440.409,994,1000,104,10.0,14
14:54:58,440.61,995,1000,104,10.0,14
14:54:58,440.812,995,1000,104,10.0,14
14:54:58,441.012,990,1000,104,10.0,14
14:54:59,441.205,990,1000,104,10.0,14
14:54:59,441.405,993,1000,104,10.0,14
14:54:59,441.604,991,1000,104,10.0,14
14:54:59,441.804,993,1000,104,10.0,14
14:54:59,442.005,995,1000,104,10.0,14
14:55:00,442.204,993,1000,104,10.0,14
14:55:00,442.398,988,1000,104,10.0,14
14:55:00,442.604,991,1000,104,10.0,14
14:55:00,442.8,992,1000,104,10.0,14
14:55:00,443.001,990,1000,104,10.0,14
14:55:01,443.205,994,1000,104,10.0,14
14:55:01,443.405,995,1000,104,10.0,14
14:55:01,443.599,992,1000,104,10.0,14
14:55:01,443.799,994,1000,105,10.0,14
14:55:01,443.999,996,1000,105,10.0,14
14:55:02,444.198,998,1000,105,10.0,14
14:55:02,444.399,995,1000,105,10.0,14
14:55:02,444.601,998,1000,105,10.0,14
14:55:02,444.802,1000,1000,105,10.0,14
14:55:02,445.005,1002,1000,105,10.0,14
14:55:03,445.189,1004,1000,105,10.0,14
14:55:03,445.398,1002,1000,105,10.0,14
14:55:03,445.59,1006,1000,104,10.0,14
14:55:03,445.798,1010,1000,104,10.0,13
14:55:03,445.99,1005,1000,104,10.0,14
14:55:04,446.194,1007,1000,104,10.0,14
14:55:04,446.394,1008,1000,104,10.0,13
14:55:04,446.597,1008,1000,104,10.0,13
14:55:04,446.799,1007,1000,104,10.0,13
14:55:04,447.001,1006,1000,104,10.0,13
14:55:05,447.19,1003,1000,104,10.0,14
14:55:05,447.39,1004,1000,104,10.0,14
14:55:05,447.59,1005,1000,104,10.0,13
14:55:05,447.793,1006,1000,104,10.0,13
14:55:05,447.995,1004,1000,104,10.0,14
14:55:06,448.188,999,1000,104,10.0,14
14:55:06,448.395,1001,1000,104,10.0,14
14:55:06,448.586,1002,1000,104,10.0,14
14:55:06,448.793,1003,1000,104,10.0,14
14:55:06,448.984,1000,1000,104,10.0,14
14:55:07,449.187,997,1000,104,10.0,14
14:55:07,449.389,999,1000,104,10.0,14
14:55:07,449.592,1000,1000,104,10.0,14
14:55:07,449.794,1001,1000,104,10.0,14
14:55:07,449.984,997,1000,104,10.0,14
14:55:08,450.182,999,1000,104,10.0,14
14:55:08,450.383,1000,1000,104,10.0,14
14:55:08,450.584,1000,1000,104,10.0,14
14:55:08,450.787,998,1000,104,10.0,14
14:55:08,450.988,999,1000,104,10.0,14
14:55:09,451.188,1000,1000,104,10.0,14
14:55:09,451.38,1000,1000,104,10.0,14
14:55:09,451.588,997,1000,104,10.0,14
14:55:09,451.779,998,1000,104,10.0,14
14:55:09,451.987,998,1000,104,10.0,14
14:55:10,452.178,996,1000,104,10.0,14
14:55:10,452.378,996,1000,104,10.0,14
14:55:10,452.578,994,1000,104,10.0,14
14:55:10,452.78,992,1000,104,10.0,14
14:55:10,452.981,995,1000,104,10.0,14
14:55:11,453.183,997,1000,104,10.0,14
14:55:11,453.382,997,1000,104,10.0,14
14:55:11,453.584,993,1000,104,10.0,14
14:55:11,453.775,995,1000,104,10.0,14
14:55:11,453.973,997,1000,104,10.0,14
14:55:12,454.173,994,1000,104,10.0,14
14:55:12,454.38,991,1000,104,10.0,14
14:55:12,454.572,994,1000,104,10.0,14
14:55:12,454.78,997,1000,104,10.0,14
14:55:12,454.972,1000,1000,104,10.0,14
14:55:13,455.179,997,1000,104,10.0,14
14:55:13,455.379,994,1000,104,10.0,14
14:55:13,455.569,997,1000,104,10.0,14
14:55:13,455.769,1000,1000,104,10.0,14
14:55:13,455.968,1000,1000,104,10.0,14
14:55:14,456.173,998,1000,104,10.0,14
14:55:14,456.366,998,1000,104,10.0,14
14:55:14,456.573,998,1000,104,10.0,14
14:55:14,456.767,994,1000,104,10.0,14
14:55:14,456.971,997,1000,104,10.0,14
14:55:15,457.164,1000,1000,104,10.0,14
14:55:15,457.365,1002,1000,104,10.0,14
14:55:15,457.564,999,1000,104,10.0,14
14:55:15,457.765,997,1000,104,10.0,14
14:55:15,457.968,1000,1000,104,10.0,14
14:55:16,458.169,1002,1000,104,10.0,14
14:55:16,458.37,1003,1000,104,10.0,14
14:55:16,458.568,1000,1000,104,10.0,14
14:55:16,458.77,998,1000,104,10.0,14
14:55:16,458.961,1000,1000,104,10.0,14
14:55:17,459.163,1003,1000,104,10.0,14
14:55:17,459.363,1004,1000,104,10.0,14
14:55:17,459.554,1003,1000,104,10.0,14
14:55:17,459.759,1002,1000,104,10.0,14
14:55:17,459.968,1004,1000,104,10.0,14
14:55:18,460.161,1005,1000,104,10.0,14
14:55:18,460.357,1003,1000,104,10.0,14
14:55:18,460.56,999,1000,104,10.0,14
14:55:18,460.761,998,1000,104,10.0,14
14:55:18,460.96,998,1000,104,10.0,14
14:55:19,461.163,995,1000,104,10.0,14
14:55:19,461.364,995,1000,104,10.0,14
14:55:19,461.562,996,1000,104,10.0,14
14:55:19,461.763,994,1000,104,10.0,14
14:55:19,461.953,997,1000,104,10.0,14
14:55:19,462.156,999,1000,104,10.0,14
14:55:20,462.347,1001,1000,104,10.0,14
14:55:20,462.555,1001,1000,104,10.0,14
14:55:20,462.747,998,1000,104,10.0,14
14:55:20,462.955,1000,1000,104,10.0,14
14:55:21,463.16,1002,1000,104,10.0,14
14:55:21,463.35,1004,1000,104,10.0,14
14:55:21,463.549,1004,1000,104,10.0,14
14:55:21,463.748,1001,1000,104,10.0,14
14:55:21,463.95,1003,1000,104,10.0,14
14:55:21,464.151,1004,1000,104,10.0,14
14:55:22,464.354,1005,1000,104,10.0,14
14:55:22,464.555,1003,1000,104,10.0,14
14:55:22,464.755,1001,1000,104,10.0,14
14:55:22,464.946,1000,1000,104,10.0,14
14:55:22,465.145,999,1000,104,10.0,14
14:55:23,465.344,996,1000,104,10.0,14
14:55:23,465.545,996,1000,104,10.0,14
14:55:23,465.747,996,1000,104,10.0,14
14:55:23,465.947,992,1000,104,10.0,14
14:55:23,466.14,994,1000,104,10.0,14
14:55:24,466.347,997,1000,104,10.0,14
14:55:24,466.537,998,1000,104,10.0,14
14:55:24,466.743,996,1000,104,10.0,14
14:55:24,466.934,998,1000,104,10.0,14
14:55:24,467.14,1000,1000,104,10.0,14
14:55:25,467.347,1002,1000,104,10.0,14
14:55:25,467.538,1001,1000,104,10.0,14
14:55:25,467.746,1000,1000,104,10.0,14
14:55:25,467.937,1002,1000,104,10.0,14
14:55:25,468.144,1004,1000,104,10.0,14
14:55:26,468.337,1005,1000,104,10.0,14
14:55:26,468.536,1002,1000,104,10.0,14
14:55:26,468.735,1001,1000,104,10.0,14
14:55:26,468.936,1001,1000,104,10.0,14
14:55:26,469.137,1002,1000,104,10.0,14
14:55:27,469.34,998,1000,104,10.0,14
14:55:27,469.54,996,1000,104,10.0,14
14:55:27,469.742,997,1000,104,10.0,14
14:55:27,469.933,996,1000,104,10.0,14
14:55:27,470.141,993,1000,104,10.0,14
14:55:28,470.333,995,1000,104,10.0,14
14:55:28,470.525,997,1000,104,10.0,14
14:55:28,470.735,999,1000,104,10.0,14
14:55:28,470.924,996,1000,104,10.0,14
14:55:28,471.129,997,1000,104,10.0,14
14:55:29,471.33,999,1000,104,10.0,14
14:55:29,471.533,1000,1000,104,10.0,14
14:55:29,471.734,997,1000,104,10.0,14
14:55:29,471.935,998,1000,104,10.0,14
14:55:29,472.127,999,1000,104,10.0,14
14:55:30,472.325,999,1000,104,10.0,14
14:55:30,472.526,995,1000,104,10.0,14
14:55:30,472.73,996,1000,104,10.0,14
14:55:30,472.933,995,1000,104,10.0,14
14:55:30,473.124,989,1000,104,10.0,14
14:55:31,473.322,982,1000,105,10.0,15
14:55:31,473.522,979,1000,105,10.0,15
14:55:31,473.724,984,1000,105,10.0,15
14:55:31,473.927,990,1000,105,10.0,15
14:55:31,474.126,993,1000,105,10.0,15
14:55:32,474.327,996,1000,105,10.0,14
14:55:32,474.528,998,1000,105,10.0,14
14:55:32,474.719,1000,1000,105,10.0,14
14:55:32,474.917,998,1000,105,10.0,14
14:55:32,475.117,1001,1000,105,10.0,14
14:55:33,475.318,1004,1000,105,10.0,14
14:55:33,475.519,1003,1000,105,10.0,14
14:55:33,475.722,1005,1000,105,10.0,14
14:55:33,475.921,1002,1000,105,10.0,14
14:55:33,476.108,1002,1000,105,10.0,14
14:55:34,476.316,1003,1000,105,10.0,14
14:55:34,476.507,1003,1000,105,10.0,14
14:55:34,476.715,1000,1000,105,10.0,14
14:55:34,476.922,1000,1000,105,10.0,14
14:55:34,477.112,1001,1000,105,10.0,14
14:55:35,477.315,1002,1000,105,10.0,14
14:55:35,477.517,1000,1000,105,10.0,14
14:55:35,477.718,1001,1000,105,10.0,14
14:55:35,477.91,1000,1000,105,10.0,14
14:55:35,478.11,999,1000,105,10.0,14
14:55:36,478.311,992,1000,105,10.0,15
14:55:36,478.514,989,1000,105,10.0,15
14:55:36,478.715,981,1000,105,10.0,15
14:55:36,478.917,974,1000,105,10.0,16
14:55:36,479.109,970,1000,105,10.0,16
14:55:37,479.318,967,1000,105,10.0,16
14:55:37,479.507,963,1000,106,10.0,17
14:55:37,479.714,962,1000,106,10.0,17
14:55:37,479.905,969,1000,106,10.0,17
14:55:37,480.112,980,1000,106,10.0,16
14:55:38,480.313,985,1000,106,10.0,16
14:55:38,480.504,992,1000,106,10.0,16
14:55:38,480.703,996,1000,106,10.0,16
14:55:38,480.904,997,1000,106,10.0,16
14:55:38,481.107,996,1000,106,10.0,16
14:55:39,481.311,997,1000,106,10.0,16
14:55:39,481.501,998,1000,106,10.0,16
14:55:39,481.7,994,1000,106,10.0,16
14:55:39,481.9,995,1000,106,10.0,16
14:55:39,482.099,995,1000,106,10.0,16
14:55:40,482.299,990,1000,106,10.0,16
14:55:40,482.502,992,1000,106,10.0,16
14:55:40,482.706,994,1000,106,10.0,16
14:55:40,482.906,989,1000,106,10.0,16
14:55:40,483.098,986,1000,106,10.0,16
14:55:41,483.297,988,1000,106,10.0,16
14:55:41,483.496,986,1000,107,10.0,16
14:55:41,483.696,990,1000,107,10.0,16
14:55:41,483.895,993,1000,107,10.0,16
14:55:41,484.098,990,1000,107,10.0,16
14:55:42,484.299,986,1000,107,10.0,17
14:55:42,484.499,987,1000,107,10.0,17
14:55:42,484.7,984,1000,107,10.0,17
14:55:42,484.901,983,1000,107,10.0,17
14:55:42,485.103,987,1000,107,10.0,17
14:55:43,485.292,987,1000,107,10.0,17
14:55:43,485.491,986,1000,107,10.0,17
14:55:43,485.692,991,1000,107,10.0,17
14:55:43,485.895,995,1000,107,10.0,16
14:55:43,486.093,996,1000,107,10.0,16
14:55:44,486.284,990,1000,107,10.0,17
14:55:44,486.492,990,1000,107,10.0,17
14:55:44,486.683,993,1000,107,10.0,17
14:55:44,486.89,990,1000,107,10.0,17
14:55:44,487.096,994,1000,107,10.0,17
14:55:45,487.288,998,1000,107,10.0,17
14:55:45,487.488,999,1000,107,10.0,17
14:55:45,487.687,999,1000,107,10.0,17
14:55:45,487.89,999,1000,107,10.0,17
14:55:45,488.09,992,1000,107,10.0,17
14:55:46,488.294,993,1000,107,10.0,17
14:55:46,488.485,997,1000,107,10.0,17
14:55:46,488.684,996,1000,107,10.0,17
14:55:46,488.884,991,1000,108,10.0,17
14:55:46,489.083,993,1000,108,10.0,17
14:55:47,489.283,995,1000,108,10.0,17
14:55:47,489.484,994,1000,108,10.0,17
14:55:47,489.684,998,1000,108,10.0,17
14:55:47,489.887,999,1000,108,10.0,17
14:55:47,490.087,1000,1000,108,10.0,17
14:55:48,490.288,1004,1000,108,10.0,17
14:55:48,490.486,1000,1000,108,10.0,17
14:55:48,490.686,998,1000,108,10.0,17
14:55:48,490.887,1001,1000,108,10.0,17
14:55:48,491.076,1005,1000,108,10.0,17
14:55:49,491.283,1008,1000,108,10.0,16
14:55:49,491.475,1015,1000,107,10.0,16
14:55:49,491.681,1013,1000,107,10.0,16
14:55:49,491.873,1010,1000,107,10.0,16
14:55:49,492.079,1009,1000,107,10.0,16
14:55:50,492.281,1008,1000,107,10.0,16
14:55:50,492.482,1004,1000,107,10.0,16
14:55:50,492.681,1004,1000,107,10.0,16
14:55:50,492.882,1003,1000,107,10.0,16
14:55:50,493.074,1002,1000,107,10.0,16
14:55:51,493.273,997,1000,107,10.0,16
14:55:51,493.472,1000,1000,107,10.0,16
14:55:51,493.673,1002,1000,107,10.0,16
14:55:51,493.873,1001,1000,107,10.0,16
14:55:51,494.077,1002,1000,107,10.0,16
14:55:52,494.269,1009,1000,107,10.0,16
14:55:52,494.476,1013,1000,107,10.0,16
14:55:52,494.668,1021,1000,107,10.0,15
14:55:52,494.876,1026,1000,107,10.0,15
14:55:52,495.068,1029,1000,107,10.0,15
14:55:53,495.269,1030,1000,107,10.0,14
14:55:53,495.471,1029,1000,106,10.0,14
14:55:53,495.672,1023,1000,106,10.0,15
14:55:53,495.872,1021,1000,106,10.0,15
14:55:53,496.074,1016,1000,106,10.0,15
14:55:54,496.275,1017,1000,106,10.0,15
14:55:54,496.475,1019,1000,106,10.0,14
14:55:54,496.665,1021,1000,106,10.0,14
14:55:54,496.865,1024,1000,106,10.0,14
14:55:54,497.061,1020,1000,106,10.0,14
14:55:55,497.268,1020,1000,106,10.0,14
14:55:55,497.459,1020,1000,105,10.0,14
14:55:55,497.667,1015,1000,105,10.0,14
14:55:55,497.86,1016,1000,105,10.0,14
14:55:55,498.066,1016,1000,105,10.0,14
14:55:56,498.268,1013,1000,105,10.0,14
14:55:56,498.47,1014,1000,105,10.0,14
14:55:56,498.671,1011,1000,105,10.0,14
14:55:56,498.86,1011,1000,105,10.0,14
14:55:56,499.059,1007,1000,105,10.0,14
14:55:57,499.259,1005,1000,105,10.0,14
14:55:57,499.458,1007,1000,105,10.0,14
14:55:57,499.658,1006,1000,105,10.0,14
14:55:57,499.86,1007,1000,105,10.0,14
14:55:57,500.06,1009,1000,105,10.0,14
14:55:58,500.251,1005,1000,105,10.0,14
14:55:58,500.457,1005,1000,105,10.0,14
14:55:58,500.649,1006,1000,105,10.0,14
14:55:58,500.857,1006,1000,105,10.0,14
14:55:58,501.054,1003,1000,105,10.0,14
14:55:59,501.254,1005,1000,105,10.0,14
14:55:59,501.455,1008,1000,104,10.0,14
14:55:59,501.656,1004,1000,104,10.0,14
14:55:59,501.859,1004,1000,104,10.0,14
14:55:59,502.061,1006,1000,104,10.0,14
14:56:00,502.262,1002,1000,104,10.0,14
14:56:00,502.452,1003,1000,104,10.0,14
14:56:00,502.65,1006,1000,104,10.0,14
14:56:00,502.851,1002,1000,104,10.0,14
14:56:00,503.052,1003,1000,104,10.0,14
14:56:01,503.255,1006,1000,104,10.0,14
14:56:01,503.455,1002,1000,104,10.0,14
14:56:01,503.648,1003,1000,104,10.0,14
14:56:01,503.848,1006,1000,104,10.0,14
14:56:01,504.047,1001,1000,104,10.0,14
14:56:02,504.247,999,1000,104,10.0,14
14:56:02,504.45,1000,1000,104,10.0,14
14:56:02,504.65,1002,1000,104,10.0,14
14:56:02,504.851,1003,1000,104,10.0,14
14:56:02,505.052,999,1000,104,10.0,14
14:56:03,505.252,1001,1000,104,10.0,14
14:56:03,505.451,1003,1000,104,10.0,14
14:56:03,505.652,1004,1000,104,10.0,14
14:56:03,505.843,1004,1000,104,10.0,14
14:56:03,506.043,1001,1000,104,10.0,14
14:56:04,506.242,1003,1000,104,10.0,14
14:56:04,506.442,1005,1000,104,10.0,14
14:56:04,506.642,1005,1000,104,10.0,14
14:56:04,506.84,1003,1000,104,10.0,14
14:56:04,507.041,1005,1000,104,10.0,14
14:56:05,507.241,1006,1000,104,10.0,13
14:56:05,507.441,1007,1000,104,10.0,13
14:56:05,507.644,1006,1000,104,10.0,13
14:56:05,507.846,1001,1000,104,10.0,14
14:56:05,508.047,1003,1000,104,10.0,14
14:56:06,508.237,1004,1000,104,10.0,14
14:56:06,508.436,1001,1000,104,10.0,14
14:56:06,508.639,1003,1000,104,10.0,14
14:56:06,508.841,1005,1000,104,10.0,13
14:56:06,509.046,1006,1000,104,10.0,13
14:56:07,509.233,1002,1000,104,10.0,14
14:56:07,509.439,997,1000,104,10.0,14
14:56:07,509.629,999,1000,104,10.0,14
14:56:07,509.836,1001,1000,104,10.0,14
14:56:07,510.034,1003,1000,104,10.0,14
14:56:08,510.233,1001,1000,104,10.0,14
14:56:08,510.431,998,1000,104,10.0,14
14:56:08,510.637,1001,1000,104,10.0,14
14:56:08,510.839,1002,1000,104,10.0,14
14:56:08,511.029,1004,1000,104,10.0,14
14:56:09,511.236,1003,1000,104,10.0,14
14:56:09,511.428,1002,1000,104,10.0,14
14:56:09,511.635,1003,1000,104,10.0,14
14:56:09,511.828,1005,1000,104,10.0,13
14:56:09,512.037,1005,1000,104,10.0,13
14:56:10,512.237,1003,1000,104,10.0,14
14:56:10,512.427,1002,1000,104,10.0,14
14:56:10,512.626,1003,1000,104,10.0,14
14:56:10,512.826,1005,1000,104,10.0,13
14:56:10,513.026,1004,1000,104,10.0,14
14:56:11,513.227,999,1000,104,10.0,14
14:56:11,513.427,1000,1000,104,10.0,14
14:56:11,513.627,1002,1000,104,10.0,14
14:56:11,513.827,1004,1000,104,10.0,14
14:56:11,514.029,1002,1000,104,10.0,14
14:56:12,514.22,1003,1000,104,10.0,14
14:56:12,514.428,1004,1000,104,10.0,14
14:56:12,514.619,1006,1000,104,10.0,13
14:56:12,514.826,1004,1000,104,10.0,14
14:56:12,515.02,999,1000,104,10.0,14
14:56:13,515.221,1000,1000,104,10.0,14
14:56:13,515.422,1002,1000,104,10.0,14
14:56:13,515.623,1003,1000,104,10.0,14
14:56:13,515.824,1000,1000,104,10.0,14
14:56:13,516.025,998,1000,104,10.0,14
14:56:14,516.225,1000,1000,104,10.0,14
14:56:14,516.424,1002,1000,104,10.0,14
14:56:14,516.616,1003,1000,104,10.0,14
14:56:14,516.816,1000,1000,104,10.0,14
14:56:14,517.015,1002,1000,104,10.0,14
14:56:15,517.215,1004,1000,104,10.0,14
14:56:15,517.417,1005,1000,104,10.0,13
14:56:15,517.619,1002,1000,104,10.0,14
14:56:15,517.819,997,1000,104,10.0,14
14:56:15,518.029,999,1000,104,10.0,14
14:56:16,518.206,1001,1000,104,10.0,14
14:56:16,518.413,1003,1000,104,10.0,14
14:56:16,518.62,1001,1000,104,10.0,14
14:56:16,518.811,1002,1000,104,10.0,14
14:56:16,519.02,1004,1000,104,10.0,14
14:56:17,519.21,1005,1000,104,10.0,13
14:56:17,519.409,1005,1000,104,10.0,13
14:56:17,519.609,999,1000,104,10.0,13
14:56:17,519.811,999,1000,104,10.0,13
14:56:17,520.01,998,1000,104,10.0,13
14:56:18,520.213,995,1000,104,10.0,13
14:56:18,520.412,995,1000,104,10.0,13
14:56:18,520.616,995,1000,104,10.0,13
14:56:18,520.807,993,1000,104,10.0,14
14:56:18,521.005,996,1000,104,10.0,14
14:56:19,521.204,999,1000,104,10.0,14
14:56:19,521.411,1001,1000,104,10.0,14
14:56:19,521.602,1001,1000,104,10.0,14
14:56:19,521.809,998,1000,104,10.0,14
14:56:19,522.0,1000,1000,104,10.0,14
14:56:20,522.203,1002,1000,104,10.0,14
14:56:20,522.405,1004,1000,104,10.0,14
14:56:20,522.608,1003,1000,104,10.0,14
14:56:20,522.809,1000,1000,104,10.0,14
14:56:20,523.0,1002,1000,104,10.0,14
14:56:21,523.201,1003,1000,104,10.0,14
14:56:21,523.4,1005,1000,104,10.0,13
14:56:21,523.599,1002,1000,104,10.0,14
14:56:21,523.802,1001,1000,104,10.0,14
14:56:21,524.004,1001,1000,104,10.0,14
14:56:22,524.207,1003,1000,104,10.0,14
14:56:22,524.397,1001,1000,104,10.0,14
14:56:22,524.596,999,1000,104,10.0,14
14:56:22,524.798,1001,1000,104,10.0,14
14:56:22,525.002,1003,1000,104,10.0,14
14:56:23,525.189,1004,1000,104,10.0,14
14:56:23,525.395,1003,1000,104,10.0,14
14:56:23,525.588,1000,1000,104,10.0,14
14:56:23,525.795,1002,1000,104,10.0,14
14:56:23,526.003,1004,1000,104,10.0,14
14:56:24,526.193,1005,1000,104,10.0,13
14:56:24,526.394,1002,1000,104,10.0,13
14:56:24,526.596,1001,1000,104,10.0,13
14:56:24,526.797,1000,1000,104,10.0,13
14:56:24,526.999,999,1000,104,10.0,13
14:56:25,527.191,995,1000,104,10.0,13
14:56:25,527.391,996,1000,104,10.0,13
14:56:25,527.589,996,1000,104,10.0,13
14:56:25,527.791,992,1000,104,10.0,14
14:56:25,527.993,994,1000,104,10.0,14
14:56:26,528.195,997,1000,104,10.0,14
14:56:26,528.397,1000,1000,104,10.0,14
14:56:26,528.587,999,1000,104,10.0,14
14:56:26,528.787,1000,1000,104,10.0,14
14:56:26,528.989,1002,1000,104,10.0,14
14:56:27,529.187,1003,1000,104,10.0,14
14:56:27,529.379,1005,1000,104,10.0,13
14:56:27,529.587,1003,1000,104,10.0,14
14:56:27,529.778,1001,1000,104,10.0,14
14:56:27,529.986,1003,1000,104,10.0,14
14:56:28,530.192,1004,1000,104,10.0,14
14:56:28,530.383,1002,1000,104,10.0,14
14:56:28,530.582,1003,1000,104,10.0,14
14:56:28,530.784,1004,1000,104,10.0,14
14:56:28,530.984,1005,1000,104,10.0,13
14:56:29,531.186,1004,1000,104,10.0,13
14:56:29,531.388,998,1000,104,10.0,13
14:56:29,531.589,998,1000,104,10.0,13
14:56:29,531.779,998,1000,104,10.0,13
14:56:29,531.978,995,1000,104,10.0,13
14:56:30,532.177,995,1000,104,10.0,13
14:56:30,532.38,996,1000,104,10.0,13
14:56:30,532.578,995,1000,104,10.0,13
14:56:30,532.778,995,1000,104,10.0,13
14:56:30,532.969,995,1000,104,10.0,13
14:56:31,533.176,996,1000,104,10.0,13
14:56:31,533.375,993,1000,104,10.0,14
14:56:31,533.575,995,1000,104,10.0,14
14:56:31,533.775,998,1000,104,10.0,14
14:56:31,533.978,999,1000,104,10.0,14
14:56:32,534.179,997,1000,104,10.0,14
14:56:32,534.382,999,1000,104,10.0,14
14:56:32,534.573,1001,1000,104,10.0,14
14:56:32,534.772,1003,1000,104,10.0,14
14:56:32,534.973,1004,1000,104,10.0,14
14:56:33,535.174,1001,1000,104,10.0,14
14:56:33,535.375,1003,1000,104,10.0,14
14:56:33,535.578,1004,1000,104,10.0,14
14:56:33,535.771,1005,1000,104,10.0,13
14:56:33,535.97,1005,1000,104,10.0,13
14:56:34,536.169,999,1000,104,10.0,13
14:56:34,536.368,999,1000,104,10.0,13
14:56:34,536.57,999,1000,104,10.0,13
14:56:34,536.772,994,1000,104,10.0,14
14:56:34,536.975,995,1000,104,10.0,13
14:56:35,537.176,998,1000,104,10.0,13
14:56:35,537.375,998,1000,104,10.0,13
14:56:35,537.567,996,1000,104,10.0,13
14:56:35,537.775,996,1000,104,10.0,13
14:56:35,537.965,996,1000,104,10.0,13
14:56:36,538.164,997,1000,104,10.0,13
14:56:36,538.365,995,1000,104,10.0,13
14:56:36,538.565,995,1000,104,10.0,13
14:56:36,538.767,996,1000,104,10.0,13
14:56:36,538.968,992,1000,104,10.0,14
14:56:37,539.172,994,1000,104,10.0,14
14:56:37,539.361,997,1000,104,10.0,14
14:56:37,539.561,1000,1000,104,10.0,14
14:56:37,539.761,1000,1000,104,10.0,14
14:56:37,539.963,999,1000,104,10.0,14
14:56:38,540.164,1001,1000,104,10.0,14
14:56:38,540.366,1003,1000,104,10.0,14
14:56:38,540.568,1004,1000,104,10.0,14
14:56:38,540.758,1003,1000,104,10.0,14
14:56:38,540.958,1000,1000,104,10.0,14
14:56:39,541.16,1002,1000,104,10.0,14
14:56:39,541.357,1004,1000,104,10.0,14
14:56:39,541.557,1005,1000,104,10.0,13
14:56:39,541.756,1004,1000,104,10.0,14
14:56:39,541.956,1000,1000,104,10.0,14
14:56:39,542.157,1001,1000,104,10.0,14
14:56:40,542.358,1003,1000,104,10.0,14
14:56:40,542.557,1004,1000,104,10.0,14
14:56:40,542.757,1001,1000,104,10.0,14
14:56:40,542.96,1003,1000,104,10.0,14
14:56:41,543.162,1005,1000,104,10.0,13
14:56:41,543.352,1004,1000,104,10.0,13
14:56:41,543.553,1001,1000,104,10.0,13
14:56:41,543.751,996,1000,104,10.0,13
14:56:41,543.954,997,1000,104,10.0,13
14:56:41,544.155,997,1000,104,10.0,13
14:56:42,544.358,993,1000,104,10.0,14
14:56:42,544.549,996,1000,104,10.0,14
14:56:42,544.749,999,1000,104,10.0,14
14:56:42,544.948,1002,1000,104,10.0,14
14:56:42,545.149,1002,1000,104,10.0,14
14:56:43,545.347,999,1000,104,10.0,14
14:56:43,545.546,1002,1000,104,10.0,14
14:56:43,545.749,1003,1000,104,10.0,14
14:56:43,545.949,1005,1000,104,10.0,13
14:56:43,546.149,1004,1000,104,10.0,14
14:56:44,546.349,999,1000,104,10.0,14
14:56:44,546.547,999,1000,104,10.0,14
14:56:44,546.747,1001,1000,104,10.0,14
14:56:44,546.949,1003,1000,104,10.0,14
14:56:44,547.15,1001,1000,104,10.0,14
14:56:45,547.352,1003,1000,104,10.0,14
14:56:45,547.541,1004,1000,104,10.0,14
14:56:45,547.741,1006,1000,104,10.0,13
14:56:45,547.943,1004,1000,104,10.0,13
14:56:45,548.146,999,1000,104,10.0,13
14:56:46,548.347,999,1000,104,10.0,13
14:56:46,548.539,999,1000,104,10.0,13
14:56:46,548.737,999,1000,104,10.0,13
14:56:46,548.938,995,1000,104,10.0,13
14:56:46,549.138,996,1000,104,10.0,13
14:56:47,549.34,996,1000,104,10.0,13
14:56:47,549.541,993,1000,104,10.0,14
14:56:47,549.744,997,1000,104,10.0,14
14:56:47,549.946,1000,1000,104,10.0,14
14:56:47,550.136,1002,1000,104,10.0,14
14:56:48,550.334,1003,1000,104,10.0,14
14:56:48,550.535,1000,1000,104,10.0,14
14:56:48,550.737,1002,1000,104,10.0,14
14:56:48,550.939,1004,1000,104,10.0,14
14:56:48,551.141,1006,1000,104,10.0,13
14:56:49,551.332,1005,1000,104,10.0,13
14:56:49,551.54,999,1000,104,10.0,13
14:56:49,551.73,999,1000,104,10.0,13
14:56:49,551.931,999,1000,104,10.0,13
14:56:49,552.13,999,1000,104,10.0,13
14:56:50,552.33,997,1000,104,10.0,13
14:56:50,552.53,997,1000,104,10.0,13
14:56:50,552.727,998,1000,104,10.0,13
14:56:50,552.927,994,1000,104,10.0,14
14:56:50,553.129,997,1000,104,10.0,13
14:56:51,553.331,1000,1000,104,10.0,13
14:56:51,553.533,1000,1000,104,10.0,13
14:56:51,553.734,996,1000,104,10.0,13
14:56:51,553.924,996,1000,104,10.0,13
14:56:51,554.125,997,1000,104,10.0,13
14:56:52,554.323,995,1000,104,10.0,13
14:56:52,554.525,992,1000,104,10.0,14
14:56:52,554.725,996,1000,104,10.0,14
14:56:52,554.925,999,1000,104,10.0,14
14:56:52,555.124,1002,1000,104,10.0,14
14:56:53,555.326,1001,1000,104,10.0,14
14:56:53,555.528,999,1000,104,10.0,14
14:56:53,555.73,1002,1000,104,10.0,14
14:56:53,555.93,1004,1000,104,10.0,14
14:56:53,556.12,1005,1000,104,10.0,13
14:56:54,556.319,1005,1000,104,10.0,13
14:56:54,556.518,1000,1000,104,10.0,13
14:56:54,556.718,1000,1000,104,10.0,13
14:56:54,556.919,1000,1000,104,10.0,13
14:56:54,557.119,996,1000,104,10.0,13
14:56:55,557.321,993,1000,104,10.0,14
14:56:55,557.52,996,1000,104,10.0,13
14:56:55,557.721,999,1000,104,10.0,13
14:56:55,557.922,1000,1000,104,10.0,13
14:56:55,558.114,996,1000,104,10.0,13
14:56:56,558.314,997,1000,104,10.0,13
14:56:56,558.514,997,1000,104,10.0,13
14:56:56,558.716,994,1000,104,10.0,14
14:56:56,558.918,994,1000,104,10.0,14
14:56:56,559.116,998,1000,104,10.0,14
14:56:57,559.317,1001,1000,104,10.0,14
14:56:57,559.516,1003,1000,104,10.0,14
14:56:57,559.716,1002,1000,104,10.0,14
14:56:57,559.918,1002,1000,104,10.0,14
14:56:57,560.11,1004,1000,104,10.0,14
14:56:58,560.309,1006,1000,104,10.0,13
14:56:58,560.508,1001,1000,104,10.0,14
14:56:58,560.709,1000,1000,104,10.0,14
14:56:58,560.908,1001,1000,104,10.0,14
14:56:58,561.107,1004,1000,104,10.0,14
14:56:59,561.31,1004,1000,104,10.0,14
14:56:59,561.512,1001,1000,104,10.0,14
14:56:59,561.712,1004,1000,104,10.0,14
14:56:59,561.915,1006,1000,104,10.0,13
14:56:59,562.108,1000,1000,104,10.0,13
14:57:00,562.3,997,1000,104,10.0,13
14:57:00,562.507,998,1000,104,10.0,13
14:57:00,562.697,997,1000,104,10.0,13
14:57:00,562.907,994,1000,104,10.0,14
14:57:00,563.11,997,1000,104,10.0,14
14:57:01,563.302,998,1000,104,10.0,14
14:57:01,563.501,996,1000,104,10.0,14
14:57:01,563.7,1000,1000,104,10.0,14
14:57:01,563.899,998,1000,104,10.0,14
14:57:01,564.1,999,1000,104,10.0,14
14:57:02,564.3,1002,1000,104,10.0,14
14:57:02,564.499,1000,1000,104,10.0,14
14:57:02,564.699,1002,1000,104,10.0,14
14:57:02,564.9,1000,1000,104,10.0,14
14:57:02,565.1,1003,1000,104,10.0,14
14:57:03,565.302,1005,1000,104,10.0,13
14:57:03,565.501,1002,1000,104,10.0,13
14:57:03,565.704,1002,1000,104,10.0,13
14:57:03,565.904,1001,1000,104,10.0,13
14:57:03,566.104,997,1000,104,10.0,13
14:57:04,566.303,996,1000,104,10.0,13
14:57:04,566.494,997,1000,104,10.0,13
14:57:04,566.693,996,1000,104,10.0,13
14:57:04,566.892,993,1000,104,10.0,14
14:57:04,567.093,996,1000,104,10.0,14
14:57:05,567.291,997,1000,104,10.0,14
14:57:05,567.492,996,1000,104,10.0,14
14:57:05,567.693,999,1000,104,10.0,14
14:57:05,567.894,998,1000,104,10.0,14
14:57:05,568.093,999,1000,104,10.0,14
14:57:06,568.284,1002,1000,104,10.0,14
14:57:06,568.49,1002,1000,104,10.0,14
14:57:06,568.682,1004,1000,104,10.0,14
14:57:06,568.888,1002,1000,104,10.0,14
14:57:06,569.096,1004,1000,104,10.0,14
14:57:07,569.288,1006,1000,104,10.0,13
14:57:07,569.488,1003,1000,104,10.0,13
14:57:07,569.692,1003,1000,104,10.0,13
14:57:07,569.894,1002,1000,104,10.0,13
14:57:07,570.084,998,1000,104,10.0,13
14:57:08,570.285,997,1000,104,10.0,13
14:57:08,570.485,998,1000,104,10.0,13
14:57:08,570.685,997,1000,104,10.0,13
14:57:08,570.887,994,1000,104,10.0,14
14:57:08,571.089,997,1000,104,10.0,14
14:57:09,571.289,999,1000,104,10.0,14
14:57:09,571.481,997,1000,104,10.0,14
14:57:09,571.682,1000,1000,104,10.0,14
14:57:09,571.881,999,1000,104,10.0,14
14:57:09,572.088,999,1000,104,10.0,14
14:57:10,572.285,1002,1000,104,10.0,14
14:57:10,572.476,1002,1000,104,10.0,14
14:57:10,572.683,1004,1000,104,10.0,14
14:57:10,572.875,1002,1000,104,10.0,14
14:57:10,573.083,1004,1000,104,10.0,14
14:57:11,573.283,1006,1000,104,10.0,13
14:57:11,573.477,1003,1000,104,10.0,13
14:57:11,573.675,1003,1000,104,10.0,13
14:57:11,573.876,1002,1000,104,10.0,13
14:57:11,574.077,998,1000,104,10.0,13
14:57:12,574.268,996,1000,104,10.0,13
14:57:12,574.475,997,1000,104,10.0,13
14:57:12,574.667,998,1000,104,10.0,13
14:57:12,574.876,994,1000,104,10.0,14
14:57:12,575.072,997,1000,104,10.0,14
14:57:13,575.272,999,1000,104,10.0,14
14:57:13,575.472,998,1000,104,10.0,14
14:57:13,575.677,1001,1000,104,10.0,14
14:57:13,575.875,999,1000,104,10.0,14
14:57:13,576.079,999,1000,104,10.0,14
14:57:14,576.27,1002,1000,104,10.0,14
14:57:14,576.469,1002,1000,104,10.0,14
14:57:14,576.671,1004,1000,104,10.0,14
14:57:14,576.873,1002,1000,104,10.0,14
14:57:14,577.074,1004,1000,104,10.0,14
14:57:15,577.275,1006,1000,104,10.0,13
14:57:15,577.466,1003,1000,104,10.0,13
14:57:15,577.666,1003,1000,104,10.0,13
14:57:15,577.865,1003,1000,104,10.0,13
14:57:15,578.063,998,1000,104,10.0,13
14:57:16,578.268,999,1000,104,10.0,13
14:57:16,578.461,1000,1000,104,10.0,13
14:57:16,578.669,1000,1000,104,10.0,13
14:57:16,578.861,997,1000,104,10.0,13
14:57:16,579.068,998,1000,104,10.0,13
14:57:17,579.269,999,1000,104,10.0,13
14:57:17,579.47,999,1000,104,10.0,13
14:57:17,579.66,996,1000,104,10.0,13
14:57:17,579.86,997,1000,104,10.0,13
14:57:17,580.061,998,1000,104,10.0,13
14:57:18,580.252,996,1000,104,10.0,13
14:57:18,580.46,997,1000,104,10.0,13
14:57:18,580.651,998,1000,104,10.0,13
14:57:18,580.857,999,1000,104,10.0,13
14:57:18,581.064,995,1000,104,10.0,13
14:57:19,581.265,996,1000,104,10.0,13
14:57:19,581.466,997,1000,104,10.0,13
14:57:19,581.656,998,1000,104,10.0,13
14:57:19,581.857,995,1000,104,10.0,13
14:57:19,582.057,996,1000,104,10.0,13
14:57:20,582.259,998,1000,104,10.0,13
14:57:20,582.459,998,1000,104,10.0,13
14:57:20,582.66,995,1000,104,10.0,13
14:57:20,582.861,997,1000,104,10.0,13
14:57:20,583.061,998,1000,104,10.0,13
14:57:21,583.253,997,1000,104,10.0,13
14:57:21,583.446,994,1000,104,10.0,14
14:57:21,583.654,997,1000,104,10.0,14
14:57:21,583.846,999,1000,104,10.0,14
14:57:21,584.054,998,1000,104,10.0,14
14:57:22,584.246,1001,1000,104,10.0,14
14:57:22,584.454,1000,1000,104,10.0,14
14:57:22,584.646,999,1000,104,10.0,14
14:57:22,584.856,1002,1000,104,10.0,14
14:57:22,585.049,1001,1000,104,10.0,14
14:57:23,585.248,1004,1000,104,10.0,14
14:57:23,585.447,1002,1000,104,10.0,14
14:57:23,585.651,1005,1000,104,10.0,13
14:57:23,585.853,1005,1000,104,10.0,13
14:57:23,586.046,1002,1000,104,10.0,13
14:57:24,586.245,998,1000,104,10.0,13
14:57:24,586.445,999,1000,104,10.0,13
14:57:24,586.645,1000,1000,104,10.0,13
14:57:24,586.846,1000,1000,104,10.0,13
14:57:24,587.045,998,1000,104,10.0,13
14:57:25,587.236,999,1000,104,10.0,13
14:57:25,587.445,1000,1000,104,10.0,13
14:57:25,587.636,998,1000,104,10.0,13
14:57:25,587.844,999,1000,104,10.0,13
14:57:25,588.041,1000,1000,104,10.0,13
14:57:26,588.241,1001,1000,104,10.0,13
14:57:26,588.439,997,1000,104,10.0,13
14:57:26,588.638,995,1000,104,10.0,13
14:57:26,588.838,996,1000,104,10.0,13
14:57:26,589.04,998,1000,104,10.0,13
14:57:27,589.242,997,1000,104,10.0,13
14:57:27,589.443,998,1000,104,10.0,13
14:57:27,589.646,999,1000,104,10.0,13
14:57:27,589.845,1000,1000,104,10.0,13
14:57:27,590.028,998,1000,104,10.0,13
14:57:28,590.235,995,1000,104,10.0,13
14:57:28,590.434,997,1000,104,10.0,13
14:57:28,590.642,998,1000,104,10.0,13
14:57:28,590.835,999,1000,104,10.0,13
14:57:28,591.032,996,1000,104,10.0,13
14:57:29,591.231,998,1000,104,10.0,13
14:57:29,591.431,999,1000,104,10.0,13
14:57:29,591.631,999,1000,104,10.0,13
14:57:29,591.832,998,1000,104,10.0,13
14:57:29,592.033,999,1000,104,10.0,13
14:57:30,592.236,1000,1000,104,10.0,13
14:57:30,592.439,1001,1000,104,10.0,13
14:57:30,592.628,998,1000,104,10.0,13
14:57:30,592.828,999,1000,104,10.0,13
14:57:30,593.03,1000,1000,104,10.0,13
14:57:31,593.231,1001,1000,104,10.0,13
14:57:31,593.432,998,1000,104,10.0,13
14:57:31,593.634,999,1000,104,10.0,13
14:57:31,593.835,1000,1000,104,10.0,13
14:57:31,594.029,1001,1000,104,10.0,13
14:57:32,594.221,1000,1000,104,10.0,13
14:57:32,594.428,1000,1000,104,10.0,13
14:57:32,594.621,1001,1000,104,10.0,13
14:57:32,594.831,1002,1000,104,10.0,13
14:57:32,595.022,1001,1000,104,10.0,13
14:57:33,595.222,1000,1000,104,10.0,13
14:57:33,595.425,1001,1000,104,10.0,13
14:57:33,595.624,1002,1000,104,10.0,13
14:57:33,595.824,1003,1000,104,10.0,13
14:57:33,596.029,999,1000,104,10.0,13
14:57:34,596.22,1000,1000,104,10.0,13
14:57:34,596.412,1001,1000,104,10.0,13
14:57:34,596.62,1002,1000,104,10.0,13
14:57:34,596.812,999,1000,104,10.0,13
14:57:34,597.022,998,1000,104,10.0,13
14:57:35,597.222,1000,1000,104,10.0,13
14:57:35,597.423,1001,1000,104,10.0,13
14:57:35,597.623,1001,1000,104,10.0,13
14:57:35,597.822,999,1000,104,10.0,13
14:57:35,598.029,1000,1000,104,10.0,13
14:57:36,598.221,1001,1000,104,10.0,13
14:57:36,598.411,1001,1000,104,10.0,13
14:57:36,598.619,999,1000,104,10.0,13
14:57:36,598.811,1000,1000,104,10.0,13
14:57:36,599.02,1001,1000,104,10.0,13
14:57:37,599.212,1002,1000,104,10.0,13
14:57:37,599.41,999,1000,104,10.0,13
14:57:37,599.613,1000,1000,104,10.0,13
14:57:37,599.814,1001,1000,104,10.0,13
14:57:37,600.018,1002,1000,104,10.0,13
14:57:38,600.208,999,1000,104,10.0,13
14:57:38,600.407,997,1000,104,10.0,13
14:57:38,600.607,999,1000,104,10.0,13
14:57:38,600.808,1000,1000,104,10.0,13
14:57:38,601.006,1001,1000,104,10.0,13
14:57:39,601.205,998,1000,104,10.0,13
14:57:39,601.412,999,1000,104,10.0,13
14:57:39,601.603,1001,1000,104,10.0,13
14:57:39,601.81,1002,1000,104,10.0,13
14:57:39,602.002,1000,1000,104,10.0,13
14:57:40,602.205,1001,1000,104,10.0,13
14:57:40,602.405,1002,1000,104,10.0,13
14:57:40,602.609,1003,1000,104,10.0,13
14:57:40,602.81,1002,1000,104,10.0,13
14:57:40,603.001,1001,1000,104,10.0,13
14:57:41,603.201,1002,1000,104,10.0,13
14:57:41,603.402,1003,1000,104,10.0,13
14:57:41,603.6,1003,1000,104,10.0,13
14:57:41,603.803,1000,1000,104,10.0,13
14:57:41,604.005,1002,1000,104,10.0,13
14:57:42,604.198,1003,1000,104,10.0,13
14:57:42,604.397,1004,1000,104,10.0,13
14:57:42,604.597,1002,1000,104,10.0,13
14:57:42,604.796,1002,1000,104,10.0,13
14:57:42,604.998,1003,1000,104,10.0,13
14:57:43,605.188,1004,1000,104,10.0,13
14:57:43,605.396,1004,1000,104,10.0,13
14:57:43,605.588,1001,1000,104,10.0,13
14:57:43,605.795,1002,1000,104,10.0,13
14:57:43,605.986,1003,1000,104,10.0,13
14:57:44,606.192,1004,1000,104,10.0,13
14:57:44,606.393,1003,1000,104,10.0,13
14:57:44,606.591,1000,1000,104,10.0,13
14:57:44,606.792,1002,1000,104,10.0,13
14:57:44,606.996,1003,1000,104,10.0,13
14:57:45,607.195,1004,1000,104,10.0,13
14:57:45,607.394,1002,1000,104,10.0,13
14:57:45,607.595,1002,1000,104,10.0,13
14:57:45,607.795,1003,1000,104,10.0,13
14:57:45,607.989,1004,1000,104,10.0,13
14:57:46,608.187,1004,1000,104,10.0,13
14:57:46,608.388,1001,1000,104,10.0,13
14:57:46,608.586,1001,1000,104,10.0,13
14:57:46,608.787,1002,1000,104,10.0,13
14:57:46,608.987,1001,1000,104,10.0,13
14:57:47,609.188,996,1000,104,10.0,13
14:57:47,609.378,995,1000,104,10.0,13
14:57:47,609.585,992,1000,104,10.0,14
14:57:47,609.776,994,1000,104,10.0,14
14:57:47,609.985,994,1000,104,10.0,14
14:57:48,610.187,992,1000,104,10.0,14
14:57:48,610.389,993,1000,104,10.0,14
14:57:48,610.581,993,1000,104,10.0,14
14:57:48,610.78,994,1000,104,10.0,14
14:57:48,610.98,992,1000,104,10.0,14
14:57:49,611.183,994,1000,104,10.0,14
14:57:49,611.381,997,1000,104,10.0,14
14:57:49,611.583,993,1000,104,10.0,14
14:57:49,611.784,989,1000,104,10.0,14
14:57:49,611.984,992,1000,104,10.0,14
14:57:50,612.172,994,1000,104,10.0,14
14:57:50,612.379,992,1000,104,10.0,14
14:57:50,612.572,995,1000,104,10.0,14
14:57:50,612.78,996,1000,104,10.0,14
14:57:50,612.971,998,1000,104,10.0,14
14:57:51,613.175,992,1000,104,10.0,14
14:57:51,613.375,992,1000,104,10.0,14
14:57:51,613.578,994,1000,104,10.0,14
14:57:51,613.78,991,1000,105,10.0,14
14:57:51,613.981,994,1000,105,10.0,14
14:57:52,614.18,997,1000,105,10.0,14
14:57:52,614.371,998,1000,105,10.0,14
14:57:52,614.571,997,1000,105,10.0,14
14:57:52,614.771,997,1000,105,10.0,14
14:57:52,614.972,998,1000,105,10.0,14
14:57:53,615.172,998,1000,105,10.0,14
14:57:53,615.365,994,1000,105,10.0,14
14:57:53,615.572,996,1000,105,10.0,14
14:57:53,615.763,997,1000,105,10.0,14
14:57:53,615.97,995,1000,105,10.0,14
14:57:54,616.175,992,1000,105,10.0,14
14:57:54,616.374,994,1000,105,10.0,14
14:57:54,616.566,998,1000,105,10.0,14
14:57:54,616.766,996,1000,105,10.0,14
14:57:54,616.966,997,1000,105,10.0,14
14:57:55,617.173,998,1000,105,10.0,14
14:57:55,617.365,998,1000,105,10.0,14
14:57:55,617.562,996,1000,105,10.0,14
14:57:55,617.765,997,1000,105,10.0,14
14:57:55,617.963,998,1000,105,10.0,14
14:57:56,618.162,994,1000,105,10.0,14
14:57:56,618.365,997,1000,105,10.0,14
14:57:56,618.566,999,1000,105,10.0,14
14:57:56,618.768,999,1000,105,10.0,14
14:57:56,618.969,997,1000,105,10.0,14
14:57:57,619.161,998,1000,105,10.0,14
14:57:57,619.358,998,1000,105,10.0,14
14:57:57,619.559,999,1000,105,10.0,14
14:57:57,619.757,995,1000,105,10.0,14
14:57:57,619.957,996,1000,105,10.0,14
14:57:57,620.157,997,1000,105,10.0,14
14:57:58,620.358,994,1000,105,10.0,14
14:57:58,620.558,997,1000,105,10.0,14
14:57:58,620.76,999,1000,105,10.0,14
14:57:58,620.961,999,1000,105,10.0,14
14:57:58,621.155,995,1000,105,10.0,14
14:57:59,621.353,997,1000,105,10.0,14
14:57:59,621.552,998,1000,105,10.0,14
14:57:59,621.753,997,1000,105,10.0,14
14:57:59,621.953,994,1000,105,10.0,14
14:57:59,622.156,997,1000,105,10.0,14
14:58:00,622.358,1000,1000,105,10.0,14
14:58:00,622.551,996,1000,105,10.0,14
14:58:00,622.75,997,1000,105,10.0,14
14:58:00,622.949,998,1000,105,10.0,14
14:58:00,623.149,998,1000,105,10.0,14
14:58:01,623.351,996,1000,105,10.0,14
14:58:01,623.552,997,1000,105,10.0,14
14:58:01,623.752,999,1000,105,10.0,14
14:58:01,623.953,996,1000,105,10.0,14
14:58:01,624.152,993,1000,105,10.0,15
14:58:02,624.352,996,1000,105,10.0,14
14:58:02,624.551,995,1000,105,10.0,14
14:58:02,624.75,995,1000,105,10.0,14
14:58:02,624.953,998,1000,105,10.0,14
14:58:02,625.15,998,1000,105,10.0,14
14:58:03,625.351,995,1000,105,10.0,14
14:58:03,625.542,997,1000,105,10.0,14
14:58:03,625.752,998,1000,105,10.0,14
14:58:03,625.941,999,1000,105,10.0,14
14:58:03,626.15,996,1000,105,10.0,14
14:58:04,626.34,998,1000,105,10.0,14
14:58:04,626.539,999,1000,105,10.0,14
14:58:04,626.738,1000,1000,105,10.0,14
14:58:04,626.937,998,1000,105,10.0,14
14:58:04,627.136,999,1000,105,10.0,14
14:58:05,627.336,1001,1000,105,10.0,14
14:58:05,627.536,1001,1000,105,10.0,14
14:58:05,627.737,999,1000,105,10.0,14
14:58:05,627.936,1000,1000,105,10.0,14
14:58:05,628.138,1001,1000,105,10.0,14
14:58:06,628.341,1002,1000,105,10.0,14
14:58:06,628.54,998,1000,105,10.0,14
14:58:06,628.733,996,1000,105,10.0,14
14:58:06,628.932,998,1000,105,10.0,14
14:58:06,629.131,999,1000,105,10.0,14
14:58:07,629.334,998,1000,105,10.0,14
14:58:07,629.533,999,1000,105,10.0,14
14:58:07,629.735,1000,1000,105,10.0,14
14:58:07,629.935,1002,1000,105,10.0,14
14:58:07,630.136,1000,1000,105,10.0,14
14:58:08,630.337,997,1000,105,10.0,14
14:58:08,630.539,999,1000,105,10.0,14
14:58:08,630.728,1000,1000,105,10.0,14
14:58:08,630.927,1001,1000,105,10.0,14
14:58:08,631.127,997,1000,105,10.0,14
14:58:09,631.33,998,1000,105,10.0,14
14:58:09,631.53,1000,1000,105,10.0,14
14:58:09,631.733,1000,1000,105,10.0,14
14:58:09,631.933,997,1000,105,10.0,14
14:58:09,632.124,998,1000,105,10.0,14
14:58:10,632.323,1000,1000,105,10.0,14
14:58:10,632.523,1001,1000,105,10.0,14
14:58:10,632.723,999,1000,105,10.0,14
14:58:10,632.925,1001,1000,105,10.0,14
14:58:10,633.125,1001,1000,105,10.0,14
14:58:11,633.328,1002,1000,105,10.0,14
14:58:11,633.53,1000,1000,105,10.0,14
14:58:11,633.72,997,1000,105,10.0,14
14:58:11,633.92,999,1000,105,10.0,14
14:58:11,634.119,1000,1000,105,10.0,14
14:58:12,634.32,1001,1000,105,10.0,14
14:58:12,634.523,997,1000,105,10.0,14
14:58:12,634.725,999,1000,105,10.0,14
14:58:12,634.926,1000,1000,105,10.0,14
14:58:12,635.126,1001,1000,105,10.0,14
14:58:13,635.316,998,1000,105,10.0,14
14:58:13,635.516,998,1000,105,10.0,14
14:58:13,635.718,1001,1000,105,10.0,14
14:58:13,635.918,1002,1000,105,10.0,14
14:58:13,636.117,1004,1000,105,10.0,14
14:58:14,636.321,1000,1000,105,10.0,14
14:58:14,636.524,1001,1000,105,10.0,14
14:58:14,636.711,1002,1000,105,10.0,14
14:58:14,636.912,1002,1000,105,10.0,14
14:58:14,637.111,1001,1000,105,10.0,14
14:58:15,637.312,1001,1000,105,10.0,14
14:58:15,637.513,1002,1000,105,10.0,14
14:58:15,637.716,1002,1000,105,10.0,14
14:58:15,637.916,1001,1000,105,10.0,14
14:58:15,638.108,1000,1000,105,10.0,14
14:58:16,638.308,1002,1000,105,10.0,14
14:58:16,638.507,1003,1000,105,10.0,14
14:58:16,638.706,1004,1000,105,10.0,14
14:58:16,638.907,1000,1000,105,10.0,14
14:58:16,639.109,1001,1000,105,10.0,14
14:58:17,639.308,1002,1000,105,10.0,14
14:58:17,639.511,1003,1000,105,10.0,14
14:58:17,639.713,999,1000,105,10.0,14
14:58:17,639.903,997,1000,105,10.0,14
14:58:17,640.104,998,1000,105,10.0,14
14:58:18,640.303,1000,1000,105,10.0,14
14:58:18,640.502,1000,1000,105,10.0,14
14:58:18,640.706,998,1000,105,10.0,14
14:58:18,640.906,1000,1000,105,10.0,14
14:58:18,641.107,1001,1000,105,10.0,14
14:58:19,641.308,1002,1000,105,10.0,14
14:58:19,641.5,999,1000,105,10.0,14
14:58:19,641.701,1000,1000,105,10.0,14
14:58:19,641.901,1001,1000,105,10.0,14
14:58:19,642.102,1002,1000,105,10.0,14
14:58:20,642.303,1001,1000,105,10.0,14
14:58:20,642.506,1001,1000,105,10.0,14
14:58:20,642.697,1002,1000,105,10.0,14
14:58:20,642.895,1003,1000,105,10.0,14
14:58:20,643.096,1002,1000,105,10.0,14
14:58:21,643.299,999,1000,105,10.0,14
14:58:21,643.499,1001,1000,105,10.0,14
14:58:21,643.704,1002,1000,105,10.0,14
14:58:21,643.904,1003,1000,105,10.0,14
14:58:21,644.093,1000,1000,105,10.0,14
14:58:22,644.293,1001,1000,105,10.0,14
14:58:22,644.492,1002,1000,105,10.0,14
14:58:22,644.694,1003,1000,105,10.0,14
14:58:22,644.893,1004,1000,105,10.0,14
14:58:22,645.095,1000,1000,105,10.0,14
14:58:23,645.297,1002,1000,105,10.0,14
14:58:23,645.489,1003,1000,105,10.0,14
14:58:23,645.689,1004,1000,105,10.0,14
14:58:23,645.889,1000,1000,105,10.0,14
14:58:23,646.089,998,1000,105,10.0,14
14:58:24,646.287,1000,1000,105,10.0,14
14:58:24,646.489,1001,1000,105,10.0,14
14:58:24,646.69,1003,1000,105,10.0,14
14:58:24,646.894,999,1000,105,10.0,14
14:58:24,647.086,1001,1000,105,10.0,14
14:58:25,647.285,1002,1000,105,10.0,14
14:58:25,647.485,1003,1000,105,10.0,14
14:58:25,647.685,1000,1000,105,10.0,14
14:58:25,647.885,997,1000,105,10.0,14
14:58:25,648.085,999,1000,105,10.0,14
14:58:26,648.287,1001,1000,105,10.0,14
14:58:26,648.489,1002,1000,105,10.0,14
14:58:26,648.688,999,1000,105,10.0,14
14:58:26,648.887,999,1000,105,10.0,14
14:58:26,649.09,1001,1000,105,10.0,14
14:58:27,649.281,1003,1000,105,10.0,14
14:58:27,649.48,1004,1000,105,10.0,14
14:58:27,649.68,1000,1000,105,10.0,14
14:58:27,649.877,1002,1000,105,10.0,14
14:58:27,650.08,1003,1000,105,10.0,14
14:58:28,650.282,1004,1000,105,10.0,14
14:58:28,650.483,1003,1000,105,10.0,14
14:58:28,650.684,1000,1000,105,10.0,14
14:58:28,650.875,1001,1000,105,10.0,14
14:58:28,651.075,1003,1000,105,10.0,14
14:58:29,651.275,1004,1000,105,10.0,14
14:58:29,651.475,1002,1000,105,10.0,14
14:58:29,651.676,998,1000,105,10.0,14
14:58:29,651.879,1000,1000,105,10.0,14
14:58:29,652.081,1002,1000,105,10.0,14
14:58:30,652.272,1003,1000,105,10.0,14
14:58:30,652.471,1001,1000,105,10.0,14
14:58:30,652.671,1002,1000,105,10.0,14
14:58:30,652.87,1004,1000,105,10.0,14
14:58:30,653.069,1005,1000,105,10.0,14
14:58:31,653.27,1005,1000,105,10.0,14
14:58:31,653.472,1002,1000,105,10.0,14
14:58:31,653.675,1003,1000,105,10.0,14
14:58:31,653.876,1004,1000,105,10.0,14
14:58:31,654.067,1005,1000,105,10.0,14
14:58:32,654.266,1004,1000,105,10.0,14
14:58:32,654.467,1000,1000,105,10.0,14
14:58:32,654.668,1002,1000,105,10.0,14
14:58:32,654.87,1003,1000,105,10.0,14
14:58:32,655.07,1004,1000,105,10.0,14
14:58:33,655.271,1002,1000,105,10.0,14
14:58:33,655.471,1002,1000,105,10.0,14
14:58:33,655.67,1003,1000,105,10.0,14
14:58:33,655.87,1004,1000,105,10.0,14
14:58:33,656.062,1005,1000,105,10.0,14
14:58:34,656.262,1002,1000,105,10.0,14
14:58:34,656.461,1003,1000,105,10.0,14
14:58:34,656.661,1004,1000,105,10.0,14
14:58:34,656.86,1005,1000,105,10.0,14
14:58:34,657.06,1005,1000,105,10.0,14
14:58:35,657.252,1002,1000,105,10.0,14
14:58:35,657.46,1003,1000,105,10.0,14
14:58:35,657.667,1004,1000,105,10.0,14
14:58:35,657.858,1005,1000,105,10.0,14
14:58:35,658.067,1003,1000,105,10.0,14
14:58:36,658.256,1003,1000,105,10.0,14
14:58:36,658.456,1004,1000,105,10.0,14
14:58:36,658.655,1005,1000,105,10.0,14
14:58:36,658.856,1005,1000,105,10.0,14
14:58:36,659.058,1000,1000,105,10.0,14
14:58:37,659.259,1000,1000,105,10.0,14
14:58:37,659.461,1002,1000,105,10.0,14
14:58:37,659.662,1003,1000,105,10.0,14
14:58:37,659.861,1000,1000,105,10.0,14
14:58:37,660.061,1002,1000,105,10.0,14
14:58:38,660.252,1003,1000,105,10.0,14
14:58:38,660.458,1004,1000,105,10.0,14
14:58:38,660.65,1005,1000,104,10.0,14
14:58:38,660.858,1001,1000,104,10.0,14
14:58:38,661.05,1002,1000,104,10.0,14
14:58:39,661.254,1003,1000,104,10.0,14
14:58:39,661.455,1004,1000,104,10.0,14
14:58:39,661.656,1001,1000,104,10.0,14
14:58:39,661.857,999,1000,104,10.0,14
14:58:39,662.048,1001,1000,104,10.0,14
14:58:40,662.248,1003,1000,104,10.0,14
14:58:40,662.447,1004,1000,104,10.0,14
14:58:40,662.649,1000,1000,104,10.0,14
14:58:40,662.85,1002,1000,104,10.0,14
14:58:40,663.045,1004,1000,104,10.0,14
14:58:41,663.252,1005,1000,104,10.0,14
14:58:41,663.443,1005,1000,104,10.0,14
14:58:41,663.65,999,1000,104,10.0,14
14:58:41,663.841,999,1000,104,10.0,14
14:58:41,664.051,999,1000,104,10.0,14
14:58:42,664.251,999,1000,104,10.0,14
14:58:42,664.441,999,1000,104,10.0,14
14:58:42,664.641,1001,1000,104,10.0,14
14:58:42,664.841,1003,1000,104,10.0,14
14:58:42,665.041,1004,1000,104,10.0,14
14:58:43,665.242,1004,1000,104,10.0,14
14:58:43,665.443,1001,1000,104,10.0,14
14:58:43,665.645,1003,1000,104,10.0,14
14:58:43,665.846,1004,1000,104,10.0,14
14:58:43,666.037,1005,1000,104,10.0,14
14:58:44,666.237,999,1000,104,10.0,14
14:58:44,666.437,996,1000,104,10.0,14
14:58:44,666.638,999,1000,104,10.0,14
14:58:44,666.839,1001,1000,104,10.0,14
14:58:44,667.044,1001,1000,104,10.0,14
14:58:45,667.245,1000,1000,104,10.0,14
14:58:45,667.434,1002,1000,104,10.0,14
14:58:45,667.635,1003,1000,104,10.0,14
14:58:45,667.836,1005,1000,104,10.0,14
14:58:45,668.029,1004,1000,104,10.0,14
14:58:46,668.238,1000,1000,104,10.0,14
14:58:46,668.428,1000,1000,104,10.0,14
14:58:46,668.636,999,1000,104,10.0,14
14:58:46,668.828,995,1000,104,10.0,14
14:58:46,669.038,995,1000,104,10.0,14
14:58:47,669.231,996,1000,104,10.0,14
14:58:47,669.43,992,1000,104,10.0,14
14:58:47,669.629,996,1000,104,10.0,14
14:58:47,669.83,999,1000,104,10.0,14
14:58:47,670.033,1001,1000,104,10.0,14
14:58:48,670.234,1003,1000,104,10.0,14
14:58:48,670.435,1000,1000,104,10.0,14
14:58:48,670.636,1002,1000,104,10.0,14
14:58:48,670.827,1004,1000,104,10.0,14
14:58:48,671.029,1005,1000,104,10.0,14
14:58:49,671.22,1003,1000,104,10.0,14
14:58:49,671.429,998,1000,104,10.0,14
14:58:49,671.621,998,1000,104,10.0,14
14:58:49,671.828,998,1000,104,10.0,14
14:58:49,672.024,996,1000,104,10.0,14
14:58:50,672.224,996,1000,104,10.0,14
14:58:50,672.422,997,1000,104,10.0,14
14:58:50,672.623,996,1000,104,10.0,14
14:58:50,672.826,995,1000,104,10.0,14
14:58:50,673.028,996,1000,104,10.0,14
14:58:51,673.222,996,1000,104,10.0,14
14:58:51,673.427,992,1000,104,10.0,14
14:58:51,673.619,995,1000,104,10.0,14
14:58:51,673.812,998,1000,104,10.0,14
14:58:51,674.022,1001,1000,104,10.0,14
14:58:52,674.225,1002,1000,104,10.0,14
14:58:52,674.427,999,1000,104,10.0,14
14:58:52,674.627,1002,1000,104,10.0,14
14:58:52,674.816,1004,1000,104,10.0,14
14:58:52,675.017,1005,1000,104,10.0,14
14:58:53,675.216,1003,1000,104,10.0,14
14:58:53,675.415,998,1000,104,10.0,14
14:58:53,675.617,998,1000,104,10.0,14
14:58:53,675.819,998,1000,104,10.0,14
14:58:53,676.022,996,1000,104,10.0,14
14:58:54,676.223,996,1000,104,10.0,14
14:58:54,676.412,997,1000,104,10.0,14
14:58:54,676.612,997,1000,104,10.0,14
14:58:54,676.814,995,1000,104,10.0,14
14:58:54,677.015,996,1000,104,10.0,14
14:58:55,677.217,996,1000,104,10.0,14
14:58:55,677.418,992,1000,104,10.0,14
14:58:55,677.618,995,1000,104,10.0,14
14:58:55,677.808,998,1000,104,10.0,14
14:58:55,678.008,1001,1000,104,10.0,14
14:58:56,678.203,1003,1000,104,10.0,14
14:58:56,678.41,1000,1000,104,10.0,14
14:58:56,678.602,1002,1000,104,10.0,14
14:58:56,678.81,1004,1000,104,10.0,14
14:58:56,679.002,1006,1000,104,10.0,14
14:58:57,679.207,1004,1000,104,10.0,14
14:58:57,679.408,999,1000,104,10.0,14
14:58:57,679.61,1001,1000,104,10.0,14
14:58:57,679.814,1003,1000,104,10.0,14
14:58:57,680.003,1005,1000,104,10.0,14
14:58:58,680.205,1002,1000,104,10.0,14
14:58:58,680.396,997,1000,104,10.0,14
14:58:58,680.604,998,1000,104,10.0,14
14:58:58,680.794,998,1000,104,10.0,14
14:58:58,681.001,996,1000,104,10.0,14
14:58:59,681.205,996,1000,104,10.0,14
14:58:59,681.406,997,1000,104,10.0,14
14:58:59,681.607,997,1000,104,10.0,14
14:58:59,681.808,995,1000,104,10.0,14
14:58:59,681.998,996,1000,104,10.0,14
14:59:00,682.198,996,1000,104,10.0,14
14:59:00,682.398,992,1000,104,10.0,14
14:59:00,682.599,996,1000,104,10.0,14
14:59:00,682.8,999,1000,104,10.0,14
14:59:00,682.998,1002,1000,104,10.0,14
14:59:01,683.203,1003,1000,104,10.0,14
14:59:01,683.394,1000,1000,104,10.0,14
14:59:01,683.601,1003,1000,104,10.0,14
14:59:01,683.793,1004,1000,104,10.0,14
14:59:01,684.0,1006,1000,104,10.0,14
14:59:02,684.194,1004,1000,104,10.0,14
14:59:02,684.392,999,1000,104,10.0,14
14:59:02,684.592,999,1000,104,10.0,14
14:59:02,684.793,999,1000,104,10.0,14
14:59:02,684.996,996,1000,104,10.0,14
14:59:03,685.198,997,1000,104,10.0,14
14:59:03,685.39,997,1000,104,10.0,14
14:59:03,685.59,998,1000,104,10.0,14
14:59:03,685.789,994,1000,104,10.0,14
14:59:03,685.988,998,1000,104,10.0,14
14:59:04,686.187,1000,1000,104,10.0,14
14:59:04,686.395,1002,1000,104,10.0,14
14:59:04,686.587,1000,1000,104,10.0,14
14:59:04,686.794,1002,1000,104,10.0,14
14:59:04,686.985,1004,1000,104,10.0,14
14:59:05,687.187,1005,1000,104,10.0,14
14:59:05,687.389,1004,1000,104,10.0,14
14:59:05,687.59,999,1000,104,10.0,14
14:59:05,687.792,999,1000,104,10.0,14
14:59:05,687.983,999,1000,104,10.0,14
14:59:06,688.187,994,1000,104,10.0,14
14:59:06,688.379,994,1000,104,10.0,14
14:59:06,688.586,997,1000,104,10.0,14
14:59:06,688.778,1000,1000,104,10.0,14
14:59:06,688.985,1002,1000,104,10.0,14
14:59:07,689.18,999,1000,104,10.0,14
14:59:07,689.379,1001,1000,104,10.0,14
14:59:07,689.579,1003,1000,104,10.0,14
14:59:07,689.781,1005,1000,104,10.0,14
14:59:07,689.981,1005,1000,104,10.0,14
14:59:08,690.182,999,1000,104,10.0,14
14:59:08,690.384,999,1000,104,10.0,14
14:59:08,690.584,999,1000,104,10.0,14
14:59:08,690.777,995,1000,104,10.0,14
14:59:08,690.976,996,1000,104,10.0,14
14:59:09,691.174,996,1000,104,10.0,14
14:59:09,691.374,994,1000,104,10.0,14
14:59:09,691.578,997,1000,104,10.0,14
14:59:09,691.778,1000,1000,104,10.0,14
14:59:09,691.981,1002,1000,104,10.0,14
14:59:10,692.172,1003,1000,104,10.0,14
14:59:10,692.379,1001,1000,104,10.0,14
14:59:10,692.569,1002,1000,104,10.0,14
14:59:10,692.776,1004,1000,104,10.0,14
14:59:10,692.968,1005,1000,104,10.0,14
14:59:11,693.173,1003,1000,104,10.0,14
14:59:11,693.373,998,1000,104,10.0,14
14:59:11,693.575,998,1000,104,10.0,14
14:59:11,693.774,998,1000,104,10.0,14
14:59:11,693.976,995,1000,104,10.0,14
14:59:12,694.166,995,1000,104,10.0,14
14:59:12,694.367,996,1000,104,10.0,14
14:59:12,694.566,994,1000,104,10.0,14
14:59:12,694.766,997,1000,104,10.0,14
14:59:12,694.968,999,1000,104,10.0,14
14:59:13,695.17,1001,1000,104,10.0,14
14:59:13,695.372,1002,1000,104,10.0,14
14:59:13,695.57,999,1000,104,10.0,14
14:59:13,695.77,1001,1000,104,10.0,14
14:59:13,695.961,1002,1000,104,10.0,14
14:59:13,696.157,1004,1000,104,10.0,14
14:59:14,696.364,1003,1000,104,10.0,14
14:59:14,696.556,1001,1000,104,10.0,14
14:59:14,696.764,1003,1000,104,10.0,14
14:59:14,696.956,1004,1000,104,10.0,14
14:59:15,697.163,1005,1000,104,10.0,14
14:59:15,697.364,1003,1000,104,10.0,14
14:59:15,697.566,1001,1000,104,10.0,14
14:59:15,697.766,1000,1000,104,10.0,14
14:59:15,697.966,999,1000,104,10.0,14
14:59:16,698.163,996,1000,104,10.0,14
14:59:16,698.365,996,1000,104,10.0,14
14:59:16,698.555,996,1000,104,10.0,14
14:59:16,698.755,993,1000,104,10.0,14
14:59:16,698.954,996,1000,104,10.0,14
14:59:16,699.157,998,1000,104,10.0,14
14:59:17,699.349,998,1000,104,10.0,14
14:59:17,699.559,996,1000,104,10.0,14
14:59:17,699.747,998,1000,104,10.0,14
14:59:17,699.953,1000,1000,104,10.0,14
14:59:18,700.16,1002,1000,104,10.0,14
14:59:18,700.35,1000,1000,104,10.0,14
14:59:18,700.55,1001,1000,104,10.0,14
14:59:18,700.75,1002,1000,104,10.0,14
14:59:18,700.949,1004,1000,104,10.0,14
14:59:18,701.151,1004,1000,104,10.0,14
14:59:19,701.353,1001,1000,104,10.0,14
14:59:19,701.555,1003,1000,104,10.0,14
14:59:19,701.756,1004,1000,104,10.0,14
14:59:19,701.947,1004,1000,104,10.0,14
14:59:19,702.141,1004,1000,104,10.0,14
14:59:20,702.348,1001,1000,104,10.0,14
14:59:20,702.54,1003,1000,104,10.0,14
14:59:20,702.748,1004,1000,104,10.0,14
14:59:20,702.939,1004,1000,104,10.0,14
14:59:20,703.147,1002,1000,104,10.0,14
14:59:21,703.349,1003,1000,104,10.0,14
14:59:21,703.548,1004,1000,104,10.0,14
14:59:21,703.741,1004,1000,104,10.0,14
14:59:21,703.941,1004,1000,104,10.0,14
14:59:21,704.141,1000,1000,104,10.0,14
14:59:22,704.34,1002,1000,104,10.0,14
14:59:22,704.541,1003,1000,104,10.0,14
14:59:22,704.744,1004,1000,104,10.0,14
14:59:22,704.944,1001,1000,104,10.0,14
14:59:22,705.141,1002,1000,104,10.0,14
14:59:23,705.334,1003,1000,104,10.0,14
14:59:23,705.539,1004,1000,104,10.0,14
14:59:23,705.731,1004,1000,104,10.0,14
14:59:23,705.939,1000,1000,104,10.0,14
14:59:23,706.135,1002,1000,104,10.0,14
14:59:24,706.335,1003,1000,104,10.0,14
14:59:24,706.534,1003,1000,104,10.0,14
14:59:24,706.735,1000,1000,104,10.0,14
14:59:24,706.937,997,1000,104,10.0,14
14:59:24,707.139,999,1000,104,10.0,14
14:59:25,707.339,1000,1000,104,10.0,14
14:59:25,707.539,1001,1000,104,10.0,14
14:59:25,707.731,998,1000,104,10.0,14
14:59:25,707.931,1000,1000,104,10.0,14
14:59:25,708.125,1001,1000,104,10.0,14
14:59:26,708.331,1001,1000,104,10.0,14
14:59:26,708.538,998,1000,104,10.0,14
14:59:26,708.73,1000,1000,104,10.0,14
14:59:26,708.923,1001,1000,104,10.0,14
14:59:26,709.13,1002,1000,104,10.0,14
14:59:27,709.333,998,1000,104,10.0,14
14:59:27,709.534,1000,1000,104,10.0,14
14:59:27,709.736,1001,1000,104,10.0,14
14:59:27,709.926,1002,1000,104,10.0,14
14:59:27,710.125,998,1000,104,10.0,14
14:59:28,710.326,997,1000,104,10.0,14
14:59:28,710.525,999,1000,104,10.0,14
14:59:28,710.726,1000,1000,104,10.0,14
14:59:28,710.928,1000,1000,104,10.0,14
14:59:28,711.125,999,1000,104,10.0,14
14:59:29,711.317,1000,1000,104,10.0,14
14:59:29,711.525,1001,1000,104,10.0,14
14:59:29,711.717,1000,1000,104,10.0,14
14:59:29,711.924,1000,1000,104,10.0,14
14:59:29,712.131,1001,1000,104,10.0,14
14:59:30,712.321,1002,1000,104,10.0,14
14:59:30,712.52,1002,1000,104,10.0,14
14:59:30,712.719,999,1000,104,10.0,14
14:59:30,712.919,1000,1000,104,10.0,14
14:59:30,713.118,1001,1000,104,10.0,14
14:59:31,713.317,1001,1000,104,10.0,14
14:59:31,713.517,998,1000,104,10.0,14
14:59:31,713.718,999,1000,104,10.0,14
14:59:31,713.921,1000,1000,104,10.0,14
14:59:31,714.114,1001,1000,104,10.0,14
14:59:32,714.315,999,1000,104,10.0,14
14:59:32,714.515,1000,1000,104,10.0,14
14:59:32,714.718,1001,1000,104,10.0,14
14:59:32,714.92,1002,1000,104,10.0,14
14:59:32,715.108,998,1000,104,10.0,14
14:59:33,715.314,995,1000,104,10.0,14
14:59:33,715.506,997,1000,104,10.0,14
14:59:33,715.712,998,1000,104,10.0,14
14:59:33,715.903,997,1000,104,10.0,14
14:59:33,716.109,998,1000,104,10.0,14
14:59:34,716.313,999,1000,104,10.0,14
14:59:34,716.515,1000,1000,104,10.0,14
14:59:34,716.715,997,1000,104,10.0,14
14:59:34,716.907,999,1000,104,10.0,14
14:59:34,717.107,1000,1000,104,10.0,14
14:59:35,717.307,1000,1000,104,10.0,14
14:59:35,717.508,997,1000,104,10.0,14
14:59:35,717.706,997,1000,104,10.0,14
14:59:35,717.91,998,1000,104,10.0,14
14:59:35,718.108,999,1000,104,10.0,14
14:59:36,718.3,997,1000,104,10.0,14
14:59:36,718.506,998,1000,104,10.0,14
14:59:36,718.696,999,1000,104,10.0,14
14:59:36,718.903,1000,1000,104,10.0,14
14:59:36,719.107,996,1000,104,10.0,14
14:59:37,719.31,997,1000,104,10.0,14
14:59:37,719.501,998,1000,104,10.0,14
14:59:37,719.701,999,1000,104,10.0,14
14:59:37,719.9,995,1000,104,10.0,14
14:59:37,720.1,997,1000,104,10.0,14
14:59:38,720.305,998,1000,104,10.0,14
14:59:38,720.498,999,1000,104,10.0,14
14:59:38,720.697,995,1000,104,10.0,14
14:59:38,720.897,997,1000,104,10.0,14
14:59:38,721.092,998,1000,104,10.0,14
14:59:39,721.3,996,1000,104,10.0,14
14:59:39,721.491,997,1000,104,10.0,14
14:59:39,721.699,998,1000,104,10.0,14
14:59:39,721.891,999,1000,104,10.0,14
14:59:39,722.098,998,1000,104,10.0,14
14:59:40,722.301,998,1000,104,10.0,14
14:59:40,722.493,999,1000,104,10.0,14
14:59:40,722.692,999,1000,104,10.0,14
14:59:40,722.891,995,1000,104,10.0,14
14:59:40,723.091,997,1000,104,10.0,14
14:59:41,723.292,998,1000,104,10.0,14
14:59:41,723.492,998,1000,104,10.0,14
14:59:41,723.692,996,1000,104,10.0,14
14:59:41,723.895,997,1000,104,10.0,14
14:59:41,724.092,998,1000,104,10.0,14
14:59:42,724.283,994,1000,104,10.0,14
14:59:42,724.49,993,1000,104,10.0,14
14:59:42,724.681,994,1000,104,10.0,14
14:59:42,724.893,995,1000,104,10.0,14
14:59:42,725.093,992,1000,105,10.0,14
14:59:43,725.293,994,1000,105,10.0,14
14:59:43,725.494,996,1000,105,10.0,14
14:59:43,725.683,994,1000,105,10.0,14
14:59:43,725.884,996,1000,105,10.0,14
14:59:43,726.083,998,1000,105,10.0,14
14:59:44,726.286,999,1000,105,10.0,14
14:59:44,726.486,995,1000,105,10.0,14
14:59:44,726.688,996,1000,105,10.0,14
14:59:44,726.89,997,1000,105,10.0,14
14:59:44,727.077,993,1000,105,10.0,14
14:59:45,727.285,992,1000,105,10.0,14
14:59:45,727.475,997,1000,105,10.0,14
14:59:45,727.683,995,1000,105,10.0,14
14:59:45,727.874,995,1000,105,10.0,14
14:59:45,728.082,996,1000,105,10.0,14
14:59:46,728.282,995,1000,105,10.0,14
14:59:46,728.483,992,1000,105,10.0,15
14:59:46,728.686,995,1000,105,10.0,14
14:59:46,728.875,999,1000,105,10.0,14
14:59:46,729.077,999,1000,105,10.0,14
14:59:47,729.27,995,1000,105,10.0,14
14:59:47,729.478,995,1000,105,10.0,14
14:59:47,729.67,996,1000,105,10.0,14
14:59:47,729.878,995,1000,105,10.0,14
14:59:47,730.072,991,1000,105,10.0,15
14:59:48,730.272,994,1000,105,10.0,14
14:59:48,730.473,998,1000,105,10.0,14
14:59:48,730.674,1001,1000,105,10.0,14
14:59:48,730.877,999,1000,105,10.0,14
14:59:48,731.078,1000,1000,105,10.0,14
14:59:49,731.278,1001,1000,105,10.0,14
14:59:49,731.467,1002,1000,105,10.0,14
14:59:49,731.667,999,1000,105,10.0,14
14:59:49,731.87,995,1000,105,10.0,14
14:59:49,732.069,997,1000,105,10.0,14
14:59:50,732.271,998,1000,105,10.0,14
14:59:50,732.473,998,1000,105,10.0,14
14:59:50,732.665,997,1000,105,10.0,14
14:59:50,732.864,999,1000,105,10.0,14
14:59:50,733.061,1001,1000,105,10.0,14
14:59:51,733.267,999,1000,105,10.0,14
14:59:51,733.46,995,1000,105,10.0,14
14:59:51,733.668,997,1000,105,10.0,14
14:59:51,733.86,998,1000,105,10.0,14
14:59:51,734.068,999,1000,105,10.0,14
14:59:52,734.269,996,1000,105,10.0,14
14:59:52,734.459,997,1000,105,10.0,14
14:59:52,734.659,998,1000,105,10.0,14
14:59:52,734.861,995,1000,105,10.0,14
14:59:52,735.063,996,1000,105,10.0,14
14:59:53,735.263,997,1000,105,10.0,14
14:59:53,735.462,997,1000,105,10.0,14
14:59:53,735.665,993,1000,105,10.0,15
14:59:53,735.866,996,1000,105,10.0,14
14:59:53,736.061,999,1000,105,10.0,14
14:59:54,736.252,1001,1000,105,10.0,14
14:59:54,736.46,999,1000,105,10.0,14
14:59:54,736.653,999,1000,105,10.0,14
14:59:54,736.861,1000,1000,105,10.0,14
14:59:54,737.053,1000,1000,105,10.0,14
14:59:55,737.256,996,1000,105,10.0,14
14:59:55,737.453,996,1000,105,10.0,14
14:59:55,737.657,997,1000,105,10.0,14
14:59:55,737.859,996,1000,105,10.0,14
14:59:55,738.05,993,1000,105,10.0,15
14:59:56,738.25,996,1000,105,10.0,14
14:59:56,738.449,998,1000,105,10.0,14
14:59:56,738.651,1000,1000,105,10.0,14
14:59:56,738.855,997,1000,105,10.0,14
14:59:56,739.055,995,1000,105,10.0,14
14:59:57,739.257,996,1000,105,10.0,14
14:59:57,739.446,996,1000,105,10.0,14
14:59:57,739.646,993,1000,105,10.0,15
14:59:57,739.845,996,1000,105,10.0,14
14:59:57,740.044,998,1000,105,10.0,14
14:59:58,740.253,1000,1000,105,10.0,14
14:59:58,740.443,998,1000,105,10.0,14
14:59:58,740.635,1000,1000,105,10.0,14
14:59:58,740.843,1001,1000,105,10.0,14
14:59:58,741.042,1003,1000,105,10.0,14
14:59:59,741.241,1001,1000,105,10.0,14
14:59:59,741.441,998,1000,105,10.0,14
14:59:59,741.641,1000,1000,105,10.0,14
14:59:59,741.843,1001,1000,105,10.0,14
14:59:59,742.045,1002,1000,105,10.0,14
15:00:00,742.246,999,1000,105,10.0,14
15:00:00,742.438,996,1000,105,10.0,14
15:00:00,742.638,998,1000,105,10.0,14
15:00:00,742.836,1000,1000,105,10.0,14
15:00:00,743.044,1002,1000,105,10.0,14
15:00:01,743.237,998,1000,105,10.0,14
15:00:01,743.429,1000,1000,105,10.0,14
15:00:01,743.639,1001,1000,105,10.0,14
15:00:01,743.83,1002,1000,105,10.0,14
15:00:01,744.038,999,1000,105,10.0,14
15:00:02,744.241,997,1000,105,10.0,14
15:00:02,744.44,999,1000,105,10.0,14
15:00:02,744.631,1001,1000,105,10.0,14
15:00:02,744.831,1001,1000,105,10.0,14
15:00:02,745.03,998,1000,105,10.0,14
15:00:03,745.231,1000,1000,105,10.0,14
15:00:03,745.431,1001,1000,105,10.0,14
15:00:03,745.632,1001,1000,105,10.0,14
15:00:03,745.834,997,1000,105,10.0,14
15:00:03,746.035,999,1000,105,10.0,14
15:00:04,746.227,1000,1000,105,10.0,14
15:00:04,746.426,1001,1000,105,10.0,14
15:00:04,746.625,998,1000,105,10.0,14
15:00:04,746.827,999,1000,105,10.0,14
15:00:04,747.029,1000,1000,105,10.0,14
15:00:05,747.227,1001,1000,105,10.0,14
15:00:05,747.429,998,1000,105,10.0,14
15:00:05,747.632,997,1000,105,10.0,14
15:00:05,747.822,999,1000,105,10.0,14
15:00:05,748.022,1000,1000,105,10.0,14
15:00:06,748.224,999,1000,105,10.0,14
15:00:06,748.425,999,1000,105,10.0,14
15:00:06,748.627,1000,1000,105,10.0,14
15:00:06,748.829,1001,1000,105,10.0,14
15:00:06,749.026,999,1000,105,10.0,14
15:00:07,749.229,996,1000,105,10.0,14
15:00:07,749.419,997,1000,105,10.0,14
15:00:07,749.618,999,1000,105,10.0,14
15:00:07,749.82,1000,1000,105,10.0,14
15:00:07,750.023,996,1000,105,10.0,14
15:00:08,750.224,998,1000,105,10.0,14
15:00:08,750.416,999,1000,105,10.0,14
15:00:08,750.616,999,1000,105,10.0,14
15:00:08,750.815,997,1000,105,10.0,14
15:00:08,751.013,998,1000,105,10.0,14
15:00:09,751.214,1000,1000,105,10.0,14
15:00:09,751.416,1000,1000,105,10.0,14
15:00:09,751.617,997,1000,105,10.0,14
15:00:09,751.82,998,1000,105,10.0,14
15:00:09,752.012,999,1000,105,10.0,14
15:00:10,752.22,999,1000,105,10.0,14
15:00:10,752.41,997,1000,105,10.0,14
15:00:10,752.616,998,1000,105,10.0,14
15:00:10,752.813,999,1000,105,10.0,14
15:00:10,753.015,996,1000,105,10.0,14
15:00:11,753.208,993,1000,105,10.0,15
15:00:11,753.408,995,1000,105,10.0,14
15:00:11,753.608,997,1000,105,10.0,14
15:00:11,753.809,995,1000,105,10.0,14
15:00:11,754.009,996,1000,105,10.0,14
15:00:12,754.21,998,1000,105,10.0,14
15:00:12,754.414,999,1000,105,10.0,14
15:00:12,754.604,995,1000,105,10.0,14
15:00:12,754.805,996,1000,105,10.0,14
15:00:12,755.003,997,1000,105,10.0,14
15:00:13,755.203,997,1000,105,10.0,14
15:00:13,755.406,994,1000,105,10.0,15
15:00:13,755.61,995,1000,105,10.0,14
15:00:13,755.801,997,1000,105,10.0,14
15:00:13,756.0,997,1000,105,10.0,14
15:00:14,756.203,995,1000,105,10.0,14
15:00:14,756.405,997,1000,105,10.0,14
15:00:14,756.599,997,1000,105,10.0,14
15:00:14,756.798,994,1000,105,10.0,15
15:00:14,756.999,995,1000,105,10.0,14
15:00:15,757.198,996,1000,105,10.0,14
15:00:15,757.398,997,1000,105,10.0,14
15:00:15,757.598,995,1000,105,10.0,14
15:00:15,757.799,996,1000,105,10.0,14
15:00:15,758.0,997,1000,105,10.0,14
15:00:16,758.188,997,1000,105,10.0,14
15:00:16,758.395,996,1000,105,10.0,14
15:00:16,758.587,997,1000,105,10.0,14
15:00:16,758.795,998,1000,105,10.0,14
15:00:16,758.987,994,1000,105,10.0,15
15:00:17,759.192,995,1000,105,10.0,14
15:00:17,759.391,996,1000,105,10.0,14
15:00:17,759.592,996,1000,105,10.0,14
15:00:17,759.794,996,1000,105,10.0,14
15:00:17,759.993,997,1000,105,10.0,14
15:00:18,760.188,997,1000,105,10.0,14
15:00:18,760.396,993,1000,105,10.0,15
15:00:18,760.589,995,1000,105,10.0,14
15:00:18,760.796,996,1000,105,10.0,14
15:00:18,760.988,995,1000,105,10.0,14
15:00:19,761.192,992,1000,105,10.0,15
15:00:19,761.392,994,1000,105,10.0,15
15:00:19,761.594,998,1000,105,10.0,15
15:00:19,761.786,1001,1000,105,10.0,15
15:00:19,761.986,997,1000,105,10.0,15
15:00:20,762.186,993,1000,105,10.0,15
15:00:20,762.388,996,1000,105,10.0,15
15:00:20,762.59,999,1000,105,10.0,15
15:00:20,762.792,1000,1000,105,10.0,15
15:00:20,762.993,996,1000,105,10.0,15
15:00:21,763.188,997,1000,105,10.0,15
15:00:21,763.38,997,1000,105,10.0,15
15:00:21,763.589,993,1000,105,10.0,15
15:00:21,763.78,997,1000,105,10.0,15
15:00:21,763.986,1000,1000,105,10.0,15
15:00:22,764.189,1000,1000,105,10.0,15
15:00:22,764.378,995,1000,105,10.0,15
15:00:22,764.578,996,1000,105,10.0,15
15:00:22,764.779,996,1000,105,10.0,15
15:00:22,764.978,997,1000,105,10.0,15
15:00:23,765.173,993,1000,105,10.0,15
15:00:23,765.38,996,1000,105,10.0,15
15:00:23,765.572,999,1000,105,10.0,15
15:00:23,765.782,1001,1000,105,10.0,15
15:00:23,765.975,999,1000,105,10.0,15
15:00:24,766.182,999,1000,105,10.0,15
15:00:24,766.374,1002,1000,105,10.0,15
15:00:24,766.567,1003,1000,105,10.0,15
15:00:24,766.775,1005,1000,105,10.0,14
15:00:24,766.966,1000,1000,105,10.0,15
15:00:25,767.171,999,1000,105,10.0,15
15:00:25,767.373,999,1000,105,10.0,15
15:00:25,767.572,996,1000,105,10.0,15
15:00:25,767.772,997,1000,105,10.0,15
15:00:25,767.975,997,1000,105,10.0,15
15:00:26,768.177,996,1000,105,10.0,15
15:00:26,768.378,992,1000,105,10.0,15
15:00:26,768.569,995,1000,105,10.0,15
15:00:26,768.768,998,1000,105,10.0,15
15:00:26,768.967,1001,1000,105,10.0,15
15:00:27,769.172,998,1000,105,10.0,15
15:00:27,769.363,1000,1000,105,10.0,15
15:00:27,769.571,1002,1000,105,10.0,15
15:00:27,769.762,1004,1000,105,10.0,15
15:00:27,769.969,1004,1000,105,10.0,15
15:00:28,770.175,1001,1000,105,10.0,15
15:00:28,770.374,1002,1000,105,10.0,15
15:00:28,770.564,1004,1000,105,10.0,15
15:00:28,770.763,1005,1000,105,10.0,14
15:00:28,770.963,1002,1000,105,10.0,15
15:00:29,771.161,1001,1000,105,10.0,15
15:00:29,771.362,1000,1000,105,10.0,15
15:00:29,771.563,999,1000,105,10.0,15
15:00:29,771.765,995,1000,105,10.0,15
15:00:29,771.967,995,1000,105,10.0,15
15:00:29,772.156,995,1000,105,10.0,15
15:00:30,772.364,992,1000,105,10.0,15
15:00:30,772.555,995,1000,105,10.0,15
15:00:30,772.763,998,1000,105,10.0,15
15:00:30,772.954,1000,1000,105,10.0,15
15:00:31,773.16,997,1000,105,10.0,15
15:00:31,773.358,999,1000,105,10.0,15
15:00:31,773.562,1001,1000,105,10.0,15
15:00:31,773.762,1003,1000,105,10.0,15
15:00:31,773.964,1002,1000,105,10.0,15
15:00:31,774.157,999,1000,105,10.0,15
15:00:32,774.354,1000,1000,105,10.0,15
15:00:32,774.553,1002,1000,105,10.0,15
15:00:32,774.753,1003,1000,105,10.0,15
15:00:32,774.953,1002,1000,105,10.0,15
15:00:32,775.155,998,1000,105,10.0,15
15:00:33,775.355,1000,1000,105,10.0,15
15:00:33,775.557,1002,1000,105,10.0,15
15:00:33,775.758,1003,1000,105,10.0,15
15:00:33,775.95,1000,1000,105,10.0,15
15:00:33,776.157,1002,1000,105,10.0,15
15:00:34,776.349,1003,1000,105,10.0,15
15:00:34,776.556,1004,1000,105,10.0,15
15:00:34,776.749,1003,1000,105,10.0,15
15:00:34,776.946,1000,1000,105,10.0,15
15:00:34,777.149,1001,1000,105,10.0,15
15:00:35,777.346,1003,1000,105,10.0,15
15:00:35,777.547,1004,1000,105,10.0,15
15:00:35,777.749,1002,1000,105,10.0,15
15:00:35,777.952,998,1000,105,10.0,15
15:00:35,778.154,1000,1000,105,10.0,15
15:00:36,778.343,1001,1000,105,10.0,15
15:00:36,778.543,1003,1000,105,10.0,15
15:00:36,778.743,999,1000,105,10.0,15
15:00:36,778.942,1001,1000,105,10.0,15
15:00:36,779.142,1002,1000,105,10.0,15
15:00:37,779.346,1003,1000,105,10.0,15
15:00:37,779.537,1001,1000,105,10.0,15
15:00:37,779.746,998,1000,105,10.0,15
15:00:37,779.934,1000,1000,105,10.0,15
15:00:37,780.14,1001,1000,105,10.0,15
15:00:38,780.341,1002,1000,105,10.0,15
15:00:38,780.545,999,1000,105,10.0,15
15:00:38,780.738,1000,1000,105,10.0,15
15:00:38,780.937,1002,1000,105,10.0,15
15:00:38,781.136,1003,1000,105,10.0,15
15:00:39,781.337,1003,1000,105,10.0,15
15:00:39,781.54,999,1000,105,10.0,15
15:00:39,781.741,1000,1000,105,10.0,15
15:00:39,781.943,1002,1000,105,10.0,15
15:00:39,782.139,1002,1000,105,10.0,15
15:00:40,782.33,999,1000,105,10.0,15
15:00:40,782.538,1000,1000,105,10.0,15
15:00:40,782.73,1001,1000,105,10.0,15
15:00:40,782.938,1002,1000,105,10.0,15
15:00:40,783.131,1001,1000,105,10.0,15
15:00:41,783.33,1001,1000,105,10.0,15
15:00:41,783.53,1002,1000,105,10.0,15
15:00:41,783.732,1003,1000,105,10.0,15
15:00:41,783.934,1002,1000,105,10.0,15
15:00:41,784.129,998,1000,105,10.0,15
15:00:42,784.327,1000,1000,105,10.0,15
15:00:42,784.527,1001,1000,105,10.0,15
15:00:42,784.726,1002,1000,105,10.0,15
15:00:42,784.926,999,1000,105,10.0,15
15:00:42,785.128,1000,1000,105,10.0,15
15:00:43,785.329,1002,1000,105,10.0,15
15:00:43,785.532,1003,1000,105,10.0,15
15:00:43,785.724,999,1000,105,10.0,15
15:00:43,785.923,996,1000,105,10.0,15
15:00:43,786.127,998,1000,105,10.0,15
15:00:44,786.316,1000,1000,105,10.0,15
15:00:44,786.522,1000,1000,105,10.0,15
15:00:44,786.729,998,1000,105,10.0,15
15:00:44,786.92,999,1000,105,10.0,15
15:00:44,787.124,1001,1000,105,10.0,15
15:00:45,787.325,1001,1000,105,10.0,15
15:00:45,787.526,997,1000,105,10.0,15
15:00:45,787.727,999,1000,105,10.0,15
15:00:45,787.927,1000,1000,105,10.0,15
15:00:45,788.118,1001,1000,105,10.0,15
15:00:46,788.317,998,1000,105,10.0,15
15:00:46,788.517,999,1000,105,10.0,15
15:00:46,788.718,1001,1000,105,10.0,15
15:00:46,788.919,1002,1000,105,10.0,15
15:00:46,789.12,998,1000,105,10.0,15
15:00:47,789.321,997,1000,105,10.0,15
15:00:47,789.522,999,1000,105,10.0,15
15:00:47,789.713,1000,1000,105,10.0,15
15:00:47,789.913,999,1000,105,10.0,15
15:00:47,790.113,999,1000,105,10.0,15
15:00:48,790.317,1000,1000,105,10.0,15
15:00:48,790.518,1001,1000,105,10.0,15
15:00:48,790.718,1001,1000,105,10.0,15
15:00:48,790.918,997,1000,105,10.0,15
15:00:48,791.109,999,1000,105,10.0,15
15:00:49,791.316,1000,1000,105,10.0,15
15:00:49,791.508,1001,1000,105,10.0,15
15:00:49,791.716,998,1000,105,10.0,15
15:00:49,791.907,999,1000,105,10.0,15
15:00:49,792.115,1000,1000,105,10.0,15
15:00:50,792.307,1002,1000,105,10.0,15
15:00:50,792.506,998,1000,105,10.0,15
15:00:50,792.706,997,1000,105,10.0,15
15:00:50,792.906,999,1000,105,10.0,15
15:00:50,793.108,1000,1000,105,10.0,15
15:00:51,793.31,999,1000,105,10.0,15
15:00:51,793.512,999,1000,105,10.0,15
15:00:51,793.703,1001,1000,105,10.0,15
15:00:51,793.903,1002,1000,105,10.0,15
15:00:51,794.109,1000,1000,105,10.0,15
15:00:52,794.301,996,1000,105,10.0,15
15:00:52,794.508,998,1000,105,10.0,15
15:00:52,794.699,1000,1000,105,10.0,15
15:00:52,794.907,1001,1000,105,10.0,15
15:00:52,795.099,997,1000,105,10.0,15
15:00:53,795.299,999,1000,105,10.0,15
15:00:53,795.499,1000,1000,105,10.0,15
15:00:53,795.7,1001,1000,105,10.0,15
15:00:53,795.901,997,1000,105,10.0,15
15:00:53,796.102,998,1000,105,10.0,15
15:00:54,796.302,1000,1000,105,10.0,15
15:00:54,796.504,1001,1000,105,10.0,15
15:00:54,796.695,999,1000,105,10.0,15
15:00:54,796.894,1000,1000,105,10.0,15
15:00:54,797.092,1001,1000,105,10.0,15
15:00:55,797.299,1002,1000,105,10.0,15
15:00:55,797.491,999,1000,105,10.0,15
15:00:55,797.697,996,1000,105,10.0,15
15:00:55,797.889,997,1000,105,10.0,15
15:00:55,798.095,999,1000,105,10.0,15
15:00:56,798.294,1000,1000,105,10.0,15
15:00:56,798.496,996,1000,105,10.0,15
15:00:56,798.697,998,1000,105,10.0,15
15:00:56,798.899,999,1000,105,10.0,15
15:00:56,799.089,1000,1000,105,10.0,15
15:00:57,799.289,997,1000,105,10.0,15
15:00:57,799.487,999,1000,105,10.0,15
15:00:57,799.687,1000,1000,105,10.0,15
15:00:57,799.89,1001,1000,105,10.0,15
15:00:57,800.093,997,1000,105,10.0,15
15:00:58,800.285,999,1000,105,10.0,15
15:00:58,800.491,1000,1000,105,10.0,15
15:00:58,800.684,1001,1000,105,10.0,15
15:00:58,800.892,997,1000,105,10.0,15
15:00:58,801.084,998,1000,105,10.0,15
15:00:59,801.283,1000,1000,105,10.0,15
15:00:59,801.483,1000,1000,105,10.0,15
15:00:59,801.684,997,1000,105,10.0,15
15:00:59,801.883,999,1000,105,10.0,15
15:00:59,802.085,1000,1000,105,10.0,15
15:01:00,802.284,1001,1000,105,10.0,15
15:01:00,802.487,997,1000,105,10.0,15
15:01:00,802.688,998,1000,105,10.0,15
15:01:00,802.888,999,1000,105,10.0,15
15:01:00,803.077,1000,1000,105,10.0,15
15:01:01,803.284,998,1000,105,10.0,15
15:01:01,803.476,999,1000,105,10.0,15
15:01:01,803.684,1000,1000,105,10.0,15
15:01:01,803.879,1001,1000,105,10.0,15
15:01:01,804.083,997,1000,105,10.0,15
15:01:02,804.274,999,1000,105,10.0,15
15:01:02,804.474,1000,1000,105,10.0,15
15:01:02,804.674,1001,1000,105,10.0,15
15:01:02,804.874,997,1000,105,10.0,15
15:01:02,805.077,998,1000,105,10.0,15
15:01:03,805.269,999,1000,105,10.0,15
15:01:03,805.477,1000,1000,105,10.0,15
15:01:03,805.668,997,1000,105,10.0,15
15:01:03,805.875,999,1000,105,10.0,15
15:01:03,806.069,1000,1000,105,10.0,15
15:01:04,806.269,1001,1000,105,10.0,15
15:01:04,806.469,997,1000,105,10.0,15
15:01:04,806.669,997,1000,105,10.0,15
15:01:04,806.87,999,1000,105,10.0,15
15:01:04,807.074,1000,1000,105,10.0,15
15:01:05,807.274,997,1000,105,10.0,15
15:01:05,807.467,998,1000,105,10.0,15
15:01:05,807.666,999,1000,105,10.0,15
15:01:05,807.869,1000,1000,105,10.0,15
15:01:05,808.066,996,1000,105,10.0,15
15:01:06,808.27,998,1000,105,10.0,15
15:01:06,808.471,999,1000,105,10.0,15
15:01:06,808.663,1000,1000,105,10.0,15
15:01:06,808.865,996,1000,105,10.0,15
15:01:06,809.064,998,1000,105,10.0,15
15:01:07,809.265,999,1000,105,10.0,15
15:01:07,809.468,998,1000,105,10.0,15
15:01:07,809.66,994,1000,105,10.0,15
15:01:07,809.86,996,1000,105,10.0,15
15:01:07,810.06,998,1000,105,10.0,15
15:01:08,810.266,999,1000,105,10.0,15
15:01:08,810.457,995,1000,105,10.0,15
15:01:08,810.664,997,1000,105,10.0,15
15:01:08,810.854,998,1000,105,10.0,15
15:01:08,811.062,997,1000,105,10.0,15
15:01:09,811.263,993,1000,105,10.0,15
15:01:09,811.456,995,1000,105,10.0,15
15:01:09,811.655,997,1000,105,10.0,15
15:01:09,811.855,998,1000,105,10.0,15
15:01:09,812.058,996,1000,105,10.0,15
15:01:10,812.262,997,1000,105,10.0,15
15:01:10,812.463,998,1000,105,10.0,15
15:01:10,812.654,996,1000,105,10.0,15
15:01:10,812.852,998,1000,105,10.0,15
15:01:10,813.044,999,1000,105,10.0,15
15:01:11,813.252,1000,1000,105,10.0,15
15:01:11,813.443,998,1000,105,10.0,15
15:01:11,813.652,998,1000,105,10.0,15
15:01:11,813.843,999,1000,105,10.0,15
15:01:11,814.051,1000,1000,105,10.0,15
15:01:12,814.254,996,1000,105,10.0,15
15:01:12,814.458,998,1000,105,10.0,15
15:01:12,814.647,999,1000,105,10.0,15
15:01:12,814.847,1000,1000,105,10.0,15
15:01:12,815.048,996,1000,105,10.0,15
15:01:13,815.249,997,1000,105,10.0,15
15:01:13,815.452,998,1000,105,10.0,15
15:01:13,815.653,996,1000,105,10.0,15
15:01:13,815.853,993,1000,105,10.0,15
15:01:13,816.044,995,1000,105,10.0,15
15:01:14,816.244,996,1000,105,10.0,15
15:01:14,816.442,996,1000,105,10.0,15
15:01:14,816.644,996,1000,105,10.0,15
15:01:14,816.844,997,1000,105,10.0,15
15:01:14,817.045,998,1000,105,10.0,15
15:01:15,817.236,995,1000,105,10.0,15
15:01:15,817.446,993,1000,105,10.0,15
15:01:15,817.635,995,1000,105,10.0,15
15:01:15,817.843,996,1000,105,10.0,15
15:01:15,818.037,994,1000,105,10.0,15
15:01:16,818.238,996,1000,105,10.0,15
15:01:16,818.437,997,1000,105,10.0,15
15:01:16,818.639,998,1000,105,10.0,15
15:01:16,818.84,995,1000,105,10.0,15
15:01:16,819.043,996,1000,105,10.0,15
15:01:17,819.244,998,1000,105,10.0,15
15:01:17,819.434,996,1000,105,10.0,15
15:01:17,819.633,997,1000,105,10.0,15
15:01:17,819.834,998,1000,105,10.0,15
15:01:17,820.029,999,1000,105,10.0,15
15:01:18,820.236,999,1000,105,10.0,15
15:01:18,820.426,997,1000,105,10.0,15
15:01:18,820.633,998,1000,105,10.0,15
15:01:18,820.824,999,1000,105,10.0,15
15:01:18,821.033,996,1000,105,10.0,15
15:01:19,821.237,997,1000,105,10.0,15
15:01:19,821.437,998,1000,105,10.0,15
15:01:19,821.628,999,1000,105,10.0,15
15:01:19,821.828,995,1000,105,10.0,15
15:01:19,822.029,997,1000,105,10.0,15
15:01:20,822.232,998,1000,105,10.0,15
15:01:20,822.432,995,1000,105,10.0,15
15:01:20,822.633,992,1000,105,10.0,15
15:01:20,822.825,994,1000,105,10.0,15
15:01:20,823.025,998,1000,105,10.0,15
15:01:21,823.225,996,1000,105,10.0,15
15:01:21,823.426,997,1000,105,10.0,15
15:01:21,823.626,998,1000,105,10.0,15
15:01:21,823.827,998,1000,105,10.0,15
15:01:21,824.029,996,1000,105,10.0,15
15:01:22,824.219,997,1000,105,10.0,15
15:01:22,824.426,998,1000,105,10.0,15
15:01:22,824.617,994,1000,105,10.0,15
15:01:22,824.824,993,1000,105,10.0,15
15:01:22,825.019,997,1000,105,10.0,15
15:01:23,825.219,994,1000,105,10.0,15
15:01:23,825.419,995,1000,105,10.0,15
15:01:23,825.621,997,1000,105,10.0,15
15:01:23,825.824,994,1000,106,10.0,15
15:01:23,826.024,994,1000,106,10.0,15
15:01:24,826.216,998,1000,106,10.0,15
15:01:24,826.416,1001,1000,106,10.0,15
15:01:24,826.614,1002,1000,106,10.0,15
15:01:24,826.815,1000,1000,106,10.0,15
15:01:24,827.016,1000,1000,106,10.0,15
15:01:25,827.218,1000,1000,106,10.0,15
15:01:25,827.418,1001,1000,106,10.0,15
15:01:25,827.619,999,1000,106,10.0,15
15:01:25,827.821,999,1000,106,10.0,15
15:01:25,828.012,1000,1000,106,10.0,15
15:01:26,828.21,1000,1000,106,10.0,15
15:01:26,828.413,996,1000,106,10.0,15
15:01:26,828.614,997,1000,106,10.0,15
15:01:26,828.814,998,1000,106,10.0,15
15:01:26,829.013,998,1000,106,10.0,15
15:01:27,829.203,997,1000,106,10.0,15
15:01:27,829.409,998,1000,106,10.0,15
15:01:27,829.616,999,1000,106,10.0,15
15:01:27,829.807,995,1000,106,10.0,15
15:01:27,829.999,994,1000,106,10.0,15
15:01:28,830.205,998,1000,106,10.0,15
15:01:28,830.405,996,1000,106,10.0,15
15:01:28,830.607,997,1000,106,10.0,15
15:01:28,830.808,998,1000,106,10.0,15
15:01:28,831.011,999,1000,106,10.0,15
15:01:29,831.202,996,1000,106,10.0,15
15:01:29,831.404,997,1000,106,10.0,15
15:01:29,831.602,998,1000,106,10.0,15
15:01:29,831.803,999,1000,106,10.0,15
15:01:29,832.004,995,1000,106,10.0,15
15:01:30,832.204,996,1000,106,10.0,15
15:01:30,832.405,997,1000,106,10.0,15
15:01:30,832.606,994,1000,106,10.0,15
15:01:30,832.799,993,1000,106,10.0,15
15:01:30,832.999,997,1000,106,10.0,15
15:01:31,833.198,999,1000,106,10.0,15
15:01:31,833.397,1002,1000,106,10.0,15
15:01:31,833.598,1000,1000,106,10.0,15
15:01:31,833.801,1002,1000,106,10.0,15
15:01:31,834.003,1005,1000,106,10.0,15
15:01:32,834.188,1003,1000,106,10.0,15
15:01:32,834.395,1003,1000,106,10.0,15
15:01:32,834.602,1003,1000,106,10.0,15
15:01:32,834.794,998,1000,106,10.0,15
15:01:32,835.002,996,1000,106,10.0,15
15:01:33,835.193,997,1000,106,10.0,15
15:01:33,835.392,997,1000,106,10.0,15
15:01:33,835.595,993,1000,106,10.0,15
15:01:33,835.795,997,1000,106,10.0,15
15:01:33,835.995,998,1000,106,10.0,15
15:01:34,836.197,997,1000,106,10.0,15
15:01:34,836.397,1000,1000,106,10.0,15
15:01:34,836.599,998,1000,106,10.0,15
15:01:34,836.788,999,1000,106,10.0,15
15:01:34,836.987,1002,1000,106,10.0,15
15:01:35,837.191,1002,1000,106,10.0,15
15:01:35,837.394,1004,1000,106,10.0,15
15:01:35,837.587,1002,1000,106,10.0,15
15:01:35,837.785,1004,1000,106,10.0,15
15:01:35,837.986,1006,1000,106,10.0,15
15:01:36,838.189,1004,1000,106,10.0,15
15:01:36,838.384,1003,1000,106,10.0,15
15:01:36,838.587,1003,1000,106,10.0,15
15:01:36,838.782,998,1000,106,10.0,15
15:01:36,838.986,996,1000,106,10.0,15
15:01:37,839.181,997,1000,106,10.0,15
15:01:37,839.381,997,1000,106,10.0,15
15:01:37,839.581,993,1000,106,10.0,15
15:01:37,839.783,997,1000,106,10.0,15
15:01:37,839.985,998,1000,106,10.0,15
15:01:38,840.186,996,1000,106,10.0,15
15:01:38,840.385,1000,1000,106,10.0,15
15:01:38,840.579,998,1000,106,10.0,15
15:01:38,840.778,999,1000,106,10.0,15
15:01:38,840.978,1002,1000,106,10.0,15
15:01:39,841.173,1002,1000,106,10.0,15
15:01:39,841.378,1004,1000,106,10.0,15
15:01:39,841.57,1001,1000,106,10.0,15
15:01:39,841.778,1004,1000,106,10.0,15
15:01:39,841.985,1006,1000,106,10.0,15
15:01:40,842.174,1004,1000,106,10.0,15
15:01:40,842.373,1003,1000,106,10.0,15
15:01:40,842.576,1003,1000,106,10.0,15
15:01:40,842.777,998,1000,106,10.0,15
15:01:40,842.98,998,1000,106,10.0,15
15:01:41,843.172,999,1000,106,10.0,15
15:01:41,843.364,998,1000,106,10.0,15
15:01:41,843.572,994,1000,106,10.0,15
15:01:41,843.764,997,1000,106,10.0,15
15:01:41,843.97,998,1000,106,10.0,15
15:01:42,844.174,996,1000,106,10.0,15
15:01:42,844.375,999,1000,106,10.0,15
15:01:42,844.567,997,1000,106,10.0,15
15:01:42,844.768,999,1000,106,10.0,15
15:01:42,844.967,1002,1000,106,10.0,15
15:01:43,845.172,1003,1000,106,10.0,15
15:01:43,845.362,1005,1000,106,10.0,15
15:01:43,845.569,1000,1000,106,10.0,15
15:01:43,845.76,1000,1000,106,10.0,15
15:01:43,845.967,1000,1000,106,10.0,15
15:01:44,846.171,998,1000,106,10.0,15
15:01:44,846.371,999,1000,106,10.0,15
15:01:44,846.562,999,1000,106,10.0,15
15:01:44,846.763,999,1000,106,10.0,15
15:01:44,846.962,995,1000,106,10.0,15
15:01:45,847.162,996,1000,106,10.0,15
15:01:45,847.363,997,1000,106,10.0,15
15:01:45,847.566,998,1000,106,10.0,15
15:01:45,847.768,994,1000,106,10.0,15
15:01:45,847.96,998,1000,106,10.0,15
15:01:46,848.158,1001,1000,106,10.0,15
15:01:46,848.359,998,1000,106,10.0,15
15:01:46,848.562,1001,1000,106,10.0,15
15:01:46,848.764,1004,1000,106,10.0,15
15:01:46,848.967,1004,1000,106,10.0,15
15:01:47,849.159,1006,1000,106,10.0,15
15:01:47,849.356,1001,1000,106,10.0,15
15:01:47,849.555,1001,1000,106,10.0,15
15:01:47,849.755,1001,1000,106,10.0,15
15:01:47,849.957,999,1000,106,10.0,15
15:01:48,850.158,999,1000,106,10.0,15
15:01:48,850.358,999,1000,106,10.0,15
15:01:48,850.558,1000,1000,106,10.0,15
15:01:48,850.761,995,1000,106,10.0,15
15:01:48,850.951,996,1000,106,10.0,15
15:01:48,851.155,997,1000,106,10.0,15
15:01:49,851.347,995,1000,106,10.0,15
15:01:49,851.554,991,1000,106,10.0,15
15:01:49,851.746,995,1000,106,10.0,15
15:01:49,851.957,994,1000,106,10.0,15
15:01:49,852.15,993,1000,106,10.0,15
15:01:50,852.348,997,1000,106,10.0,15
15:01:50,852.548,999,1000,106,10.0,15
15:01:50,852.747,997,1000,106,10.0,15
15:01:50,852.95,1000,1000,106,10.0,15
15:01:50,853.149,998,1000,106,10.0,15
15:01:51,853.348,999,1000,106,10.0,15
15:01:51,853.55,1001,1000,106,10.0,15
15:01:51,853.752,1002,1000,106,10.0,15
15:01:51,853.954,1004,1000,106,10.0,15
15:01:51,854.14,1006,1000,106,10.0,15
15:01:52,854.348,1000,1000,106,10.0,15
15:01:52,854.54,1000,1000,106,10.0,15
15:01:52,854.747,1002,1000,106,10.0,15
15:01:52,854.938,1004,1000,106,10.0,15
15:01:52,855.145,1004,1000,106,10.0,15
15:01:53,855.347,1002,1000,106,10.0,15
15:01:53,855.549,1004,1000,106,10.0,15
15:01:53,855.748,1005,1000,106,10.0,15
15:01:53,855.94,1004,1000,106,10.0,15
15:01:53,856.139,1003,1000,106,10.0,15
15:01:54,856.339,1002,1000,106,10.0,15
15:01:54,856.537,1004,1000,106,10.0,15
15:01:54,856.74,1006,1000,106,10.0,15
15:01:54,856.942,1005,1000,106,10.0,15
15:01:54,857.144,999,1000,106,10.0,15
15:01:55,857.336,998,1000,106,10.0,15
15:01:55,857.534,998,1000,106,10.0,15
15:01:55,857.735,996,1000,106,10.0,15
15:01:55,857.935,992,1000,106,10.0,15
15:01:55,858.14,996,1000,106,10.0,15
15:01:56,858.332,999,1000,106,10.0,15
15:01:56,858.54,1002,1000,106,10.0,15
15:01:56,858.732,1001,1000,106,10.0,15
15:01:56,858.939,998,1000,106,10.0,15
15:01:56,859.131,1001,1000,106,10.0,15
15:01:57,859.334,1003,1000,106,10.0,15
15:01:57,859.536,1005,1000,106,10.0,15
15:01:57,859.738,1004,1000,106,10.0,15
15:01:57,859.938,999,1000,106,10.0,15
15:01:57,860.128,999,1000,106,10.0,15
15:01:58,860.327,999,1000,106,10.0,15
15:01:58,860.526,995,1000,106,10.0,15
15:01:58,860.729,995,1000,106,10.0,15
15:01:58,860.934,996,1000,106,10.0,15
15:01:58,861.125,994,1000,106,10.0,15
15:01:59,861.332,992,1000,106,10.0,15
15:01:59,861.523,996,1000,106,10.0,15
15:01:59,861.731,999,1000,106,10.0,15
15:01:59,861.922,1002,1000,106,10.0,15
15:01:59,862.127,1003,1000,106,10.0,15
15:02:00,862.33,1001,1000,106,10.0,15
15:02:00,862.53,1003,1000,106,10.0,15
15:02:00,862.722,1005,1000,106,10.0,15
15:02:00,862.92,1005,1000,106,10.0,15
15:02:00,863.12,1003,1000,106,10.0,15
15:02:01,863.32,1000,1000,106,10.0,15
15:02:01,863.52,1000,1000,106,10.0,15
15:02:01,863.722,1000,1000,106,10.0,15
15:02:01,863.922,995,1000,106,10.0,15
15:02:01,864.125,996,1000,106,10.0,15
15:02:02,864.316,996,1000,106,10.0,15
15:02:02,864.523,992,1000,106,10.0,15
15:02:02,864.715,993,1000,106,10.0,15
15:02:02,864.925,997,1000,106,10.0,15
15:02:02,865.115,999,1000,106,10.0,15
15:02:03,865.314,1002,1000,106,10.0,15
15:02:03,865.515,1001,1000,106,10.0,15
15:02:03,865.716,998,1000,106,10.0,15
15:02:03,865.916,1001,1000,106,10.0,15
15:02:03,866.109,1003,1000,106,10.0,15
15:02:04,866.319,1004,1000,106,10.0,15
15:02:04,866.507,1005,1000,106,10.0,15
15:02:04,866.714,999,1000,106,10.0,15
15:02:04,866.905,999,1000,106,10.0,15
15:02:04,867.112,1001,1000,106,10.0,15
15:02:05,867.311,1002,1000,106,10.0,15
15:02:05,867.513,999,1000,106,10.0,15
15:02:05,867.714,1002,1000,106,10.0,15
15:02:05,867.916,1004,1000,106,10.0,15
15:02:05,868.117,1005,1000,106,10.0,15
15:02:06,868.307,1004,1000,106,10.0,15
15:02:06,868.506,999,1000,106,10.0,15
15:02:06,868.706,1001,1000,106,10.0,15
15:02:06,868.906,1003,1000,106,10.0,15
15:02:06,869.109,1005,1000,106,10.0,15
15:02:07,869.3,1002,1000,106,10.0,15
15:02:07,869.507,1001,1000,106,10.0,15
15:02:07,869.697,1001,1000,106,10.0,15
15:02:07,869.904,1000,1000,106,10.0,15
15:02:07,870.11,996,1000,106,10.0,15
15:02:08,870.313,996,1000,106,10.0,15
15:02:08,870.503,997,1000,106,10.0,15
15:02:08,870.702,993,1000,106,10.0,15
15:02:08,870.904,995,1000,106,10.0,15
15:02:08,871.104,999,1000,106,10.0,15
15:02:09,871.307,1001,1000,106,10.0,15
15:02:09,871.499,1002,1000,106,10.0,15
15:02:09,871.699,999,1000,106,10.0,15
15:02:09,871.898,1001,1000,106,10.0,15
15:02:09,872.093,1003,1000,106,10.0,15
15:02:10,872.301,1005,1000,106,10.0,15
15:02:10,872.504,1005,1000,106,10.0,15
15:02:10,872.696,999,1000,106,10.0,15
15:02:10,872.903,999,1000,106,10.0,15
15:02:10,873.095,999,1000,106,10.0,15
15:02:11,873.295,994,1000,106,10.0,15
15:02:11,873.498,997,1000,106,10.0,15
15:02:11,873.7,1000,1000,106,10.0,15
15:02:11,873.902,1000,1000,106,10.0,15
15:02:11,874.092,995,1000,106,10.0,15
15:02:12,874.291,994,1000,106,10.0,15
15:02:12,874.491,998,1000,106,10.0,15
15:02:12,874.691,1000,1000,106,10.0,15
15:02:12,874.893,1000,1000,106,10.0,15
15:02:12,875.093,999,1000,106,10.0,15
15:02:13,875.289,1002,1000,106,10.0,15
15:02:13,875.49,1003,1000,106,10.0,15
15:02:13,875.682,1005,1000,106,10.0,15
15:02:13,875.889,1004,1000,106,10.0,15
15:02:13,876.096,1000,1000,106,10.0,15
15:02:14,876.286,1000,1000,106,10.0,15
15:02:14,876.486,999,1000,106,10.0,15
15:02:14,876.685,994,1000,106,10.0,15
15:02:14,876.886,998,1000,106,10.0,15
15:02:14,877.088,1000,1000,106,10.0,15
15:02:15,877.289,1002,1000,106,10.0,15
15:02:15,877.49,1001,1000,106,10.0,15
15:02:15,877.691,1001,1000,106,10.0,15
15:02:15,877.893,1003,1000,106,10.0,15
15:02:15,878.076,1005,1000,106,10.0,15
15:02:16,878.283,1004,1000,106,10.0,15
15:02:16,878.474,998,1000,106,10.0,15
15:02:16,878.682,998,1000,106,10.0,15
15:02:16,878.875,998,1000,106,10.0,15
15:02:16,879.081,993,1000,106,10.0,15
15:02:17,879.284,995,1000,106,10.0,15
15:02:17,879.488,998,1000,106,10.0,15
15:02:17,879.677,1001,1000,106,10.0,15
15:02:17,879.877,1002,1000,106,10.0,15
15:02:17,880.077,999,1000,106,10.0,15
15:02:18,880.277,1001,1000,106,10.0,15
15:02:18,880.478,1003,1000,106,10.0,15
15:02:18,880.677,1005,1000,106,10.0,15
15:02:18,880.877,1005,1000,106,10.0,15
15:02:18,881.08,999,1000,106,10.0,15
15:02:19,881.283,999,1000,106,10.0,15
15:02:19,881.473,998,1000,106,10.0,15
15:02:19,881.673,994,1000,106,10.0,15
15:02:19,881.877,997,1000,106,10.0,15
15:02:19,882.078,1000,1000,106,10.0,15
15:02:20,882.27,1002,1000,106,10.0,15
15:02:20,882.47,1000,1000,106,10.0,15
15:02:20,882.67,997,1000,106,10.0,15
15:02:20,882.869,1000,1000,106,10.0,15
15:02:20,883.077,1002,1000,106,10.0,15
15:02:21,883.268,1003,1000,106,10.0,15
15:02:21,883.475,1003,1000,106,10.0,15
15:02:21,883.665,1001,1000,106,10.0,15
15:02:21,883.872,1003,1000,106,10.0,15
15:02:21,884.066,1004,1000,106,10.0,15
15:02:22,884.265,1005,1000,106,10.0,15
15:02:22,884.467,1003,1000,106,10.0,15
15:02:22,884.669,1001,1000,106,10.0,15
15:02:22,884.868,1000,1000,106,10.0,15
15:02:22,885.069,1000,1000,106,10.0,15
15:02:23,885.271,995,1000,106,10.0,15
15:02:23,885.472,996,1000,106,10.0,15
15:02:23,885.663,996,1000,106,10.0,15
15:02:23,885.861,992,1000,106,10.0,15
15:02:23,886.062,995,1000,106,10.0,15
15:02:24,886.262,998,1000,106,10.0,15
15:02:24,886.466,1000,1000,106,10.0,15
15:02:24,886.665,1000,1000,106,10.0,15
15:02:24,886.867,1000,1000,106,10.0,15
15:02:24,887.068,1002,1000,106,10.0,15
15:02:25,887.258,1003,1000,106,10.0,15
15:02:25,887.458,1004,1000,106,10.0,15
15:02:25,887.656,1004,1000,106,10.0,15
15:02:25,887.856,1002,1000,106,10.0,15
15:02:25,888.058,1003,1000,106,10.0,15
15:02:26,888.257,1004,1000,106,10.0,15
15:02:26,888.46,1005,1000,106,10.0,15
15:02:26,888.661,999,1000,106,10.0,15
15:02:26,888.862,997,1000,106,10.0,15
15:02:26,889.06,997,1000,106,10.0,15
15:02:27,889.252,994,1000,106,10.0,15
15:02:27,889.459,991,1000,106,10.0,15
15:02:27,889.651,995,1000,106,10.0,15
15:02:27,889.856,998,1000,106,10.0,15
15:02:27,890.051,1000,1000,106,10.0,15
15:02:28,890.251,998,1000,106,10.0,15
15:02:28,890.45,997,1000,106,10.0,15
15:02:28,890.654,999,1000,106,10.0,15
15:02:28,890.855,1002,1000,106,10.0,15
15:02:28,891.056,1003,1000,106,10.0,15
15:02:29,891.257,1000,1000,106,10.0,15
15:02:29,891.457,1002,1000,106,10.0,15
15:02:29,891.647,1004,1000,106,10.0,15
15:02:29,891.846,1005,1000,106,10.0,15
15:02:29,892.046,1003,1000,106,10.0,15
15:02:30,892.248,998,1000,106,10.0,15
15:02:30,892.449,1000,1000,106,10.0,15
15:02:30,892.649,1003,1000,106,10.0,15
15:02:30,892.85,1004,1000,106,10.0,15
15:02:30,893.043,1004,1000,106,10.0,15
15:02:31,893.243,1001,1000,106,10.0,15
15:02:31,893.442,1003,1000,106,10.0,15
15:02:31,893.644,1005,1000,106,10.0,15
15:02:31,893.845,1005,1000,106,10.0,15
15:02:31,894.047,1003,1000,106,10.0,15
15:02:32,894.247,1002,1000,106,10.0,15
15:02:32,894.448,1001,1000,106,10.0,15
15:02:32,894.647,1001,1000,106,10.0,15
15:02:32,894.839,996,1000,106,10.0,15
15:02:32,895.038,997,1000,106,10.0,15
15:02:33,895.239,998,1000,106,10.0,15
15:02:33,895.441,995,1000,106,10.0,15
15:02:33,895.643,992,1000,106,10.0,15
15:02:33,895.845,996,1000,106,10.0,15
15:02:33,896.045,995,1000,106,10.0,15
15:02:34,896.236,994,1000,106,10.0,15
15:02:34,896.435,998,1000,106,10.0,15
15:02:34,896.638,999,1000,106,10.0,15
15:02:34,896.84,1002,1000,106,10.0,15
15:02:34,897.041,1004,1000,106,10.0,15
15:02:35,897.242,1003,1000,106,10.0,15
15:02:35,897.433,1002,1000,106,10.0,15
15:02:35,897.633,1004,1000,106,10.0,15
15:02:35,897.832,1006,1000,106,10.0,15
15:02:35,898.034,1001,1000,106,10.0,15
15:02:36,898.236,1001,1000,106,10.0,15
15:02:36,898.437,1002,1000,106,10.0,15
15:02:36,898.64,1000,1000,106,10.0,15
15:02:36,898.83,1002,1000,106,10.0,15
15:02:36,899.029,1004,1000,106,10.0,15
15:02:37,899.231,1006,1000,106,10.0,15
15:02:37,899.432,1005,1000,106,10.0,15
15:02:37,899.631,1000,1000,106,10.0,15
15:02:37,899.833,1000,1000,106,10.0,15
15:02:37,900.027,1000,1000,106,10.0,15
15:02:38,900.226,998,1000,106,10.0,15
15:02:38,900.425,998,1000,106,10.0,15
15:02:38,900.626,998,1000,106,10.0,15
15:02:38,900.827,999,1000,106,10.0,15
15:02:38,901.029,994,1000,106,10.0,15
15:02:39,901.23,996,1000,106,10.0,15
15:02:39,901.431,999,1000,106,10.0,15
15:02:39,901.632,1000,1000,106,10.0,15
15:02:39,901.832,997,1000,106,10.0,15
15:02:39,902.022,997,1000,106,10.0,15
15:02:40,902.222,998,1000,106,10.0,15
15:02:40,902.421,997,1000,106,10.0,15
15:02:40,902.62,995,1000,106,10.0,15
15:02:40,902.822,996,1000,106,10.0,15
15:02:40,903.023,996,1000,106,10.0,15
15:02:41,903.226,992,1000,106,10.0,15
15:02:41,903.418,996,1000,106,10.0,15
15:02:41,903.618,999,1000,106,10.0,15
15:02:41,903.818,1001,1000,106,10.0,15
15:02:41,904.02,1001,1000,106,10.0,15
15:02:42,904.222,1000,1000,106,10.0,15
15:02:42,904.423,1002,1000,106,10.0,15
15:02:42,904.624,1004,1000,106,10.0,15
15:02:42,904.824,1005,1000,106,10.0,15
15:02:42,905.014,998,1000,106,10.0,15
15:02:43,905.215,995,1000,106,10.0,15
15:02:43,905.413,995,1000,106,10.0,15
15:02:43,905.618,990,1000,106,10.0,15
15:02:43,905.819,991,1000,106,10.0,15
15:02:43,906.012,994,1000,106,10.0,15
15:02:44,906.21,993,1000,106,10.0,15
15:02:44,906.41,993,1000,106,10.0,15
15:02:44,906.611,997,1000,106,10.0,15
15:02:44,906.811,994,1000,106,10.0,15
15:02:44,907.013,996,1000,106,10.0,15
15:02:45,907.217,998,1000,106,10.0,15
15:02:45,907.417,1000,1000,106,10.0,15
15:02:45,907.616,997,1000,106,10.0,15
15:02:45,907.815,998,1000,106,10.0,15
15:02:45,908.007,999,1000,106,10.0,15
15:02:46,908.206,1000,1000,106,10.0,15
15:02:46,908.406,996,1000,106,10.0,15
15:02:46,908.609,997,1000,106,10.0,15
15:02:46,908.813,999,1000,106,10.0,15
15:02:46,909.004,999,1000,106,10.0,15
15:02:47,909.204,997,1000,106,10.0,15
15:02:47,909.403,998,1000,106,10.0,15
15:02:47,909.604,999,1000,106,10.0,15
15:02:47,909.806,1000,1000,106,10.0,15
15:02:47,910.006,996,1000,106,10.0,15
15:02:48,910.207,997,1000,106,10.0,15
15:02:48,910.405,999,1000,106,10.0,15
15:02:48,910.608,999,1000,106,10.0,15
15:02:48,910.809,997,1000,106,10.0,15
15:02:48,911.008,998,1000,106,10.0,15
15:02:49,911.199,999,1000,106,10.0,15
15:02:49,911.399,1000,1000,106,10.0,15
15:02:49,911.599,996,1000,106,10.0,15
15:02:49,911.801,997,1000,106,10.0,15
15:02:49,912.002,999,1000,106,10.0,15
15:02:50,912.202,998,1000,106,10.0,15
15:02:50,912.403,998,1000,106,10.0,15
15:02:50,912.604,999,1000,106,10.0,15
15:02:50,912.803,1000,1000,106,10.0,15
15:02:50,912.993,997,1000,106,10.0,15
15:02:51,913.194,994,1000,106,10.0,15
15:02:51,913.394,996,1000,106,10.0,15
15:02:51,913.595,997,1000,106,10.0,15
15:02:51,913.796,995,1000,106,10.0,15
15:02:51,913.994,997,1000,106,10.0,15
15:02:52,914.194,998,1000,106,10.0,15
15:02:52,914.396,999,1000,106,10.0,15
15:02:52,914.597,995,1000,106,10.0,15
15:02:52,914.788,996,1000,106,10.0,15
15:02:52,914.989,997,1000,106,10.0,15
15:02:53,915.188,996,1000,106,10.0,15
15:02:53,915.389,993,1000,106,10.0,16
15:02:53,915.593,995,1000,106,10.0,15
15:02:53,915.794,993,1000,106,10.0,16
15:02:53,915.985,991,1000,106,10.0,16
15:02:54,916.186,995,1000,106,10.0,15
15:02:54,916.387,997,1000,106,10.0,15
15:02:54,916.587,999,1000,106,10.0,15
15:02:54,916.791,999,1000,106,10.0,15
15:02:54,916.991,998,1000,106,10.0,15
15:02:55,917.182,994,1000,106,10.0,16
15:02:55,917.383,997,1000,106,10.0,15
15:02:55,917.581,998,1000,106,10.0,15
15:02:55,917.782,996,1000,106,10.0,15
15:02:55,917.983,998,1000,106,10.0,15
15:02:56,918.184,999,1000,106,10.0,15
15:02:56,918.387,1000,1000,106,10.0,15
15:02:56,918.589,995,1000,106,10.0,15
15:02:56,918.779,997,1000,106,10.0,15
15:02:56,918.978,998,1000,106,10.0,15
15:02:57,919.177,998,1000,106,10.0,15
15:02:57,919.381,994,1000,106,10.0,16
15:02:57,919.582,998,1000,106,10.0,15
15:02:57,919.784,996,1000,106,10.0,15
15:02:57,919.975,999,1000,106,10.0,15
15:02:58,920.175,1001,1000,106,10.0,15
15:02:58,920.375,997,1000,106,10.0,15
15:02:58,920.577,998,1000,106,10.0,15
15:02:58,920.778,999,1000,106,10.0,15
15:02:58,920.981,998,1000,106,10.0,15
15:02:59,921.171,994,1000,106,10.0,16
15:02:59,921.372,998,1000,106,10.0,15
15:02:59,921.572,996,1000,106,10.0,15
15:02:59,921.773,999,1000,106,10.0,15
15:02:59,921.974,1000,1000,106,10.0,15
15:03:00,922.176,1001,1000,106,10.0,15
15:03:00,922.376,1000,1000,106,10.0,15
15:03:00,922.569,999,1000,106,10.0,15
15:03:00,922.768,999,1000,106,10.0,15
15:03:00,922.967,1000,1000,106,10.0,15
15:03:01,923.169,995,1000,106,10.0,15
15:03:01,923.372,996,1000,106,10.0,15
15:03:01,923.575,997,1000,106,10.0,15
15:03:01,923.766,996,1000,106,10.0,15
15:03:01,923.965,992,1000,106,10.0,16
15:03:02,924.167,996,1000,106,10.0,15
15:03:02,924.369,997,1000,106,10.0,15
15:03:02,924.571,995,1000,106,10.0,15
15:03:02,924.773,999,1000,106,10.0,15
15:03:02,924.962,1002,1000,106,10.0,15
15:03:03,925.164,1001,1000,106,10.0,15
15:03:03,925.363,1001,1000,106,10.0,15
15:03:03,925.568,1003,1000,106,10.0,15
15:03:03,925.759,1000,1000,106,10.0,15
15:03:03,925.96,1003,1000,106,10.0,15
15:03:04,926.16,1005,1000,106,10.0,15
15:03:04,926.363,1002,1000,106,10.0,15
15:03:04,926.567,1001,1000,106,10.0,15
15:03:04,926.758,1001,1000,106,10.0,15
15:03:04,926.956,1001,1000,106,10.0,15
15:03:05,927.158,996,1000,106,10.0,15
15:03:05,927.359,997,1000,106,10.0,15
15:03:05,927.56,997,1000,106,10.0,15
15:03:05,927.763,993,1000,106,10.0,16
15:03:05,927.954,994,1000,106,10.0,16
15:03:05,928.154,997,1000,106,10.0,15
15:03:06,928.353,997,1000,106,10.0,15
15:03:06,928.553,995,1000,106,10.0,15
15:03:06,928.756,998,1000,106,10.0,15
15:03:06,928.961,1001,1000,106,10.0,15
15:03:06,929.153,1003,1000,106,10.0,15
15:03:07,929.35,1004,1000,106,10.0,15
15:03:07,929.549,1003,1000,106,10.0,15
15:03:07,929.751,1003,1000,106,10.0,15
15:03:07,929.954,1005,1000,106,10.0,15
15:03:07,930.157,1005,1000,106,10.0,15
15:03:08,930.357,1000,1000,106,10.0,15
15:03:08,930.547,999,1000,106,10.0,15
15:03:08,930.746,999,1000,106,10.0,15
15:03:08,930.946,995,1000,106,10.0,15
15:03:08,931.145,996,1000,106,10.0,15
15:03:09,931.346,997,1000,106,10.0,15
15:03:09,931.548,996,1000,106,10.0,15
15:03:09,931.75,996,1000,106,10.0,15
15:03:09,931.951,997,1000,106,10.0,15
15:03:09,932.143,998,1000,106,10.0,15
15:03:10,932.342,995,1000,106,10.0,15
15:03:10,932.542,996,1000,106,10.0,15
15:03:10,932.741,997,1000,106,10.0,15
15:03:10,932.944,997,1000,106,10.0,15
15:03:10,933.145,995,1000,106,10.0,15
15:03:11,933.348,996,1000,106,10.0,15
15:03:11,933.54,997,1000,106,10.0,15
15:03:11,933.738,992,1000,106,10.0,16
15:03:11,933.938,996,1000,106,10.0,15
15:03:11,934.14,999,1000,106,10.0,15
15:03:12,934.343,1002,1000,106,10.0,15
15:03:12,934.545,1000,1000,106,10.0,15
15:03:12,934.737,997,1000,106,10.0,15
15:03:12,934.935,1000,1000,106,10.0,15
15:03:12,935.135,1002,1000,106,10.0,15
15:03:13,935.337,1004,1000,106,10.0,15
15:03:13,935.539,1004,1000,106,10.0,15
15:03:13,935.741,1002,1000,106,10.0,15
15:03:13,935.943,1004,1000,106,10.0,15
15:03:13,936.133,1005,1000,106,10.0,15
15:03:14,936.335,1006,1000,106,10.0,15
15:03:14,936.538,1003,1000,106,10.0,15
15:03:14,936.739,1002,1000,106,10.0,15
15:03:14,936.93,1001,1000,106,10.0,15
15:03:14,937.131,1000,1000,106,10.0,15
15:03:15,937.331,996,1000,106,10.0,15
15:03:15,937.533,997,1000,106,10.0,15
15:03:15,937.736,997,1000,106,10.0,15
15:03:15,937.928,993,1000,106,10.0,16
15:03:15,938.127,995,1000,106,10.0,15
15:03:16,938.326,999,1000,106,10.0,15
15:03:16,938.529,1001,1000,106,10.0,15
15:03:16,938.729,1002,1000,106,10.0,15
15:03:16,938.933,997,1000,106,10.0,15
15:03:16,939.124,997,1000,106,10.0,15
15:03:17,939.324,997,1000,106,10.0,15
15:03:17,939.524,993,1000,106,10.0,16
15:03:17,939.723,992,1000,106,10.0,16
15:03:17,939.926,996,1000,106,10.0,15
15:03:17,940.127,999,1000,106,10.0,15
15:03:18,940.329,1001,1000,106,10.0,15
15:03:18,940.529,998,1000,106,10.0,15
15:03:18,940.721,1000,1000,106,10.0,15
15:03:18,940.92,1002,1000,106,10.0,15
15:03:18,941.12,1003,1000,106,10.0,15
15:03:19,941.323,1002,1000,106,10.0,15
15:03:19,941.525,998,1000,106,10.0,15
15:03:19,941.718,1001,1000,106,10.0,15
15:03:19,941.917,1002,1000,106,10.0,15
15:03:19,942.116,1003,1000,106,10.0,15
15:03:20,942.318,1001,1000,106,10.0,15
15:03:20,942.52,998,1000,106,10.0,15
15:03:20,942.721,1000,1000,106,10.0,15
15:03:20,942.922,1002,1000,106,10.0,15
15:03:20,943.113,1003,1000,106,10.0,15
15:03:21,943.314,999,1000,106,10.0,15
15:03:21,943.514,1001,1000,106,10.0,15
15:03:21,943.717,1002,1000,106,10.0,15
15:03:21,943.918,1003,1000,106,10.0,15
15:03:21,944.111,1001,1000,106,10.0,15
15:03:22,944.312,997,1000,106,10.0,15
15:03:22,944.511,999,1000,106,10.0,15
15:03:22,944.715,1001,1000,106,10.0,15
15:03:22,944.917,1002,1000,106,10.0,15
15:03:22,945.119,998,1000,106,10.0,15
15:03:23,945.307,997,1000,106,10.0,15
15:03:23,945.51,999,1000,106,10.0,15
15:03:23,945.711,1001,1000,106,10.0,15
15:03:23,945.913,1000,1000,106,10.0,15
15:03:23,946.115,998,1000,106,10.0,15
15:03:24,946.305,1000,1000,106,10.0,15
15:03:24,946.506,1001,1000,106,10.0,15
15:03:59,981.398,1001,1000,106,10.0,15
15:03:59,981.511,1000,1000,106,10.0,15
15:03:59,981.514,1001,1000,106,10.0,15
15:03:59,981.518,1002,1000,106,10.0,15
15:03:59,981.522,1002,1000,106,10.0,15
15:03:59,981.527,998,1000,106,10.0,15
15:03:59,981.531,999,1000,106,10.0,15
15:03:59,981.545,1001,1000,106,10.0,15
15:03:59,981.549,1002,1000,106,10.0,15
15:03:59,981.621,998,1000,106,10.0,15
15:03:59,981.624,997,1000,106,10.0,15
15:03:59,981.627,999,1000,106,10.0,15
15:03:59,981.63,1000,1000,106,10.0,15
15:03:59,981.634,999,1000,106,10.0,15
15:03:59,981.638,999,1000,106,10.0,15
15:03:59,981.868,1001,1000,106,10.0,15
15:03:59,981.874,1001,1000,106,10.0,15
15:03:59,981.884,1000,1000,106,10.0,15
15:03:59,981.889,1000,1000,106,10.0,15
15:03:59,981.893,1001,1000,106,10.0,15
15:03:59,981.897,1002,1000,106,10.0,15
15:03:59,981.97,1000,1000,106,10.0,15
15:03:59,981.98,996,1000,106,10.0,15
15:03:59,981.984,998,1000,106,10.0,15
15:03:59,981.987,999,1000,106,10.0,15
15:03:59,981.991,1001,1000,106,10.0,15
15:03:59,981.998,997,1000,106,10.0,15
15:03:59,982.002,998,1000,106,10.0,15
15:03:59,982.008,1000,1000,106,10.0,15
15:03:59,982.011,1001,1000,106,10.0,15
15:03:59,982.016,998,1000,106,10.0,15
15:03:59,982.02,999,1000,106,10.0,15
15:03:59,982.025,1000,1000,106,10.0,15
15:03:59,982.027,1001,1000,106,10.0,15
15:03:59,982.036,997,1000,106,10.0,15
15:03:59,982.039,999,1000,106,10.0,15
15:03:59,982.043,1000,1000,106,10.0,15
15:03:59,982.047,1001,1000,106,10.0,15
15:03:59,982.051,997,1000,106,10.0,15
15:03:59,982.054,998,1000,106,10.0,15
15:03:59,982.059,999,1000,106,10.0,15
15:03:59,982.063,1000,1000,106,10.0,15
15:03:59,982.067,997,1000,106,10.0,15
15:03:59,982.075,998,1000,106,10.0,15
15:03:59,982.078,999,1000,106,10.0,15
15:03:59,982.083,1000,1000,106,10.0,15
15:03:59,982.087,996,1000,106,10.0,15
15:03:59,982.09,997,1000,106,10.0,15
15:03:59,982.094,999,1000,106,10.0,15
15:03:59,982.098,998,1000,106,10.0,15
15:03:59,982.103,994,1000,106,10.0,16
15:03:59,982.107,996,1000,106,10.0,15
15:03:59,982.11,998,1000,106,10.0,15
15:03:59,982.114,998,1000,106,10.0,15
15:03:59,982.118,995,1000,106,10.0,15
15:03:59,982.121,997,1000,106,10.0,15
15:03:59,982.126,998,1000,106,10.0,15
15:03:59,982.13,995,1000,106,10.0,15
15:03:59,982.134,991,1000,106,10.0,16
15:03:59,982.139,994,1000,106,10.0,16
15:03:59,982.143,997,1000,106,10.0,16
15:03:59,982.147,997,1000,106,10.0,16
15:03:59,982.151,997,1000,106,10.0,16
15:03:59,982.158,998,1000,106,10.0,16
15:04:00,982.164,999,1000,106,10.0,16
15:04:00,982.168,995,1000,106,10.0,16
15:04:00,982.172,996,1000,106,10.0,16
15:04:00,982.177,997,1000,106,10.0,16
15:04:00,982.182,997,1000,106,10.0,16
15:04:00,982.185,996,1000,106,10.0,16
15:04:00,982.189,997,1000,106,10.0,16
15:04:00,982.194,998,1000,106,10.0,16
15:04:00,982.204,994,1000,106,10.0,16
15:04:00,982.208,993,1000,106,10.0,16
15:04:00,982.213,997,1000,106,10.0,16
15:04:00,982.217,998,1000,106,10.0,16
15:04:00,982.221,998,1000,106,10.0,16
15:04:00,982.224,998,1000,106,10.0,16
15:04:00,982.228,999,1000,106,10.0,16
15:04:00,982.233,995,1000,106,10.0,16
15:04:00,982.236,996,1000,106,10.0,16
15:04:00,982.241,997,1000,106,10.0,16
15:04:00,982.245,996,1000,106,10.0,16
15:04:00,982.248,996,1000,106,10.0,16
15:04:00,982.252,997,1000,106,10.0,16
15:04:00,982.258,998,1000,106,10.0,16
15:04:00,982.261,994,1000,106,10.0,16
15:04:00,982.265,995,1000,106,10.0,16
15:04:00,982.268,997,1000,106,10.0,16
15:04:00,982.271,997,1000,106,10.0,16
15:04:00,982.276,992,1000,106,10.0,16
15:04:00,982.281,996,1000,106,10.0,16
15:04:00,982.285,996,1000,106,10.0,16
15:04:00,982.289,992,1000,106,10.0,16
15:04:00,982.293,996,1000,106,10.0,16
15:04:00,982.297,1000,1000,106,10.0,16
15:04:00,982.302,995,1000,106,10.0,16
15:04:00,982.306,996,1000,106,10.0,16
15:04:00,982.352,997,1000,106,10.0,16
15:04:00,982.356,996,1000,106,10.0,16
15:04:00,982.36,996,1000,106,10.0,16
15:04:00,982.363,997,1000,106,10.0,16
15:04:00,982.367,998,1000,106,10.0,16
15:04:00,982.371,993,1000,106,10.0,16
15:04:00,982.375,995,1000,106,10.0,16
15:04:00,982.406,996,1000,106,10.0,16
15:04:00,982.409,996,1000,106,10.0,16
15:04:00,982.413,1000,1000,106,10.0,16
15:04:00,982.417,1001,1000,106,10.0,16
15:04:00,982.424,998,1000,106,10.0,16
15:04:00,982.428,1001,1000,106,10.0,16
15:04:00,982.433,1003,1000,106,10.0,16
15:04:00,982.438,1003,1000,106,10.0,16
15:04:00,982.444,1000,1000,106,10.0,16
15:04:00,982.449,1002,1000,106,10.0,16
15:04:00,982.454,1004,1000,106,10.0,16
15:04:00,982.459,1005,1000,106,10.0,15
15:04:00,982.464,1001,1000,106,10.0,16
15:04:00,982.469,996,1000,106,10.0,16
15:04:00,982.477,996,1000,106,10.0,16
15:04:00,982.516,996,1000,106,10.0,16
15:04:00,982.522,992,1000,106,10.0,16
15:04:00,982.55,995,1000,106,10.0,16
15:04:00,982.564,998,1000,106,10.0,16
15:04:00,982.58,1001,1000,106,10.0,16
15:04:00,982.687,999,1000,106,10.0,16
15:04:00,982.759,1001,1000,106,10.0,16
15:04:00,982.766,1003,1000,106,10.0,16
15:04:00,982.772,1005,1000,106,10.0,15
15:04:00,982.79,1005,1000,106,10.0,15
15:04:00,982.795,999,1000,106,10.0,16
15:04:00,982.801,999,1000,106,10.0,16
15:04:00,982.805,999,1000,106,10.0,16
15:04:00,982.815,996,1000,106,10.0,16
15:04:00,982.821,996,1000,106,10.0,16
15:04:00,982.826,997,1000,106,10.0,16
15:04:00,982.83,995,1000,106,10.0,16
15:04:00,982.837,996,1000,106,10.0,16
15:04:00,982.849,996,1000,106,10.0,16
15:04:00,982.854,995,1000,106,10.0,16
15:04:00,982.859,994,1000,106,10.0,16
15:04:00,982.866,996,1000,106,10.0,16
15:04:00,982.871,999,1000,106,10.0,16
15:04:00,982.875,995,1000,106,10.0,16
15:04:00,982.881,991,1000,106,10.0,16
15:04:00,982.885,995,1000,106,10.0,16
15:04:00,982.903,998,1000,106,10.0,16
15:04:00,982.942,998,1000,106,10.0,16
15:04:00,982.947,998,1000,106,10.0,16
15:04:00,982.954,1000,1000,106,10.0,16
15:04:00,982.957,1002,1000,106,10.0,16
15:04:00,982.962,1004,1000,106,10.0,16
15:04:00,982.967,1003,1000,106,10.0,16
15:04:00,982.973,1002,1000,106,10.0,16
15:04:00,982.979,1003,1000,106,10.0,16
15:04:00,983.002,1004,1000,106,10.0,16
15:04:00,983.007,1005,1000,106,10.0,15
15:04:00,983.014,999,1000,106,10.0,16
15:04:00,983.02,998,1000,106,10.0,16
15:04:00,983.025,998,1000,106,10.0,16
15:04:00,983.032,995,1000,106,10.0,16
15:04:00,983.051,995,1000,106,10.0,16
15:04:00,983.055,998,1000,106,10.0,16
15:04:00,983.073,999,1000,106,10.0,16
15:04:00,983.081,1000,1000,106,10.0,16
15:04:00,983.136,997,1000,106,10.0,16
15:04:00,983.142,999,1000,106,10.0,16
15:04:00,983.147,1001,1000,106,10.0,16
15:04:00,983.153,1002,1000,106,10.0,16
15:04:01,983.159,1001,1000,106,10.0,16
15:04:01,983.166,1001,1000,106,10.0,16
15:04:01,983.184,1002,1000,106,10.0,16
15:04:01,983.19,1004,1000,106,10.0,16
15:04:01,983.193,1004,1000,106,10.0,16
15:04:01,983.213,999,1000,106,10.0,16
15:04:01,983.223,1001,1000,106,10.0,16
15:04:01,983.231,1002,1000,106,10.0,16
15:04:01,983.24,1003,1000,106,10.0,16
15:04:01,983.287,1000,1000,106,10.0,16
15:04:01,983.294,1001,1000,106,10.0,16
15:04:01,983.305,1003,1000,106,10.0,16
15:04:01,983.311,1004,1000,106,10.0,16
15:04:01,983.325,1003,1000,106,10.0,16
15:04:01,983.34,998,1000,106,10.0,16
15:04:01,983.424,1000,1000,106,10.0,16
15:04:01,983.613,1002,1000,106,10.0,16
15:04:01,983.821,1003,1000,106,10.0,16
15:04:01,984.013,1001,1000,106,10.0,16
15:04:02,984.225,1002,1000,106,10.0,16
15:04:02,984.411,1004,1000,106,10.0,16
15:04:02,984.608,1005,1000,106,10.0,15
15:04:02,984.81,1002,1000,106,10.0,16
15:04:02,985.01,996,1000,106,10.0,16
15:04:03,985.206,996,1000,106,10.0,16
15:04:03,985.406,996,1000,106,10.0,16
15:04:03,985.605,991,1000,106,10.0,16
15:04:03,985.805,995,1000,106,10.0,16
15:04:03,986.008,998,1000,106,10.0,16
15:04:04,986.213,1000,1000,106,10.0,16
15:04:04,986.413,997,1000,106,10.0,16
15:04:04,986.601,996,1000,106,10.0,16
15:04:04,986.807,999,1000,106,10.0,16
15:04:04,986.997,1000,1000,106,10.0,16
15:04:05,987.203,1001,1000,106,10.0,16
15:04:05,987.392,998,1000,106,10.0,16
15:04:05,987.598,1000,1000,106,10.0,16
15:04:05,987.802,1001,1000,106,10.0,16
15:04:05,987.992,1002,1000,106,10.0,16
15:04:06,988.198,999,1000,106,10.0,16
15:04:06,988.398,997,1000,106,10.0,16
15:04:06,988.597,999,1000,106,10.0,16
15:04:06,988.8,1001,1000,106,10.0,16
15:04:06,989.002,1002,1000,106,10.0,16
15:04:07,989.206,998,1000,106,10.0,16
15:04:07,989.394,1000,1000,106,10.0,16
15:04:07,989.593,1001,1000,106,10.0,16
15:04:07,989.792,1003,1000,106,10.0,16
15:04:07,989.993,1001,1000,106,10.0,16
15:04:08,990.188,1001,1000,106,10.0,16
15:04:08,990.395,1002,1000,106,10.0,16
15:04:08,990.587,1003,1000,106,10.0,16
15:04:08,990.796,1003,1000,106,10.0,16
15:04:08,990.988,1000,1000,106,10.0,16
15:04:09,991.192,1001,1000,106,10.0,16
15:04:09,991.393,1003,1000,106,10.0,16
15:04:09,991.594,1003,1000,106,10.0,16
15:04:09,991.795,1000,1000,106,10.0,16
15:04:09,991.987,1001,1000,106,10.0,16
15:04:10,992.187,1002,1000,106,10.0,16
15:04:10,992.386,1003,1000,106,10.0,16
15:04:10,992.587,999,1000,106,10.0,16
15:04:10,992.788,997,1000,106,10.0,16
15:04:10,992.99,999,1000,106,10.0,16
15:04:11,993.19,1001,1000,106,10.0,16
15:04:11,993.381,1000,1000,106,10.0,16
15:04:11,993.587,998,1000,106,10.0,16
15:04:11,993.779,1000,1000,106,10.0,16
15:04:11,993.986,1001,1000,106,10.0,16
15:04:12,994.19,1000,1000,106,10.0,16
15:04:12,994.39,999,1000,106,10.0,16
15:04:12,994.58,1001,1000,106,10.0,16
15:04:12,994.78,1002,1000,106,10.0,16
15:04:12,994.98,1003,1000,106,10.0,16
15:04:13,995.179,998,1000,106,10.0,16
15:04:13,995.381,1000,1000,106,10.0,16
15:04:13,995.58,1001,1000,106,10.0,16
15:04:13,995.782,1002,1000,106,10.0,16
15:04:13,995.983,998,1000,106,10.0,16
15:04:14,996.186,998,1000,106,10.0,16
15:04:14,996.387,1000,1000,106,10.0,16
15:04:14,996.576,1001,1000,106,10.0,16
15:04:14,996.775,999,1000,106,10.0,16
15:04:14,996.974,1000,1000,106,10.0,16
15:04:15,997.174,1001,1000,106,10.0,16
15:04:15,997.374,1002,1000,106,10.0,16
15:04:15,997.575,999,1000,106,10.0,16
15:04:15,997.777,1001,1000,106,10.0,16
15:04:15,997.978,1002,1000,106,10.0,16
15:04:16,998.172,1002,1000,106,10.0,16
15:04:16,998.38,1002,1000,106,10.0,16
15:04:16,998.572,998,1000,106,10.0,16
15:04:16,998.777,999,1000,106,10.0,16
15:04:16,998.968,1000,1000,106,10.0,16
15:04:17,999.172,1000,1000,106,10.0,16
15:04:17,999.372,999,1000,106,10.0,16
15:04:17,999.571,1000,1000,106,10.0,16
15:04:17,999.772,1001,1000,106,10.0,16
15:04:17,999.973,998,1000,106,10.0,16
15:04:18,1000.174,994,1000,106,10.0,16
15:04:18,1000.365,996,1000,106,10.0,16
15:04:18,1000.566,998,1000,106,10.0,16
15:04:18,1000.764,998,1000,106,10.0,16
15:04:18,1000.965,997,1000,106,10.0,16
15:04:19,1001.167,998,1000,106,10.0,16
15:04:19,1001.365,1000,1000,106,10.0,16
15:04:19,1001.563,997,1000,106,10.0,16
15:04:19,1001.764,993,1000,106,10.0,16
15:04:19,1001.969,996,1000,106,10.0,16
15:04:20,1002.164,997,1000,106,10.0,16
15:04:20,1002.364,998,1000,106,10.0,16
15:04:20,1002.555,996,1000,106,10.0,16
15:04:20,1002.762,998,1000,106,10.0,16
15:04:20,1002.954,999,1000,106,10.0,16
15:04:21,1003.158,996,1000,106,10.0,16
15:04:21,1003.362,997,1000,106,10.0,16
15:04:21,1003.563,999,1000,106,10.0,16
15:04:21,1003.764,1000,1000,106,10.0,16
15:04:21,1003.957,995,1000,106,10.0,16
15:04:21,1004.156,997,1000,106,10.0,16
15:04:22,1004.363,998,1000,106,10.0,16
15:04:22,1004.554,997,1000,106,10.0,16
15:04:22,1004.762,994,1000,106,10.0,16
15:04:22,1004.954,996,1000,106,10.0,16
15:04:23,1005.159,997,1000,106,10.0,16
15:04:23,1005.361,998,1000,106,10.0,16
15:04:23,1005.551,995,1000,106,10.0,16
15:04:23,1005.752,997,1000,106,10.0,16
15:04:23,1005.951,998,1000,106,10.0,16
15:04:23,1006.153,995,1000,106,10.0,16
15:04:24,1006.355,992,1000,107,10.0,16
15:04:24,1006.556,994,1000,107,10.0,16
15:04:24,1006.757,996,1000,107,10.0,16
15:04:24,1006.948,995,1000,107,10.0,16
15:04:24,1007.14,997,1000,107,10.0,16
15:04:25,1007.347,998,1000,107,10.0,16
15:04:25,1007.539,999,1000,107,10.0,16
15:04:25,1007.747,995,1000,107,10.0,16
15:04:25,1007.939,996,1000,107,10.0,16
15:04:25,1008.144,998,1000,107,10.0,16
15:04:26,1008.345,998,1000,107,10.0,16
15:04:26,1008.543,994,1000,107,10.0,16
15:04:26,1008.746,995,1000,107,10.0,16
15:04:26,1008.946,997,1000,107,10.0,16
15:04:26,1009.145,997,1000,107,10.0,16
15:04:27,1009.349,995,1000,107,10.0,16
15:04:27,1009.542,997,1000,107,10.0,16
15:04:27,1009.741,998,1000,107,10.0,16
15:04:27,1009.941,994,1000,107,10.0,16
15:04:27,1010.14,995,1000,107,10.0,16
15:04:28,1010.347,997,1000,107,10.0,16
15:04:28,1010.539,997,1000,107,10.0,16
15:04:28,1010.746,995,1000,107,10.0,16
15:04:28,1010.937,997,1000,107,10.0,16
15:04:28,1011.143,998,1000,107,10.0,16
15:04:29,1011.342,994,1000,107,10.0,16
15:04:29,1011.544,993,1000,107,10.0,16
15:04:29,1011.744,997,1000,107,10.0,16
15:04:29,1011.935,997,1000,107,10.0,16
15:04:29,1012.135,998,1000,107,10.0,16
15:04:30,1012.335,998,1000,107,10.0,16
15:04:30,1012.535,999,1000,107,10.0,16
15:04:30,1012.734,995,1000,107,10.0,16
15:04:30,1012.937,996,1000,107,10.0,16
15:04:30,1013.138,997,1000,107,10.0,16
15:04:31,1013.341,996,1000,107,10.0,16
15:04:31,1013.532,996,1000,107,10.0,16
15:04:31,1013.732,997,1000,107,10.0,16
15:04:31,1013.934,998,1000,107,10.0,16
15:04:31,1014.124,994,1000,107,10.0,16
15:04:32,1014.332,994,1000,107,10.0,16
15:04:32,1014.536,998,1000,107,10.0,16
15:04:32,1014.728,996,1000,107,10.0,16
15:04:32,1014.936,995,1000,107,10.0,16
15:04:32,1015.137,996,1000,107,10.0,16
15:04:33,1015.327,997,1000,107,10.0,16
15:04:33,1015.528,993,1000,107,10.0,16
15:04:33,1015.728,997,1000,107,10.0,16
15:04:33,1015.928,1000,1000,107,10.0,16
15:04:33,1016.129,1001,1000,107,10.0,16
15:04:34,1016.333,1001,1000,107,10.0,16
15:04:34,1016.523,1001,1000,107,10.0,16
15:04:34,1016.724,996,1000,107,10.0,16
15:04:34,1016.925,997,1000,107,10.0,16
15:04:34,1017.124,998,1000,107,10.0,16
15:04:35,1017.327,996,1000,107,10.0,16
15:04:35,1017.528,997,1000,107,10.0,16
15:04:35,1017.73,998,1000,107,10.0,16
15:04:35,1017.92,998,1000,107,10.0,16
15:04:35,1018.123,994,1000,107,10.0,16
15:04:36,1018.315,997,1000,107,10.0,16
15:04:36,1018.524,1000,1000,107,10.0,16
15:04:36,1018.716,995,1000,107,10.0,16
15:04:36,1018.924,995,1000,107,10.0,16
15:04:36,1019.118,996,1000,107,10.0,16
15:04:37,1019.317,997,1000,107,10.0,16
15:04:37,1019.517,993,1000,107,10.0,16
15:04:37,1019.72,997,1000,107,10.0,16
15:04:37,1019.921,999,1000,107,10.0,16
15:04:37,1020.123,996,1000,107,10.0,16
15:04:38,1020.313,997,1000,107,10.0,16
15:04:38,1020.513,998,1000,107,10.0,16
15:04:38,1020.712,996,1000,107,10.0,16
15:04:38,1020.914,997,1000,107,10.0,16
15:04:38,1021.115,997,1000,107,10.0,16
15:04:39,1021.32,998,1000,107,10.0,16
15:04:39,1021.51,994,1000,107,10.0,16
15:04:39,1021.71,996,1000,107,10.0,16
15:04:39,1021.909,998,1000,107,10.0,16
15:04:39,1022.109,996,1000,107,10.0,16
15:04:40,1022.309,1000,1000,107,10.0,16
15:04:40,1022.511,997,1000,107,10.0,16
15:04:40,1022.711,1000,1000,107,10.0,16
15:04:40,1022.911,1002,1000,107,10.0,16
15:04:40,1023.108,1005,1000,107,10.0,16
15:04:41,1023.314,1005,1000,107,10.0,16
15:04:41,1023.505,999,1000,107,10.0,16
15:04:41,1023.711,999,1000,107,10.0,16
15:04:41,1023.903,999,1000,107,10.0,16
15:04:41,1024.109,997,1000,107,10.0,16
15:04:42,1024.303,998,1000,107,10.0,16
15:04:42,1024.502,998,1000,107,10.0,16
15:04:42,1024.703,998,1000,107,10.0,16
15:04:42,1024.902,994,1000,107,10.0,16
15:04:42,1025.105,996,1000,107,10.0,16
15:04:43,1025.307,999,1000,107,10.0,16
15:04:43,1025.507,1002,1000,107,10.0,16
15:04:43,1025.708,1002,1000,107,10.0,16
15:04:43,1025.899,1000,1000,107,10.0,16
15:04:43,1026.092,1002,1000,107,10.0,16
15:04:44,1026.301,1004,1000,107,10.0,16
15:04:44,1026.493,1006,1000,107,10.0,16
15:04:44,1026.7,1006,1000,107,10.0,16
15:04:44,1026.894,1000,1000,107,10.0,16
15:04:44,1027.098,1000,1000,107,10.0,16
15:04:45,1027.3,1000,1000,107,10.0,16
15:04:45,1027.501,995,1000,107,10.0,16
15:04:45,1027.702,996,1000,107,10.0,16
15:04:45,1027.904,997,1000,107,10.0,16
15:04:45,1028.094,995,1000,107,10.0,16
15:04:46,1028.293,996,1000,107,10.0,16
15:04:46,1028.494,997,1000,107,10.0,16
15:04:46,1028.696,997,1000,107,10.0,16
15:04:46,1028.898,993,1000,107,10.0,16
15:04:46,1029.093,996,1000,107,10.0,16
15:04:47,1029.285,999,1000,107,10.0,16
15:04:47,1029.492,1001,1000,107,10.0,16
15:04:47,1029.686,997,1000,107,10.0,16
15:04:47,1029.891,997,1000,107,10.0,16
15:04:47,1030.098,998,1000,107,10.0,16
15:04:48,1030.289,996,1000,107,10.0,16
15:04:48,1030.487,996,1000,107,10.0,16
15:04:48,1030.689,997,1000,107,10.0,16
15:04:48,1030.887,997,1000,107,10.0,16
15:04:48,1031.088,994,1000,107,10.0,16
15:04:49,1031.287,996,1000,107,10.0,16
15:04:49,1031.488,999,1000,107,10.0,16
15:04:49,1031.69,998,1000,107,10.0,16
15:04:49,1031.89,993,1000,107,10.0,16
15:04:49,1032.092,997,1000,107,10.0,16
15:04:50,1032.283,1000,1000,107,10.0,16
15:04:50,1032.484,1002,1000,107,10.0,16
15:04:50,1032.685,1001,1000,107,10.0,16
15:04:50,1032.887,998,1000,107,10.0,16
15:04:50,1033.076,1001,1000,107,10.0,16
15:04:51,1033.283,1003,1000,107,10.0,16
15:04:51,1033.475,1004,1000,107,10.0,16
15:04:51,1033.684,1005,1000,107,10.0,16
15:04:51,1033.873,999,1000,107,10.0,16
15:04:51,1034.08,999,1000,107,10.0,16
15:04:52,1034.28,1001,1000,107,10.0,16
15:04:52,1034.481,1000,1000,107,10.0,16
15:04:52,1034.682,997,1000,107,10.0,16
15:04:52,1034.884,1000,1000,107,10.0,16
15:04:52,1035.086,1002,1000,107,10.0,16
15:04:53,1035.276,1004,1000,107,10.0,16
15:04:53,1035.476,1005,1000,107,10.0,16
15:04:53,1035.674,999,1000,107,10.0,16
15:04:53,1035.875,999,1000,107,10.0,16
15:04:53,1036.077,999,1000,107,10.0,16
15:04:54,1036.278,998,1000,107,10.0,16
15:04:54,1036.481,997,1000,107,10.0,16
15:04:54,1036.681,997,1000,107,10.0,16
15:04:54,1036.871,997,1000,107,10.0,16
15:04:54,1037.071,992,1000,107,10.0,16
15:04:55,1037.272,996,1000,107,10.0,16
15:04:55,1037.474,998,1000,107,10.0,16
15:04:55,1037.675,999,1000,107,10.0,16
15:04:55,1037.876,998,1000,107,10.0,16
15:04:55,1038.076,1000,1000,107,10.0,16
15:04:56,1038.268,1001,1000,107,10.0,16
15:04:56,1038.475,1003,1000,107,10.0,16
15:04:56,1038.666,1001,1000,107,10.0,16
15:04:56,1038.874,1001,1000,107,10.0,16
15:04:56,1039.065,1003,1000,107,10.0,16
15:04:57,1039.265,1004,1000,107,10.0,16
15:04:57,1039.466,1005,1000,107,10.0,16
15:04:57,1039.667,1001,1000,107,10.0,16
15:04:57,1039.867,1001,1000,107,10.0,16
15:04:57,1040.07,1000,1000,107,10.0,16
15:04:58,1040.263,996,1000,107,10.0,16
15:04:58,1040.461,996,1000,107,10.0,16
15:04:58,1040.661,996,1000,107,10.0,16
15:04:58,1040.864,993,1000,107,10.0,16
15:04:58,1041.066,996,1000,107,10.0,16
15:04:59,1041.268,998,1000,107,10.0,16
15:04:59,1041.458,1000,1000,107,10.0,16
15:04:59,1041.659,997,1000,107,10.0,16
15:04:59,1041.861,999,1000,107,10.0,16
15:04:59,1042.061,1001,1000,107,10.0,16
15:05:00,1042.251,1003,1000,107,10.0,16
15:05:00,1042.458,1001,1000,107,10.0,16
15:05:00,1042.649,997,1000,107,10.0,16
15:05:00,1042.855,999,1000,107,10.0,16
15:05:00,1043.063,1001,1000,107,10.0,16
15:05:01,1043.255,1003,1000,107,10.0,16
15:05:01,1043.453,1000,1000,107,10.0,16
15:05:01,1043.653,997,1000,107,10.0,16
15:05:01,1043.855,999,1000,107,10.0,16
15:05:01,1044.056,1001,1000,107,10.0,16
15:05:02,1044.256,1002,1000,107,10.0,16
15:05:02,1044.458,998,1000,107,10.0,16
15:05:02,1044.659,1000,1000,107,10.0,16
15:05:02,1044.85,1002,1000,107,10.0,16
15:05:02,1045.049,1003,1000,107,10.0,16
15:05:03,1045.25,1000,1000,107,10.0,16
15:05:03,1045.451,997,1000,107,10.0,16
15:05:03,1045.652,999,1000,107,10.0,16
15:05:03,1045.854,1000,1000,107,10.0,16
15:05:03,1046.047,1002,1000,107,10.0,16
15:05:04,1046.247,998,1000,107,10.0,16
15:05:04,1046.446,998,1000,107,10.0,16
15:05:04,1046.647,1000,1000,107,10.0,16
15:05:04,1046.848,1001,1000,107,10.0,16
15:05:04,1047.052,1002,1000,107,10.0,16
15:05:05,1047.253,998,1000,107,10.0,16
15:05:05,1047.443,1000,1000,107,10.0,16
15:05:05,1047.642,1002,1000,107,10.0,16
15:05:05,1047.844,1003,1000,107,10.0,16
15:05:05,1048.044,999,1000,107,10.0,16
15:05:06,1048.235,1000,1000,107,10.0,16
15:05:06,1048.442,1002,1000,107,10.0,16
15:05:06,1048.634,1003,1000,107,10.0,16
15:05:06,1048.841,1003,1000,107,10.0,16
15:05:06,1049.039,1000,1000,107,10.0,16
15:05:07,1049.239,1001,1000,107,10.0,16
15:05:07,1049.438,1003,1000,107,10.0,16
15:05:07,1049.639,1004,1000,107,10.0,16
15:05:07,1049.841,1002,1000,107,10.0,16
15:05:07,1050.044,1002,1000,107,10.0,16
15:05:08,1050.235,1003,1000,107,10.0,16
15:05:08,1050.435,1005,1000,107,10.0,16
15:05:08,1050.634,1003,1000,107,10.0,16
15:05:08,1050.834,1000,1000,107,10.0,16
15:05:08,1051.035,999,1000,107,10.0,16
15:05:09,1051.237,998,1000,107,10.0,16
15:05:09,1051.438,995,1000,107,10.0,16
15:05:09,1051.64,996,1000,107,10.0,16
15:05:09,1051.832,996,1000,107,10.0,16
15:05:09,1052.031,993,1000,107,10.0,16
15:05:10,1052.231,995,1000,107,10.0,16
15:05:10,1052.432,998,1000,107,10.0,16
15:05:10,1052.634,1000,1000,107,10.0,16
15:05:10,1052.835,996,1000,107,10.0,16
15:05:10,1053.03,999,1000,107,10.0,16
15:05:11,1053.234,1000,1000,107,10.0,16
15:05:11,1053.427,1002,1000,107,10.0,16
15:05:11,1053.632,998,1000,107,10.0,16
15:05:11,1053.823,996,1000,107,10.0,16
15:05:11,1054.03,998,1000,107,10.0,16
15:05:12,1054.229,1000,1000,107,10.0,16
15:05:12,1054.431,1000,1000,107,10.0,16
15:05:12,1054.632,997,1000,107,10.0,16
15:05:12,1054.823,999,1000,107,10.0,16
15:05:12,1055.023,1001,1000,107,10.0,16
15:05:13,1055.222,1001,1000,107,10.0,16
15:05:13,1055.425,997,1000,107,10.0,16
15:05:13,1055.621,999,1000,107,10.0,16
15:05:13,1055.82,1000,1000,107,10.0,16
15:05:13,1056.029,1001,1000,107,10.0,16
15:05:14,1056.219,997,1000,107,10.0,16
15:05:14,1056.426,998,1000,107,10.0,16
15:05:14,1056.617,1000,1000,107,10.0,16
15:05:14,1056.824,1001,1000,107,10.0,16
15:05:14,1057.018,997,1000,107,10.0,16
15:05:15,1057.218,998,1000,107,10.0,16
15:05:15,1057.42,1000,1000,107,10.0,16
15:05:15,1057.62,1000,1000,107,10.0,16
15:05:15,1057.823,997,1000,107,10.0,16
15:05:15,1058.014,999,1000,107,10.0,16
15:05:16,1058.215,1000,1000,107,10.0,16
15:05:16,1058.413,1001,1000,107,10.0,16
15:05:16,1058.616,996,1000,107,10.0,16
15:05:16,1058.818,997,1000,107,10.0,16
15:05:16,1059.029,998,1000,107,10.0,16
15:05:17,1059.204,999,1000,107,10.0,16
15:05:17,1059.413,995,1000,107,10.0,16
15:05:17,1059.603,997,1000,107,10.0,16
15:05:17,1059.809,998,1000,107,10.0,16
15:05:17,1060.017,999,1000,107,10.0,16
15:05:18,1060.218,995,1000,107,10.0,16
15:05:18,1060.41,997,1000,107,10.0,16
15:05:18,1060.608,998,1000,107,10.0,16
15:05:18,1060.807,997,1000,107,10.0,16
15:05:18,1061.007,997,1000,107,10.0,16
15:05:19,1061.209,998,1000,107,10.0,16
15:05:19,1061.411,999,1000,107,10.0,16
15:05:19,1061.612,995,1000,107,10.0,16
15:05:19,1061.812,993,1000,107,10.0,16
15:05:19,1062.004,996,1000,107,10.0,16
15:05:20,1062.204,997,1000,107,10.0,16
15:05:20,1062.395,994,1000,107,10.0,16
15:05:20,1062.604,996,1000,107,10.0,16
15:05:20,1062.796,997,1000,107,10.0,16
15:05:20,1063.004,998,1000,107,10.0,16
15:05:21,1063.207,994,1000,107,10.0,16
15:05:21,1063.406,996,1000,107,10.0,16
15:05:21,1063.608,997,1000,107,10.0,16
15:05:21,1063.798,994,1000,107,10.0,16
15:05:21,1063.997,991,1000,107,10.0,17
15:05:22,1064.198,995,1000,107,10.0,16
15:05:22,1064.4,991,1000,107,10.0,17
15:05:22,1064.6,991,1000,107,10.0,17
15:05:22,1064.801,996,1000,107,10.0,16
15:05:22,1065.002,999,1000,107,10.0,16
15:05:23,1065.195,1001,1000,107,10.0,16
15:05:23,1065.395,1001,1000,107,10.0,16
15:05:23,1065.594,1001,1000,107,10.0,16
15:05:23,1065.795,996,1000,107,10.0,16
15:05:23,1065.995,997,1000,107,10.0,16
15:05:24,1066.191,998,1000,107,10.0,16
15:05:24,1066.396,996,1000,107,10.0,16
15:05:24,1066.587,997,1000,107,10.0,16
15:05:24,1066.794,997,1000,107,10.0,16
15:05:24,1066.986,998,1000,107,10.0,16
15:05:25,1067.192,994,1000,107,10.0,17
15:05:25,1067.392,996,1000,107,10.0,16
15:05:25,1067.596,998,1000,107,10.0,16
15:05:25,1067.797,996,1000,107,10.0,16
15:05:25,1067.987,997,1000,107,10.0,16
15:05:26,1068.188,998,1000,107,10.0,16
15:05:26,1068.39,993,1000,107,10.0,17
15:05:26,1068.589,995,1000,107,10.0,16
15:05:26,1068.79,998,1000,107,10.0,16
15:05:26,1068.992,993,1000,107,10.0,17
15:05:27,1069.192,996,1000,107,10.0,16
15:05:27,1069.384,1000,1000,107,10.0,16
15:05:27,1069.583,997,1000,107,10.0,16
15:05:27,1069.784,1000,1000,107,10.0,16
15:05:27,1069.985,1001,1000,107,10.0,16
15:05:28,1070.188,1002,1000,107,10.0,16
15:05:28,1070.38,999,1000,107,10.0,16
15:05:28,1070.587,1001,1000,107,10.0,16
15:05:28,1070.778,1002,1000,107,10.0,16
15:05:28,1070.986,1003,1000,107,10.0,16
15:05:29,1071.18,1000,1000,107,10.0,16
15:05:29,1071.378,997,1000,107,10.0,16
15:05:29,1071.579,999,1000,107,10.0,16
15:05:29,1071.779,1001,1000,107,10.0,16
15:05:29,1071.982,1002,1000,107,10.0,16
15:05:30,1072.183,999,1000,107,10.0,16
15:05:30,1072.385,1002,1000,107,10.0,16
15:05:30,1072.585,1003,1000,107,10.0,16
15:05:30,1072.775,1004,1000,107,10.0,16
15:05:30,1072.974,1004,1000,107,10.0,16
15:05:31,1073.172,999,1000,107,10.0,16
15:05:31,1073.378,1001,1000,107,10.0,16
15:05:31,1073.57,1002,1000,107,10.0,16
15:05:31,1073.777,1002,1000,107,10.0,16
15:05:31,1073.968,998,1000,107,10.0,16
15:05:32,1074.173,1000,1000,107,10.0,16
15:05:32,1074.375,1002,1000,107,10.0,16
15:05:32,1074.577,1003,1000,107,10.0,16
15:05:32,1074.777,1004,1000,107,10.0,16
15:05:32,1074.97,1000,1000,107,10.0,16
15:05:33,1075.168,1002,1000,107,10.0,16
15:05:33,1075.368,1004,1000,107,10.0,16
15:05:33,1075.569,1005,1000,107,10.0,16
15:05:33,1075.769,1005,1000,107,10.0,16
15:05:33,1075.973,999,1000,107,10.0,16
15:05:34,1076.172,1000,1000,107,10.0,16
15:05:34,1076.365,1000,1000,107,10.0,16
15:05:34,1076.572,998,1000,107,10.0,16
15:05:34,1076.764,999,1000,107,10.0,16
15:05:34,1076.971,999,1000,107,10.0,16
15:05:35,1077.163,1000,1000,107,10.0,16
15:05:35,1077.361,995,1000,107,10.0,16
15:05:35,1077.563,996,1000,107,10.0,16
15:05:35,1077.764,996,1000,107,10.0,16
15:05:35,1077.965,993,1000,107,10.0,17
15:05:36,1078.166,990,1000,107,10.0,17
15:05:36,1078.368,994,1000,107,10.0,17
15:05:36,1078.56,997,1000,107,10.0,16
15:05:36,1078.759,1000,1000,107,10.0,16
15:05:36,1078.958,997,1000,107,10.0,16
15:05:37,1079.16,996,1000,107,10.0,16
15:05:37,1079.357,998,1000,107,10.0,16
15:05:37,1079.556,1000,1000,107,10.0,16
15:05:37,1079.757,1001,1000,107,10.0,16
15:05:37,1079.958,996,1000,107,10.0,16
15:05:37,1080.157,998,1000,107,10.0,16
15:05:38,1080.348,998,1000,107,10.0,16
15:05:38,1080.556,997,1000,107,10.0,16
15:05:38,1080.748,999,1000,107,10.0,16
15:05:38,1080.954,999,1000,107,10.0,16
15:05:39,1081.159,1001,1000,107,10.0,16
15:05:39,1081.36,999,1000,107,10.0,16
15:05:39,1081.551,995,1000,107,10.0,16
15:05:39,1081.75,997,1000,107,10.0,16
15:05:39,1081.95,999,1000,107,10.0,16
15:05:39,1082.141,1000,1000,107,10.0,16
15:05:40,1082.348,996,1000,107,10.0,16
15:05:40,1082.556,998,1000,107,10.0,16
15:05:40,1082.746,999,1000,107,10.0,16
15:05:40,1082.953,997,1000,107,10.0,16
15:05:40,1083.145,993,1000,107,10.0,17
15:05:41,1083.346,996,1000,107,10.0,16
15:05:41,1083.545,999,1000,107,10.0,16
15:05:41,1083.745,1001,1000,107,10.0,16
15:05:41,1083.944,997,1000,107,10.0,16
15:05:41,1084.147,999,1000,107,10.0,16
15:05:42,1084.348,999,1000,107,10.0,16
15:05:42,1084.55,1000,1000,107,10.0,16
15:05:42,1084.749,995,1000,107,10.0,16
15:05:42,1084.941,997,1000,107,10.0,16
15:05:42,1085.141,998,1000,107,10.0,16
15:05:43,1085.341,999,1000,107,10.0,16
15:05:43,1085.542,995,1000,107,10.0,16
15:05:43,1085.744,996,1000,107,10.0,16
15:05:43,1085.946,997,1000,107,10.0,16
15:05:43,1086.138,997,1000,107,10.0,16
15:05:44,1086.336,997,1000,107,10.0,16
15:05:44,1086.536,998,1000,107,10.0,16
15:05:44,1086.735,999,1000,107,10.0,16
15:05:44,1086.936,996,1000,107,10.0,16
15:05:44,1087.141,993,1000,107,10.0,17
15:05:45,1087.332,996,1000,107,10.0,17
15:05:45,1087.54,998,1000,107,10.0,17
15:05:45,1087.731,998,1000,107,10.0,17
15:05:45,1087.938,998,1000,107,10.0,17
15:05:45,1088.132,999,1000,107,10.0,17
15:05:46,1088.332,1001,1000,107,10.0,17
15:05:46,1088.531,1001,1000,107,10.0,17
15:05:46,1088.732,997,1000,107,10.0,17
15:05:46,1088.932,999,1000,107,10.0,17
15:05:46,1089.132,1001,1000,107,10.0,17
15:05:47,1089.334,1002,1000,107,10.0,17
15:05:47,1089.535,998,1000,107,10.0,17
15:05:47,1089.736,1000,1000,107,10.0,17
15:05:47,1089.928,1001,1000,107,10.0,17
15:05:47,1090.127,1002,1000,107,10.0,17
15:05:48,1090.327,999,1000,107,10.0,17
15:05:48,1090.526,996,1000,107,10.0,17
15:05:48,1090.727,998,1000,107,10.0,17
15:05:48,1090.927,999,1000,107,10.0,17
15:05:48,1091.128,999,1000,107,10.0,17
15:05:49,1091.328,998,1000,107,10.0,17
15:05:49,1091.531,999,1000,107,10.0,17
15:05:49,1091.723,1001,1000,107,10.0,17
15:05:49,1091.922,1000,1000,107,10.0,17
15:05:49,1092.123,996,1000,107,10.0,17
15:05:50,1092.314,998,1000,107,10.0,17
15:05:50,1092.521,999,1000,107,10.0,17
15:05:50,1092.729,1001,1000,107,10.0,17
15:05:50,1092.921,996,1000,107,10.0,17
15:05:50,1093.127,998,1000,107,10.0,17
15:05:51,1093.328,1000,1000,107,10.0,17
15:05:51,1093.519,1001,1000,107,10.0,17
15:05:51,1093.718,997,1000,107,10.0,17
15:05:51,1093.918,998,1000,107,10.0,17
15:05:51,1094.116,999,1000,107,10.0,17
15:05:52,1094.317,1001,1000,107,10.0,17
15:05:52,1094.518,999,1000,107,10.0,17
15:05:52,1094.72,1000,1000,107,10.0,17
15:05:52,1094.921,1001,1000,107,10.0,17
15:05:52,1095.123,1002,1000,107,10.0,17
15:05:53,1095.314,999,1000,107,10.0,17
15:05:53,1095.512,995,1000,107,10.0,17
15:05:53,1095.714,997,1000,107,10.0,17
15:05:53,1095.916,998,1000,107,10.0,17
15:05:53,1096.111,998,1000,107,10.0,17
15:05:54,1096.316,997,1000,107,10.0,17
15:05:54,1096.507,999,1000,107,10.0,17
15:05:54,1096.715,1000,1000,107,10.0,17
15:05:54,1096.907,997,1000,107,10.0,17
15:05:54,1097.111,998,1000,107,10.0,17
15:05:55,1097.313,1000,1000,107,10.0,17
15:05:55,1097.514,1001,1000,107,10.0,17
15:05:55,1097.714,996,1000,107,10.0,17
15:05:55,1097.915,997,1000,107,10.0,17
15:05:55,1098.117,998,1000,107,10.0,17
15:05:56,1098.305,999,1000,107,10.0,17
15:05:56,1098.505,996,1000,107,10.0,17
15:05:56,1098.705,998,1000,107,10.0,17
15:05:56,1098.905,999,1000,107,10.0,17
15:05:56,1099.106,1000,1000,107,10.0,17
15:05:57,1099.308,996,1000,107,10.0,17
15:05:57,1099.511,997,1000,107,10.0,17
15:05:57,1099.701,999,1000,107,10.0,17
15:05:57,1099.901,999,1000,107,10.0,17
15:05:57,1100.108,995,1000,107,10.0,17
15:05:58,1100.3,996,1000,107,10.0,17
15:05:58,1100.508,998,1000,107,10.0,17
15:05:58,1100.699,999,1000,107,10.0,17
15:05:58,1100.907,995,1000,107,10.0,17
15:05:58,1101.099,997,1000,107,10.0,17
15:05:59,1101.298,998,1000,107,10.0,17
15:05:59,1101.498,997,1000,107,10.0,17
15:05:59,1101.701,993,1000,107,10.0,17
15:05:59,1101.903,995,1000,107,10.0,17
15:05:59,1102.106,997,1000,107,10.0,17
15:06:00,1102.295,997,1000,107,10.0,17
15:06:00,1102.494,996,1000,107,10.0,17
15:06:00,1102.697,997,1000,107,10.0,17
15:06:00,1102.898,998,1000,107,10.0,17
15:06:00,1103.093,994,1000,107,10.0,17
15:06:01,1103.3,996,1000,107,10.0,17
15:06:01,1103.492,997,1000,107,10.0,17
15:06:01,1103.699,998,1000,107,10.0,17
15:06:01,1103.89,995,1000,107,10.0,17
15:06:01,1104.098,997,1000,107,10.0,17
15:06:02,1104.3,998,1000,107,10.0,17
15:06:02,1104.489,994,1000,107,10.0,17
15:06:02,1104.688,992,1000,107,10.0,17
15:06:02,1104.889,995,1000,107,10.0,17
15:06:02,1105.087,992,1000,107,10.0,17
15:06:03,1105.288,993,1000,107,10.0,17
15:06:03,1105.489,997,1000,107,10.0,17
15:06:03,1105.688,995,1000,107,10.0,17
15:06:03,1105.89,997,1000,107,10.0,17
15:06:03,1106.093,998,1000,107,10.0,17
15:06:04,1106.293,998,1000,107,10.0,17
15:06:04,1106.493,995,1000,107,10.0,17
15:06:04,1106.684,996,1000,107,10.0,17
15:06:04,1106.883,997,1000,107,10.0,17
15:06:04,1107.076,993,1000,108,10.0,17
15:06:05,1107.283,997,1000,108,10.0,17
15:06:05,1107.489,1000,1000,108,10.0,17
15:06:05,1107.68,995,1000,108,10.0,17
15:06:05,1107.887,996,1000,108,10.0,17
15:06:05,1108.081,998,1000,108,10.0,17
15:06:06,1108.279,997,1000,108,10.0,17
15:06:06,1108.483,996,1000,108,10.0,17
15:06:06,1108.685,997,1000,108,10.0,17
15:06:06,1108.889,998,1000,108,10.0,17
15:06:06,1109.08,997,1000,108,10.0,17
15:06:07,1109.28,997,1000,108,10.0,17
15:06:07,1109.479,998,1000,108,10.0,17
15:06:07,1109.681,999,1000,108,10.0,17
15:06:07,1109.883,994,1000,108,10.0,17
15:06:07,1110.076,997,1000,108,10.0,17
15:06:08,1110.274,1000,1000,108,10.0,17
15:06:08,1110.475,995,1000,108,10.0,17
15:06:08,1110.674,996,1000,108,10.0,17
15:06:08,1110.876,997,1000,108,10.0,17
15:06:08,1111.078,995,1000,108,10.0,17
15:06:09,1111.266,997,1000,108,10.0,17
15:06:09,1111.472,998,1000,108,10.0,17
15:06:09,1111.67,998,1000,108,10.0,17
15:06:09,1111.871,994,1000,108,10.0,17
15:06:09,1112.079,997,1000,108,10.0,17
15:06:10,1112.269,998,1000,108,10.0,17
15:06:10,1112.469,995,1000,108,10.0,17
15:06:10,1112.668,996,1000,108,10.0,17
15:06:10,1112.868,997,1000,108,10.0,17
15:06:10,1113.061,996,1000,108,10.0,17
15:06:11,1113.269,996,1000,108,10.0,17
15:06:11,1113.461,997,1000,108,10.0,17
15:06:11,1113.669,997,1000,108,10.0,17
15:06:11,1113.861,993,1000,108,10.0,17
15:06:11,1114.07,997,1000,108,10.0,17
15:06:12,1114.27,1000,1000,108,10.0,17
15:06:12,1114.463,997,1000,108,10.0,17
15:06:12,1114.661,1000,1000,108,10.0,17
15:06:12,1114.861,1003,1000,108,10.0,17
15:06:12,1115.06,1004,1000,108,10.0,17
15:06:13,1115.261,1005,1000,108,10.0,17
15:06:13,1115.464,1004,1000,108,10.0,17
15:06:13,1115.665,1001,1000,108,10.0,17
15:06:13,1115.868,1001,1000,108,10.0,17
15:06:13,1116.058,1000,1000,108,10.0,17
15:06:14,1116.257,995,1000,108,10.0,17
15:06:14,1116.457,996,1000,108,10.0,17
15:06:14,1116.658,997,1000,108,10.0,17
15:06:14,1116.859,993,1000,108,10.0,17
15:06:14,1117.061,992,1000,108,10.0,17
15:06:15,1117.252,996,1000,108,10.0,17
15:06:15,1117.459,994,1000,108,10.0,17
15:06:15,1117.651,993,1000,108,10.0,17
15:06:15,1117.859,997,1000,108,10.0,17
15:06:15,1118.053,997,1000,108,10.0,17
15:06:16,1118.257,995,1000,108,10.0,17
15:06:16,1118.458,999,1000,108,10.0,17
15:06:16,1118.661,1000,1000,108,10.0,17
15:06:16,1118.851,999,1000,108,10.0,17
15:06:16,1119.05,1001,1000,108,10.0,17
15:06:17,1119.253,1003,1000,108,10.0,17
15:06:17,1119.454,1005,1000,108,10.0,17
15:06:17,1119.657,1006,1000,108,10.0,17
15:06:17,1119.858,1003,1000,108,10.0,17
15:06:17,1120.049,1002,1000,108,10.0,17
15:06:18,1120.247,1002,1000,108,10.0,17
15:06:18,1120.449,1004,1000,108,10.0,17
15:06:18,1120.648,1003,1000,108,10.0,17
15:06:18,1120.852,1002,1000,108,10.0,17
15:06:18,1121.054,1004,1000,108,10.0,17
15:06:19,1121.256,1005,1000,108,10.0,17
15:06:19,1121.444,1004,1000,108,10.0,17
15:06:19,1121.644,1001,1000,108,10.0,17
15:06:19,1121.843,1002,1000,108,10.0,17
15:06:19,1122.045,1004,1000,108,10.0,17
15:06:20,1122.236,1005,1000,108,10.0,17
15:06:20,1122.443,1003,1000,108,10.0,17
15:06:20,1122.65,1001,1000,108,10.0,17
15:06:20,1122.841,1001,1000,108,10.0,17
15:06:20,1123.05,1000,1000,108,10.0,17
15:06:21,1123.239,997,1000,108,10.0,17
15:06:21,1123.44,998,1000,108,10.0,17
15:06:21,1123.639,998,1000,108,10.0,17
15:06:21,1123.84,997,1000,108,10.0,17
15:06:21,1124.041,996,1000,108,10.0,17
15:06:22,1124.242,996,1000,108,10.0,17
15:06:22,1124.436,997,1000,108,10.0,17
15:06:22,1124.636,992,1000,108,10.0,17
15:06:22,1124.835,996,1000,108,10.0,17
15:06:22,1125.029,999,1000,108,10.0,17
15:06:23,1125.235,1001,1000,108,10.0,17
15:06:23,1125.427,998,1000,108,10.0,17
15:06:23,1125.635,999,1000,108,10.0,17
15:06:23,1125.827,1002,1000,108,10.0,17
15:06:23,1126.036,1004,1000,108,10.0,17
15:06:24,1126.236,1005,1000,108,10.0,17
15:06:24,1126.438,1000,1000,108,10.0,17
15:06:24,1126.63,995,1000,108,10.0,17
15:06:24,1126.829,997,1000,108,10.0,17
15:06:24,1127.033,1000,1000,108,10.0,17
15:06:25,1127.234,1000,1000,108,10.0,17
15:06:25,1127.435,999,1000,108,10.0,17
15:06:25,1127.635,1002,1000,108,10.0,17
15:06:25,1127.828,1004,1000,108,10.0,17
15:06:25,1128.026,1005,1000,108,10.0,17
15:06:26,1128.226,999,1000,108,10.0,17
15:06:26,1128.425,996,1000,108,10.0,17
15:06:26,1128.626,996,1000,108,10.0,17
15:06:26,1128.828,993,1000,108,10.0,17
15:06:26,1129.029,990,1000,108,10.0,17
15:06:27,1129.231,994,1000,108,10.0,17
15:06:27,1129.423,998,1000,108,10.0,17
15:06:27,1129.622,1000,1000,108,10.0,17
15:06:27,1129.821,997,1000,108,10.0,17
15:06:27,1130.022,995,1000,108,10.0,17
15:06:28,1130.225,998,1000,108,10.0,17
15:06:28,1130.425,1001,1000,108,10.0,17
15:06:28,1130.629,1003,1000,108,10.0,17
15:06:28,1130.819,1001,1000,108,10.0,17
15:06:28,1131.021,1002,1000,108,10.0,17
15:06:29,1131.222,1004,1000,108,10.0,17
15:06:29,1131.426,1005,1000,108,10.0,17
15:06:29,1131.616,1004,1000,108,10.0,17
15:06:29,1131.823,999,1000,108,10.0,17
15:06:29,1132.015,1000,1000,108,10.0,17
15:06:30,1132.222,1002,1000,108,10.0,17
15:06:30,1132.411,1004,1000,108,10.0,17
15:06:30,1132.619,1000,1000,108,10.0,17
15:06:30,1132.811,998,1000,108,10.0,17
15:06:30,1133.021,1000,1000,108,10.0,17
15:06:31,1133.212,1002,1000,108,10.0,17
15:06:31,1133.412,1004,1000,108,10.0,17
15:06:31,1133.612,1001,1000,108,10.0,17
15:06:31,1133.811,1003,1000,108,10.0,17
15:06:31,1134.013,1004,1000,108,10.0,17
15:06:32,1134.216,1006,1000,108,10.0,17
15:06:32,1134.416,1003,1000,108,10.0,17
15:06:32,1134.617,997,1000,108,10.0,17
15:06:32,1134.816,998,1000,108,10.0,17
15:06:32,1135.016,1000,1000,108,10.0,17
15:06:33,1135.215,1003,1000,108,10.0,17
15:06:33,1135.415,999,1000,108,10.0,17
15:06:33,1135.616,998,1000,108,10.0,17
15:06:33,1135.805,1001,1000,108,10.0,17
15:06:33,1136.006,1003,1000,108,10.0,17
15:06:34,1136.205,1004,1000,108,10.0,17
15:06:34,1136.405,1001,1000,108,10.0,17
15:06:34,1136.608,1003,1000,108,10.0,17
15:06:34,1136.808,1005,1000,108,10.0,17
15:06:34,1137.009,1004,1000,108,10.0,17
15:06:35,1137.205,998,1000,108,10.0,17
15:06:35,1137.396,994,1000,108,10.0,17
15:06:35,1137.602,997,1000,108,10.0,17
15:06:35,1137.808,1000,1000,108,10.0,17
15:06:35,1137.999,999,1000,108,10.0,17
15:06:36,1138.203,999,1000,108,10.0,17
15:06:36,1138.404,1002,1000,108,10.0,17
15:06:36,1138.599,1003,1000,108,10.0,17
15:06:36,1138.798,1005,1000,108,10.0,17
15:06:36,1138.998,1003,1000,108,10.0,17
15:06:37,1139.204,1001,1000,108,10.0,17
15:06:37,1139.396,1001,1000,108,10.0,17
15:06:37,1139.603,1000,1000,108,10.0,17
15:06:37,1139.795,995,1000,108,10.0,17
15:06:37,1140.002,996,1000,108,10.0,17
15:06:38,1140.194,996,1000,108,10.0,17
15:06:38,1140.394,991,1000,108,10.0,17
15:06:38,1140.593,995,1000,108,10.0,17
15:06:38,1140.794,998,1000,108,10.0,17
15:06:38,1140.996,999,1000,108,10.0,17
15:06:39,1141.199,997,1000,108,10.0,17
15:06:39,1141.401,1000,1000,108,10.0,17
15:06:39,1141.591,1002,1000,108,10.0,17
15:06:39,1141.79,1004,1000,108,10.0,17
15:06:39,1141.989,1004,1000,108,10.0,17
15:06:40,1142.188,1001,1000,108,10.0,17
15:06:40,1142.388,1003,1000,108,10.0,17
15:06:40,1142.591,1005,1000,108,10.0,17
15:06:40,1142.792,999,1000,108,10.0,17
15:06:40,1142.995,998,1000,108,10.0,17
15:06:41,1143.189,999,1000,108,10.0,17
15:06:41,1143.381,1001,1000,108,10.0,17
15:06:41,1143.588,1000,1000,108,10.0,17
15:06:41,1143.78,1001,1000,108,10.0,17
15:06:41,1143.988,1004,1000,108,10.0,17
15:06:42,1144.191,1004,1000,108,10.0,17
15:06:42,1144.393,1000,1000,108,10.0,17
15:06:42,1144.582,1003,1000,108,10.0,17
15:06:42,1144.782,1005,1000,108,10.0,17
15:06:42,1144.981,1004,1000,108,10.0,17
15:06:43,1145.183,998,1000,108,10.0,17
15:06:43,1145.385,996,1000,108,10.0,17
15:06:43,1145.587,997,1000,108,10.0,17
15:06:43,1145.786,997,1000,108,10.0,17
15:06:43,1145.979,992,1000,108,10.0,17
15:06:44,1146.173,996,1000,108,10.0,17
15:06:44,1146.38,999,1000,108,10.0,17
15:06:44,1146.571,1002,1000,108,10.0,17
15:06:44,1146.779,1001,1000,108,10.0,17
15:06:44,1146.97,998,1000,108,10.0,17
15:06:45,1147.177,1001,1000,108,10.0,17
15:06:45,1147.378,1003,1000,108,10.0,17
15:06:45,1147.577,1005,1000,108,10.0,17
15:06:45,1147.781,1004,1000,108,10.0,17
15:06:45,1147.982,999,1000,108,10.0,17
15:06:46,1148.182,999,1000,108,10.0,17
15:06:46,1148.372,999,1000,108,10.0,17
15:06:46,1148.572,997,1000,108,10.0,17
15:06:46,1148.772,998,1000,108,10.0,17
15:06:46,1148.973,998,1000,108,10.0,17
15:06:47,1149.173,998,1000,108,10.0,17
15:06:47,1149.377,993,1000,108,10.0,17
15:06:47,1149.579,997,1000,108,10.0,17
15:06:47,1149.769,1000,1000,108,10.0,17
15:06:47,1149.97,1002,1000,108,10.0,17
15:06:48,1150.172,999,1000,108,10.0,17
15:06:48,1150.367,1000,1000,108,10.0,17
15:06:48,1150.57,1002,1000,108,10.0,17
15:06:48,1150.761,1004,1000,108,10.0,17
15:06:48,1150.969,1006,1000,108,10.0,17
15:06:49,1151.174,1002,1000,108,10.0,17
15:06:49,1151.364,1001,1000,108,10.0,17
15:06:49,1151.564,1001,1000,108,10.0,17
15:06:49,1151.764,1000,1000,108,10.0,17
15:06:49,1151.966,995,1000,108,10.0,17
15:06:50,1152.167,996,1000,108,10.0,17
15:06:50,1152.368,997,1000,108,10.0,17
15:06:50,1152.569,995,1000,108,10.0,17
15:06:50,1152.762,996,1000,108,10.0,17
15:06:50,1152.961,996,1000,108,10.0,17
15:06:51,1153.159,996,1000,108,10.0,17
15:06:51,1153.362,994,1000,108,10.0,17
15:06:51,1153.563,998,1000,108,10.0,17
15:06:51,1153.764,1001,1000,108,10.0,17
15:06:51,1153.965,1002,1000,108,10.0,17
15:06:52,1154.159,999,1000,108,10.0,17
15:06:52,1154.357,1001,1000,108,10.0,17
15:06:52,1154.557,1003,1000,108,10.0,17
15:06:52,1154.759,1005,1000,108,10.0,17
15:06:52,1154.961,1005,1000,108,10.0,17
15:06:52,1155.155,998,1000,108,10.0,17
15:06:53,1155.362,999,1000,108,10.0,17
15:06:53,1155.554,999,1000,108,10.0,17
15:06:53,1155.761,994,1000,108,10.0,17
15:06:53,1155.952,995,1000,108,10.0,17
15:06:54,1156.159,999,1000,108,10.0,17
15:06:54,1156.361,999,1000,108,10.0,17
15:06:54,1156.561,996,1000,108,10.0,17
15:06:54,1156.752,997,1000,108,10.0,17
15:06:54,1156.951,997,1000,108,10.0,17
15:06:54,1157.152,997,1000,108,10.0,17
15:06:55,1157.353,995,1000,108,10.0,17
15:06:55,1157.552,996,1000,108,10.0,17
15:06:55,1157.756,996,1000,108,10.0,17
15:06:55,1157.948,992,1000,108,10.0,17
15:06:55,1158.14,996,1000,108,10.0,17
15:06:56,1158.348,999,1000,108,10.0,17
15:06:56,1158.541,1001,1000,108,10.0,17
15:06:56,1158.747,1001,1000,108,10.0,17
15:06:56,1158.954,1000,1000,108,10.0,17
15:06:56,1159.145,1002,1000,108,10.0,17
15:06:57,1159.345,1004,1000,108,10.0,17
15:06:57,1159.548,1005,1000,108,10.0,17
15:06:57,1159.753,1001,1000,108,10.0,17
15:06:57,1159.943,995,1000,108,10.0,17
15:06:57,1160.141,997,1000,108,10.0,17
15:06:58,1160.345,1000,1000,108,10.0,17
15:06:58,1160.547,999,1000,108,10.0,17
15:06:58,1160.749,999,1000,108,10.0,17
15:06:58,1160.941,1002,1000,108,10.0,17
15:06:58,1161.139,1004,1000,108,10.0,17
15:06:59,1161.34,1005,1000,108,10.0,17
15:06:59,1161.543,999,1000,108,10.0,17
15:06:59,1161.746,996,1000,108,10.0,17
15:06:59,1161.937,997,1000,108,10.0,17
15:06:59,1162.142,997,1000,108,10.0,17
15:07:00,1162.333,992,1000,108,10.0,17
15:07:00,1162.538,996,1000,108,10.0,17
15:07:00,1162.734,999,1000,108,10.0,17
15:07:00,1162.938,1000,1000,108,10.0,17
15:07:00,1163.143,997,1000,108,10.0,17
15:07:01,1163.342,1000,1000,108,10.0,17
15:07:01,1163.534,1002,1000,108,10.0,17
15:07:01,1163.733,1004,1000,108,10.0,17
15:07:01,1163.934,1004,1000,108,10.0,17
15:07:01,1164.132,1000,1000,108,10.0,17
15:07:02,1164.332,1002,1000,108,10.0,17
15:07:02,1164.533,1004,1000,108,10.0,17
15:07:02,1164.736,1005,1000,108,10.0,17
15:07:02,1164.937,1005,1000,108,10.0,17
15:07:02,1165.124,999,1000,108,10.0,17
15:07:03,1165.332,998,1000,108,10.0,17
15:07:03,1165.524,998,1000,108,10.0,17
15:07:03,1165.731,993,1000,108,10.0,17
15:07:03,1165.923,996,1000,108,10.0,17
15:07:03,1166.128,999,1000,108,10.0,17
15:07:04,1166.329,998,1000,108,10.0,17
15:07:04,1166.528,997,1000,108,10.0,17
15:07:04,1166.73,997,1000,108,10.0,17
15:07:04,1166.93,997,1000,108,10.0,17
15:07:04,1167.132,994,1000,108,10.0,17
15:07:05,1167.332,995,1000,108,10.0,17
15:07:05,1167.531,998,1000,108,10.0,17
15:07:05,1167.73,999,1000,108,10.0,17
15:07:05,1167.932,996,1000,108,10.0,17
15:07:05,1168.122,998,1000,108,10.0,17
15:07:06,1168.322,1001,1000,108,10.0,17
15:07:06,1168.522,1002,1000,108,10.0,17
15:07:06,1168.724,1002,1000,108,10.0,17
15:07:06,1168.925,998,1000,108,10.0,17
15:07:06,1169.13,1000,1000,108,10.0,17
15:07:07,1169.319,1002,1000,108,10.0,17
15:07:07,1169.519,1004,1000,108,10.0,17
15:07:07,1169.718,1003,1000,108,10.0,17
15:07:07,1169.917,1002,1000,108,10.0,17
15:07:07,1170.12,1003,1000,108,10.0,17
15:07:08,1170.322,1004,1000,108,10.0,17
15:07:08,1170.524,1005,1000,108,10.0,17
15:07:08,1170.717,1002,1000,108,10.0,17
15:07:08,1170.916,1001,1000,108,10.0,17
15:07:08,1171.115,1000,1000,108,10.0,17
15:07:09,1171.317,998,1000,108,10.0,17
15:07:09,1171.519,998,1000,108,10.0,17
15:07:09,1171.72,997,1000,108,10.0,17
15:07:09,1171.921,997,1000,108,10.0,17
15:07:09,1172.107,995,1000,108,10.0,17
15:07:10,1172.315,995,1000,108,10.0,17
15:07:10,1172.506,995,1000,108,10.0,17
15:07:10,1172.713,993,1000,108,10.0,17
15:07:10,1172.905,995,1000,108,10.0,17
15:07:10,1173.113,998,1000,108,10.0,17
15:07:11,1173.316,997,1000,108,10.0,17
15:07:11,1173.518,994,1000,108,10.0,17
15:07:11,1173.708,997,1000,108,10.0,17
15:07:11,1173.908,999,1000,108,10.0,17
15:07:11,1174.108,1001,1000,108,10.0,17
15:07:12,1174.307,998,1000,108,10.0,17
15:07:12,1174.506,1000,1000,108,10.0,17
15:07:12,1174.705,1002,1000,108,10.0,17
15:07:12,1174.906,1003,1000,108,10.0,17
15:07:12,1175.109,1004,1000,108,10.0,17
15:07:13,1175.31,1000,1000,108,10.0,17
15:07:13,1175.511,1002,1000,108,10.0,17
15:07:13,1175.711,1003,1000,108,10.0,17
15:07:13,1175.902,1004,1000,108,10.0,17
15:07:13,1176.102,1000,1000,108,10.0,17
15:07:14,1176.302,997,1000,108,10.0,17
15:07:14,1176.503,999,1000,108,10.0,17
15:07:14,1176.706,1001,1000,108,10.0,17
15:07:14,1176.907,1002,1000,108,10.0,17
15:07:14,1177.108,998,1000,108,10.0,17
15:07:15,1177.299,1000,1000,108,10.0,17
15:07:15,1177.491,1001,1000,108,10.0,17
15:07:15,1177.699,1003,1000,108,10.0,17
15:07:15,1177.907,998,1000,108,10.0,17
15:07:15,1178.099,997,1000,108,10.0,17
15:07:16,1178.301,999,1000,108,10.0,17
15:07:16,1178.501,1001,1000,108,10.0,17
15:07:16,1178.704,1001,1000,108,10.0,17
15:07:16,1178.904,998,1000,108,10.0,17
15:07:16,1179.103,1000,1000,108,10.0,17
15:07:17,1179.294,1001,1000,108,10.0,17
15:07:17,1179.494,1002,1000,108,10.0,17
15:07:17,1179.694,999,1000,108,10.0,17
15:07:17,1179.894,1000,1000,108,10.0,17
15:07:17,1180.097,1002,1000,108,10.0,17
15:07:18,1180.298,1003,1000,108,10.0,17
15:07:18,1180.501,1000,1000,108,10.0,17
15:07:18,1180.692,1001,1000,108,10.0,17
15:07:18,1180.89,1002,1000,108,10.0,17
15:07:18,1181.09,1003,1000,108,10.0,17
15:07:19,1181.289,1004,1000,108,10.0,17
15:07:19,1181.488,999,1000,108,10.0,17
15:07:19,1181.689,1001,1000,108,10.0,17
15:07:19,1181.89,1002,1000,108,10.0,17
15:07:19,1182.091,1003,1000,108,10.0,17
15:07:20,1182.294,998,1000,108,10.0,17
15:07:20,1182.495,1000,1000,108,10.0,17
15:07:20,1182.686,1001,1000,108,10.0,17
15:07:20,1182.885,1003,1000,108,10.0,17
15:07:20,1183.077,1001,1000,108,10.0,17
15:07:21,1183.285,1001,1000,108,10.0,17
15:07:21,1183.492,1002,1000,108,10.0,17
15:07:21,1183.683,1003,1000,108,10.0,17
15:07:21,1183.891,1002,1000,108,10.0,17
15:07:21,1184.082,1001,1000,108,10.0,17
15:07:22,1184.283,1002,1000,108,10.0,17
15:07:22,1184.483,1003,1000,108,10.0,17
15:07:22,1184.684,1003,1000,108,10.0,17
15:07:22,1184.884,999,1000,108,10.0,17
15:07:22,1185.086,1000,1000,108,10.0,17
15:07:23,1185.278,1001,1000,108,10.0,17
15:07:23,1185.477,1002,1000,108,10.0,17
15:07:23,1185.679,998,1000,108,10.0,17
15:07:23,1185.879,998,1000,108,10.0,17
15:07:23,1186.079,1000,1000,108,10.0,17
15:07:24,1186.281,1001,1000,108,10.0,17
15:07:24,1186.485,1000,1000,108,10.0,17
15:07:24,1186.674,1000,1000,108,10.0,17
15:07:24,1186.874,1001,1000,108,10.0,17
15:07:24,1187.076,1002,1000,108,10.0,17
15:07:25,1187.267,1000,1000,108,10.0,17
15:07:25,1187.475,1001,1000,108,10.0,17
15:07:25,1187.667,1002,1000,108,10.0,17
15:07:25,1187.873,1002,1000,108,10.0,17
15:07:25,1188.081,1003,1000,108,10.0,17
15:07:26,1188.27,998,1000,108,10.0,17
15:07:26,1188.471,1000,1000,108,10.0,17
15:07:26,1188.669,1001,1000,108,10.0,17
15:07:26,1188.87,1002,1000,108,10.0,17
15:07:26,1189.071,997,1000,108,10.0,17
15:07:27,1189.274,999,1000,108,10.0,17
15:07:27,1189.473,1000,1000,108,10.0,17
15:07:27,1189.675,1000,1000,108,10.0,17
15:07:27,1189.876,996,1000,108,10.0,17
15:07:27,1190.066,998,1000,108,10.0,17
15:07:28,1190.266,1000,1000,108,10.0,17
15:07:28,1190.467,1001,1000,108,10.0,17
15:07:28,1190.668,996,1000,108,10.0,17
15:07:28,1190.869,997,1000,108,10.0,17
15:07:28,1191.071,999,1000,108,10.0,17
15:07:29,1191.272,1000,1000,108,10.0,17
15:07:29,1191.463,997,1000,108,10.0,17
15:07:29,1191.662,999,1000,108,10.0,17
15:07:29,1191.865,1000,1000,108,10.0,17
15:07:29,1192.06,1001,1000,108,10.0,17
15:07:30,1192.268,996,1000,108,10.0,17
15:07:30,1192.456,998,1000,108,10.0,17
15:07:30,1192.666,999,1000,108,10.0,17
15:07:30,1192.856,1000,1000,108,10.0,17
15:07:30,1193.063,995,1000,108,10.0,17
15:07:31,1193.264,997,1000,108,10.0,17
15:07:31,1193.465,998,1000,108,10.0,17
15:07:31,1193.657,997,1000,108,10.0,17
15:07:31,1193.857,993,1000,108,10.0,17
15:07:31,1194.056,995,1000,108,10.0,17
15:07:32,1194.256,997,1000,108,10.0,17
15:07:32,1194.457,997,1000,108,10.0,17
15:07:32,1194.66,995,1000,108,10.0,17
15:07:32,1194.861,997,1000,108,10.0,17
15:07:32,1195.061,998,1000,108,10.0,17
15:07:33,1195.263,995,1000,108,10.0,17
15:07:33,1195.452,992,1000,108,10.0,17
15:07:33,1195.651,994,1000,108,10.0,17
15:07:33,1195.852,996,1000,108,10.0,17
15:07:33,1196.052,994,1000,108,10.0,17
15:07:34,1196.255,996,1000,108,10.0,17
15:07:34,1196.456,997,1000,108,10.0,17
15:07:34,1196.659,998,1000,108,10.0,17
15:07:34,1196.848,994,1000,108,10.0,17
15:07:34,1197.047,996,1000,108,10.0,17
15:07:35,1197.253,997,1000,108,10.0,17
15:07:35,1197.448,996,1000,108,10.0,17
15:07:35,1197.65,992,1000,108,10.0,17
15:07:35,1197.842,994,1000,108,10.0,17
15:07:35,1198.05,998,1000,108,10.0,17
15:07:36,1198.251,996,1000,108,10.0,17
15:07:36,1198.45,998,1000,108,10.0,17
15:07:36,1198.653,999,1000,108,10.0,17
15:07:36,1198.844,999,1000,108,10.0,17
15:07:36,1199.043,996,1000,108,10.0,17
15:07:37,1199.247,997,1000,108,10.0,17
15:07:37,1199.448,998,1000,108,10.0,17
15:07:37,1199.65,994,1000,108,10.0,17
15:07:37,1199.851,997,1000,108,10.0,17
15:07:37,1200.04,1000,1000,108,10.0,17
15:07:38,1200.241,1000,1000,108,10.0,17
15:07:38,1200.442,995,1000,108,10.0,17
15:07:38,1200.644,997,1000,108,10.0,17
15:07:38,1200.843,998,1000,108,10.0,17
15:07:38,1201.045,997,1000,108,10.0,17
15:07:39,1201.246,992,1000,108,10.0,17
15:07:39,1201.437,996,1000,108,10.0,17
15:07:39,1201.637,1000,1000,108,10.0,17
15:07:39,1201.837,995,1000,108,10.0,17
15:07:39,1202.04,996,1000,108,10.0,17
15:07:40,1202.242,997,1000,108,10.0,17
15:07:40,1202.443,996,1000,108,10.0,17
15:07:40,1202.635,997,1000,108,10.0,17
15:07:40,1202.833,998,1000,108,10.0,17
15:07:40,1203.033,998,1000,108,10.0,17
15:07:41,1203.234,994,1000,108,10.0,17
15:07:41,1203.436,995,1000,108,10.0,17
15:07:41,1203.637,998,1000,108,10.0,17
15:07:41,1203.838,994,1000,108,10.0,17
15:07:41,1204.039,997,1000,108,10.0,17
15:07:42,1204.238,1000,1000,108,10.0,17
15:07:42,1204.43,1002,1000,108,10.0,17
15:07:42,1204.629,1002,1000,108,10.0,17
15:07:42,1204.828,1002,1000,108,10.0,17
15:07:42,1205.029,1002,1000,108,10.0,17
15:07:43,1205.221,998,1000,108,10.0,17
15:07:43,1205.428,998,1000,108,10.0,17
15:07:43,1205.62,999,1000,108,10.0,17
15:07:43,1205.828,994,1000,108,10.0,17
15:07:43,1206.025,997,1000,108,10.0,17
15:07:44,1206.225,1000,1000,108,10.0,17
15:07:44,1206.426,1002,1000,108,10.0,17
15:07:44,1206.627,999,1000,108,10.0,17
15:07:44,1206.827,993,1000,108,10.0,17
15:07:44,1207.028,996,1000,108,10.0,17
15:07:45,1207.228,999,1000,108,10.0,17
15:07:45,1207.431,999,1000,108,10.0,17
15:07:45,1207.621,997,1000,108,10.0,17
15:07:45,1207.821,998,1000,108,10.0,17
15:07:45,1208.02,998,1000,108,10.0,17
15:07:46,1208.221,993,1000,108,10.0,18
15:07:46,1208.422,995,1000,108,10.0,17
15:07:46,1208.624,998,1000,108,10.0,17
15:07:46,1208.825,1001,1000,108,10.0,17
15:07:46,1209.028,1000,1000,108,10.0,17
15:07:47,1209.22,1000,1000,108,10.0,17
15:07:47,1209.411,1003,1000,108,10.0,17
15:07:47,1209.619,1004,1000,108,10.0,17
15:07:47,1209.81,1006,1000,108,10.0,17
15:07:47,1210.021,1002,1000,108,10.0,17
15:07:48,1210.223,996,1000,108,10.0,17
15:07:48,1210.414,997,1000,108,10.0,17
15:07:48,1210.614,997,1000,108,10.0,17
15:07:48,1210.815,993,1000,108,10.0,18
15:07:48,1211.018,996,1000,108,10.0,17
15:07:49,1211.218,999,1000,108,10.0,17
15:07:49,1211.42,1002,1000,108,10.0,17
15:07:49,1211.611,1002,1000,108,10.0,17
15:07:49,1211.811,998,1000,108,10.0,17
15:07:49,1212.011,1001,1000,108,10.0,17
15:07:50,1212.211,1003,1000,108,10.0,17
15:07:50,1212.409,1005,1000,108,10.0,17
15:07:50,1212.613,1004,1000,108,10.0,17
15:07:50,1212.815,999,1000,108,10.0,17
15:07:50,1213.029,1002,1000,108,10.0,17
15:07:51,1213.205,1003,1000,108,10.0,17
15:07:51,1213.412,1005,1000,108,10.0,17
15:07:51,1213.604,1002,1000,108,10.0,17
15:07:51,1213.811,1001,1000,108,10.0,17
15:07:51,1214.003,1000,1000,108,10.0,17
15:07:52,1214.207,999,1000,108,10.0,17
15:07:52,1214.406,998,1000,108,10.0,17
15:07:52,1214.608,998,1000,108,10.0,17
15:07:52,1214.809,998,1000,108,10.0,17
15:07:52,1215.009,993,1000,108,10.0,17
15:07:53,1215.211,996,1000,108,10.0,17
15:07:53,1215.402,998,1000,108,10.0,17
15:07:53,1215.601,1000,1000,108,10.0,17
15:07:53,1215.801,997,1000,108,10.0,17
15:07:53,1216.001,1000,1000,108,10.0,17
15:07:54,1216.201,1002,1000,108,10.0,17
15:07:54,1216.402,1004,1000,108,10.0,17
15:07:54,1216.603,1004,1000,108,10.0,17
15:07:54,1216.805,1000,1000,108,10.0,17
15:07:54,1217.006,1002,1000,108,10.0,17
15:07:55,1217.198,1003,1000,108,10.0,17
15:07:55,1217.397,1005,1000,108,10.0,17
15:07:55,1217.596,1003,1000,108,10.0,17
15:07:55,1217.796,1001,1000,108,10.0,17
15:07:55,1217.998,1000,1000,108,10.0,17
15:07:56,1218.188,999,1000,108,10.0,17
15:07:56,1218.395,996,1000,108,10.0,17
15:07:56,1218.587,996,1000,108,10.0,17
15:07:56,1218.794,997,1000,108,10.0,17
15:07:56,1219.002,992,1000,108,10.0,18
15:07:57,1219.193,994,1000,108,10.0,17
15:07:57,1219.391,997,1000,108,10.0,17
15:07:57,1219.592,998,1000,108,10.0,17
15:07:57,1219.794,995,1000,108,10.0,17
15:07:57,1219.997,998,1000,108,10.0,17
15:07:58,1220.2,1000,1000,108,10.0,17
15:07:58,1220.39,1002,1000,108,10.0,17
15:07:58,1220.589,1001,1000,108,10.0,17
15:07:58,1220.789,1000,1000,108,10.0,17
15:07:58,1220.992,1002,1000,108,10.0,17
15:07:59,1221.191,1003,1000,108,10.0,17
15:07:59,1221.391,1004,1000,108,10.0,17
15:07:59,1221.594,1002,1000,108,10.0,17
15:07:59,1221.786,1003,1000,108,10.0,17
15:07:59,1221.985,1004,1000,108,10.0,17
15:08:00,1222.188,1005,1000,108,10.0,17
15:08:00,1222.378,1002,1000,108,10.0,17
15:08:00,1222.585,996,1000,108,10.0,17
15:08:00,1222.792,998,1000,108,10.0,17
15:08:00,1222.984,1000,1000,108,10.0,17
15:08:01,1223.187,1002,1000,108,10.0,17
15:08:01,1223.388,998,1000,108,10.0,17
15:08:01,1223.59,1000,1000,108,10.0,17
15:08:01,1223.782,1001,1000,108,10.0,17
15:08:01,1223.98,1003,1000,108,10.0,17
15:08:02,1224.18,999,1000,108,10.0,17
15:08:02,1224.381,996,1000,108,10.0,17
15:08:02,1224.583,998,1000,108,10.0,17
15:08:02,1224.785,1000,1000,108,10.0,17
15:08:02,1224.987,1002,1000,108,10.0,17
15:08:03,1225.178,997,1000,108,10.0,17
15:08:03,1225.378,999,1000,108,10.0,17
15:08:03,1225.577,1001,1000,108,10.0,17
15:08:03,1225.779,1002,1000,108,10.0,17
15:08:03,1225.979,1002,1000,108,10.0,17
15:08:04,1226.181,1000,1000,108,10.0,17
15:08:04,1226.382,1002,1000,108,10.0,17
15:08:04,1226.582,1003,1000,108,10.0,17
15:08:04,1226.774,1002,1000,108,10.0,17
15:08:04,1226.973,1000,1000,108,10.0,17
15:08:05,1227.176,1001,1000,108,10.0,17
15:08:05,1227.377,1002,1000,108,10.0,17
15:08:05,1227.58,1003,1000,108,10.0,17
15:08:05,1227.772,999,1000,108,10.0,17
15:08:05,1227.971,1001,1000,108,10.0,17
15:08:06,1228.17,1002,1000,108,10.0,17
15:08:06,1228.372,1003,1000,108,10.0,17
15:08:06,1228.574,998,1000,108,10.0,17
15:08:06,1228.776,997,1000,108,10.0,17
15:08:06,1228.968,999,1000,108,10.0,17
15:08:07,1229.167,1000,1000,108,10.0,17
15:08:07,1229.367,1000,1000,108,10.0,17
15:08:07,1229.57,999,1000,108,10.0,17
15:08:07,1229.772,1000,1000,108,10.0,17
15:08:07,1229.965,1001,1000,108,10.0,17
15:08:08,1230.165,1000,1000,108,10.0,17
15:08:08,1230.366,1000,1000,108,10.0,17
15:08:08,1230.567,1001,1000,108,10.0,17
15:08:08,1230.769,1002,1000,108,10.0,17
15:08:08,1230.971,1003,1000,108,10.0,17
15:08:09,1231.165,998,1000,108,10.0,17
15:08:09,1231.362,1000,1000,108,10.0,17
15:08:09,1231.562,1001,1000,108,10.0,17
15:08:09,1231.766,1002,1000,108,10.0,17
15:08:09,1231.968,997,1000,108,10.0,17
15:08:10,1232.17,999,1000,108,10.0,17
15:08:10,1232.36,1000,1000,108,10.0,17
15:08:10,1232.559,1001,1000,108,10.0,17
15:08:10,1232.759,999,1000,108,10.0,17
15:08:10,1232.962,1000,1000,108,10.0,17
15:08:11,1233.162,1001,1000,108,10.0,17
15:08:11,1233.365,1002,1000,108,10.0,17
15:08:11,1233.557,998,1000,108,10.0,17
15:08:11,1233.757,1000,1000,108,10.0,17
15:08:11,1233.957,1001,1000,108,10.0,17
15:08:11,1234.157,1002,1000,108,10.0,17
15:08:12,1234.361,1000,1000,108,10.0,17
15:08:12,1234.565,1000,1000,108,10.0,17
15:08:12,1234.754,1001,1000,108,10.0,17
15:08:12,1234.954,1002,1000,108,10.0,17
15:08:12,1235.154,999,1000,108,10.0,17
15:08:13,1235.353,1000,1000,108,10.0,17
15:08:13,1235.555,1001,1000,108,10.0,17
15:08:13,1235.757,1002,1000,108,10.0,17
15:08:13,1235.959,997,1000,108,10.0,17
15:08:13,1236.152,996,1000,108,10.0,17
15:08:14,1236.35,998,1000,108,10.0,17
15:08:14,1236.55,999,1000,108,10.0,17
15:08:14,1236.75,997,1000,108,10.0,17
15:08:14,1236.951,998,1000,108,10.0,17
15:08:14,1237.154,1000,1000,108,10.0,17
15:08:15,1237.356,1001,1000,108,10.0,17
15:08:15,1237.557,996,1000,108,10.0,17
15:08:15,1237.747,996,1000,108,10.0,17
15:08:15,1237.946,997,1000,108,10.0,17
15:08:15,1238.147,998,1000,108,10.0,17
15:08:16,1238.347,995,1000,108,10.0,17
15:08:16,1238.55,997,1000,108,10.0,17
15:08:16,1238.75,998,1000,108,10.0,17
15:08:16,1238.951,999,1000,108,10.0,17
15:08:16,1239.143,995,1000,108,10.0,17
15:08:17,1239.343,996,1000,108,10.0,17
15:08:17,1239.545,998,1000,108,10.0,17
15:08:17,1239.748,997,1000,108,10.0,17
15:08:17,1239.949,998,1000,108,10.0,17
15:08:17,1240.141,999,1000,108,10.0,17
15:08:18,1240.34,1000,1000,108,10.0,17
15:08:18,1240.542,995,1000,108,10.0,17
15:08:18,1240.742,994,1000,108,10.0,17
15:08:18,1240.946,996,1000,108,10.0,17
15:08:18,1241.146,998,1000,108,10.0,17
15:08:19,1241.338,994,1000,108,10.0,18
15:08:19,1241.537,996,1000,108,10.0,17
15:08:19,1241.737,997,1000,108,10.0,17
15:08:19,1241.936,998,1000,108,10.0,17
15:08:19,1242.137,994,1000,108,10.0,18
15:08:20,1242.337,996,1000,108,10.0,17
15:08:20,1242.539,997,1000,108,10.0,17
15:08:20,1242.742,994,1000,108,10.0,18
15:08:20,1242.944,991,1000,108,10.0,18
15:08:20,1243.133,995,1000,108,10.0,17
15:08:21,1243.333,991,1000,108,10.0,18
15:08:21,1243.531,991,1000,108,10.0,18
15:08:21,1243.735,996,1000,108,10.0,17
15:08:21,1243.936,998,1000,108,10.0,17
15:08:21,1244.138,999,1000,108,10.0,17
15:08:22,1244.33,1000,1000,108,10.0,17
15:08:22,1244.529,997,1000,108,10.0,17
15:08:22,1244.729,992,1000,108,10.0,18
15:08:22,1244.929,996,1000,108,10.0,17
15:08:22,1245.131,1000,1000,108,10.0,17
15:08:23,1245.331,997,1000,108,10.0,17
15:08:23,1245.534,998,1000,108,10.0,17
15:08:23,1245.735,999,1000,108,10.0,17
15:08:23,1245.936,994,1000,108,10.0,18
15:08:23,1246.126,998,1000,108,10.0,17
15:08:24,1246.325,1001,1000,108,10.0,17
15:08:24,1246.525,996,1000,108,10.0,17
15:08:24,1246.727,997,1000,108,10.0,17
15:08:24,1246.93,998,1000,108,10.0,17
15:08:24,1247.13,996,1000,108,10.0,17
15:08:25,1247.332,997,1000,108,10.0,17
15:08:25,1247.523,997,1000,108,10.0,17
15:08:25,1247.722,997,1000,108,10.0,17
15:08:25,1247.922,994,1000,108,10.0,18
15:08:25,1248.124,996,1000,108,10.0,18
15:08:26,1248.326,999,1000,108,10.0,18
15:08:26,1248.525,1001,1000,108,10.0,18
15:08:26,1248.725,998,1000,108,10.0,18
15:08:26,1248.927,999,1000,108,10.0,18
15:08:26,1249.119,1000,1000,108,10.0,18
15:08:27,1249.318,1000,1000,108,10.0,18
15:08:27,1249.517,995,1000,108,10.0,18
15:08:27,1249.718,997,1000,108,10.0,18
15:08:27,1249.917,998,1000,108,10.0,18
15:08:27,1250.116,997,1000,108,10.0,18
15:08:28,1250.318,993,1000,108,10.0,18
15:08:28,1250.52,996,1000,108,10.0,18
15:08:28,1250.721,999,1000,108,10.0,18
15:08:28,1250.923,1002,1000,108,10.0,18
15:08:28,1251.114,999,1000,108,10.0,18
15:08:29,1251.314,1001,1000,108,10.0,18
15:08:29,1251.513,1001,1000,108,10.0,18
15:08:29,1251.714,1001,1000,108,10.0,18
15:08:29,1251.917,1000,1000,108,10.0,18
15:08:29,1252.12,999,1000,108,10.0,18
15:08:30,1252.311,1000,1000,108,10.0,18
15:08:30,1252.511,1001,1000,108,10.0,18
15:08:30,1252.711,996,1000,108,10.0,18
15:08:30,1252.911,997,1000,108,10.0,18
15:08:30,1253.112,998,1000,108,10.0,18
15:08:31,1253.315,997,1000,108,10.0,18
15:08:31,1253.507,997,1000,108,10.0,18
15:08:31,1253.708,998,1000,108,10.0,18
15:08:31,1253.907,999,1000,108,10.0,18
15:08:31,1254.11,996,1000,108,10.0,18
15:08:32,1254.31,993,1000,108,10.0,18
15:08:32,1254.513,997,1000,108,10.0,18
15:08:32,1254.713,999,1000,108,10.0,18
15:08:32,1254.905,1001,1000,108,10.0,18
15:08:32,1255.102,996,1000,108,10.0,18
15:08:33,1255.304,998,1000,108,10.0,18
15:08:33,1255.502,998,1000,108,10.0,18
15:08:33,1255.701,997,1000,108,10.0,18
15:08:33,1255.905,993,1000,109,10.0,18
15:08:33,1256.107,996,1000,109,10.0,18
15:08:34,1256.307,999,1000,109,10.0,18
15:08:34,1256.507,1001,1000,109,10.0,18
15:08:34,1256.707,997,1000,109,10.0,18
15:08:34,1256.9,1000,1000,109,10.0,18
15:08:34,1257.098,1002,1000,109,10.0,18
15:08:35,1257.297,1004,1000,109,10.0,18
15:08:35,1257.498,1003,1000,109,10.0,18
15:08:35,1257.699,999,1000,109,10.0,18
15:08:35,1257.899,1001,1000,109,10.0,18
15:08:35,1258.099,1003,1000,109,10.0,18
15:08:36,1258.302,1004,1000,109,10.0,18
15:08:36,1258.494,1004,1000,109,10.0,18
15:08:36,1258.694,1000,1000,109,10.0,18
15:08:36,1258.893,1002,1000,109,10.0,18
15:08:36,1259.096,1003,1000,109,10.0,18
15:08:37,1259.296,1005,1000,108,10.0,17
15:08:37,1259.497,1003,1000,108,10.0,18
15:08:37,1259.698,1001,1000,108,10.0,18
15:08:37,1259.89,1000,1000,108,10.0,18
15:08:37,1260.089,1000,1000,108,10.0,18
15:08:38,1260.29,996,1000,108,10.0,18
15:08:38,1260.489,997,1000,108,10.0,18
15:08:38,1260.691,998,1000,108,10.0,18
15:08:38,1260.888,993,1000,109,10.0,18
15:08:38,1261.09,994,1000,109,10.0,18
15:08:39,1261.291,997,1000,109,10.0,18
15:08:39,1261.492,1000,1000,109,10.0,18
15:08:39,1261.694,1001,1000,109,10.0,18
15:08:39,1261.895,997,1000,109,10.0,18
15:08:39,1262.095,999,1000,109,10.0,18
15:08:40,1262.286,1001,1000,109,10.0,18
15:08:40,1262.483,1003,1000,109,10.0,18
15:08:40,1262.685,1004,1000,109,10.0,18
15:08:40,1262.886,999,1000,109,10.0,18
15:08:40,1263.088,1001,1000,109,10.0,18
15:08:41,1263.292,1003,1000,109,10.0,18
15:08:41,1263.481,1004,1000,109,10.0,18
15:08:41,1263.681,1001,1000,109,10.0,18
15:08:41,1263.88,997,1000,109,10.0,18
15:08:41,1264.08,1000,1000,109,10.0,18
15:08:42,1264.283,1002,1000,109,10.0,18
15:08:42,1264.485,1003,1000,109,10.0,18
15:08:42,1264.685,999,1000,109,10.0,18
15:08:42,1264.878,996,1000,109,10.0,18
15:08:42,1265.077,999,1000,109,10.0,18
15:08:43,1265.276,1001,1000,109,10.0,18
15:08:43,1265.475,1002,1000,109,10.0,18
15:08:43,1265.678,998,1000,109,10.0,18
15:08:43,1265.877,1000,1000,109,10.0,18
15:08:43,1266.081,1002,1000,109,10.0,18
15:08:44,1266.274,1004,1000,109,10.0,18
15:08:44,1266.473,1002,1000,109,10.0,18
15:08:44,1266.672,997,1000,109,10.0,18
15:08:44,1266.874,1000,1000,109,10.0,18
15:08:44,1267.074,1002,1000,109,10.0,18
15:08:45,1267.275,1003,1000,109,10.0,18
15:08:45,1267.477,1001,1000,109,10.0,18
15:08:45,1267.678,996,1000,109,10.0,18
15:08:45,1267.869,999,1000,109,10.0,18
15:08:45,1268.069,1001,1000,109,10.0,18
15:08:46,1268.268,1002,1000,109,10.0,18
15:08:46,1268.468,999,1000,109,10.0,18
15:08:46,1268.667,1001,1000,109,10.0,18
15:08:46,1268.868,1002,1000,109,10.0,18
15:08:46,1269.07,1004,1000,109,10.0,18
15:08:47,1269.271,1002,1000,109,10.0,18
15:08:47,1269.475,998,1000,109,10.0,18
15:08:47,1269.665,1000,1000,109,10.0,18
15:08:47,1269.864,1002,1000,109,10.0,18
15:08:47,1270.065,1003,1000,109,10.0,18
15:08:48,1270.27,1000,1000,109,10.0,18
15:08:48,1270.471,1002,1000,109,10.0,18
15:08:48,1270.662,1003,1000,109,10.0,18
15:08:48,1270.861,1004,1000,109,10.0,18
15:08:48,1271.06,1005,1000,109,10.0,17
15:08:49,1271.261,999,1000,109,10.0,18
15:08:49,1271.463,999,1000,109,10.0,18
15:08:49,1271.664,1001,1000,109,10.0,18
15:08:49,1271.865,1001,1000,109,10.0,18
15:08:49,1272.067,998,1000,109,10.0,18
15:08:50,1272.257,1000,1000,109,10.0,18
15:08:50,1272.456,1002,1000,109,10.0,18
15:08:50,1272.657,1003,1000,109,10.0,18
15:08:50,1272.859,1001,1000,109,10.0,18
15:08:50,1273.061,1002,1000,109,10.0,18
15:08:51,1273.261,1003,1000,109,10.0,18
15:08:51,1273.464,1004,1000,109,10.0,18
15:08:51,1273.654,1003,1000,109,10.0,18
15:08:51,1273.852,998,1000,109,10.0,18
15:08:51,1274.057,1000,1000,109,10.0,18
15:08:52,1274.256,1002,1000,109,10.0,18
15:08:52,1274.457,1003,1000,109,10.0,18
15:08:52,1274.66,1000,1000,109,10.0,18
15:08:52,1274.85,1001,1000,109,10.0,18
15:08:52,1275.049,1003,1000,109,10.0,18
15:08:53,1275.249,1004,1000,109,10.0,18
15:08:53,1275.452,1001,1000,109,10.0,18
15:08:53,1275.652,997,1000,109,10.0,18
15:08:53,1275.855,999,1000,109,10.0,18
15:08:53,1276.056,1001,1000,109,10.0,18
15:08:54,1276.246,1002,1000,109,10.0,18
15:08:54,1276.446,998,1000,109,10.0,18
15:08:54,1276.646,1000,1000,109,10.0,18
15:08:54,1276.845,1001,1000,109,10.0,18
15:08:54,1277.046,1002,1000,109,10.0,18
15:08:55,1277.251,1002,1000,109,10.0,18
15:08:55,1277.452,999,1000,109,10.0,18
15:08:55,1277.643,1001,1000,109,10.0,18
15:08:55,1277.842,1002,1000,109,10.0,18
15:08:55,1278.042,1003,1000,109,10.0,18
15:08:56,1278.241,998,1000,109,10.0,18
15:08:56,1278.444,1000,1000,109,10.0,18
15:08:56,1278.644,1002,1000,109,10.0,18
15:08:56,1278.845,1002,1000,109,10.0,18
15:08:56,1279.049,999,1000,109,10.0,18
15:08:57,1279.239,1001,1000,109,10.0,18
15:08:57,1279.438,1002,1000,109,10.0,18
15:08:57,1279.638,1003,1000,109,10.0,18
15:08:57,1279.84,1001,1000,109,10.0,18
15:08:57,1280.042,997,1000,109,10.0,18
15:08:58,1280.245,999,1000,109,10.0,18
15:08:58,1280.435,1001,1000,109,10.0,18
15:08:58,1280.635,1002,1000,109,10.0,18
15:08:58,1280.834,997,1000,109,10.0,18
15:08:58,1281.034,999,1000,109,10.0,18
15:08:59,1281.233,1001,1000,109,10.0,18
15:08:59,1281.435,1002,1000,109,10.0,18
15:08:59,1281.637,999,1000,109,10.0,18
15:08:59,1281.839,996,1000,109,10.0,18
15:08:59,1282.031,998,1000,109,10.0,18
15:09:00,1282.23,1000,1000,109,10.0,18
15:09:00,1282.431,1000,1000,109,10.0,18
15:09:00,1282.63,997,1000,109,10.0,18
15:09:00,1282.833,999,1000,109,10.0,18
15:09:00,1283.033,1001,1000,109,10.0,18
15:09:01,1283.233,1001,1000,109,10.0,18
15:09:01,1283.433,997,1000,109,10.0,18
15:09:01,1283.633,999,1000,109,10.0,18
15:09:01,1283.834,1001,1000,109,10.0,18
15:09:01,1284.027,1002,1000,109,10.0,18
15:09:02,1284.226,998,1000,109,10.0,18
15:09:02,1284.425,1000,1000,109,10.0,18
15:09:02,1284.626,1002,1000,109,10.0,18
15:09:02,1284.825,1003,1000,109,10.0,18
15:09:02,1285.033,999,1000,109,10.0,18
15:09:03,1285.223,996,1000,109,10.0,18
15:09:03,1285.422,998,1000,109,10.0,18
15:09:03,1285.623,1000,1000,109,10.0,18
15:09:03,1285.824,1001,1000,109,10.0,18
15:09:03,1286.027,997,1000,109,10.0,18
15:09:04,1286.229,999,1000,109,10.0,18
15:09:04,1286.42,1001,1000,109,10.0,18
15:09:04,1286.62,1000,1000,109,10.0,18
15:09:04,1286.821,996,1000,109,10.0,18
15:09:04,1287.024,998,1000,109,10.0,18
15:09:05,1287.227,1000,1000,109,10.0,18
15:09:05,1287.427,1002,1000,109,10.0,18
15:09:05,1287.617,997,1000,109,10.0,18
15:09:05,1287.816,999,1000,109,10.0,18
15:09:05,1288.015,1001,1000,109,10.0,18
15:09:06,1288.218,1002,1000,109,10.0,18
15:09:06,1288.419,997,1000,109,10.0,18
15:09:06,1288.621,997,1000,109,10.0,18
15:09:06,1288.813,999,1000,109,10.0,18
15:09:06,1289.013,1000,1000,109,10.0,18
15:09:07,1289.215,1000,1000,109,10.0,18
15:09:07,1289.417,999,1000,109,10.0,18
15:09:07,1289.617,1001,1000,109,10.0,18
15:09:07,1289.818,1002,1000,109,10.0,18
15:09:07,1290.01,1001,1000,109,10.0,18
15:09:08,1290.209,997,1000,109,10.0,18
15:09:08,1290.41,999,1000,109,10.0,18
15:09:08,1290.619,1000,1000,109,10.0,18
15:09:08,1290.807,1001,1000,109,10.0,18
15:09:08,1291.013,997,1000,109,10.0,18
15:09:09,1291.208,999,1000,109,10.0,18
15:09:09,1291.409,1000,1000,109,10.0,18
15:09:09,1291.601,1001,1000,109,10.0,18
15:09:09,1291.807,997,1000,109,10.0,18
15:09:09,1292.017,997,1000,109,10.0,18
15:09:10,1292.206,999,1000,109,10.0,18
15:09:10,1292.407,1001,1000,109,10.0,18
15:09:10,1292.608,999,1000,109,10.0,18
15:09:10,1292.808,999,1000,109,10.0,18
15:09:10,1293.011,1001,1000,109,10.0,18
15:09:11,1293.203,1002,1000,109,10.0,18
15:09:11,1293.403,1000,1000,109,10.0,18
15:09:11,1293.606,996,1000,109,10.0,18
15:09:11,1293.809,998,1000,109,10.0,18
15:09:11,1294.01,999,1000,109,10.0,18
15:09:12,1294.204,1001,1000,109,10.0,18
15:09:12,1294.396,996,1000,109,10.0,18
15:09:12,1294.603,998,1000,109,10.0,18
15:09:12,1294.795,1000,1000,109,10.0,18
15:09:12,1295.004,1001,1000,109,10.0,18
15:09:13,1295.205,996,1000,109,10.0,18
15:09:13,1295.406,997,1000,109,10.0,18
15:09:13,1295.597,999,1000,109,10.0,18
15:09:13,1295.795,1000,1000,109,10.0,18
15:09:13,1295.998,999,1000,109,10.0,18
15:09:14,1296.199,999,1000,109,10.0,18
15:09:14,1296.4,1001,1000,109,10.0,18
15:09:14,1296.602,1002,1000,109,10.0,18
15:09:14,1296.793,1000,1000,109,10.0,18
15:09:14,1296.992,996,1000,109,10.0,18
15:09:15,1297.188,998,1000,109,10.0,18
15:09:15,1297.397,999,1000,109,10.0,18
15:09:15,1297.588,1001,1000,109,10.0,18
15:09:15,1297.793,996,1000,109,10.0,18
15:09:15,1297.985,998,1000,109,10.0,18
15:09:16,1298.189,1000,1000,109,10.0,18
15:09:16,1298.389,1001,1000,109,10.0,18
15:09:16,1298.591,997,1000,109,10.0,18
15:09:16,1298.794,998,1000,109,10.0,18
15:09:16,1298.995,999,1000,109,10.0,18
15:09:17,1299.187,1001,1000,109,10.0,18
15:09:17,1299.386,1000,1000,109,10.0,18
15:09:17,1299.586,1000,1000,109,10.0,18
15:09:17,1299.785,1001,1000,109,10.0,18
15:09:17,1299.985,1002,1000,109,10.0,18
15:09:18,1300.186,1000,1000,109,10.0,18
15:09:18,1300.386,996,1000,109,10.0,18
15:09:18,1300.589,998,1000,109,10.0,18
15:09:18,1300.791,999,1000,109,10.0,18
15:09:18,1300.983,1001,1000,109,10.0,18
15:09:19,1301.182,996,1000,109,10.0,18
15:09:19,1301.385,998,1000,109,10.0,18
15:09:19,1301.589,1000,1000,109,10.0,18
15:09:19,1301.79,1001,1000,109,10.0,18
15:09:19,1301.98,996,1000,109,10.0,18
15:09:20,1302.172,998,1000,109,10.0,18
15:09:20,1302.381,1000,1000,109,10.0,18
15:09:20,1302.573,1001,1000,109,10.0,18
15:09:20,1302.781,998,1000,109,10.0,18
15:09:20,1302.974,1000,1000,109,10.0,18
15:09:21,1303.176,1001,1000,109,10.0,18
15:09:21,1303.379,1002,1000,109,10.0,18
15:09:21,1303.58,998,1000,109,10.0,18
15:09:21,1303.782,995,1000,109,10.0,18
15:09:21,1303.983,997,1000,109,10.0,18
15:09:22,1304.174,999,1000,109,10.0,18
15:09:22,1304.373,998,1000,109,10.0,18
15:09:22,1304.573,998,1000,109,10.0,18
15:09:22,1304.772,999,1000,109,10.0,18
15:09:22,1304.973,1000,1000,109,10.0,18
15:09:23,1305.173,998,1000,109,10.0,18
15:09:23,1305.364,999,1000,109,10.0,18
15:09:23,1305.572,1000,1000,109,10.0,18
15:09:23,1305.763,1002,1000,109,10.0,18
15:09:23,1305.97,1001,1000,109,10.0,18
15:09:24,1306.174,998,1000,109,10.0,18
15:09:24,1306.368,999,1000,109,10.0,18
15:09:24,1306.568,1000,1000,109,10.0,18
15:09:24,1306.767,998,1000,109,10.0,18
15:09:24,1306.967,1000,1000,109,10.0,18
15:09:25,1307.167,1001,1000,109,10.0,18
15:09:25,1307.369,1002,1000,109,10.0,18
15:09:25,1307.57,999,1000,109,10.0,18
15:09:25,1307.773,994,1000,109,10.0,18
15:09:25,1307.973,997,1000,109,10.0,18
15:09:26,1308.163,998,1000,109,10.0,18
15:09:26,1308.362,998,1000,109,10.0,18
15:09:26,1308.57,997,1000,109,10.0,18
15:09:26,1308.761,999,1000,109,10.0,18
15:09:26,1308.969,1000,1000,109,10.0,18
15:09:27,1309.163,997,1000,109,10.0,18
15:09:27,1309.361,993,1000,109,10.0,18
15:09:27,1309.56,995,1000,109,10.0,18
15:09:27,1309.762,997,1000,109,10.0,18
15:09:27,1309.966,997,1000,109,10.0,18
15:09:28,1310.165,997,1000,109,10.0,18
15:09:28,1310.366,999,1000,109,10.0,18
15:09:28,1310.557,1000,1000,109,10.0,18
15:09:28,1310.757,996,1000,109,10.0,18
15:09:28,1310.956,998,1000,109,10.0,18
15:09:28,1311.156,1000,1000,109,10.0,18
15:09:29,1311.364,1001,1000,109,10.0,18
15:09:29,1311.556,996,1000,109,10.0,18
15:09:29,1311.763,997,1000,109,10.0,18
15:09:29,1311.954,998,1000,109,10.0,18
15:09:30,1312.16,999,1000,109,10.0,18
15:09:30,1312.36,996,1000,109,10.0,18
15:09:30,1312.562,997,1000,109,10.0,18
15:09:30,1312.753,999,1000,109,10.0,18
15:09:30,1312.951,1000,1000,109,10.0,18
15:09:30,1313.156,995,1000,109,10.0,18
15:09:31,1313.346,997,1000,109,10.0,18
15:09:31,1313.555,999,1000,109,10.0,18
15:09:31,1313.747,999,1000,109,10.0,18
15:09:31,1313.954,994,1000,109,10.0,18
15:09:31,1314.15,996,1000,109,10.0,18
15:09:32,1314.348,998,1000,109,10.0,18
15:09:32,1314.548,998,1000,109,10.0,18
15:09:32,1314.749,995,1000,109,10.0,18
15:09:32,1314.948,996,1000,109,10.0,18
15:09:32,1315.15,998,1000,109,10.0,18
15:09:33,1315.352,996,1000,109,10.0,18
15:09:33,1315.553,997,1000,109,10.0,18
15:09:33,1315.755,999,1000,109,10.0,18
15:09:33,1315.945,1000,1000,109,10.0,18
15:09:33,1316.14,998,1000,109,10.0,18
15:09:34,1316.348,998,1000,109,10.0,18
15:09:34,1316.54,999,1000,109,10.0,18
15:09:34,1316.747,1001,1000,109,10.0,18
15:09:34,1316.939,996,1000,109,10.0,18
15:09:34,1317.143,998,1000,109,10.0,18
15:09:35,1317.343,999,1000,109,10.0,18
15:09:35,1317.545,1000,1000,109,10.0,18
15:09:35,1317.747,995,1000,109,10.0,18
15:09:35,1317.95,997,1000,109,10.0,18
15:09:35,1318.139,998,1000,109,10.0,18
15:09:36,1318.34,996,1000,109,10.0,18
15:09:36,1318.539,992,1000,109,10.0,18
15:09:36,1318.74,994,1000,109,10.0,18
15:09:36,1318.943,999,1000,109,10.0,18
15:09:36,1319.141,995,1000,109,10.0,18
15:09:37,1319.332,997,1000,109,10.0,18
15:09:37,1319.54,998,1000,109,10.0,18
15:09:37,1319.734,998,1000,109,10.0,18
15:09:37,1319.94,996,1000,109,10.0,18
15:09:37,1320.135,997,1000,109,10.0,18
15:09:38,1320.335,999,1000,109,10.0,18
15:09:38,1320.534,995,1000,109,10.0,18
15:09:38,1320.735,992,1000,109,10.0,18
15:09:38,1320.938,995,1000,109,10.0,18
15:09:38,1321.137,992,1000,109,10.0,18
15:09:39,1321.339,992,1000,109,10.0,18
15:09:39,1321.532,996,1000,109,10.0,18
15:09:39,1321.732,999,1000,109,10.0,18
15:09:39,1321.931,1001,1000,109,10.0,18
15:09:39,1322.13,1001,1000,109,10.0,18
15:09:40,1322.33,1000,1000,109,10.0,18
15:09:40,1322.53,995,1000,109,10.0,18
15:09:40,1322.733,996,1000,109,10.0,18
15:09:40,1322.936,998,1000,109,10.0,18
15:09:40,1323.127,997,1000,109,10.0,18
15:09:41,1323.327,997,1000,109,10.0,18
15:09:41,1323.529,998,1000,109,10.0,18
15:09:41,1323.731,999,1000,109,10.0,18
15:09:41,1323.933,994,1000,109,10.0,18
15:09:41,1324.125,994,1000,109,10.0,18
15:09:42,1324.325,999,1000,109,10.0,18
15:09:42,1324.524,1001,1000,109,10.0,18
15:09:42,1324.723,1003,1000,109,10.0,18
15:09:42,1324.927,1003,1000,109,10.0,18
15:09:42,1325.128,1004,1000,109,10.0,18
15:09:43,1325.329,1000,1000,109,10.0,18
15:09:43,1325.53,1002,1000,109,10.0,18
15:09:43,1325.722,1002,1000,109,10.0,18
15:09:43,1325.92,1003,1000,109,10.0,18
15:09:43,1326.125,999,1000,109,10.0,18
15:09:44,1326.316,1000,1000,109,10.0,18
15:09:44,1326.523,1001,1000,109,10.0,18
15:09:44,1326.714,1002,1000,109,10.0,18
15:09:44,1326.92,1001,1000,109,10.0,18
15:09:44,1327.126,1000,1000,109,10.0,18
15:09:45,1327.317,1001,1000,109,10.0,18
15:09:45,1327.516,1002,1000,109,10.0,18
15:09:45,1327.716,1000,1000,109,10.0,18
15:09:45,1327.919,1001,1000,109,10.0,18
15:09:45,1328.114,1002,1000,109,10.0,18
15:09:46,1328.314,1003,1000,109,10.0,18
15:09:46,1328.513,1001,1000,109,10.0,18
15:09:46,1328.716,996,1000,109,10.0,18
15:09:46,1328.918,998,1000,109,10.0,18
15:09:46,1329.108,1000,1000,109,10.0,18
15:09:47,1329.317,1001,1000,109,10.0,18
15:09:47,1329.508,996,1000,109,10.0,18
15:09:47,1329.716,998,1000,109,10.0,18
15:09:47,1329.909,1000,1000,109,10.0,18
15:09:47,1330.113,1001,1000,109,10.0,18
15:09:48,1330.314,999,1000,109,10.0,18
15:09:48,1330.515,1000,1000,109,10.0,18
15:09:48,1330.707,1001,1000,109,10.0,18
15:09:48,1330.907,1002,1000,109,10.0,18
15:09:48,1331.108,1000,1000,109,10.0,18
15:09:49,1331.309,1001,1000,109,10.0,18
15:09:49,1331.51,1002,1000,109,10.0,18
15:09:49,1331.711,1003,1000,109,10.0,18
15:09:49,1331.911,1001,1000,109,10.0,18
15:09:49,1332.108,997,1000,109,10.0,18
15:09:50,1332.298,999,1000,109,10.0,18
15:09:50,1332.508,1000,1000,109,10.0,18
15:09:50,1332.698,1001,1000,109,10.0,18
15:09:50,1332.904,997,1000,109,10.0,18
15:09:50,1333.102,998,1000,109,10.0,18
15:09:51,1333.311,1000,1000,109,10.0,18
15:09:51,1333.501,1001,1000,109,10.0,18
15:09:51,1333.7,1000,1000,109,10.0,18
15:09:51,1333.903,1000,1000,109,10.0,18
15:09:51,1334.103,1001,1000,109,10.0,18
15:09:52,1334.307,1002,1000,109,10.0,18
15:09:52,1334.506,1001,1000,109,10.0,18
15:09:52,1334.698,1000,1000,109,10.0,18
15:09:52,1334.898,1001,1000,109,10.0,18
15:09:52,1335.098,1003,1000,109,10.0,18
15:09:53,1335.297,1002,1000,109,10.0,18
15:09:53,1335.498,997,1000,109,10.0,18
15:09:53,1335.702,999,1000,109,10.0,18
15:09:53,1335.903,1001,1000,109,10.0,18
15:09:53,1336.093,1002,1000,109,10.0,18
15:09:54,1336.301,998,1000,109,10.0,18
15:09:54,1336.493,996,1000,109,10.0,18
15:09:54,1336.686,999,1000,109,10.0,18
15:09:54,1336.894,1000,1000,109,10.0,18
15:09:54,1337.086,1001,1000,109,10.0,18
15:09:55,1337.293,997,1000,109,10.0,18
15:09:55,1337.485,1000,1000,109,10.0,18
15:09:55,1337.693,1001,1000,109,10.0,18
15:09:55,1337.885,1002,1000,109,10.0,18
15:09:55,1338.094,998,1000,109,10.0,18
15:09:56,1338.294,1000,1000,109,10.0,18
15:09:56,1338.496,1001,1000,109,10.0,18
15:09:56,1338.697,1003,1000,109,10.0,18
15:09:56,1338.888,1002,1000,109,10.0,18
15:09:56,1339.093,1000,1000,109,10.0,18
15:09:57,1339.284,1002,1000,109,10.0,18
15:09:57,1339.492,1003,1000,109,10.0,18
15:09:57,1339.683,1004,1000,109,10.0,18
15:09:57,1339.891,1002,1000,109,10.0,18
15:09:57,1340.085,1003,1000,109,10.0,18
15:09:58,1340.284,1004,1000,109,10.0,18
15:09:58,1340.487,1005,1000,109,10.0,18
15:09:58,1340.687,1005,1000,109,10.0,18
15:09:58,1340.889,1000,1000,109,10.0,18
15:09:58,1341.09,1002,1000,109,10.0,18
15:09:59,1341.289,1003,1000,109,10.0,18
15:09:59,1341.48,1005,1000,109,10.0,18
15:09:59,1341.679,1003,1000,109,10.0,18
15:09:59,1341.879,1002,1000,109,10.0,18
15:09:59,1342.077,1004,1000,109,10.0,18
15:10:00,1342.282,1005,1000,109,10.0,18
15:10:00,1342.472,1006,1000,109,10.0,17
15:10:00,1342.679,1004,1000,109,10.0,18
15:10:00,1342.87,1004,1000,109,10.0,18
15:10:00,1343.076,1005,1000,109,10.0,18
15:10:01,1343.279,1006,1000,109,10.0,17
15:10:01,1343.48,1005,1000,109,10.0,17
15:10:01,1343.681,1000,1000,109,10.0,18
15:10:01,1343.881,999,1000,109,10.0,18
15:10:01,1344.083,1002,1000,109,10.0,18
15:10:02,1344.274,1000,1000,109,10.0,18
15:10:02,1344.472,997,1000,109,10.0,18
15:10:02,1344.672,1000,1000,109,10.0,18
15:10:02,1344.875,1002,1000,109,10.0,18
15:10:02,1345.074,1003,1000,109,10.0,18
15:10:03,1345.275,1003,1000,109,10.0,18
15:10:03,1345.476,999,1000,109,10.0,18
15:10:03,1345.678,1001,1000,109,10.0,18
15:10:03,1345.869,1003,1000,109,10.0,18
15:10:03,1346.068,1005,1000,109,10.0,17
15:10:04,1346.266,1005,1000,109,10.0,17
15:10:04,1346.467,1000,1000,109,10.0,18
15:10:04,1346.667,999,1000,109,10.0,18
15:10:04,1346.868,1002,1000,109,10.0,18
15:10:04,1347.06,1001,1000,109,10.0,18
15:10:05,1347.268,997,1000,109,10.0,18
15:10:05,1347.461,1000,1000,109,10.0,18
15:10:05,1347.668,1003,1000,109,10.0,18
15:10:05,1347.86,1005,1000,109,10.0,17
15:10:05,1348.068,1004,1000,109,10.0,18
15:10:06,1348.269,1001,1000,109,10.0,18
15:10:06,1348.462,1003,1000,109,10.0,18
15:10:06,1348.661,1005,1000,108,10.0,17
15:10:06,1348.861,1006,1000,108,10.0,17
15:10:06,1349.06,1003,1000,108,10.0,18
15:10:07,1349.265,1002,1000,108,10.0,18
15:10:07,1349.468,1002,1000,108,10.0,18
15:10:07,1349.659,1002,1000,108,10.0,18
15:10:07,1349.858,997,1000,108,10.0,18
15:10:07,1350.061,998,1000,108,10.0,18
15:10:08,1350.253,1000,1000,108,10.0,18
15:10:08,1350.46,999,1000,108,10.0,18
15:10:08,1350.65,994,1000,108,10.0,18
15:10:08,1350.857,998,1000,108,10.0,18
15:10:08,1351.055,996,1000,108,10.0,18
15:10:09,1351.255,999,1000,108,10.0,18
15:10:09,1351.454,996,1000,108,10.0,18
15:10:09,1351.654,998,1000,108,10.0,18
15:10:09,1351.855,1000,1000,108,10.0,18
15:10:09,1352.058,1001,1000,108,10.0,18
15:10:10,1352.26,1001,1000,108,10.0,18
15:10:10,1352.46,999,1000,108,10.0,18
15:10:10,1352.651,1000,1000,108,10.0,18
15:10:10,1352.851,1001,1000,108,10.0,18
15:10:10,1353.053,1001,1000,108,10.0,18
15:10:11,1353.255,999,1000,108,10.0,18
15:10:11,1353.449,1001,1000,108,10.0,18
15:10:11,1353.648,1002,1000,108,10.0,18
15:10:11,1353.849,1002,1000,108,10.0,18
15:10:11,1354.045,997,1000,108,10.0,18
15:10:12,1354.252,999,1000,108,10.0,18
15:10:12,1354.443,1001,1000,108,10.0,18
15:10:12,1354.651,1002,1000,108,10.0,18
15:10:12,1354.845,998,1000,108,10.0,18
15:10:12,1355.052,1000,1000,108,10.0,18
15:10:13,1355.252,1001,1000,108,10.0,18
15:10:13,1355.443,1003,1000,108,10.0,18
15:10:13,1355.643,1004,1000,108,10.0,18
15:10:13,1355.844,999,1000,108,10.0,18
15:10:13,1356.045,1001,1000,108,10.0,18
15:10:14,1356.249,1003,1000,108,10.0,18
15:10:14,1356.442,1004,1000,108,10.0,18
15:10:14,1356.639,1001,1000,108,10.0,18
15:10:14,1356.84,997,1000,108,10.0,18
15:10:14,1357.044,999,1000,108,10.0,18
15:10:15,1357.235,996,1000,108,10.0,18
15:10:15,1357.442,994,1000,109,10.0,18
15:10:15,1357.634,999,1000,109,10.0,18
15:10:15,1357.842,997,1000,109,10.0,18
15:10:15,1358.036,1001,1000,109,10.0,18
15:10:16,1358.237,999,1000,109,10.0,18
15:10:16,1358.437,1002,1000,109,10.0,18
15:10:16,1358.637,1005,1000,108,10.0,17
15:10:16,1358.837,1002,1000,108,10.0,18
15:10:16,1359.037,1003,1000,108,10.0,18
15:10:17,1359.235,1004,1000,108,10.0,18
15:10:17,1359.436,1004,1000,108,10.0,18
15:10:17,1359.638,1001,1000,108,10.0,18
15:10:17,1359.838,1003,1000,108,10.0,18
15:10:17,1360.04,1005,1000,108,10.0,17
15:10:18,1360.23,1005,1000,108,10.0,17
15:10:18,1360.43,1005,1000,108,10.0,17
15:10:18,1360.628,1000,1000,108,10.0,18
15:10:18,1360.83,1001,1000,108,10.0,18
15:10:18,1361.028,1003,1000,108,10.0,18
15:10:19,1361.234,1004,1000,108,10.0,18
15:10:19,1361.425,1002,1000,108,10.0,18
15:10:19,1361.632,1002,1000,108,10.0,18
15:10:19,1361.823,1004,1000,108,10.0,18
15:10:19,1362.031,1006,1000,108,10.0,17
15:10:20,1362.235,1006,1000,108,10.0,17
15:10:20,1362.424,1005,1000,108,10.0,17
15:10:20,1362.624,1002,1000,108,10.0,17
15:10:20,1362.824,1003,1000,108,10.0,17
15:10:20,1363.029,1004,1000,108,10.0,17
15:10:21,1363.223,1004,1000,108,10.0,17
15:10:21,1363.427,1000,1000,108,10.0,17
15:10:21,1363.619,1002,1000,108,10.0,17
15:10:21,1363.826,1003,1000,108,10.0,17
15:10:21,1364.019,1004,1000,108,10.0,17
15:10:22,1364.225,1003,1000,108,10.0,17
15:10:22,1364.426,1002,1000,108,10.0,17
15:10:22,1364.629,1003,1000,108,10.0,17
15:10:22,1364.817,1005,1000,108,10.0,17
15:10:22,1365.013,1006,1000,108,10.0,17
15:10:23,1365.223,1004,1000,108,10.0,17
15:10:23,1365.413,1003,1000,108,10.0,17
15:10:23,1365.62,1005,1000,108,10.0,17
15:10:23,1365.811,1006,1000,108,10.0,17
15:10:23,1366.02,1004,1000,108,10.0,17
15:10:24,1366.213,1002,1000,108,10.0,17
15:10:24,1366.412,1004,1000,108,10.0,17
15:10:24,1366.612,1005,1000,108,10.0,17
15:10:24,1366.811,1006,1000,108,10.0,17
15:10:24,1367.012,1002,1000,108,10.0,17
15:10:25,1367.204,1002,1000,108,10.0,17
15:10:25,1367.412,1004,1000,108,10.0,17
15:10:25,1367.605,1005,1000,108,10.0,17
15:10:25,1367.812,1002,1000,108,10.0,17
15:10:25,1368.002,1001,1000,108,10.0,17
15:10:26,1368.208,1004,1000,108,10.0,17
15:10:26,1368.407,1005,1000,108,10.0,17
15:10:26,1368.607,1006,1000,108,10.0,17
15:10:26,1368.806,999,1000,108,10.0,17
15:10:26,1369.008,999,1000,108,10.0,17
15:10:27,1369.208,999,1000,108,10.0,17
15:10:27,1369.41,997,1000,108,10.0,17
15:10:27,1369.611,998,1000,108,10.0,17
15:10:27,1369.803,998,1000,108,10.0,17
15:10:27,1370.002,998,1000,108,10.0,17
15:10:28,1370.202,995,1000,108,10.0,17
15:10:28,1370.401,996,1000,108,10.0,17
15:10:28,1370.605,997,1000,108,10.0,17
15:10:28,1370.805,993,1000,108,10.0,18
15:10:28,1371.008,995,1000,108,10.0,17
15:10:29,1371.199,998,1000,108,10.0,17
15:10:29,1371.398,1001,1000,108,10.0,17
15:10:29,1371.6,1003,1000,108,10.0,17
15:10:29,1371.801,1000,1000,108,10.0,17
15:10:29,1372.004,1002,1000,108,10.0,17
15:10:30,1372.206,1004,1000,108,10.0,17
15:10:30,1372.396,1005,1000,108,10.0,17
15:10:30,1372.596,1006,1000,108,10.0,17
15:10:30,1372.795,1005,1000,108,10.0,17
15:10:30,1372.995,1003,1000,108,10.0,17
15:10:31,1373.197,997,1000,108,10.0,17
15:10:31,1373.4,998,1000,108,10.0,17
15:10:31,1373.601,999,1000,108,10.0,17
15:10:31,1373.8,998,1000,108,10.0,17
15:10:31,1373.992,998,1000,108,10.0,17
15:10:32,1374.189,999,1000,108,10.0,17
15:10:32,1374.396,999,1000,108,10.0,17
15:10:32,1374.587,995,1000,108,10.0,17
15:10:32,1374.795,997,1000,108,10.0,17
15:10:32,1374.987,998,1000,108,10.0,17
15:10:33,1375.191,999,1000,108,10.0,17
15:10:33,1375.393,997,1000,108,10.0,17
15:10:33,1375.594,998,1000,108,10.0,17
15:10:33,1375.787,1000,1000,108,10.0,17
15:10:33,1375.987,1001,1000,108,10.0,17
15:10:34,1376.189,996,1000,108,10.0,17
15:10:34,1376.39,998,1000,108,10.0,17
15:10:34,1376.591,999,1000,108,10.0,17
15:10:34,1376.792,1000,1000,108,10.0,17
15:10:34,1376.992,996,1000,108,10.0,17
15:10:35,1377.189,998,1000,108,10.0,17
15:10:35,1377.38,999,1000,108,10.0,17
15:10:35,1377.587,1000,1000,108,10.0,17
15:10:35,1377.778,997,1000,108,10.0,17
15:10:35,1377.985,999,1000,108,10.0,17
15:10:36,1378.188,1000,1000,108,10.0,17
15:10:36,1378.38,1001,1000,108,10.0,17
15:10:36,1378.579,997,1000,108,10.0,17
15:10:36,1378.779,997,1000,108,10.0,17
15:10:36,1378.978,998,1000,108,10.0,17
15:10:37,1379.178,1000,1000,108,10.0,17
15:10:37,1379.377,999,1000,108,10.0,17
15:10:37,1379.578,999,1000,108,10.0,17
15:10:37,1379.781,1001,1000,108,10.0,17
15:10:37,1379.983,1002,1000,108,10.0,17
15:10:38,1380.184,1001,1000,108,10.0,17
15:10:38,1380.374,1000,1000,108,10.0,17
15:10:38,1380.574,1001,1000,108,10.0,17
15:10:38,1380.774,1002,1000,108,10.0,17
15:10:38,1380.973,1002,1000,108,10.0,17
15:10:39,1381.174,998,1000,108,10.0,17
15:10:39,1381.373,1000,1000,108,10.0,17
15:10:39,1381.573,1001,1000,108,10.0,17
15:10:39,1381.773,1003,1000,108,10.0,17
15:10:39,1381.975,1000,1000,108,10.0,17
15:10:40,1382.177,997,1000,108,10.0,17
15:10:40,1382.378,999,1000,108,10.0,17
15:10:40,1382.579,1001,1000,108,10.0,17
15:10:40,1382.768,1002,1000,108,10.0,17
15:10:40,1382.969,998,1000,108,10.0,17
15:10:41,1383.171,1000,1000,108,10.0,17
15:10:41,1383.366,1002,1000,108,10.0,17
15:10:41,1383.571,1004,1000,108,10.0,17
15:10:41,1383.76,1002,1000,108,10.0,17
15:10:41,1383.968,998,1000,108,10.0,17
15:10:42,1384.173,1001,1000,108,10.0,17
15:10:42,1384.364,1002,1000,108,10.0,17
15:10:42,1384.565,1004,1000,108,10.0,17
15:10:42,1384.764,1003,1000,108,10.0,17
15:10:42,1384.962,999,1000,108,10.0,17
15:10:43,1385.162,1001,1000,108,10.0,17
15:10:43,1385.364,1003,1000,108,10.0,17
15:10:43,1385.565,1005,1000,108,10.0,17
15:10:43,1385.767,1005,1000,108,10.0,17
15:10:43,1385.961,1001,1000,108,10.0,17
15:10:44,1386.161,1003,1000,108,10.0,17
15:10:44,1386.36,1004,1000,108,10.0,17
15:10:44,1386.559,1005,1000,108,10.0,17
15:10:44,1386.76,1006,1000,108,10.0,17
15:10:44,1386.962,1001,1000,108,10.0,17
15:10:45,1387.163,1003,1000,108,10.0,17
15:10:45,1387.366,1004,1000,108,10.0,17
15:10:45,1387.566,1006,1000,108,10.0,17
15:10:45,1387.756,1007,1000,108,10.0,17
15:10:45,1387.956,1001,1000,108,10.0,17
15:10:45,1388.155,1002,1000,108,10.0,17
15:10:46,1388.357,1004,1000,108,10.0,17
15:10:46,1388.557,1005,1000,108,10.0,17
15:10:46,1388.759,1001,1000,108,10.0,17
15:10:46,1388.96,997,1000,108,10.0,17
15:10:46,1389.156,1000,1000,108,10.0,17
15:10:47,1389.348,1002,1000,108,10.0,17
15:10:47,1389.555,1004,1000,108,10.0,17
15:10:47,1389.746,1002,1000,108,10.0,17
15:10:47,1389.953,1004,1000,108,10.0,17
15:10:47,1390.157,1006,1000,108,10.0,17
15:10:48,1390.348,1002,1000,108,10.0,17
15:10:48,1390.548,1004,1000,108,10.0,17
15:10:48,1390.748,1005,1000,108,10.0,17
15:10:48,1390.948,1000,1000,108,10.0,17
15:10:48,1391.15,999,1000,108,10.0,17
15:10:49,1391.351,1002,1000,108,10.0,17
15:10:49,1391.551,999,1000,108,10.0,17
15:10:49,1391.75,1001,1000,108,10.0,17
15:10:49,1391.952,1003,1000,108,10.0,17
15:10:49,1392.14,1004,1000,108,10.0,17
15:10:50,1392.347,1006,1000,108,10.0,17
15:10:50,1392.538,1000,1000,108,10.0,17
15:10:50,1392.744,1001,1000,108,10.0,17
15:10:50,1392.935,1001,1000,108,10.0,17
15:10:50,1393.141,1003,1000,108,10.0,17
15:10:51,1393.345,1000,1000,108,10.0,17
15:10:51,1393.545,1001,1000,108,10.0,17
15:10:51,1393.746,1004,1000,108,10.0,17
15:10:51,1393.943,1004,1000,108,10.0,17
15:10:51,1394.146,1006,1000,108,10.0,17
15:10:52,1394.345,1000,1000,108,10.0,17
15:10:52,1394.538,1001,1000,108,10.0,17
15:10:52,1394.738,1002,1000,108,10.0,17
15:10:52,1394.938,1000,1000,108,10.0,17
15:10:52,1395.141,1003,1000,108,10.0,17
15:10:53,1395.342,1005,1000,108,10.0,17
15:10:53,1395.543,1002,1000,108,10.0,17
15:10:53,1395.745,1002,1000,108,10.0,17
15:10:53,1395.935,1003,1000,108,10.0,17
15:10:53,1396.141,1001,1000,108,10.0,17
15:10:54,1396.333,1003,1000,108,10.0,17
15:10:54,1396.54,1001,1000,108,10.0,17
15:10:54,1396.732,1004,1000,108,10.0,17
15:10:54,1396.94,1006,1000,108,10.0,16
15:10:54,1397.131,1003,1000,108,10.0,17
15:10:55,1397.331,1003,1000,108,10.0,17
15:10:55,1397.531,1003,1000,108,10.0,17
15:10:55,1397.731,1001,1000,108,10.0,17
15:10:55,1397.933,1001,1000,108,10.0,17
15:10:55,1398.125,1002,1000,108,10.0,17
15:10:56,1398.332,1003,1000,108,10.0,17
15:10:56,1398.524,1000,1000,108,10.0,17
15:10:56,1398.732,996,1000,108,10.0,17
15:10:56,1398.924,998,1000,108,10.0,17
15:10:56,1399.131,999,1000,108,10.0,17
15:10:57,1399.335,1000,1000,108,10.0,17
15:10:57,1399.524,996,1000,108,10.0,17
15:10:57,1399.724,998,1000,108,10.0,17
15:10:57,1399.934,1000,1000,108,10.0,17
15:10:57,1400.123,1000,1000,108,10.0,17
15:10:58,1400.323,996,1000,108,10.0,17
15:10:58,1400.522,998,1000,108,10.0,17
15:10:58,1400.725,1000,1000,108,10.0,17
15:10:58,1400.929,1001,1000,108,10.0,17
15:10:58,1401.12,997,1000,108,10.0,17
15:10:59,1401.32,999,1000,108,10.0,17
15:10:59,1401.519,1001,1000,108,10.0,17
15:10:59,1401.723,1002,1000,108,10.0,17
15:10:59,1401.924,998,1000,108,10.0,17
15:10:59,1402.127,996,1000,108,10.0,17
15:11:00,1402.316,998,1000,108,10.0,17
15:11:00,1402.516,1000,1000,108,10.0,17
15:11:00,1402.718,1001,1000,108,10.0,17
15:11:00,1402.92,997,1000,108,10.0,17
15:11:00,1403.121,1000,1000,108,10.0,17
15:11:01,1403.323,1001,1000,108,10.0,17
15:11:01,1403.513,1003,1000,108,10.0,17
15:11:01,1403.714,1002,1000,108,10.0,17
15:11:01,1403.913,1001,1000,108,10.0,17
15:11:01,1404.109,1002,1000,108,10.0,17
15:11:02,1404.316,1004,1000,108,10.0,17
15:11:02,1404.509,1005,1000,108,10.0,17
15:11:02,1404.715,1000,1000,108,10.0,17
15:11:02,1404.909,1001,1000,108,10.0,17
15:11:02,1405.113,1002,1000,108,10.0,17
15:11:03,1405.313,1004,1000,108,10.0,17
15:11:03,1405.517,1005,1000,108,10.0,16
15:11:03,1405.717,1001,1000,108,10.0,17
15:11:03,1405.916,1001,1000,108,10.0,17
15:11:03,1406.115,1003,1000,108,10.0,17
15:11:04,1406.307,1004,1000,108,10.0,17
15:11:04,1406.505,1005,1000,108,10.0,16
15:11:04,1406.706,1001,1000,108,10.0,17
15:11:04,1406.906,1003,1000,108,10.0,17
15:11:04,1407.108,1004,1000,108,10.0,17
15:11:05,1407.311,1005,1000,107,10.0,16
15:11:05,1407.51,1004,1000,107,10.0,17
15:11:05,1407.712,1000,1000,107,10.0,17
15:11:05,1407.902,1002,1000,107,10.0,17
15:11:05,1408.102,1004,1000,107,10.0,17
15:11:06,1408.302,1005,1000,107,10.0,16
15:11:06,1408.501,1005,1000,107,10.0,16
15:11:06,1408.701,1000,1000,107,10.0,17
15:11:06,1408.904,1002,1000,107,10.0,17
15:11:06,1409.092,1004,1000,107,10.0,17
15:11:07,1409.3,1005,1000,107,10.0,16
15:11:07,1409.492,1003,1000,107,10.0,17
15:11:07,1409.699,1004,1000,107,10.0,17
15:11:07,1409.89,1005,1000,107,10.0,16
15:11:07,1410.097,1007,1000,107,10.0,16
15:11:08,1410.299,1005,1000,107,10.0,16
15:11:08,1410.501,1000,1000,107,10.0,17
15:11:08,1410.702,1000,1000,107,10.0,17
15:11:08,1410.903,1003,1000,107,10.0,17
15:11:08,1411.093,1004,1000,107,10.0,17
15:11:09,1411.294,1002,1000,107,10.0,17
15:11:09,1411.492,999,1000,107,10.0,17
15:11:09,1411.692,1001,1000,107,10.0,17
15:11:09,1411.894,1004,1000,107,10.0,17
15:11:09,1412.094,1002,1000,107,10.0,17
15:11:10,1412.296,1004,1000,107,10.0,17
15:11:10,1412.499,1005,1000,107,10.0,16
15:11:10,1412.698,1001,1000,107,10.0,16
15:11:10,1412.889,1001,1000,107,10.0,16
15:11:10,1413.093,1001,1000,107,10.0,16
15:11:11,1413.284,1000,1000,107,10.0,16
15:11:11,1413.492,1000,1000,107,10.0,16
15:11:11,1413.683,1002,1000,107,10.0,16
15:11:11,1413.89,1003,1000,107,10.0,16
15:11:11,1414.086,1003,1000,107,10.0,16
15:11:12,1414.285,1000,1000,107,10.0,16
15:11:12,1414.485,1002,1000,107,10.0,16
15:11:12,1414.686,1004,1000,107,10.0,16
15:11:12,1414.885,1005,1000,107,10.0,16
15:11:12,1415.086,1003,1000,107,10.0,16
15:11:13,1415.287,1001,1000,107,10.0,16
15:11:13,1415.487,1001,1000,107,10.0,16
15:11:13,1415.69,1003,1000,107,10.0,16
15:11:13,1415.881,1000,1000,107,10.0,16
15:11:13,1416.081,997,1000,107,10.0,16
15:11:14,1416.281,1000,1000,107,10.0,16
15:11:14,1416.482,1002,1000,107,10.0,16
15:11:14,1416.685,1004,1000,107,10.0,16
15:11:14,1416.886,1003,1000,107,10.0,16
15:11:14,1417.077,1002,1000,107,10.0,16
15:11:15,1417.285,1004,1000,107,10.0,16
15:11:15,1417.475,1005,1000,107,10.0,16
15:11:15,1417.683,1005,1000,107,10.0,16
15:11:15,1417.875,1001,1000,107,10.0,16
15:11:15,1418.082,1002,1000,107,10.0,16
15:11:16,1418.274,1002,1000,107,10.0,16
15:11:16,1418.474,1002,1000,107,10.0,16
15:11:16,1418.674,999,1000,107,10.0,16
15:11:16,1418.873,997,1000,107,10.0,16
15:11:16,1419.079,1000,1000,107,10.0,16
15:11:17,1419.268,1003,1000,107,10.0,16
15:11:17,1419.475,1004,1000,107,10.0,16
15:11:17,1419.666,1001,1000,107,10.0,16
15:11:17,1419.873,1003,1000,107,10.0,16
15:11:17,1420.078,1005,1000,107,10.0,16
15:11:18,1420.269,1005,1000,107,10.0,16
15:11:18,1420.468,1003,1000,107,10.0,16
15:11:18,1420.667,998,1000,107,10.0,16
15:11:18,1420.869,999,1000,107,10.0,16
15:11:18,1421.072,1001,1000,107,10.0,16
15:11:19,1421.273,1002,1000,107,10.0,16
15:11:19,1421.474,997,1000,107,10.0,16
15:11:19,1421.675,999,1000,107,10.0,16
15:11:19,1421.863,1000,1000,107,10.0,16
15:11:19,1422.061,1001,1000,107,10.0,16
15:11:20,1422.268,999,1000,107,10.0,16
15:11:20,1422.458,1000,1000,107,10.0,16
15:11:20,1422.666,1001,1000,107,10.0,16
15:11:20,1422.857,1002,1000,107,10.0,16
15:11:20,1423.062,999,1000,107,10.0,16
15:11:21,1423.266,1001,1000,107,10.0,16
15:11:21,1423.468,1002,1000,107,10.0,16
15:11:21,1423.67,1003,1000,107,10.0,16
15:11:21,1423.858,1000,1000,107,10.0,16
15:11:21,1424.058,996,1000,107,10.0,16
15:11:22,1424.258,998,1000,107,10.0,16
15:11:22,1424.461,1000,1000,107,10.0,16
15:11:22,1424.662,1001,1000,107,10.0,16
15:11:22,1424.863,997,1000,107,10.0,16
15:11:22,1425.065,999,1000,107,10.0,16
15:11:23,1425.255,1001,1000,107,10.0,16
15:11:23,1425.456,1002,1000,107,10.0,16
15:11:23,1425.656,999,1000,107,10.0,16
15:11:23,1425.857,1001,1000,107,10.0,16
15:11:23,1426.061,1002,1000,107,10.0,16
15:11:24,1426.261,1003,1000,107,10.0,16
15:11:24,1426.452,1002,1000,107,10.0,16
15:11:24,1426.652,1001,1000,107,10.0,16
15:11:24,1426.851,1002,1000,107,10.0,16
15:11:24,1427.051,1003,1000,107,10.0,16
15:11:25,1427.252,1004,1000,107,10.0,16
15:11:25,1427.444,1000,1000,107,10.0,16
15:11:25,1427.653,1002,1000,107,10.0,16
15:11:25,1427.845,1003,1000,107,10.0,16
15:11:25,1428.052,1004,1000,107,10.0,16
15:11:26,1428.253,1003,1000,107,10.0,16
15:11:26,1428.453,999,1000,107,10.0,16
15:11:26,1428.646,1001,1000,107,10.0,16
15:11:26,1428.847,1002,1000,107,10.0,16
15:11:26,1429.045,1004,1000,107,10.0,16
15:11:27,1429.244,1002,1000,107,10.0,16
15:11:27,1429.445,1002,1000,107,10.0,16
15:11:27,1429.648,1004,1000,107,10.0,16
15:11:27,1429.85,1005,1000,107,10.0,16
15:11:27,1430.044,1006,1000,107,10.0,16
15:11:28,1430.242,1004,1000,107,10.0,16
15:11:28,1430.442,1003,1000,107,10.0,16
15:11:28,1430.642,1005,1000,107,10.0,16
15:11:28,1430.843,1006,1000,107,10.0,16
15:11:28,1431.045,1004,1000,107,10.0,16
15:11:29,1431.247,999,1000,107,10.0,16
15:11:29,1431.439,1001,1000,107,10.0,16
15:11:29,1431.638,1003,1000,107,10.0,16
15:11:29,1431.838,1005,1000,107,10.0,16
15:11:29,1432.037,1005,1000,107,10.0,16
15:11:30,1432.237,999,1000,107,10.0,16
15:11:30,1432.439,999,1000,107,10.0,16
15:11:30,1432.641,1001,1000,107,10.0,16
15:11:30,1432.841,1002,1000,107,10.0,16
15:11:30,1433.028,999,1000,107,10.0,16
15:11:31,1433.236,1001,1000,107,10.0,16
15:11:31,1433.428,1003,1000,107,10.0,16
15:11:31,1433.635,1005,1000,107,10.0,16
15:11:31,1433.827,1006,1000,107,10.0,16
15:11:31,1434.036,1002,1000,107,10.0,16
15:11:32,1434.237,1001,1000,107,10.0,16
15:11:32,1434.439,1003,1000,107,10.0,16
15:11:32,1434.63,1005,1000,107,10.0,16
15:11:32,1434.83,1001,1000,107,10.0,16
15:11:32,1435.03,1001,1000,107,10.0,16
15:11:33,1435.23,1002,1000,107,10.0,16
15:11:33,1435.429,1004,1000,107,10.0,16
15:11:33,1435.63,1002,1000,107,10.0,16
15:11:33,1435.83,999,1000,107,10.0,16
15:11:33,1436.029,1002,1000,107,10.0,16
15:11:34,1436.221,999,1000,107,10.0,16
15:11:34,1436.428,1001,1000,107,10.0,16
15:11:34,1436.622,1003,1000,107,10.0,16
15:11:34,1436.83,1005,1000,107,10.0,16
15:11:34,1437.023,1005,1000,107,10.0,16
15:11:35,1437.225,1004,1000,107,10.0,16
15:11:35,1437.426,1004,1000,107,10.0,16
15:11:35,1437.627,998,1000,107,10.0,16
15:11:35,1437.83,999,1000,107,10.0,16
15:11:35,1438.022,999,1000,107,10.0,16
15:11:36,1438.221,995,1000,107,10.0,16
15:11:36,1438.42,996,1000,107,10.0,16
15:11:36,1438.621,997,1000,107,10.0,16
15:11:36,1438.822,997,1000,107,10.0,16
15:11:36,1439.024,996,1000,107,10.0,16
15:11:37,1439.225,997,1000,107,10.0,16
15:11:37,1439.425,998,1000,107,10.0,16
15:11:37,1439.627,994,1000,107,10.0,16
15:11:37,1439.817,995,1000,107,10.0,16
15:11:37,1440.016,999,1000,107,10.0,16
15:11:38,1440.218,1001,1000,107,10.0,16
15:11:38,1440.419,1004,1000,107,10.0,16
15:11:38,1440.622,1001,1000,107,10.0,16
15:11:38,1440.815,1004,1000,107,10.0,16
15:11:38,1441.013,1006,1000,107,10.0,16
15:11:39,1441.213,1003,1000,107,10.0,16
15:11:39,1441.413,1003,1000,107,10.0,16
15:11:39,1441.612,1003,1000,107,10.0,16
15:11:39,1441.815,999,1000,107,10.0,16
15:11:39,1442.028,995,1000,107,10.0,16
15:11:40,1442.204,997,1000,107,10.0,16
15:11:40,1442.411,998,1000,107,10.0,16
15:11:40,1442.603,996,1000,107,10.0,16
15:11:40,1442.81,998,1000,107,10.0,16
15:11:40,1443.001,999,1000,107,10.0,16
15:11:41,1443.208,1000,1000,107,10.0,16
15:11:41,1443.407,996,1000,107,10.0,16
15:11:41,1443.606,997,1000,107,10.0,16
15:11:41,1443.808,998,1000,107,10.0,16
15:11:41,1444.011,1000,1000,107,10.0,16
15:11:42,1444.211,996,1000,107,10.0,16
15:11:42,1444.412,997,1000,107,10.0,16
15:11:42,1444.611,999,1000,107,10.0,16
15:11:42,1444.812,1000,1000,107,10.0,16
15:11:42,1445.002,996,1000,107,10.0,16
15:11:43,1445.203,998,1000,107,10.0,16
15:11:43,1445.41,999,1000,107,10.0,16
15:11:43,1445.601,1000,1000,107,10.0,16
15:11:43,1445.809,996,1000,107,10.0,16
15:11:43,1446.0,998,1000,107,10.0,16
15:11:44,1446.204,1000,1000,107,10.0,16
15:11:44,1446.408,1001,1000,107,10.0,16
15:11:44,1446.599,998,1000,107,10.0,16
15:11:44,1446.798,1000,1000,107,10.0,16
15:11:44,1446.997,1001,1000,107,10.0,16
15:11:45,1447.198,1002,1000,107,10.0,16
15:11:45,1447.399,999,1000,107,10.0,16
15:11:45,1447.6,996,1000,107,10.0,16
15:11:45,1447.803,998,1000,107,10.0,16
15:11:45,1448.002,999,1000,107,10.0,16
15:11:46,1448.204,1001,1000,107,10.0,16
15:11:46,1448.393,997,1000,107,10.0,16
15:11:46,1448.592,999,1000,107,10.0,16
15:11:46,1448.792,1000,1000,107,10.0,16
15:11:46,1448.993,1002,1000,107,10.0,16
15:11:47,1449.19,998,1000,107,10.0,16
15:11:47,1449.396,999,1000,107,10.0,16
15:11:47,1449.586,1001,1000,107,10.0,16
15:11:47,1449.793,1002,1000,107,10.0,16
15:11:47,1449.985,1001,1000,107,10.0,16
15:11:48,1450.19,1000,1000,107,10.0,16
15:11:48,1450.392,1001,1000,107,10.0,16
15:11:48,1450.591,1002,1000,107,10.0,16
15:11:48,1450.792,1002,1000,107,10.0,16
15:11:48,1450.995,998,1000,107,10.0,16
15:11:49,1451.185,1000,1000,107,10.0,16
15:11:49,1451.385,1002,1000,107,10.0,16
15:11:49,1451.585,1003,1000,107,10.0,16
15:11:49,1451.787,1000,1000,107,10.0,16
15:11:49,1451.989,1002,1000,107,10.0,16
15:11:50,1452.191,1003,1000,107,10.0,16
15:11:50,1452.382,1004,1000,107,10.0,16
15:11:50,1452.581,1003,1000,107,10.0,16
15:11:50,1452.784,999,1000,107,10.0,16
15:11:50,1452.986,1001,1000,107,10.0,16
15:11:51,1453.186,1002,1000,107,10.0,16
15:11:51,1453.389,1004,1000,107,10.0,16
15:11:51,1453.578,1001,1000,107,10.0,16
15:11:51,1453.778,998,1000,107,10.0,16
15:11:51,1453.977,1000,1000,107,10.0,16
15:11:52,1454.172,1002,1000,107,10.0,16
15:11:52,1454.378,1003,1000,107,10.0,16
15:11:52,1454.571,1001,1000,107,10.0,16
15:11:52,1454.778,1002,1000,107,10.0,16
15:11:52,1454.97,1004,1000,107,10.0,16
15:11:53,1455.176,1005,1000,107,10.0,16
15:11:53,1455.377,1006,1000,107,10.0,16
15:11:53,1455.579,1003,1000,107,10.0,16
15:11:53,1455.781,1004,1000,107,10.0,16
15:11:53,1455.982,1005,1000,107,10.0,16
15:11:54,1456.173,1006,1000,107,10.0,16
15:11:54,1456.372,1007,1000,107,10.0,16
15:11:54,1456.574,1000,1000,107,10.0,16
15:11:54,1456.775,1001,1000,107,10.0,16
15:11:54,1456.975,1003,1000,107,10.0,16
15:11:55,1457.176,1004,1000,107,10.0,16
15:11:55,1457.378,1005,1000,107,10.0,16
15:11:55,1457.568,1001,1000,107,10.0,16
15:11:55,1457.768,1002,1000,107,10.0,16
15:11:55,1457.968,1003,1000,107,10.0,16
15:11:56,1458.169,1005,1000,107,10.0,16
15:11:56,1458.372,1006,1000,107,10.0,16
15:11:56,1458.572,999,1000,107,10.0,16
15:11:56,1458.774,1001,1000,107,10.0,16
15:11:56,1458.965,1003,1000,107,10.0,16
15:11:56,1459.157,1004,1000,107,10.0,16
15:11:57,1459.364,1001,1000,107,10.0,16
15:11:57,1459.571,998,1000,107,10.0,16
15:11:57,1459.764,1001,1000,107,10.0,16
15:11:57,1459.955,1003,1000,107,10.0,16
15:11:58,1460.162,1004,1000,107,10.0,16
15:11:58,1460.361,1003,1000,107,10.0,16
15:11:58,1460.559,999,1000,107,10.0,16
15:11:58,1460.762,1002,1000,107,10.0,16
15:11:58,1460.966,1004,1000,107,10.0,16
15:11:59,1461.168,1005,1000,107,10.0,16
15:11:59,1461.359,1006,1000,107,10.0,16
15:11:59,1461.557,1000,1000,107,10.0,16
15:11:59,1461.76,1000,1000,107,10.0,16
15:11:59,1461.961,1002,1000,107,10.0,16
15:12:00,1462.164,1003,1000,107,10.0,16
15:12:00,1462.356,1002,1000,107,10.0,16
15:12:00,1462.554,1003,1000,107,10.0,16
15:12:00,1462.757,1005,1000,107,10.0,16
15:12:00,1462.96,1006,1000,106,10.0,15
15:12:00,1463.155,1005,1000,106,10.0,16
15:12:01,1463.345,1000,1000,106,10.0,16
15:12:01,1463.552,1000,1000,106,10.0,16
15:12:01,1463.758,1001,1000,106,10.0,16
15:12:01,1463.949,1001,1000,106,10.0,16
15:12:01,1464.156,999,1000,106,10.0,16
15:12:02,1464.348,1002,1000,106,10.0,16
15:12:02,1464.556,1004,1000,106,10.0,16
15:12:02,1464.746,1001,1000,106,10.0,16
15:12:02,1464.954,1003,1000,106,10.0,16
15:12:02,1465.15,1005,1000,106,10.0,15
15:12:03,1465.347,1002,1000,106,10.0,16
15:12:03,1465.547,1002,1000,106,10.0,16
15:12:03,1465.746,1002,1000,106,10.0,16
15:12:03,1465.948,1003,1000,106,10.0,16
15:12:03,1466.151,1004,1000,106,10.0,16
15:12:04,1466.345,1001,1000,106,10.0,16
15:12:04,1466.543,1004,1000,106,10.0,16
15:12:04,1466.744,1005,1000,106,10.0,15
15:12:04,1466.943,1004,1000,106,10.0,16
15:12:04,1467.14,1003,1000,106,10.0,16
15:12:05,1467.347,1003,1000,106,10.0,16
15:12:05,1467.538,999,1000,106,10.0,16
15:12:05,1467.746,1002,1000,106,10.0,16
15:12:05,1467.938,1004,1000,106,10.0,16
15:12:05,1468.142,1004,1000,106,10.0,16
15:12:06,1468.343,1006,1000,106,10.0,15
15:12:06,1468.545,1001,1000,106,10.0,16
15:12:06,1468.748,1001,1000,106,10.0,16
15:12:06,1468.938,1001,1000,106,10.0,16
15:12:06,1469.136,999,1000,106,10.0,16
15:12:07,1469.336,999,1000,106,10.0,16
15:12:07,1469.537,1000,1000,106,10.0,16
15:12:07,1469.738,1000,1000,106,10.0,16
15:12:07,1469.939,995,1000,106,10.0,16
15:12:07,1470.14,996,1000,106,10.0,16
15:12:08,1470.343,997,1000,106,10.0,16
15:12:08,1470.534,997,1000,106,10.0,16
15:12:08,1470.733,993,1000,106,10.0,16
15:12:08,1470.932,996,1000,106,10.0,16
15:12:08,1471.134,997,1000,106,10.0,16
15:12:09,1471.335,996,1000,106,10.0,16
15:12:09,1471.538,999,1000,106,10.0,16
15:12:09,1471.738,997,1000,106,10.0,16
15:12:09,1471.93,998,1000,106,10.0,16
15:12:09,1472.124,1001,1000,106,10.0,16
15:12:10,1472.331,1002,1000,106,10.0,16
15:12:10,1472.525,1005,1000,106,10.0,15
15:12:10,1472.732,999,1000,106,10.0,16
15:12:10,1472.925,1000,1000,106,10.0,16
15:12:10,1473.129,1001,1000,106,10.0,16
15:12:11,1473.332,1000,1000,106,10.0,16
15:12:11,1473.535,998,1000,106,10.0,16
15:12:11,1473.725,999,1000,106,10.0,16
15:12:11,1473.925,1000,1000,106,10.0,16
15:12:11,1474.124,1000,1000,106,10.0,16
15:12:12,1474.324,997,1000,106,10.0,16
15:12:12,1474.523,998,1000,106,10.0,16
15:12:12,1474.723,999,1000,106,10.0,16
15:12:12,1474.923,996,1000,106,10.0,16
15:12:12,1475.125,998,1000,106,10.0,16
15:12:13,1475.317,999,1000,106,10.0,16
15:12:13,1475.524,1000,1000,106,10.0,16
15:12:13,1475.715,995,1000,106,10.0,16
15:12:13,1475.923,997,1000,106,10.0,16
15:12:13,1476.127,998,1000,106,10.0,16
15:12:14,1476.318,998,1000,106,10.0,16
15:12:14,1476.517,995,1000,106,10.0,16
15:12:14,1476.718,996,1000,106,10.0,16
15:12:14,1476.922,998,1000,106,10.0,16
15:12:14,1477.123,999,1000,106,10.0,16
15:12:15,1477.316,995,1000,106,10.0,16
15:12:15,1477.515,997,1000,106,10.0,16
15:12:15,1477.714,998,1000,106,10.0,16
15:12:15,1477.915,997,1000,106,10.0,16
15:12:15,1478.117,994,1000,106,10.0,16
15:12:16,1478.316,997,1000,106,10.0,16
15:12:16,1478.516,1000,1000,106,10.0,16
15:12:16,1478.72,999,1000,106,10.0,16
15:12:16,1478.92,1002,1000,106,10.0,16
15:12:16,1479.11,1004,1000,106,10.0,16
15:12:17,1479.311,1002,1000,106,10.0,16
15:12:17,1479.511,1005,1000,106,10.0,15
15:12:17,1479.711,1005,1000,106,10.0,15
15:12:17,1479.908,1002,1000,106,10.0,16
15:12:17,1480.109,1002,1000,106,10.0,16
15:12:18,1480.312,1003,1000,106,10.0,16
15:12:18,1480.515,1003,1000,106,10.0,16
15:12:18,1480.715,1000,1000,106,10.0,16
15:12:18,1480.905,996,1000,106,10.0,16
15:12:18,1481.108,998,1000,106,10.0,16
15:12:19,1481.3,999,1000,106,10.0,16
15:12:19,1481.51,1000,1000,106,10.0,16
15:12:19,1481.7,996,1000,106,10.0,16
15:12:19,1481.907,998,1000,106,10.0,16
15:12:19,1482.102,1000,1000,106,10.0,16
15:12:20,1482.302,999,1000,106,10.0,16
15:12:20,1482.501,998,1000,106,10.0,16
15:12:20,1482.703,1000,1000,106,10.0,16
15:12:20,1482.904,1001,1000,106,10.0,16
15:12:20,1483.107,999,1000,106,10.0,16
15:12:21,1483.307,996,1000,106,10.0,16
15:12:21,1483.509,998,1000,106,10.0,16
15:12:21,1483.698,999,1000,106,10.0,16
15:12:21,1483.898,1001,1000,106,10.0,16
15:12:21,1484.1,997,1000,106,10.0,16
15:12:22,1484.302,998,1000,106,10.0,16
15:12:22,1484.504,999,1000,106,10.0,16
15:12:22,1484.695,1001,1000,106,10.0,16
15:12:22,1484.895,1000,1000,106,10.0,16
15:12:22,1485.092,1000,1000,106,10.0,16
15:12:23,1485.3,1001,1000,106,10.0,16
15:12:23,1485.491,1002,1000,106,10.0,16
15:12:23,1485.698,1001,1000,106,10.0,16
15:12:23,1485.89,1000,1000,106,10.0,16
15:12:23,1486.096,1001,1000,106,10.0,16
15:12:24,1486.299,1002,1000,106,10.0,16
15:12:24,1486.499,1002,1000,106,10.0,16
15:12:24,1486.69,998,1000,106,10.0,16
15:12:24,1486.89,999,1000,106,10.0,16
15:12:24,1487.089,1001,1000,106,10.0,16
15:12:25,1487.292,1002,1000,106,10.0,16
15:12:25,1487.491,998,1000,106,10.0,16
15:12:25,1487.691,997,1000,106,10.0,16
15:12:25,1487.894,999,1000,106,10.0,16
15:12:25,1488.095,1000,1000,106,10.0,16
15:12:26,1488.286,1001,1000,106,10.0,16
15:12:26,1488.485,998,1000,106,10.0,16
15:12:26,1488.685,1000,1000,106,10.0,16
15:12:26,1488.885,1001,1000,106,10.0,16
15:12:26,1489.076,1002,1000,106,10.0,16
15:12:27,1489.284,999,1000,106,10.0,16
15:12:27,1489.491,1000,1000,106,10.0,16
15:12:27,1489.682,1002,1000,106,10.0,16
15:12:27,1489.875,1002,1000,106,10.0,16
15:12:27,1490.084,999,1000,106,10.0,16
15:12:28,1490.284,1001,1000,106,10.0,16
15:12:28,1490.485,1002,1000,106,10.0,16
15:12:28,1490.687,1003,1000,106,10.0,16
15:12:28,1490.889,1000,1000,106,10.0,16
15:12:28,1491.076,997,1000,106,10.0,16
15:12:29,1491.283,999,1000,106,10.0,16
15:12:29,1491.474,1001,1000,106,10.0,16
15:12:29,1491.681,1002,1000,106,10.0,16
15:12:29,1491.871,998,1000,106,10.0,16
15:12:29,1492.079,1000,1000,106,10.0,16
15:12:30,1492.284,1001,1000,106,10.0,16
15:12:30,1492.485,1002,1000,106,10.0,16
15:12:30,1492.675,999,1000,106,10.0,16
15:12:30,1492.875,996,1000,106,10.0,16
15:12:30,1493.075,999,1000,106,10.0,16
15:12:31,1493.279,1000,1000,106,10.0,16
15:12:31,1493.479,1001,1000,106,10.0,16
15:12:31,1493.68,998,1000,106,10.0,16
15:12:31,1493.88,1000,1000,106,10.0,16
15:12:31,1494.076,1001,1000,106,10.0,16
15:12:32,1494.267,1003,1000,106,10.0,16
15:12:32,1494.474,1001,1000,106,10.0,16
15:12:32,1494.667,1001,1000,106,10.0,16
15:12:32,1494.875,1002,1000,106,10.0,16
15:12:32,1495.068,1003,1000,106,10.0,16
15:12:33,1495.27,1003,1000,106,10.0,16
15:12:33,1495.471,1000,1000,106,10.0,16
15:12:33,1495.672,1001,1000,106,10.0,16
15:12:33,1495.873,1003,1000,106,10.0,16
15:12:33,1496.067,1004,1000,106,10.0,16
15:12:34,1496.265,1001,1000,106,10.0,16
15:12:34,1496.465,1002,1000,106,10.0,16
15:12:34,1496.667,1003,1000,106,10.0,16
15:12:34,1496.868,1004,1000,106,10.0,16
15:12:34,1497.06,1004,1000,106,10.0,16
15:12:35,1497.265,1000,1000,106,10.0,16
15:12:35,1497.455,1001,1000,106,10.0,16
15:12:35,1497.662,1003,1000,106,10.0,16
15:12:35,1497.855,1004,1000,106,10.0,16
15:12:35,1498.063,1001,1000,106,10.0,16
15:12:36,1498.266,1003,1000,106,10.0,16
15:12:36,1498.465,1004,1000,106,10.0,16
15:12:36,1498.665,1004,1000,106,10.0,16
15:12:36,1498.866,1004,1000,106,10.0,16
15:12:36,1499.058,999,1000,106,10.0,16
15:12:37,1499.257,1001,1000,106,10.0,16
15:12:37,1499.457,1002,1000,106,10.0,16
15:12:37,1499.658,1004,1000,106,10.0,16
15:12:37,1499.861,1001,1000,106,10.0,16
15:12:37,1500.061,997,1000,106,10.0,16
15:12:38,1500.253,999,1000,106,10.0,16
15:12:38,1500.461,1001,1000,106,10.0,16
15:12:38,1500.652,1002,1000,106,10.0,16
15:12:38,1500.86,999,1000,106,10.0,16
15:12:38,1501.054,1000,1000,106,10.0,16
15:12:39,1501.254,1002,1000,106,10.0,16
15:12:39,1501.456,1003,1000,106,10.0,16
15:12:39,1501.657,1000,1000,106,10.0,16
15:12:39,1501.859,996,1000,106,10.0,16
15:12:39,1502.059,999,1000,106,10.0,16
15:12:40,1502.25,1001,1000,106,10.0,16
15:12:40,1502.45,1002,1000,106,10.0,16
15:12:40,1502.648,998,1000,106,10.0,16
15:12:40,1502.849,999,1000,106,10.0,16
15:12:40,1503.052,1001,1000,106,10.0,16
15:12:41,1503.252,1002,1000,106,10.0,16
15:12:41,1503.454,1002,1000,106,10.0,16
15:12:41,1503.655,999,1000,106,10.0,16
15:12:41,1503.845,1001,1000,106,10.0,16
15:12:41,1504.045,1002,1000,106,10.0,16
15:12:42,1504.237,1003,1000,106,10.0,16
15:12:42,1504.443,999,1000,106,10.0,16
15:12:42,1504.651,1001,1000,106,10.0,16
15:12:42,1504.842,1002,1000,106,10.0,16
15:12:42,1505.05,1003,1000,106,10.0,16
15:12:43,1505.251,1002,1000,106,10.0,16
15:12:43,1505.441,1001,1000,106,10.0,16
15:12:43,1505.64,1002,1000,106,10.0,16
15:12:43,1505.84,1003,1000,106,10.0,16
15:12:43,1506.044,1003,1000,106,10.0,16
15:12:44,1506.244,1000,1000,106,10.0,16
15:12:44,1506.444,1001,1000,106,10.0,16
15:12:44,1506.647,1002,1000,106,10.0,16
15:12:44,1506.837,1003,1000,106,10.0,16
15:12:44,1507.037,1000,1000,106,10.0,16
15:12:45,1507.239,1002,1000,106,10.0,16
15:12:45,1507.441,1003,1000,106,10.0,16
15:12:45,1507.644,1004,1000,106,10.0,16
15:12:45,1507.842,1002,1000,106,10.0,16
15:12:45,1508.033,998,1000,106,10.0,16
15:12:46,1508.234,1000,1000,106,10.0,16
15:12:46,1508.432,1001,1000,106,10.0,16
15:12:46,1508.633,1002,1000,106,10.0,16
15:12:46,1508.837,999,1000,106,10.0,16
15:12:46,1509.028,997,1000,106,10.0,16
15:12:47,1509.237,999,1000,106,10.0,16
15:12:47,1509.429,1001,1000,106,10.0,16
15:12:47,1509.635,1001,1000,106,10.0,16
15:12:47,1509.827,998,1000,106,10.0,16
15:12:47,1510.037,1000,1000,106,10.0,16
15:12:48,1510.238,1001,1000,106,10.0,16
15:12:48,1510.428,1002,1000,106,10.0,16
15:12:48,1510.627,998,1000,106,10.0,16
15:12:48,1510.827,1000,1000,106,10.0,16
15:12:48,1511.028,1001,1000,106,10.0,16
15:12:49,1511.228,1002,1000,106,10.0,16
15:12:49,1511.43,999,1000,106,10.0,16
15:12:49,1511.633,1001,1000,106,10.0,16
15:12:49,1511.834,1002,1000,106,10.0,16
15:12:49,1512.033,1003,1000,106,10.0,16
15:12:50,1512.223,1001,1000,106,10.0,16
15:12:50,1512.423,998,1000,106,10.0,16
15:12:50,1512.622,999,1000,106,10.0,16
15:12:50,1512.827,1001,1000,106,10.0,16
15:12:50,1513.027,1002,1000,106,10.0,16
15:12:51,1513.229,998,1000,106,10.0,16
15:12:51,1513.429,1000,1000,106,10.0,16
15:12:51,1513.62,1001,1000,106,10.0,16
15:12:51,1513.821,1002,1000,106,10.0,16
15:12:51,1514.022,998,1000,106,10.0,16
15:12:52,1514.223,997,1000,106,10.0,16
15:12:52,1514.427,999,1000,106,10.0,16
15:12:52,1514.617,1000,1000,106,10.0,16
15:12:52,1514.816,1001,1000,106,10.0,16
15:12:52,1515.028,998,1000,106,10.0,16
15:12:53,1515.22,1000,1000,106,10.0,16
15:12:53,1515.413,1001,1000,106,10.0,16
15:12:53,1515.62,1001,1000,106,10.0,16
15:12:53,1515.812,997,1000,106,10.0,16
15:12:53,1516.021,999,1000,106,10.0,16
15:12:54,1516.224,1000,1000,106,10.0,16
15:12:54,1516.412,1002,1000,106,10.0,16
15:12:54,1516.612,998,1000,106,10.0,16
15:12:54,1516.812,999,1000,106,10.0,16
15:12:54,1517.014,1001,1000,106,10.0,16
15:12:55,1517.217,1002,1000,106,10.0,16
15:12:55,1517.411,998,1000,106,10.0,16
15:12:55,1517.611,997,1000,106,10.0,16
15:12:55,1517.809,999,1000,106,10.0,16
15:12:55,1518.014,1000,1000,106,10.0,16
15:12:56,1518.215,1000,1000,106,10.0,16
15:12:56,1518.418,999,1000,106,10.0,16
15:12:56,1518.608,1000,1000,106,10.0,16
15:12:56,1518.807,1001,1000,106,10.0,16
15:12:56,1519.009,1000,1000,106,10.0,16
15:12:57,1519.211,997,1000,106,10.0,16
15:12:57,1519.416,999,1000,106,10.0,16
15:12:57,1519.605,1000,1000,106,10.0,16
15:12:57,1519.805,1001,1000,106,10.0,16
15:12:57,1520.006,997,1000,106,10.0,16
15:12:58,1520.209,999,1000,106,10.0,16
15:12:58,1520.412,1001,1000,106,10.0,16
15:12:58,1520.602,1002,1000,106,10.0,16
15:12:58,1520.801,998,1000,106,10.0,16
15:12:58,1521.003,997,1000,106,10.0,16
15:12:59,1521.208,999,1000,106,10.0,16
15:12:59,1521.401,1000,1000,106,10.0,16
15:12:59,1521.602,999,1000,106,10.0,16
15:12:59,1521.8,999,1000,106,10.0,16
15:12:59,1522.002,1000,1000,106,10.0,16
15:13:00,1522.204,1001,1000,106,10.0,16
15:13:00,1522.405,1000,1000,106,10.0,16
15:13:00,1522.596,996,1000,106,10.0,16
15:13:00,1522.797,998,1000,106,10.0,16
15:13:00,1522.996,999,1000,106,10.0,16
15:13:01,1523.204,1001,1000,106,10.0,16
15:13:01,1523.397,997,1000,106,10.0,16
15:13:01,1523.589,998,1000,106,10.0,16
15:13:01,1523.797,1000,1000,106,10.0,16
15:13:01,1523.988,1001,1000,106,10.0,16
15:13:02,1524.192,997,1000,106,10.0,16
15:13:02,1524.399,998,1000,106,10.0,16
15:13:02,1524.598,1000,1000,106,10.0,16
15:13:02,1524.8,1001,1000,106,10.0,16
15:13:02,1524.991,999,1000,106,10.0,16
15:13:03,1525.19,1000,1000,106,10.0,16
15:13:03,1525.389,1001,1000,106,10.0,16
15:13:03,1525.592,1002,1000,106,10.0,16
15:13:03,1525.794,999,1000,106,10.0,16
15:13:03,1525.994,995,1000,106,10.0,16
15:13:04,1526.196,997,1000,106,10.0,16
15:13:04,1526.386,999,1000,106,10.0,16
15:13:04,1526.586,999,1000,106,10.0,16
15:13:04,1526.786,997,1000,106,10.0,16
15:13:04,1526.984,998,1000,106,10.0,16
15:13:05,1527.187,1000,1000,106,10.0,16
15:13:05,1527.388,998,1000,106,10.0,16
15:13:05,1527.588,999,1000,106,10.0,16
15:13:05,1527.786,1000,1000,106,10.0,16
15:13:05,1527.988,1001,1000,106,10.0,16
15:13:06,1528.189,1002,1000,106,10.0,16
15:13:06,1528.392,997,1000,106,10.0,16
15:13:06,1528.581,999,1000,106,10.0,16
15:13:06,1528.781,1000,1000,106,10.0,16
15:13:06,1528.979,1000,1000,106,10.0,16
15:13:07,1529.18,997,1000,106,10.0,16
15:13:07,1529.381,999,1000,106,10.0,16
15:13:07,1529.583,1000,1000,106,10.0,16
15:13:07,1529.785,998,1000,106,10.0,16
15:13:07,1529.978,995,1000,106,10.0,16
15:13:08,1530.177,997,1000,106,10.0,16
15:13:08,1530.378,998,1000,106,10.0,16
15:13:08,1530.58,1000,1000,106,10.0,16
15:13:08,1530.779,996,1000,106,10.0,16
15:13:08,1530.981,997,1000,106,10.0,16
15:13:09,1531.182,999,1000,106,10.0,16
15:13:09,1531.383,998,1000,106,10.0,16
15:13:09,1531.574,995,1000,106,10.0,16
15:13:09,1531.772,997,1000,106,10.0,16
15:13:09,1531.973,998,1000,106,10.0,16
15:13:10,1532.174,999,1000,106,10.0,16
15:13:10,1532.377,995,1000,106,10.0,16
15:13:10,1532.578,997,1000,106,10.0,16
15:13:10,1532.771,998,1000,106,10.0,16
15:13:10,1532.97,998,1000,106,10.0,16
15:13:11,1533.17,997,1000,106,10.0,16
15:13:11,1533.369,998,1000,106,10.0,16
15:13:11,1533.57,999,1000,106,10.0,16
15:13:11,1533.771,997,1000,106,10.0,16
15:13:11,1533.973,994,1000,106,10.0,16
15:13:12,1534.176,997,1000,106,10.0,16
15:13:12,1534.366,997,1000,106,10.0,16
15:13:12,1534.565,994,1000,106,10.0,16
15:13:12,1534.765,998,1000,106,10.0,16
15:13:12,1534.966,997,1000,106,10.0,16
15:13:13,1535.167,1000,1000,106,10.0,16
15:13:13,1535.369,998,1000,106,10.0,16
15:13:13,1535.572,997,1000,106,10.0,16
15:13:13,1535.763,1001,1000,106,10.0,16
15:13:13,1535.962,1001,1000,106,10.0,16
15:13:14,1536.164,1004,1000,106,10.0,16
15:13:14,1536.367,1001,1000,106,10.0,16
15:13:14,1536.561,1004,1000,106,10.0,16
15:13:14,1536.769,1006,1000,106,10.0,15
15:13:14,1536.959,1003,1000,106,10.0,16
15:13:15,1537.161,1003,1000,106,10.0,16
15:13:15,1537.359,1003,1000,106,10.0,16
15:13:15,1537.558,1000,1000,106,10.0,16
15:13:15,1537.761,1001,1000,106,10.0,16
15:13:15,1537.96,1001,1000,106,10.0,16
15:13:16,1538.163,1002,1000,106,10.0,16
15:13:16,1538.363,997,1000,106,10.0,16
15:13:16,1538.564,997,1000,106,10.0,16
15:13:16,1538.755,998,1000,106,10.0,16
15:13:16,1538.954,999,1000,106,10.0,16
15:13:16,1539.157,996,1000,106,10.0,16
15:13:17,1539.353,997,1000,106,10.0,16
15:13:17,1539.558,999,1000,106,10.0,16
15:13:17,1539.76,999,1000,106,10.0,16
15:13:17,1539.961,995,1000,106,10.0,16
15:13:18,1540.16,997,1000,106,10.0,16
15:13:18,1540.35,998,1000,106,10.0,16
15:13:18,1540.55,997,1000,106,10.0,16
15:13:18,1540.75,994,1000,106,10.0,16
15:13:18,1540.952,997,1000,106,10.0,16
15:13:18,1541.155,999,1000,106,10.0,16
15:13:19,1541.355,997,1000,106,10.0,16
15:13:19,1541.553,1001,1000,106,10.0,16
15:13:19,1541.752,999,1000,106,10.0,16
15:13:19,1541.953,999,1000,106,10.0,16
15:13:19,1542.156,1002,1000,106,10.0,16
15:13:20,1542.356,1002,1000,106,10.0,16
15:13:20,1542.546,1004,1000,106,10.0,16
15:13:20,1542.745,1002,1000,106,10.0,16
15:13:20,1542.945,1004,1000,106,10.0,16
15:13:20,1543.147,1006,1000,106,10.0,15
15:13:21,1543.349,1003,1000,106,10.0,16
15:13:21,1543.549,1003,1000,106,10.0,16
15:13:21,1543.743,1003,1000,106,10.0,16
15:13:21,1543.941,998,1000,106,10.0,16
15:13:21,1544.141,996,1000,106,10.0,16
15:13:22,1544.343,997,1000,106,10.0,16
15:13:22,1544.547,998,1000,106,10.0,16
15:13:22,1544.747,995,1000,106,10.0,16
15:13:22,1544.946,996,1000,106,10.0,16
15:13:22,1545.146,998,1000,106,10.0,16
15:13:23,1545.338,999,1000,106,10.0,16
15:13:23,1545.537,995,1000,106,10.0,16
15:13:23,1545.739,996,1000,106,10.0,16
15:13:23,1545.943,997,1000,106,10.0,16
15:13:23,1546.145,994,1000,106,10.0,16
15:13:24,1546.335,998,1000,106,10.0,16
15:13:24,1546.535,1002,1000,106,10.0,16
15:13:24,1546.734,1001,1000,106,10.0,16
15:13:24,1546.935,1002,1000,106,10.0,16
15:13:24,1547.136,1002,1000,106,10.0,16
15:13:25,1547.34,997,1000,106,10.0,16
15:13:25,1547.539,996,1000,106,10.0,16
15:13:25,1547.732,997,1000,106,10.0,16
15:13:25,1547.931,997,1000,106,10.0,16
15:13:25,1548.131,993,1000,106,10.0,16
15:13:26,1548.33,997,1000,106,10.0,16
15:13:26,1548.53,999,1000,106,10.0,16
15:13:26,1548.73,997,1000,106,10.0,16
15:13:26,1548.935,1000,1000,106,10.0,16
15:13:26,1549.138,998,1000,106,10.0,16
15:13:27,1549.329,999,1000,106,10.0,16
15:13:27,1549.528,1002,1000,106,10.0,16
15:13:27,1549.727,1002,1000,106,10.0,16
15:13:27,1549.928,1004,1000,106,10.0,16
15:13:27,1550.131,1006,1000,106,10.0,15
15:13:28,1550.334,1005,1000,106,10.0,15
15:13:28,1550.535,1005,1000,106,10.0,15
15:13:28,1550.725,1004,1000,106,10.0,16
15:13:28,1550.924,999,1000,106,10.0,16
15:13:28,1551.127,999,1000,106,10.0,16
15:13:29,1551.331,1000,1000,106,10.0,16
15:13:29,1551.531,1000,1000,106,10.0,16
15:13:29,1551.723,996,1000,106,10.0,16
15:13:29,1551.922,997,1000,106,10.0,16
15:13:29,1552.123,998,1000,106,10.0,16
15:13:30,1552.327,997,1000,106,10.0,16
15:13:30,1552.527,997,1000,106,10.0,16
15:13:30,1552.728,998,1000,106,10.0,16
15:13:30,1552.919,999,1000,106,10.0,16
15:13:30,1553.12,995,1000,106,10.0,16
15:13:31,1553.32,995,1000,106,10.0,16
15:13:31,1553.52,996,1000,106,10.0,16
15:13:31,1553.723,996,1000,106,10.0,16
15:13:31,1553.925,992,1000,106,10.0,16
15:13:31,1554.128,996,1000,106,10.0,16
15:13:32,1554.317,997,1000,106,10.0,16
15:13:32,1554.518,993,1000,106,10.0,16
15:13:32,1554.72,997,1000,106,10.0,16
15:13:32,1554.923,1001,1000,106,10.0,16
15:13:32,1555.114,1003,1000,106,10.0,16
15:13:33,1555.314,1000,1000,106,10.0,16
15:13:33,1555.516,1000,1000,106,10.0,16
15:13:33,1555.717,1003,1000,106,10.0,16
15:13:33,1555.918,1003,1000,106,10.0,16
15:13:33,1556.119,1005,1000,106,10.0,15
15:13:34,1556.32,1000,1000,106,10.0,16
15:13:34,1556.51,1000,1000,106,10.0,16
15:13:34,1556.709,1000,1000,106,10.0,16
15:13:34,1556.911,999,1000,106,10.0,16
15:13:34,1557.112,999,1000,106,10.0,16
15:13:35,1557.311,999,1000,106,10.0,16
15:13:35,1557.513,1000,1000,106,10.0,16
15:13:35,1557.716,995,1000,106,10.0,16
15:13:35,1557.906,995,1000,106,10.0,16
15:13:35,1558.107,997,1000,106,10.0,16
15:13:36,1558.307,996,1000,106,10.0,16
15:13:36,1558.509,992,1000,106,10.0,16
15:13:36,1558.709,996,1000,106,10.0,16
15:13:36,1558.912,997,1000,106,10.0,16
15:13:36,1559.112,995,1000,106,10.0,16
15:13:37,1559.303,999,1000,106,10.0,16
15:13:37,1559.502,1002,1000,106,10.0,16
15:13:37,1559.702,1002,1000,106,10.0,16
15:13:37,1559.904,1005,1000,106,10.0,15
15:13:37,1560.106,1000,1000,106,10.0,16
15:13:38,1560.308,1000,1000,106,10.0,16
15:13:38,1560.5,1000,1000,106,10.0,16
15:13:38,1560.7,998,1000,106,10.0,16
15:13:38,1560.9,999,1000,106,10.0,16
15:13:38,1561.101,999,1000,106,10.0,16
15:13:39,1561.303,999,1000,106,10.0,16
15:13:39,1561.507,995,1000,106,10.0,16
15:13:39,1561.697,996,1000,106,10.0,16
15:13:39,1561.897,997,1000,106,10.0,16
15:13:39,1562.096,994,1000,106,10.0,16
15:13:40,1562.297,998,1000,106,10.0,16
15:13:40,1562.499,1001,1000,106,10.0,16
15:13:40,1562.701,1003,1000,106,10.0,16
15:13:40,1562.904,1005,1000,106,10.0,15
15:13:40,1563.093,999,1000,106,10.0,16
15:13:41,1563.292,1000,1000,106,10.0,16
15:13:41,1563.494,1000,1000,106,10.0,16
15:13:41,1563.697,996,1000,106,10.0,16
15:13:41,1563.898,997,1000,106,10.0,16
15:13:41,1564.091,998,1000,106,10.0,16
15:13:42,1564.29,997,1000,106,10.0,16
15:13:42,1564.489,996,1000,106,10.0,16
15:13:42,1564.692,997,1000,106,10.0,16
15:13:42,1564.893,997,1000,106,10.0,16
15:13:42,1565.094,993,1000,106,10.0,16
15:13:43,1565.294,995,1000,106,10.0,16
15:13:43,1565.496,999,1000,106,10.0,16
15:13:43,1565.687,1001,1000,106,10.0,16
15:13:43,1565.887,1004,1000,106,10.0,16
15:13:43,1566.087,1000,1000,106,10.0,16
15:13:44,1566.29,1002,1000,106,10.0,16
15:13:44,1566.491,1004,1000,106,10.0,16
15:13:44,1566.694,1006,1000,106,10.0,15
15:13:44,1566.891,1006,1000,106,10.0,15
15:13:44,1567.092,999,1000,106,10.0,16
15:13:45,1567.283,999,1000,106,10.0,16
15:13:45,1567.482,999,1000,106,10.0,16
15:13:45,1567.681,997,1000,106,10.0,16
15:13:45,1567.882,997,1000,106,10.0,16
15:13:45,1568.083,997,1000,106,10.0,16
15:13:46,1568.284,997,1000,106,10.0,16
15:13:46,1568.485,996,1000,106,10.0,16
15:13:46,1568.686,996,1000,106,10.0,16
15:13:46,1568.878,997,1000,106,10.0,16
15:13:46,1569.078,992,1000,106,10.0,16
15:13:47,1569.278,995,1000,106,10.0,16
15:13:47,1569.479,998,1000,106,10.0,16
15:13:47,1569.681,1001,1000,106,10.0,16
15:13:47,1569.882,1002,1000,106,10.0,16
15:13:47,1570.082,999,1000,106,10.0,16
15:13:48,1570.284,1001,1000,106,10.0,16
15:13:48,1570.475,1003,1000,106,10.0,16
15:13:48,1570.674,1005,1000,106,10.0,15
15:13:48,1570.874,1004,1000,106,10.0,16
15:13:48,1571.077,998,1000,106,10.0,16
15:13:49,1571.278,998,1000,106,10.0,16
15:13:49,1571.479,999,1000,106,10.0,16
15:13:49,1571.679,994,1000,106,10.0,16
15:13:49,1571.881,997,1000,106,10.0,16
15:13:49,1572.071,1000,1000,106,10.0,16
15:13:50,1572.279,1002,1000,106,10.0,16
15:13:50,1572.469,999,1000,106,10.0,16
15:13:50,1572.668,997,1000,106,10.0,16
15:13:50,1572.869,1000,1000,106,10.0,16
15:13:50,1573.07,1002,1000,106,10.0,16
15:13:51,1573.271,1003,1000,106,10.0,16
15:13:51,1573.47,1001,1000,106,10.0,16
15:13:51,1573.672,998,1000,106,10.0,16
15:13:51,1573.874,1000,1000,106,10.0,16
15:13:51,1574.065,1002,1000,106,10.0,16
15:13:52,1574.264,1004,1000,106,10.0,16
15:13:52,1574.463,1003,1000,106,10.0,16
15:13:52,1574.663,1002,1000,106,10.0,16
15:13:52,1574.866,1004,1000,106,10.0,16
15:13:52,1575.068,1005,1000,106,10.0,15
15:13:53,1575.269,1004,1000,106,10.0,16
15:13:53,1575.47,999,1000,106,10.0,16
15:13:53,1575.66,999,1000,106,10.0,16
15:13:53,1575.86,998,1000,106,10.0,16
15:13:53,1576.06,995,1000,106,10.0,16
15:13:54,1576.259,996,1000,106,10.0,16
15:13:54,1576.461,996,1000,106,10.0,16
15:13:54,1576.66,995,1000,106,10.0,16
15:13:54,1576.863,995,1000,106,10.0,16
15:13:54,1577.064,996,1000,106,10.0,16
15:13:55,1577.256,996,1000,106,10.0,16
15:13:55,1577.455,994,1000,106,10.0,16
15:13:55,1577.655,995,1000,106,10.0,16
15:13:55,1577.854,998,1000,106,10.0,16
15:13:55,1578.055,998,1000,106,10.0,16
15:13:56,1578.255,995,1000,106,10.0,16
15:13:56,1578.458,998,1000,106,10.0,16
15:13:56,1578.661,1001,1000,106,10.0,16
15:13:56,1578.852,1002,1000,106,10.0,16
15:13:56,1579.051,1002,1000,106,10.0,16
15:13:57,1579.251,1000,1000,106,10.0,16
15:13:57,1579.451,1002,1000,106,10.0,16
15:13:57,1579.653,1004,1000,106,10.0,16
15:13:57,1579.855,1005,1000,106,10.0,15
15:13:57,1580.058,1002,1000,106,10.0,16
15:13:58,1580.248,1001,1000,106,10.0,16
15:13:58,1580.447,1000,1000,106,10.0,16
15:13:58,1580.647,999,1000,106,10.0,16
15:13:58,1580.849,997,1000,106,10.0,16
15:13:58,1581.05,997,1000,106,10.0,16
15:13:59,1581.251,997,1000,106,10.0,16
15:13:59,1581.453,993,1000,106,10.0,16
15:13:59,1581.654,995,1000,106,10.0,16
15:13:59,1581.844,998,1000,106,10.0,16
15:13:59,1582.044,997,1000,106,10.0,16
15:14:00,1582.247,994,1000,106,10.0,16
15:14:00,1582.449,996,1000,106,10.0,16
15:14:00,1582.651,998,1000,106,10.0,16
15:14:00,1582.841,1000,1000,106,10.0,16
15:14:00,1583.041,997,1000,106,10.0,16
15:14:01,1583.24,996,1000,106,10.0,16
15:14:01,1583.443,998,1000,106,10.0,16
15:14:01,1583.646,1000,1000,106,10.0,16
15:14:01,1583.847,999,1000,106,10.0,16
15:14:01,1584.037,999,1000,106,10.0,16
15:14:02,1584.238,1000,1000,106,10.0,16
15:14:02,1584.439,1001,1000,106,10.0,16
15:14:02,1584.641,1000,1000,106,10.0,16
15:14:02,1584.842,1001,1000,106,10.0,16
15:14:02,1585.035,1002,1000,106,10.0,16
15:14:03,1585.238,1002,1000,106,10.0,16
15:14:03,1585.443,999,1000,106,10.0,16
15:14:03,1585.643,996,1000,106,10.0,16
15:14:03,1585.833,998,1000,106,10.0,16
15:14:03,1586.033,999,1000,106,10.0,16
15:14:04,1586.232,1000,1000,106,10.0,16
15:14:04,1586.432,996,1000,106,10.0,16
15:14:04,1586.632,998,1000,106,10.0,16
15:14:04,1586.836,999,1000,106,10.0,16
15:14:04,1587.029,1000,1000,106,10.0,16
15:14:05,1587.235,996,1000,106,10.0,16
15:14:05,1587.427,998,1000,106,10.0,16
15:14:05,1587.634,1000,1000,106,10.0,16
15:14:05,1587.826,1001,1000,106,10.0,16
15:14:05,1588.036,996,1000,106,10.0,16
15:14:06,1588.226,998,1000,106,10.0,16
15:14:06,1588.426,1000,1000,106,10.0,16
15:14:06,1588.626,1001,1000,106,10.0,16
15:14:06,1588.828,997,1000,106,10.0,16
15:14:06,1589.029,998,1000,106,10.0,16
15:14:07,1589.233,1000,1000,106,10.0,16
15:14:07,1589.433,1001,1000,106,10.0,16
15:14:07,1589.623,998,1000,106,10.0,16
15:14:07,1589.823,999,1000,106,10.0,16
15:14:07,1590.023,1001,1000,106,10.0,16
15:14:08,1590.222,1002,1000,106,10.0,16
15:14:08,1590.423,997,1000,106,10.0,16
15:14:08,1590.627,997,1000,106,10.0,16
15:14:08,1590.827,998,1000,106,10.0,16
15:14:08,1591.013,999,1000,106,10.0,16
15:14:09,1591.22,998,1000,106,10.0,16
15:14:09,1591.412,999,1000,106,10.0,16
15:14:09,1591.618,1000,1000,106,10.0,16
15:14:09,1591.827,1001,1000,106,10.0,16
15:14:09,1592.017,998,1000,106,10.0,16
15:14:10,1592.217,999,1000,106,10.0,16
15:14:10,1592.419,1001,1000,106,10.0,16
15:14:10,1592.621,1002,1000,106,10.0,16
15:14:10,1592.821,1001,1000,106,10.0,16
15:14:10,1593.022,999,1000,106,10.0,16
15:14:11,1593.223,1000,1000,106,10.0,16
15:14:11,1593.413,1001,1000,106,10.0,16
15:14:11,1593.612,1000,1000,106,10.0,16
15:14:11,1593.814,1000,1000,106,10.0,16
15:14:11,1594.015,1001,1000,106,10.0,16
15:14:12,1594.216,1001,1000,106,10.0,16
15:14:12,1594.417,999,1000,106,10.0,16
15:14:12,1594.608,995,1000,106,10.0,16
15:14:12,1594.808,997,1000,106,10.0,16
15:14:12,1595.008,999,1000,106,10.0,16
15:14:13,1595.208,999,1000,106,10.0,16
15:14:13,1595.411,996,1000,106,10.0,16
15:14:13,1595.602,998,1000,106,10.0,16
15:14:13,1595.809,999,1000,106,10.0,16
15:14:13,1596.001,998,1000,106,10.0,16
15:14:14,1596.204,994,1000,106,10.0,16
15:14:14,1596.405,996,1000,106,10.0,16
15:14:14,1596.606,998,1000,106,10.0,16
15:14:14,1596.809,999,1000,106,10.0,16
15:14:14,1597.01,995,1000,106,10.0,16
15:14:15,1597.202,997,1000,106,10.0,16
15:14:15,1597.403,999,1000,106,10.0,16
15:14:15,1597.6,999,1000,106,10.0,16
15:14:15,1597.801,997,1000,106,10.0,16
15:14:15,1598.005,999,1000,106,10.0,16
15:14:16,1598.205,1000,1000,106,10.0,16
15:14:16,1598.396,997,1000,106,10.0,16
15:14:16,1598.605,994,1000,106,10.0,16
15:14:16,1598.797,995,1000,106,10.0,16
15:14:16,1599.005,997,1000,106,10.0,16
15:14:17,1599.197,997,1000,106,10.0,16
15:14:17,1599.396,997,1000,106,10.0,16
15:14:17,1599.597,998,1000,106,10.0,16
15:14:17,1599.799,999,1000,106,10.0,16
15:14:17,1600.0,996,1000,106,10.0,16
15:14:18,1600.201,992,1000,107,10.0,16
15:14:18,1600.403,995,1000,107,10.0,16
15:14:18,1600.593,997,1000,107,10.0,16
15:14:18,1600.793,995,1000,107,10.0,16
15:14:18,1600.993,997,1000,107,10.0,16
15:14:19,1601.194,998,1000,107,10.0,16
15:14:19,1601.397,999,1000,107,10.0,16
15:14:19,1601.598,995,1000,107,10.0,16
15:14:19,1601.796,997,1000,107,10.0,16
15:14:19,1601.995,998,1000,107,10.0,16
15:14:20,1602.197,999,1000,107,10.0,16
15:14:20,1602.399,995,1000,107,10.0,16
15:14:20,1602.587,997,1000,107,10.0,16
15:14:20,1602.788,998,1000,107,10.0,16
15:14:20,1602.987,1000,1000,107,10.0,16
15:14:21,1603.191,996,1000,107,10.0,16
15:14:21,1603.391,997,1000,107,10.0,16
15:14:21,1603.593,998,1000,107,10.0,16
15:14:21,1603.785,999,1000,107,10.0,16
15:14:21,1603.984,997,1000,107,10.0,16
15:14:22,1604.188,998,1000,107,10.0,16
15:14:22,1604.379,999,1000,107,10.0,16
15:14:22,1604.588,997,1000,107,10.0,16
15:14:22,1604.78,993,1000,107,10.0,16
15:14:22,1604.987,995,1000,107,10.0,16
15:14:23,1605.18,997,1000,107,10.0,16
15:14:23,1605.379,996,1000,107,10.0,16
15:14:23,1605.579,997,1000,107,10.0,16
15:14:23,1605.779,998,1000,107,10.0,16
15:14:23,1605.982,1000,1000,107,10.0,16
15:14:24,1606.183,996,1000,107,10.0,16
15:14:24,1606.385,994,1000,107,10.0,16
15:14:24,1606.576,996,1000,107,10.0,16
15:14:24,1606.776,997,1000,107,10.0,16
15:14:24,1606.975,995,1000,107,10.0,16
15:14:25,1607.172,997,1000,107,10.0,16
15:14:25,1607.38,998,1000,107,10.0,16
15:14:25,1607.571,999,1000,107,10.0,16
15:14:25,1607.779,995,1000,107,10.0,16
15:14:25,1607.971,997,1000,107,10.0,16
15:14:26,1608.174,998,1000,107,10.0,16
15:14:26,1608.373,999,1000,107,10.0,16
15:14:26,1608.577,995,1000,107,10.0,16
15:14:26,1608.777,997,1000,107,10.0,16
15:14:26,1608.979,998,1000,107,10.0,16
15:14:27,1609.169,999,1000,107,10.0,16
15:14:27,1609.368,995,1000,107,10.0,16
15:14:27,1609.569,997,1000,107,10.0,16
15:14:27,1609.77,998,1000,107,10.0,16
15:14:27,1609.972,997,1000,107,10.0,16
15:14:28,1610.173,998,1000,107,10.0,16
15:14:28,1610.375,999,1000,107,10.0,16
15:14:28,1610.577,1000,1000,107,10.0,16
15:14:28,1610.765,996,1000,107,10.0,16
15:14:28,1610.965,994,1000,107,10.0,16
15:14:28,1611.157,995,1000,107,10.0,16
15:14:29,1611.366,997,1000,107,10.0,16
15:14:29,1611.557,995,1000,107,10.0,16
15:14:29,1611.765,997,1000,107,10.0,16
15:14:29,1611.955,998,1000,107,10.0,16
15:14:30,1612.161,999,1000,107,10.0,16
15:14:30,1612.362,995,1000,107,10.0,16
15:14:30,1612.564,996,1000,107,10.0,16
15:14:30,1612.766,998,1000,107,10.0,16
15:14:30,1612.97,998,1000,107,10.0,16
15:14:31,1613.161,994,1000,107,10.0,16
15:14:31,1613.358,996,1000,107,10.0,16
15:14:31,1613.558,997,1000,107,10.0,16
15:14:31,1613.758,999,1000,107,10.0,16
15:14:31,1613.962,995,1000,107,10.0,16
15:14:32,1614.162,996,1000,107,10.0,16
15:14:32,1614.363,997,1000,107,10.0,16
15:14:32,1614.564,996,1000,107,10.0,16
15:14:32,1614.754,997,1000,107,10.0,16
15:14:32,1614.953,998,1000,107,10.0,16
15:14:32,1615.156,999,1000,107,10.0,16
15:14:33,1615.347,995,1000,107,10.0,16
15:14:33,1615.555,995,1000,107,10.0,16
15:14:33,1615.747,997,1000,107,10.0,16
15:14:33,1615.952,998,1000,107,10.0,16
15:14:34,1616.159,994,1000,107,10.0,16
15:14:34,1616.351,996,1000,107,10.0,16
15:14:34,1616.549,998,1000,107,10.0,16
15:14:34,1616.75,999,1000,107,10.0,16
15:14:34,1616.953,995,1000,107,10.0,16
15:14:34,1617.155,997,1000,107,10.0,16
15:14:35,1617.347,998,1000,107,10.0,16
15:14:35,1617.546,997,1000,107,10.0,16
15:14:35,1617.75,993,1000,107,10.0,16
15:14:35,1617.953,996,1000,107,10.0,16
15:14:35,1618.145,995,1000,107,10.0,16
15:14:36,1618.348,992,1000,107,10.0,16
15:14:36,1618.539,996,1000,107,10.0,16
15:14:36,1618.746,998,1000,107,10.0,16
15:14:36,1618.937,995,1000,107,10.0,16
15:14:36,1619.142,997,1000,107,10.0,16
15:14:37,1619.344,998,1000,107,10.0,16
15:14:37,1619.547,999,1000,107,10.0,16
15:14:37,1619.747,995,1000,107,10.0,16
15:14:37,1619.939,997,1000,107,10.0,16
15:14:37,1620.139,999,1000,107,10.0,16
15:14:38,1620.338,999,1000,107,10.0,16
15:14:38,1620.539,995,1000,107,10.0,16
15:14:38,1620.741,997,1000,107,10.0,16
15:14:38,1620.943,998,1000,107,10.0,16
15:14:38,1621.145,999,1000,107,10.0,16
15:14:39,1621.345,995,1000,107,10.0,16
15:14:39,1621.534,997,1000,107,10.0,16
15:14:39,1621.736,999,1000,107,10.0,16
15:14:39,1621.935,999,1000,107,10.0,16
15:14:39,1622.135,997,1000,107,10.0,16
15:14:40,1622.338,998,1000,107,10.0,16
15:14:40,1622.54,999,1000,107,10.0,16
15:14:40,1622.731,1000,1000,107,10.0,16
15:14:40,1622.93,996,1000,107,10.0,16
15:14:40,1623.124,997,1000,107,10.0,16
15:14:41,1623.332,999,1000,107,10.0,16
15:14:41,1623.523,998,1000,107,10.0,16
15:14:41,1623.729,998,1000,107,10.0,16
15:14:41,1623.936,999,1000,107,10.0,16
15:14:41,1624.127,1000,1000,107,10.0,16
15:14:42,1624.33,998,1000,107,10.0,16
15:14:42,1624.532,994,1000,107,10.0,16
15:14:42,1624.734,998,1000,107,10.0,16
15:14:42,1624.926,998,1000,107,10.0,16
15:14:42,1625.125,995,1000,107,10.0,16
15:14:43,1625.326,997,1000,107,10.0,16
15:14:43,1625.528,998,1000,107,10.0,16
15:14:43,1625.731,1000,1000,107,10.0,16
15:14:43,1625.924,996,1000,107,10.0,16
15:14:43,1626.123,997,1000,107,10.0,16
15:14:44,1626.322,999,1000,107,10.0,16
15:14:44,1626.526,999,1000,107,10.0,16
15:14:44,1626.729,995,1000,107,10.0,16
15:14:44,1626.92,997,1000,107,10.0,16
15:14:44,1627.126,999,1000,107,10.0,16
15:14:45,1627.314,1000,1000,107,10.0,16
15:14:45,1627.521,996,1000,107,10.0,16
15:14:45,1627.726,998,1000,107,10.0,16
15:14:45,1627.917,999,1000,107,10.0,16
15:14:45,1628.123,1000,1000,107,10.0,16
15:14:46,1628.315,996,1000,107,10.0,16
15:14:46,1628.515,998,1000,107,10.0,16
15:14:46,1628.716,999,1000,107,10.0,16
15:14:46,1628.917,1000,1000,107,10.0,16
15:14:46,1629.117,996,1000,107,10.0,16
15:14:47,1629.319,998,1000,107,10.0,16
15:14:47,1629.512,1000,1000,107,10.0,16
15:14:47,1629.712,1001,1000,107,10.0,16
15:14:47,1629.917,997,1000,107,10.0,16
15:14:47,1630.108,997,1000,107,10.0,16
15:14:48,1630.315,999,1000,107,10.0,16
15:14:48,1630.505,1000,1000,107,10.0,16
15:14:48,1630.71,999,1000,107,10.0,16
15:14:48,1630.917,999,1000,107,10.0,16
15:14:48,1631.109,1001,1000,107,10.0,16
15:14:49,1631.309,1002,1000,107,10.0,16
15:14:49,1631.507,1001,1000,107,10.0,16
15:14:49,1631.709,1000,1000,107,10.0,16
15:14:49,1631.908,1001,1000,107,10.0,16
15:14:49,1632.108,1002,1000,107,10.0,16
15:14:50,1632.311,1003,1000,107,10.0,16
15:14:50,1632.513,999,1000,107,10.0,16
15:14:50,1632.704,1000,1000,107,10.0,16
15:14:50,1632.904,1001,1000,107,10.0,16
15:14:50,1633.109,1002,1000,107,10.0,16
15:14:51,1633.298,998,1000,107,10.0,16
15:14:51,1633.506,998,1000,107,10.0,16
15:14:51,1633.698,1000,1000,107,10.0,16
15:14:51,1633.905,1001,1000,107,10.0,16
15:14:51,1634.109,1001,1000,107,10.0,16
15:14:52,1634.3,999,1000,107,10.0,16
15:14:52,1634.499,1001,1000,107,10.0,16
15:14:52,1634.699,1002,1000,107,10.0,16
15:14:52,1634.899,1002,1000,107,10.0,16
15:14:52,1635.102,1000,1000,107,10.0,16
15:14:53,1635.302,1001,1000,107,10.0,16
15:14:53,1635.504,1002,1000,107,10.0,16
15:14:53,1635.696,1003,1000,107,10.0,16
15:14:53,1635.895,999,1000,107,10.0,16
15:14:53,1636.095,1001,1000,107,10.0,16
15:14:54,1636.295,1002,1000,107,10.0,16
15:14:54,1636.498,1003,1000,107,10.0,16
15:14:54,1636.699,999,1000,107,10.0,16
15:14:54,1636.899,997,1000,107,10.0,16
15:14:54,1637.1,999,1000,107,10.0,16
15:14:55,1637.293,1000,1000,107,10.0,16
15:14:55,1637.492,1001,1000,107,10.0,16
15:14:55,1637.691,998,1000,107,10.0,16
15:14:55,1637.892,1000,1000,107,10.0,16
15:14:55,1638.092,1001,1000,107,10.0,16
15:14:56,1638.294,1002,1000,107,10.0,16
15:14:56,1638.496,998,1000,107,10.0,16
15:14:56,1638.688,1000,1000,107,10.0,16
15:14:56,1638.888,1002,1000,107,10.0,16
15:14:56,1639.088,1003,1000,107,10.0,16
15:14:57,1639.289,1002,1000,107,10.0,16
15:14:57,1639.491,1001,1000,107,10.0,16
15:14:57,1639.691,1002,1000,107,10.0,16
15:14:57,1639.895,1003,1000,107,10.0,16
15:14:57,1640.084,1004,1000,107,10.0,16
15:14:58,1640.285,1001,1000,107,10.0,16
15:14:58,1640.485,1002,1000,107,10.0,16
15:14:58,1640.688,1003,1000,107,10.0,16
15:14:58,1640.892,1004,1000,107,10.0,16
15:14:58,1641.076,1003,1000,107,10.0,16
15:14:59,1641.282,1001,1000,107,10.0,16
15:14:59,1641.488,1002,1000,107,10.0,16
15:14:59,1641.681,1004,1000,107,10.0,16
15:14:59,1641.882,1004,1000,107,10.0,16
15:14:59,1642.086,1001,1000,107,10.0,16
15:15:00,1642.276,1003,1000,107,10.0,16
15:15:00,1642.483,1004,1000,107,10.0,16
15:15:00,1642.671,1005,1000,107,10.0,16
15:15:00,1642.877,1003,1000,107,10.0,16
15:15:00,1643.085,1000,1000,107,10.0,16
15:15:01,1643.276,1002,1000,107,10.0,16
15:15:01,1643.475,1003,1000,107,10.0,16
15:15:01,1643.677,1004,1000,107,10.0,16
15:15:01,1643.878,1003,1000,107,10.0,16
15:15:01,1644.076,1002,1000,107,10.0,16
15:15:02,1644.268,1003,1000,107,10.0,16
15:15:02,1644.476,1004,1000,107,10.0,16
15:15:02,1644.683,1005,1000,107,10.0,16
15:15:02,1644.871,1002,1000,107,10.0,16
15:15:02,1645.078,1003,1000,107,10.0,16
15:15:03,1645.277,1005,1000,107,10.0,16
15:15:03,1645.479,1005,1000,107,10.0,16
15:15:03,1645.67,1005,1000,107,10.0,16
15:15:03,1645.87,1000,1000,107,10.0,16
15:15:03,1646.07,1001,1000,107,10.0,16
15:15:04,1646.272,1002,1000,107,10.0,16
15:15:04,1646.471,1003,1000,107,10.0,16
15:15:04,1646.673,1000,1000,107,10.0,16
15:15:04,1646.877,1002,1000,107,10.0,16
15:15:04,1647.066,1003,1000,107,10.0,16
15:15:05,1647.265,1004,1000,107,10.0,16
15:15:05,1647.466,1003,1000,107,10.0,16
15:15:05,1647.668,999,1000,107,10.0,16
15:15:05,1647.868,1001,1000,107,10.0,16
15:15:05,1648.069,1003,1000,107,10.0,16
15:15:06,1648.272,1004,1000,107,10.0,16
15:15:06,1648.472,1003,1000,107,10.0,16
15:15:06,1648.662,999,1000,107,10.0,16
15:15:06,1648.861,1002,1000,107,10.0,16
15:15:06,1649.062,1003,1000,107,10.0,16
15:15:07,1649.262,1004,1000,107,10.0,16
15:15:07,1649.463,1003,1000,107,10.0,16
15:15:07,1649.663,1002,1000,107,10.0,16
15:15:07,1649.864,1003,1000,107,10.0,16
15:15:07,1650.06,1005,1000,107,10.0,16
15:15:08,1650.251,1006,1000,107,10.0,16
15:15:08,1650.458,1003,1000,107,10.0,16
15:15:08,1650.651,1003,1000,107,10.0,16
15:15:08,1650.858,1004,1000,107,10.0,16
15:15:08,1651.054,1006,1000,107,10.0,16
15:15:09,1651.255,1004,1000,107,10.0,16
15:15:09,1651.454,999,1000,107,10.0,16
15:15:09,1651.654,1001,1000,107,10.0,16
15:15:09,1651.854,1003,1000,107,10.0,16
15:15:09,1652.056,1004,1000,107,10.0,16
15:15:10,1652.256,1004,1000,107,10.0,16
15:15:10,1652.457,1001,1000,107,10.0,16
15:15:10,1652.658,1003,1000,107,10.0,16
15:15:10,1652.85,1005,1000,107,10.0,16
15:15:10,1653.045,1004,1000,107,10.0,16
15:15:11,1653.253,1001,1000,107,10.0,16
15:15:11,1653.444,1002,1000,107,10.0,16
15:15:11,1653.651,1004,1000,107,10.0,16
15:15:11,1653.841,1005,1000,106,10.0,16
15:15:11,1654.049,1005,1000,106,10.0,16
15:15:12,1654.252,1002,1000,106,10.0,16
15:15:12,1654.456,1001,1000,106,10.0,16
15:15:12,1654.645,1001,1000,106,10.0,16
15:15:12,1654.845,1003,1000,106,10.0,16
15:15:12,1655.045,999,1000,106,10.0,16
15:15:13,1655.245,1002,1000,106,10.0,16
15:15:13,1655.445,1003,1000,106,10.0,16
15:15:13,1655.646,1005,1000,106,10.0,15
15:15:13,1655.846,1003,1000,106,10.0,16
15:15:13,1656.045,997,1000,106,10.0,16
15:15:14,1656.236,998,1000,106,10.0,16
15:15:14,1656.444,1000,1000,106,10.0,16
15:15:14,1656.635,1001,1000,106,10.0,16
15:15:14,1656.842,998,1000,106,10.0,16
15:15:14,1657.039,1000,1000,106,10.0,16
15:15:15,1657.238,1003,1000,106,10.0,16
15:15:15,1657.44,1000,1000,106,10.0,16
15:15:15,1657.639,998,1000,106,10.0,16
15:15:15,1657.841,1001,1000,106,10.0,16
15:15:15,1658.03,1002,1000,106,10.0,16
15:15:16,1658.237,999,1000,106,10.0,16
15:15:16,1658.431,1002,1000,106,10.0,16
15:15:16,1658.638,1004,1000,106,10.0,16
15:15:16,1658.831,1003,1000,106,10.0,16
15:15:16,1659.036,1002,1000,106,10.0,16
15:15:17,1659.236,1004,1000,106,10.0,16
15:15:17,1659.439,1005,1000,106,10.0,15
15:15:17,1659.64,999,1000,106,10.0,16
15:15:17,1659.84,1000,1000,106,10.0,16
15:15:17,1660.031,1000,1000,106,10.0,16
15:15:18,1660.23,1000,1000,106,10.0,16
15:15:18,1660.43,999,1000,106,10.0,16
15:15:18,1660.629,1002,1000,106,10.0,16
15:15:18,1660.829,999,1000,106,10.0,16
15:15:18,1661.029,1000,1000,106,10.0,16
15:15:19,1661.236,1002,1000,106,10.0,16
15:15:19,1661.428,1001,1000,106,10.0,16
15:15:19,1661.62,999,1000,106,10.0,16
15:15:19,1661.828,1001,1000,106,10.0,16
15:15:19,1662.025,1003,1000,106,10.0,16
15:15:20,1662.224,1005,1000,106,10.0,15
15:15:20,1662.423,1000,1000,106,10.0,16
15:15:20,1662.624,1001,1000,106,10.0,16
15:15:20,1662.827,1001,1000,106,10.0,16
15:15:20,1663.029,996,1000,106,10.0,16
15:15:21,1663.22,997,1000,106,10.0,16
15:15:21,1663.428,998,1000,106,10.0,16
15:15:21,1663.619,997,1000,106,10.0,16
15:15:21,1663.827,997,1000,106,10.0,16
15:15:21,1664.02,997,1000,106,10.0,16
15:15:22,1664.221,998,1000,106,10.0,16
15:15:22,1664.423,998,1000,106,10.0,16
15:15:22,1664.626,997,1000,106,10.0,16
15:15:22,1664.827,998,1000,106,10.0,16
15:15:22,1665.018,999,1000,106,10.0,16
15:15:23,1665.216,994,1000,106,10.0,16
15:15:23,1665.416,998,1000,106,10.0,16
15:15:23,1665.617,1001,1000,106,10.0,16
15:15:23,1665.82,1004,1000,106,10.0,16
15:15:23,1666.022,1001,1000,106,10.0,16
15:15:24,1666.222,1001,1000,106,10.0,16
15:15:24,1666.422,1004,1000,106,10.0,16
15:15:24,1666.613,1004,1000,106,10.0,16
15:15:24,1666.812,1005,1000,106,10.0,15
15:15:24,1667.013,1000,1000,106,10.0,16
15:15:25,1667.211,1001,1000,106,10.0,16
15:15:25,1667.412,1001,1000,106,10.0,16
15:15:25,1667.612,1000,1000,106,10.0,16
15:15:25,1667.813,999,1000,106,10.0,16
15:15:25,1668.014,1000,1000,106,10.0,16
15:15:26,1668.215,1000,1000,106,10.0,16
15:15:26,1668.417,1000,1000,106,10.0,16
15:15:26,1668.607,997,1000,106,10.0,16
15:15:26,1668.807,998,1000,106,10.0,16
15:15:26,1669.008,999,1000,106,10.0,16
15:15:27,1669.209,995,1000,106,10.0,16
15:15:27,1669.408,997,1000,106,10.0,16
15:15:27,1669.609,998,1000,106,10.0,16
15:15:27,1669.81,999,1000,106,10.0,16
15:15:27,1670.014,995,1000,106,10.0,16
15:15:28,1670.204,996,1000,106,10.0,16
15:15:28,1670.411,998,1000,106,10.0,16
15:15:28,1670.602,995,1000,106,10.0,16
15:15:28,1670.809,992,1000,106,10.0,16
15:15:28,1671.001,996,1000,106,10.0,16
15:15:29,1671.206,995,1000,106,10.0,16
15:15:29,1671.407,995,1000,106,10.0,16
15:15:29,1671.61,999,1000,106,10.0,16
15:15:29,1671.799,999,1000,106,10.0,16
15:15:29,1671.999,1002,1000,106,10.0,16
15:15:30,1672.201,1000,1000,106,10.0,16
15:15:30,1672.403,1000,1000,106,10.0,16
15:15:30,1672.604,1003,1000,106,10.0,16
15:15:30,1672.797,1003,1000,106,10.0,16
15:15:30,1672.996,1005,1000,106,10.0,15
15:15:31,1673.204,1000,1000,106,10.0,16
15:15:31,1673.395,1001,1000,106,10.0,16
15:15:31,1673.603,1001,1000,106,10.0,16
15:15:31,1673.796,1001,1000,106,10.0,16
15:15:31,1673.987,998,1000,106,10.0,16
15:15:32,1674.193,999,1000,106,10.0,16
15:15:32,1674.392,1000,1000,106,10.0,16
15:15:32,1674.594,998,1000,106,10.0,16
15:15:32,1674.797,994,1000,106,10.0,16
15:15:32,1674.999,998,1000,106,10.0,16
15:15:33,1675.201,998,1000,106,10.0,16
15:15:33,1675.39,997,1000,106,10.0,16
15:15:33,1675.589,1000,1000,106,10.0,16
15:15:33,1675.789,999,1000,106,10.0,16
15:15:33,1675.989,999,1000,106,10.0,16
15:15:34,1676.188,1002,1000,106,10.0,16
15:15:34,1676.379,1000,1000,106,10.0,16
15:15:34,1676.588,1003,1000,106,10.0,16
15:15:34,1676.781,1000,1000,106,10.0,16
15:15:34,1676.989,1001,1000,106,10.0,16
15:15:35,1677.193,1004,1000,106,10.0,16
15:15:35,1677.385,1004,1000,106,10.0,16
15:15:35,1677.585,1006,1000,106,10.0,15
15:15:35,1677.785,1001,1000,106,10.0,16
15:15:35,1677.986,1001,1000,106,10.0,16
15:15:36,1678.188,1002,1000,106,10.0,16
15:15:36,1678.389,1002,1000,106,10.0,16
15:15:36,1678.581,998,1000,106,10.0,16
15:15:36,1678.781,999,1000,106,10.0,16
15:15:36,1678.98,1000,1000,106,10.0,16
15:15:37,1679.179,998,1000,106,10.0,16
15:15:37,1679.38,994,1000,106,10.0,16
15:15:37,1679.58,998,1000,106,10.0,16
15:15:37,1679.782,997,1000,106,10.0,16
15:15:37,1679.983,1000,1000,106,10.0,16
15:15:38,1680.185,998,1000,106,10.0,16
15:15:38,1680.386,1002,1000,106,10.0,16
15:15:38,1680.576,1004,1000,106,10.0,16
15:15:38,1680.776,1003,1000,106,10.0,16
15:15:38,1680.978,1006,1000,106,10.0,15
15:15:39,1681.172,1001,1000,106,10.0,16
15:15:39,1681.38,1001,1000,106,10.0,16
15:15:39,1681.572,1002,1000,106,10.0,16
15:15:39,1681.781,1003,1000,106,10.0,16
15:15:39,1681.972,998,1000,106,10.0,16
15:15:40,1682.175,999,1000,106,10.0,16
15:15:40,1682.376,1000,1000,106,10.0,16
15:15:40,1682.578,1001,1000,106,10.0,16
15:15:40,1682.778,997,1000,106,10.0,16
15:15:40,1682.978,998,1000,106,10.0,16
15:15:41,1683.174,1000,1000,106,10.0,16
15:15:41,1683.362,1001,1000,106,10.0,16
15:15:41,1683.57,997,1000,106,10.0,16
15:15:41,1683.761,999,1000,106,10.0,16
15:15:41,1683.968,1000,1000,106,10.0,16
15:15:42,1684.173,1001,1000,106,10.0,16
15:15:42,1684.367,999,1000,106,10.0,16
15:15:42,1684.565,1000,1000,106,10.0,16
15:15:42,1684.765,1001,1000,106,10.0,16
15:15:42,1684.965,1002,1000,106,10.0,16
15:15:43,1685.167,1000,1000,106,10.0,16
15:15:43,1685.368,1001,1000,106,10.0,16
15:15:43,1685.569,1002,1000,106,10.0,16
15:15:43,1685.771,1002,1000,106,10.0,16
15:15:43,1685.962,1000,1000,106,10.0,16
15:15:43,1686.156,996,1000,106,10.0,16
15:15:44,1686.363,998,1000,106,10.0,16
15:15:44,1686.561,999,1000,106,10.0,16
15:15:44,1686.763,1000,1000,106,10.0,16
15:15:44,1686.954,997,1000,106,10.0,16
15:15:45,1687.159,998,1000,106,10.0,16
15:15:45,1687.359,1000,1000,106,10.0,16
15:15:45,1687.559,1000,1000,106,10.0,16
15:15:45,1687.762,996,1000,106,10.0,16
15:15:45,1687.963,998,1000,106,10.0,16
15:15:46,1688.165,999,1000,106,10.0,16
15:15:46,1688.366,1001,1000,106,10.0,16
15:15:46,1688.555,997,1000,106,10.0,16
15:15:46,1688.755,998,1000,106,10.0,16
15:15:46,1688.955,1000,1000,106,10.0,16
15:15:46,1689.157,1001,1000,106,10.0,16
15:15:47,1689.348,997,1000,106,10.0,16
15:15:47,1689.555,998,1000,106,10.0,16
15:15:47,1689.746,1000,1000,106,10.0,16
15:15:47,1689.954,1001,1000,106,10.0,16
15:15:48,1690.16,1000,1000,106,10.0,16
15:15:48,1690.351,999,1000,106,10.0,16
15:15:48,1690.55,1001,1000,106,10.0,16
15:15:48,1690.75,1002,1000,106,10.0,16
15:15:48,1690.949,1001,1000,106,10.0,16
15:15:48,1691.15,997,1000,106,10.0,16
15:15:49,1691.351,999,1000,106,10.0,16
15:15:49,1691.554,1000,1000,106,10.0,16
15:15:49,1691.756,1002,1000,106,10.0,16
15:15:49,1691.946,998,1000,106,10.0,16
15:15:49,1692.146,1000,1000,106,10.0,16
15:15:50,1692.348,1001,1000,106,10.0,16
15:15:50,1692.539,1002,1000,106,10.0,16
15:15:50,1692.746,998,1000,106,10.0,16
15:15:50,1692.938,997,1000,106,10.0,16
15:15:50,1693.145,999,1000,106,10.0,16
15:15:51,1693.347,1000,1000,106,10.0,16
15:15:51,1693.547,1001,1000,106,10.0,16
15:15:51,1693.748,998,1000,106,10.0,16
15:15:51,1693.951,1000,1000,106,10.0,16
15:15:51,1694.14,1001,1000,106,10.0,16
15:15:52,1694.34,1001,1000,106,10.0,16
15:15:52,1694.54,998,1000,106,10.0,16
15:15:52,1694.739,999,1000,106,10.0,16
15:15:52,1694.941,1001,1000,106,10.0,16
15:15:52,1695.141,1002,1000,106,10.0,16
15:15:53,1695.332,999,1000,106,10.0,16
15:15:53,1695.539,1000,1000,106,10.0,16
15:15:53,1695.732,1002,1000,106,10.0,16
15:15:53,1695.939,1003,1000,106,10.0,16
15:15:53,1696.144,999,1000,106,10.0,16
15:15:54,1696.334,996,1000,106,10.0,16
15:15:54,1696.533,998,1000,106,10.0,16
15:15:54,1696.735,1000,1000,106,10.0,16
15:15:54,1696.935,1001,1000,106,10.0,16
15:15:54,1697.137,997,1000,106,10.0,16
15:15:55,1697.338,999,1000,106,10.0,16
15:15:55,1697.532,1001,1000,106,10.0,16
15:15:55,1697.731,1002,1000,106,10.0,16
15:15:55,1697.93,1000,1000,106,10.0,16
15:15:55,1698.13,1001,1000,106,10.0,16
15:15:56,1698.332,1002,1000,106,10.0,16
15:15:56,1698.535,1003,1000,106,10.0,16
15:15:56,1698.737,1003,1000,106,10.0,16
15:15:56,1698.928,1001,1000,106,10.0,16
15:15:56,1699.125,1002,1000,106,10.0,16
15:15:57,1699.331,1003,1000,106,10.0,16
15:15:57,1699.525,1003,1000,106,10.0,16
15:15:57,1699.733,1000,1000,106,10.0,16
15:15:57,1699.925,1001,1000,106,10.0,16
15:15:57,1700.132,1002,1000,106,10.0,16
15:15:58,1700.332,1003,1000,106,10.0,16
15:15:58,1700.523,1000,1000,106,10.0,16
15:15:58,1700.722,996,1000,106,10.0,16
15:15:58,1700.923,998,1000,106,10.0,16
15:15:58,1701.121,1000,1000,106,10.0,16
15:15:59,1701.322,1002,1000,106,10.0,16
15:15:59,1701.523,998,1000,106,10.0,16
15:15:59,1701.724,1000,1000,106,10.0,16
15:15:59,1701.927,1001,1000,106,10.0,16
15:15:59,1702.124,1002,1000,106,10.0,16
15:16:00,1702.316,999,1000,106,10.0,16
15:16:00,1702.521,998,1000,106,10.0,16
15:16:00,1702.717,1000,1000,106,10.0,16
15:16:00,1702.92,1001,1000,106,10.0,16
15:16:00,1703.124,1001,1000,106,10.0,16
15:16:01,1703.316,998,1000,106,10.0,16
15:16:01,1703.515,1000,1000,106,10.0,16
15:16:01,1703.714,1001,1000,106,10.0,16
15:16:01,1703.913,1002,1000,106,10.0,16
15:16:01,1704.108,999,1000,106,10.0,16
15:16:02,1704.315,1001,1000,106,10.0,16
15:16:02,1704.506,1002,1000,106,10.0,16
15:16:02,1704.713,1003,1000,106,10.0,16
15:16:02,1704.905,1001,1000,106,10.0,16
15:16:02,1705.111,1002,1000,106,10.0,16
15:16:03,1705.311,1003,1000,106,10.0,16
15:16:03,1705.513,1004,1000,106,10.0,16
15:16:03,1705.713,1004,1000,106,10.0,16
15:16:03,1705.914,1000,1000,106,10.0,16
15:16:03,1706.114,1002,1000,106,10.0,16
15:16:04,1706.315,1003,1000,106,10.0,16
15:16:04,1706.507,1004,1000,106,10.0,16
15:16:04,1706.707,1002,1000,106,10.0,16
15:16:04,1706.905,998,1000,106,10.0,16
15:16:04,1707.108,1000,1000,106,10.0,16
15:16:05,1707.298,1001,1000,106,10.0,16
15:16:05,1707.506,1003,1000,106,10.0,16
15:16:05,1707.698,999,1000,106,10.0,16
15:16:05,1707.907,1001,1000,106,10.0,16
15:16:05,1708.103,1002,1000,106,10.0,16
15:16:06,1708.302,1003,1000,106,10.0,16
15:16:06,1708.502,1001,1000,106,10.0,16
15:16:06,1708.701,997,1000,106,10.0,16
15:16:06,1708.901,999,1000,106,10.0,16
15:16:06,1709.103,1001,1000,106,10.0,16
15:16:07,1709.305,1002,1000,106,10.0,16
15:16:07,1709.507,999,1000,106,10.0,16
15:16:07,1709.699,998,1000,106,10.0,16
15:16:07,1709.898,1000,1000,106,10.0,16
15:16:07,1710.092,1001,1000,106,10.0,16
15:16:08,1710.299,1003,1000,106,10.0,16
15:16:08,1710.491,999,1000,106,10.0,16
15:16:08,1710.698,1000,1000,106,10.0,16
15:16:08,1710.89,1002,1000,106,10.0,16
15:16:08,1711.097,1003,1000,106,10.0,16
15:16:09,1711.298,999,1000,106,10.0,16
15:16:09,1711.499,997,1000,106,10.0,16
15:16:09,1711.699,999,1000,106,10.0,16
15:16:09,1711.899,1001,1000,106,10.0,16
15:16:09,1712.092,1002,1000,106,10.0,16
15:16:10,1712.291,999,1000,106,10.0,16
15:16:10,1712.491,1000,1000,106,10.0,16
15:16:10,1712.692,1001,1000,106,10.0,16
15:16:10,1712.891,1003,1000,106,10.0,16
15:16:10,1713.091,1003,1000,106,10.0,16
15:16:11,1713.295,999,1000,106,10.0,16
15:16:11,1713.497,1001,1000,106,10.0,16
15:16:11,1713.689,1002,1000,106,10.0,16
15:16:11,1713.888,1004,1000,106,10.0,16
15:16:11,1714.087,999,1000,106,10.0,16
15:16:12,1714.287,1000,1000,106,10.0,16
15:16:12,1714.487,1001,1000,106,10.0,16
15:16:12,1714.685,1002,1000,106,10.0,16
15:16:12,1714.886,1003,1000,106,10.0,16
15:16:12,1715.085,999,1000,106,10.0,16
15:16:13,1715.287,1001,1000,106,10.0,16
15:16:13,1715.487,1002,1000,106,10.0,16
15:16:13,1715.686,1004,1000,106,10.0,16
15:16:13,1715.888,1003,1000,106,10.0,16
15:16:13,1716.076,1001,1000,106,10.0,16
15:16:14,1716.283,1002,1000,106,10.0,16
15:16:14,1716.475,1004,1000,106,10.0,16
15:16:14,1716.682,1005,1000,106,10.0,15
15:16:14,1716.873,1001,1000,106,10.0,16
15:16:14,1717.08,1000,1000,106,10.0,16
15:16:15,1717.283,1002,1000,106,10.0,16
15:16:15,1717.483,1003,1000,106,10.0,16
15:16:15,1717.682,1004,1000,106,10.0,16
15:16:15,1717.884,1000,1000,106,10.0,16
15:16:15,1718.085,1001,1000,106,10.0,16
15:16:16,1718.276,1003,1000,106,10.0,16
15:16:16,1718.477,1004,1000,106,10.0,16
15:16:16,1718.675,1004,1000,106,10.0,16
15:16:16,1718.876,1000,1000,106,10.0,16
15:16:16,1719.079,1002,1000,106,10.0,16
15:16:17,1719.283,1003,1000,106,10.0,16
15:16:17,1719.476,1005,1000,106,10.0,15
15:16:17,1719.679,1001,1000,106,10.0,16
15:16:17,1719.875,999,1000,106,10.0,16
15:16:17,1720.076,1001,1000,106,10.0,16
15:16:18,1720.277,1003,1000,106,10.0,16
15:16:18,1720.478,1004,1000,106,10.0,16
15:16:18,1720.679,1000,1000,106,10.0,16
15:16:18,1720.871,1002,1000,106,10.0,16
15:16:18,1721.079,1003,1000,106,10.0,16
15:16:19,1721.269,1005,1000,106,10.0,15
15:16:19,1721.47,1003,1000,106,10.0,16
15:16:19,1721.667,1000,1000,106,10.0,16
15:16:19,1721.868,1002,1000,106,10.0,16
15:16:19,1722.071,1003,1000,106,10.0,16
15:16:20,1722.27,1004,1000,106,10.0,16
15:16:20,1722.472,1003,1000,106,10.0,16
15:16:20,1722.672,1000,1000,106,10.0,16
15:16:20,1722.865,1002,1000,106,10.0,16
15:16:20,1723.064,1003,1000,106,10.0,16
15:16:21,1723.264,1004,1000,106,10.0,16
15:16:21,1723.467,1004,1000,106,10.0,16
15:16:21,1723.667,1002,1000,106,10.0,16
15:16:21,1723.868,1003,1000,106,10.0,16
15:16:21,1724.062,1005,1000,106,10.0,15
15:16:22,1724.261,1006,1000,106,10.0,15
15:16:22,1724.46,1005,1000,106,10.0,15
15:16:22,1724.661,1001,1000,106,10.0,16
15:16:22,1724.863,1000,1000,106,10.0,16
15:16:22,1725.061,1002,1000,106,10.0,16
15:16:23,1725.256,1002,1000,106,10.0,16
15:16:23,1725.458,999,1000,106,10.0,16
15:16:23,1725.665,1001,1000,106,10.0,16
15:16:23,1725.857,1003,1000,106,10.0,16
15:16:23,1726.056,1004,1000,106,10.0,16
15:16:24,1726.255,1004,1000,106,10.0,16
15:16:24,1726.455,1001,1000,106,10.0,16
15:16:24,1726.654,1003,1000,106,10.0,16
15:16:24,1726.852,1004,1000,106,10.0,16
15:16:24,1727.055,1006,1000,106,10.0,15
15:16:25,1727.256,1006,1000,106,10.0,15
15:16:25,1727.457,1000,1000,106,10.0,15
15:16:25,1727.657,1000,1000,106,10.0,15
15:16:25,1727.857,1002,1000,106,10.0,15
15:16:25,1728.044,1002,1000,106,10.0,15
15:16:26,1728.251,1000,1000,106,10.0,15
15:16:26,1728.442,1002,1000,106,10.0,15
15:16:26,1728.651,1004,1000,106,10.0,15
15:16:26,1728.848,1005,1000,106,10.0,15
15:16:26,1729.05,1005,1000,106,10.0,15
15:16:27,1729.25,999,1000,106,10.0,15
15:16:27,1729.452,999,1000,106,10.0,15
15:16:27,1729.654,1002,1000,106,10.0,15
15:16:27,1729.845,1003,1000,106,10.0,15
15:16:27,1730.045,1000,1000,106,10.0,15
15:16:28,1730.253,1003,1000,106,10.0,15
15:16:28,1730.444,1004,1000,106,10.0,15
15:16:28,1730.652,1004,1000,106,10.0,15
15:16:28,1730.843,1001,1000,106,10.0,15
15:16:28,1731.051,1003,1000,106,10.0,15
15:16:29,1731.242,1005,1000,106,10.0,15
15:16:29,1731.442,999,1000,106,10.0,15
15:16:29,1731.642,999,1000,106,10.0,15
15:16:29,1731.842,999,1000,106,10.0,15
15:16:29,1732.044,996,1000,106,10.0,15
15:16:30,1732.247,992,1000,106,10.0,16
15:16:30,1732.439,996,1000,106,10.0,15
15:16:30,1732.638,996,1000,106,10.0,15
15:16:30,1732.84,994,1000,106,10.0,16
15:16:30,1733.045,998,1000,106,10.0,15
15:16:31,1733.236,996,1000,106,10.0,15
15:16:31,1733.443,998,1000,106,10.0,15
15:16:31,1733.635,1001,1000,106,10.0,15
15:16:31,1733.827,1003,1000,106,10.0,15
15:16:31,1734.035,1004,1000,106,10.0,15
15:16:32,1734.236,1006,1000,106,10.0,15
15:16:32,1734.439,1001,1000,106,10.0,15
15:16:32,1734.641,1000,1000,106,10.0,15
15:16:32,1734.831,1003,1000,106,10.0,15
15:16:32,1735.032,1002,1000,106,10.0,15
15:16:33,1735.232,1002,1000,106,10.0,15
15:16:33,1735.434,1005,1000,106,10.0,15
15:16:33,1735.637,1001,1000,106,10.0,15
15:16:33,1735.828,1001,1000,106,10.0,15
15:16:33,1736.029,1001,1000,106,10.0,15
15:16:34,1736.221,1000,1000,106,10.0,15
15:16:34,1736.428,998,1000,106,10.0,15
15:16:34,1736.62,999,1000,106,10.0,15
15:16:34,1736.828,1000,1000,106,10.0,15
15:16:34,1737.025,996,1000,106,10.0,15
15:16:35,1737.224,997,1000,106,10.0,15
15:16:35,1737.425,998,1000,106,10.0,15
15:16:35,1737.626,998,1000,106,10.0,15
15:16:35,1737.83,997,1000,106,10.0,15
15:16:35,1738.032,998,1000,106,10.0,15
15:16:36,1738.222,999,1000,106,10.0,15
15:16:36,1738.421,999,1000,106,10.0,15
15:16:36,1738.621,996,1000,106,10.0,15
15:16:36,1738.821,997,1000,106,10.0,15
15:16:36,1739.021,998,1000,106,10.0,15
15:16:37,1739.221,996,1000,106,10.0,15
15:16:37,1739.412,997,1000,106,10.0,15
15:16:37,1739.619,998,1000,106,10.0,15
15:16:37,1739.811,999,1000,106,10.0,15
15:16:37,1740.019,995,1000,106,10.0,15
15:16:38,1740.221,997,1000,106,10.0,15
15:16:38,1740.424,998,1000,106,10.0,15
15:16:38,1740.615,999,1000,106,10.0,15
15:16:38,1740.814,995,1000,106,10.0,15
15:16:38,1741.015,997,1000,106,10.0,15
15:16:39,1741.214,999,1000,106,10.0,15
15:16:39,1741.418,1000,1000,106,10.0,15
15:16:39,1741.619,996,1000,106,10.0,15
15:16:39,1741.82,997,1000,106,10.0,15
15:16:39,1742.011,999,1000,106,10.0,15
15:16:40,1742.21,998,1000,106,10.0,15
15:16:40,1742.41,995,1000,106,10.0,15
15:16:40,1742.614,997,1000,106,10.0,15
15:16:40,1742.812,998,1000,106,10.0,15
15:16:40,1743.013,1000,1000,106,10.0,15
15:16:41,1743.214,996,1000,106,10.0,15
15:16:41,1743.416,998,1000,106,10.0,15
15:16:41,1743.607,1000,1000,106,10.0,15
15:16:41,1743.806,1001,1000,106,10.0,15
15:16:41,1744.006,997,1000,106,10.0,15
15:16:42,1744.205,998,1000,106,10.0,15
15:16:42,1744.412,999,1000,106,10.0,15
15:16:42,1744.604,1000,1000,106,10.0,15
15:16:42,1744.811,998,1000,106,10.0,15
15:16:42,1745.003,1000,1000,106,10.0,15
15:16:43,1745.206,1001,1000,106,10.0,15
15:16:43,1745.408,1001,1000,106,10.0,15
15:16:43,1745.61,999,1000,106,10.0,15
15:16:43,1745.802,995,1000,106,10.0,15
15:16:43,1746.0,997,1000,106,10.0,15
15:16:44,1746.201,999,1000,106,10.0,15
15:16:44,1746.401,999,1000,106,10.0,15
15:16:44,1746.603,996,1000,106,10.0,15
15:16:44,1746.805,998,1000,106,10.0,15
15:16:44,1747.006,998,1000,106,10.0,15
15:16:45,1747.204,995,1000,106,10.0,15
15:16:45,1747.394,995,1000,106,10.0,15
15:16:45,1747.602,995,1000,106,10.0,15
15:16:45,1747.796,990,1000,106,10.0,16
15:16:45,1748.001,993,1000,106,10.0,16
15:16:46,1748.204,995,1000,106,10.0,15
15:16:46,1748.393,997,1000,106,10.0,15
15:16:46,1748.594,994,1000,106,10.0,16
15:16:46,1748.793,995,1000,106,10.0,15
15:16:46,1748.993,995,1000,106,10.0,15
15:16:47,1749.195,992,1000,106,10.0,16
15:16:47,1749.396,993,1000,106,10.0,16
15:16:47,1749.597,994,1000,106,10.0,16
15:16:47,1749.79,993,1000,106,10.0,16
15:16:47,1749.989,994,1000,106,10.0,16
15:16:48,1750.188,994,1000,106,10.0,16
15:16:48,1750.395,994,1000,106,10.0,16
15:16:48,1750.587,994,1000,106,10.0,16
15:16:48,1750.793,993,1000,106,10.0,16
15:16:48,1750.984,991,1000,106,10.0,16
15:16:49,1751.188,991,1000,107,10.0,16
15:16:49,1751.388,992,1000,107,10.0,16
15:16:49,1751.588,987,1000,107,10.0,16
15:16:49,1751.79,988,1000,107,10.0,16
15:16:49,1751.992,986,1000,107,10.0,17
15:16:50,1752.183,983,1000,107,10.0,17
15:16:50,1752.383,983,1000,107,10.0,17
15:16:50,1752.584,984,1000,107,10.0,17
15:16:50,1752.785,987,1000,107,10.0,17
15:16:50,1752.986,989,1000,107,10.0,17
15:16:51,1753.173,991,1000,107,10.0,17
15:16:51,1753.38,988,1000,107,10.0,17
15:16:51,1753.572,990,1000,107,10.0,17
15:16:51,1753.782,991,1000,107,10.0,17
15:16:51,1753.971,991,1000,107,10.0,17
15:16:52,1754.178,992,1000,107,10.0,17
15:16:52,1754.377,993,1000,107,10.0,17
15:16:52,1754.576,990,1000,107,10.0,17
15:16:52,1754.777,992,1000,108,10.0,17
15:16:52,1754.981,993,1000,108,10.0,17
15:16:53,1755.184,989,1000,108,10.0,17
15:16:53,1755.374,991,1000,108,10.0,17
15:16:53,1755.574,994,1000,108,10.0,17
15:16:53,1755.773,991,1000,108,10.0,17
15:16:53,1755.974,993,1000,108,10.0,17
15:16:54,1756.173,996,1000,108,10.0,17
15:16:54,1756.377,996,1000,108,10.0,17
15:16:54,1756.576,991,1000,108,10.0,17
15:16:54,1756.778,992,1000,108,10.0,17
15:16:54,1756.97,996,1000,108,10.0,17
15:16:55,1757.171,998,1000,108,10.0,17
15:16:55,1757.362,994,1000,108,10.0,17
15:16:55,1757.57,995,1000,108,10.0,17
15:16:55,1757.76,996,1000,108,10.0,17
15:16:55,1757.97,991,1000,108,10.0,17
15:16:56,1758.171,994,1000,108,10.0,17
15:16:56,1758.373,997,1000,108,10.0,17
15:16:56,1758.565,998,1000,108,10.0,17
15:16:56,1758.764,997,1000,108,10.0,17
15:16:56,1758.965,997,1000,108,10.0,17
15:16:57,1759.165,997,1000,108,10.0,17
15:16:57,1759.366,993,1000,108,10.0,17
15:16:57,1759.568,994,1000,108,10.0,17
15:16:57,1759.771,997,1000,108,10.0,17
15:16:57,1759.961,1000,1000,108,10.0,17
15:16:58,1760.16,997,1000,108,10.0,17
15:16:58,1760.36,998,1000,108,10.0,17
15:16:58,1760.56,998,1000,108,10.0,17
15:16:58,1760.762,997,1000,108,10.0,17
15:16:58,1760.963,996,1000,108,10.0,17
15:16:59,1761.165,997,1000,108,10.0,17
15:16:59,1761.357,997,1000,108,10.0,17
15:16:59,1761.556,993,1000,108,10.0,17
15:16:59,1761.756,996,1000,108,10.0,17
15:16:59,1761.955,999,1000,108,10.0,17
15:16:59,1762.156,1000,1000,108,10.0,17
15:17:00,1762.355,997,1000,108,10.0,17
15:17:00,1762.557,997,1000,108,10.0,17
15:17:00,1762.758,998,1000,108,10.0,17
15:17:00,1762.96,996,1000,108,10.0,17
15:17:01,1763.16,996,1000,108,10.0,17
15:17:01,1763.351,996,1000,108,10.0,17
15:17:01,1763.551,996,1000,108,10.0,17
15:17:01,1763.75,994,1000,108,10.0,17
15:17:01,1763.952,996,1000,108,10.0,17
15:17:01,1764.156,999,1000,108,10.0,17
15:17:02,1764.347,1000,1000,108,10.0,17
15:17:02,1764.555,995,1000,108,10.0,17
15:17:02,1764.745,995,1000,108,10.0,17
15:17:02,1764.951,996,1000,108,10.0,17
15:17:02,1765.155,992,1000,108,10.0,18
15:17:03,1765.354,996,1000,108,10.0,17
15:17:03,1765.546,998,1000,108,10.0,17
15:17:03,1765.745,1001,1000,108,10.0,17
15:17:03,1765.945,1000,1000,108,10.0,17
15:17:03,1766.145,1001,1000,108,10.0,17
15:17:04,1766.346,1003,1000,108,10.0,17
15:17:04,1766.547,1004,1000,108,10.0,17
15:17:04,1766.747,1005,1000,108,10.0,17
15:17:04,1766.947,1002,1000,108,10.0,17
15:17:04,1767.148,1001,1000,108,10.0,17
15:17:05,1767.342,1001,1000,108,10.0,17
15:17:05,1767.541,999,1000,108,10.0,17
15:17:05,1767.741,998,1000,108,10.0,17
15:17:05,1767.942,998,1000,108,10.0,17
15:17:05,1768.141,998,1000,108,10.0,17
15:17:06,1768.332,993,1000,108,10.0,17
15:17:06,1768.539,996,1000,108,10.0,17
15:17:06,1768.746,999,1000,108,10.0,17
15:17:06,1768.938,1000,1000,108,10.0,17
15:17:06,1769.143,998,1000,108,10.0,17
15:17:07,1769.345,1001,1000,108,10.0,17
15:17:07,1769.535,1002,1000,108,10.0,17
15:17:07,1769.735,1004,1000,108,10.0,17
15:17:07,1769.934,1004,1000,108,10.0,17
15:17:07,1770.135,1001,1000,108,10.0,17
15:17:08,1770.338,1002,1000,108,10.0,17
15:17:08,1770.54,1004,1000,108,10.0,17
15:17:08,1770.742,1005,1000,108,10.0,17
15:17:08,1770.931,1003,1000,108,10.0,17
15:17:08,1771.131,1001,1000,108,10.0,17
15:17:09,1771.332,1000,1000,108,10.0,17
15:17:09,1771.534,999,1000,108,10.0,17
15:17:09,1771.737,995,1000,108,10.0,17
15:17:09,1771.938,996,1000,108,10.0,17
15:17:09,1772.128,996,1000,108,10.0,17
15:17:10,1772.327,991,1000,108,10.0,18
15:17:10,1772.528,995,1000,108,10.0,17
15:17:10,1772.73,998,1000,108,10.0,17
15:17:10,1772.932,1000,1000,108,10.0,17
15:17:10,1773.133,999,1000,108,10.0,17
15:17:11,1773.335,1001,1000,108,10.0,17
15:17:11,1773.525,1002,1000,108,10.0,17
15:17:11,1773.725,1004,1000,108,10.0,17
15:17:11,1773.926,1005,1000,108,10.0,17
15:17:11,1774.125,1002,1000,108,10.0,17
15:17:12,1774.317,1001,1000,108,10.0,17
15:17:12,1774.524,1003,1000,108,10.0,17
15:17:12,1774.715,1004,1000,108,10.0,17
15:17:12,1774.922,1000,1000,108,10.0,17
15:17:12,1775.129,1002,1000,108,10.0,17
15:17:13,1775.321,1003,1000,108,10.0,17
15:17:13,1775.519,1005,1000,108,10.0,17
15:17:13,1775.72,1001,1000,108,10.0,17
15:17:13,1775.922,995,1000,108,10.0,17
15:17:13,1776.123,996,1000,108,10.0,17
15:17:14,1776.325,996,1000,108,10.0,17
15:17:14,1776.525,991,1000,108,10.0,18
15:17:14,1776.716,995,1000,108,10.0,17
15:17:14,1776.916,998,1000,108,10.0,17
15:17:14,1777.117,1000,1000,108,10.0,17
15:17:15,1777.318,997,1000,108,10.0,17
15:17:15,1777.518,996,1000,108,10.0,17
15:17:15,1777.72,999,1000,108,10.0,17
15:17:15,1777.921,1001,1000,108,10.0,17
15:17:15,1778.113,1003,1000,108,10.0,17
15:17:16,1778.311,999,1000,108,10.0,17
15:17:16,1778.512,1001,1000,108,10.0,17
15:17:16,1778.711,1002,1000,108,10.0,17
15:17:16,1778.911,1004,1000,108,10.0,17
15:17:16,1779.112,1002,1000,108,10.0,17
15:17:17,1779.314,999,1000,108,10.0,17
15:17:17,1779.515,1001,1000,108,10.0,17
15:17:17,1779.708,1003,1000,108,10.0,17
15:17:17,1779.908,1004,1000,108,10.0,17
15:17:17,1780.109,1003,1000,108,10.0,17
15:17:18,1780.317,998,1000,108,10.0,17
15:17:18,1780.504,1001,1000,108,10.0,17
15:17:18,1780.71,1002,1000,108,10.0,17
15:17:18,1780.907,1004,1000,108,10.0,17
15:17:18,1781.106,1003,1000,108,10.0,17
15:17:19,1781.31,1002,1000,108,10.0,17
15:17:19,1781.512,1003,1000,108,10.0,17
15:17:19,1781.703,1005,1000,108,10.0,17
15:17:19,1781.903,1003,1000,108,10.0,17
15:17:19,1782.102,998,1000,108,10.0,17
15:17:20,1782.3,998,1000,108,10.0,17
15:17:20,1782.501,998,1000,108,10.0,17
15:17:20,1782.701,994,1000,108,10.0,17
15:17:20,1782.903,997,1000,108,10.0,17
15:17:20,1783.102,999,1000,108,10.0,17
15:17:21,1783.301,1001,1000,108,10.0,17
15:17:21,1783.503,999,1000,108,10.0,17
15:17:21,1783.705,996,1000,108,10.0,17
15:17:21,1783.905,998,1000,108,10.0,17
15:17:21,1784.093,1001,1000,108,10.0,17
15:17:22,1784.3,1003,1000,108,10.0,17
15:17:22,1784.491,999,1000,108,10.0,17
15:17:22,1784.699,1002,1000,108,10.0,17
15:17:22,1784.89,1004,1000,108,10.0,17
15:17:22,1785.096,1005,1000,108,10.0,17
15:17:23,1785.298,1002,1000,108,10.0,17
15:17:23,1785.499,996,1000,108,10.0,17
15:17:23,1785.702,996,1000,108,10.0,17
15:17:23,1785.892,996,1000,108,10.0,17
15:17:23,1786.091,992,1000,108,10.0,18
15:17:24,1786.29,995,1000,108,10.0,17
15:17:24,1786.49,998,1000,108,10.0,17
15:17:24,1786.69,1001,1000,108,10.0,17
15:17:24,1786.891,998,1000,108,10.0,17
15:17:24,1787.092,995,1000,108,10.0,17
15:17:25,1787.293,997,1000,108,10.0,17
15:17:25,1787.497,1000,1000,108,10.0,17
15:17:25,1787.686,1002,1000,108,10.0,17
15:17:25,1787.887,998,1000,108,10.0,17
15:17:25,1788.089,1000,1000,108,10.0,17
15:17:26,1788.291,1002,1000,108,10.0,17
15:17:26,1788.494,1004,1000,108,10.0,17
15:17:26,1788.684,1005,1000,108,10.0,17
15:17:26,1788.883,999,1000,108,10.0,17
15:17:26,1789.076,999,1000,108,10.0,17
15:17:27,1789.284,1000,1000,108,10.0,17
15:17:27,1789.476,1001,1000,108,10.0,17
15:17:27,1789.684,997,1000,108,10.0,17
15:17:27,1789.875,1000,1000,108,10.0,17
15:17:27,1790.082,1002,1000,108,10.0,17
15:17:28,1790.284,1004,1000,108,10.0,17
15:17:28,1790.486,1003,1000,108,10.0,17
15:17:28,1790.689,1001,1000,108,10.0,17
15:17:28,1790.879,1003,1000,108,10.0,17
15:17:28,1791.079,1004,1000,108,10.0,17
15:17:29,1791.279,1005,1000,108,10.0,17
15:17:29,1791.479,998,1000,108,10.0,17
15:17:29,1791.68,997,1000,108,10.0,17
15:17:29,1791.884,997,1000,108,10.0,17
15:17:29,1792.076,997,1000,108,10.0,17
15:17:30,1792.276,994,1000,108,10.0,17
15:17:30,1792.476,997,1000,108,10.0,17
15:17:30,1792.675,1000,1000,108,10.0,17
15:17:30,1792.877,1000,1000,108,10.0,17
15:17:30,1793.079,999,1000,108,10.0,17
15:17:31,1793.282,1001,1000,108,10.0,17
15:17:31,1793.473,1003,1000,108,10.0,17
15:17:31,1793.671,1004,1000,108,10.0,17
15:17:31,1793.872,1003,1000,108,10.0,17
15:17:31,1794.075,1002,1000,108,10.0,17
15:17:32,1794.266,1003,1000,108,10.0,17
15:17:32,1794.473,1004,1000,108,10.0,17
15:17:32,1794.664,1006,1000,108,10.0,17
15:17:32,1794.87,999,1000,108,10.0,17
15:17:32,1795.076,998,1000,108,10.0,17
15:17:33,1795.268,998,1000,108,10.0,17
15:17:33,1795.475,998,1000,108,10.0,17
15:17:33,1795.666,995,1000,108,10.0,17
15:17:33,1795.874,995,1000,108,10.0,17
15:17:33,1796.066,996,1000,108,10.0,17
15:17:34,1796.267,991,1000,108,10.0,18
15:17:34,1796.468,995,1000,108,10.0,17
15:17:34,1796.669,998,1000,108,10.0,17
15:17:34,1796.873,998,1000,108,10.0,17
15:17:34,1797.062,997,1000,108,10.0,17
15:17:35,1797.263,1000,1000,108,10.0,17
15:17:35,1797.463,1002,1000,108,10.0,17
15:17:35,1797.666,1003,1000,108,10.0,17
15:17:35,1797.866,1003,1000,108,10.0,17
15:17:35,1798.061,1001,1000,108,10.0,17
15:17:36,1798.267,1003,1000,108,10.0,17
15:17:36,1798.458,1004,1000,108,10.0,17
15:17:36,1798.666,1005,1000,108,10.0,17
15:17:36,1798.858,1004,1000,108,10.0,17
15:17:36,1799.067,1001,1000,108,10.0,17
15:17:37,1799.257,1001,1000,108,10.0,17
15:17:37,1799.457,1000,1000,108,10.0,17
15:17:37,1799.656,996,1000,108,10.0,17
15:17:37,1799.858,996,1000,108,10.0,17
15:17:37,1800.061,997,1000,108,10.0,17
15:17:38,1800.252,992,1000,108,10.0,18
15:17:38,1800.463,996,1000,108,10.0,17
15:17:38,1800.653,998,1000,108,10.0,17
15:17:38,1800.862,1000,1000,108,10.0,17
15:17:38,1801.054,996,1000,108,10.0,17
15:17:39,1801.246,999,1000,108,10.0,17
15:17:39,1801.454,1001,1000,108,10.0,17
15:17:39,1801.645,1003,1000,108,10.0,17
15:17:39,1801.852,1003,1000,108,10.0,17
15:17:39,1802.05,1000,1000,108,10.0,17
15:17:40,1802.25,1002,1000,108,10.0,17
15:17:40,1802.449,1004,1000,108,10.0,17
15:17:40,1802.649,1005,1000,108,10.0,17
15:17:40,1802.848,1004,1000,108,10.0,17
15:17:40,1803.049,1000,1000,108,10.0,17
15:17:41,1803.252,1002,1000,108,10.0,17
15:17:41,1803.455,1004,1000,108,10.0,17
15:17:41,1803.655,1003,1000,108,10.0,17
15:17:41,1803.856,1002,1000,108,10.0,17
15:17:41,1804.046,1003,1000,108,10.0,17
15:17:42,1804.246,1005,1000,108,10.0,17
15:17:42,1804.444,1003,1000,108,10.0,17
15:17:42,1804.646,999,1000,108,10.0,17
15:17:42,1804.849,998,1000,108,10.0,17
15:17:42,1805.051,998,1000,108,10.0,17
15:17:43,1805.242,995,1000,108,10.0,17
15:17:43,1805.441,996,1000,108,10.0,17
15:17:43,1805.64,997,1000,108,10.0,17
15:17:43,1805.843,995,1000,108,10.0,17
15:17:43,1806.044,995,1000,108,10.0,17
15:17:44,1806.247,996,1000,108,10.0,17
15:17:44,1806.445,996,1000,108,10.0,17
15:17:44,1806.648,993,1000,108,10.0,18
15:17:44,1806.837,995,1000,108,10.0,17
15:17:44,1807.045,998,1000,108,10.0,17
15:17:45,1807.237,999,1000,108,10.0,17
15:17:45,1807.445,996,1000,108,10.0,17
15:17:45,1807.636,999,1000,108,10.0,17
15:17:45,1807.828,1001,1000,108,10.0,17
15:17:45,1808.037,1003,1000,108,10.0,17
15:17:46,1808.239,1004,1000,108,10.0,17
15:17:46,1808.442,1000,1000,108,10.0,17
15:17:46,1808.633,1002,1000,108,10.0,17
15:17:46,1808.831,1004,1000,108,10.0,17
15:17:46,1809.033,1005,1000,108,10.0,17
15:17:47,1809.235,1003,1000,108,10.0,17
15:17:47,1809.435,1001,1000,108,10.0,17
15:17:47,1809.636,1001,1000,108,10.0,17
15:17:47,1809.837,1000,1000,108,10.0,17
15:17:47,1810.029,995,1000,108,10.0,17
15:17:48,1810.227,995,1000,108,10.0,17
15:17:48,1810.428,996,1000,108,10.0,17
15:17:48,1810.627,991,1000,108,10.0,18
15:17:48,1810.829,995,1000,108,10.0,17
15:17:48,1811.028,998,1000,108,10.0,17
15:17:49,1811.232,1001,1000,108,10.0,17
15:17:49,1811.424,1001,1000,108,10.0,17
15:17:49,1811.633,999,1000,108,10.0,17
15:17:49,1811.824,1002,1000,108,10.0,17
15:17:49,1812.029,1003,1000,108,10.0,17
15:17:50,1812.22,999,1000,108,10.0,17
15:17:50,1812.427,1001,1000,108,10.0,17
15:17:50,1812.619,1003,1000,108,10.0,17
15:17:50,1812.827,1005,1000,108,10.0,17
15:17:50,1813.021,1005,1000,108,10.0,17
15:17:51,1813.221,998,1000,108,10.0,17
15:17:51,1813.423,998,1000,108,10.0,17
15:17:51,1813.623,998,1000,108,10.0,17
15:17:51,1813.826,993,1000,108,10.0,17
15:17:51,1814.029,997,1000,108,10.0,17
15:17:52,1814.222,1000,1000,108,10.0,17
15:17:52,1814.411,1002,1000,108,10.0,17
15:17:52,1814.618,999,1000,108,10.0,17
15:17:52,1814.81,994,1000,108,10.0,17
15:17:52,1815.02,997,1000,108,10.0,17
15:17:53,1815.22,1000,1000,108,10.0,17
15:17:53,1815.42,1003,1000,108,10.0,17
15:17:53,1815.623,999,1000,108,10.0,17
15:17:53,1815.812,998,1000,108,10.0,17
15:17:53,1816.012,1000,1000,108,10.0,17
15:17:54,1816.212,1003,1000,108,10.0,17
15:17:54,1816.413,1005,1000,108,10.0,17
15:17:54,1816.612,1003,1000,108,10.0,17
15:17:54,1816.816,1002,1000,108,10.0,17
15:17:54,1817.029,1004,1000,108,10.0,17
15:17:55,1817.204,1002,1000,108,10.0,17
15:17:55,1817.414,1003,1000,108,10.0,17
15:17:55,1817.604,1005,1000,108,10.0,17
15:17:55,1817.81,1003,1000,108,10.0,17
15:17:55,1818.001,997,1000,108,10.0,17
15:17:56,1818.206,998,1000,108,10.0,17
15:17:56,1818.406,999,1000,108,10.0,17
15:17:56,1818.609,996,1000,108,10.0,17
15:17:56,1818.81,997,1000,108,10.0,17
15:17:56,1819.012,998,1000,108,10.0,17
15:17:57,1819.203,998,1000,108,10.0,17
15:17:57,1819.402,994,1000,108,10.0,17
15:17:57,1819.602,998,1000,108,10.0,17
15:17:57,1819.802,998,1000,108,10.0,17
15:17:57,1820.004,999,1000,108,10.0,17
15:17:58,1820.205,1002,1000,108,10.0,17
15:17:58,1820.396,998,1000,108,10.0,17
15:17:58,1820.604,1001,1000,108,10.0,17
15:17:58,1820.794,998,1000,108,10.0,17
15:17:58,1821.002,1000,1000,108,10.0,17
15:17:59,1821.205,1003,1000,108,10.0,17
15:17:59,1821.407,1001,1000,108,10.0,17
15:17:59,1821.598,997,1000,108,10.0,17
15:17:59,1821.797,1001,1000,108,10.0,17
15:17:59,1821.996,1001,1000,108,10.0,17
15:18:00,1822.196,1003,1000,108,10.0,17
15:18:00,1822.397,1000,1000,108,10.0,17
15:18:00,1822.599,1001,1000,108,10.0,17
15:18:00,1822.8,1004,1000,108,10.0,17
15:18:00,1822.994,1005,1000,108,10.0,17
15:18:01,1823.193,1006,1000,108,10.0,17
15:18:01,1823.393,1005,1000,108,10.0,17
15:18:01,1823.594,1001,1000,108,10.0,17
15:18:01,1823.797,996,1000,108,10.0,17
15:18:01,1823.998,997,1000,108,10.0,17
15:18:02,1824.189,997,1000,108,10.0,17
15:18:02,1824.396,993,1000,108,10.0,17
15:18:02,1824.588,997,1000,108,10.0,17
15:18:02,1824.795,995,1000,108,10.0,17
15:18:02,1824.987,999,1000,108,10.0,17
15:18:03,1825.188,1000,1000,108,10.0,17
15:18:03,1825.389,995,1000,108,10.0,17
15:18:03,1825.592,996,1000,108,10.0,17
15:18:03,1825.794,998,1000,108,10.0,17
15:18:03,1825.985,996,1000,108,10.0,17
15:18:04,1826.184,992,1000,108,10.0,18
15:18:04,1826.385,996,1000,108,10.0,17
15:18:04,1826.585,999,1000,108,10.0,17
15:18:04,1826.786,997,1000,108,10.0,17
15:18:04,1826.989,998,1000,108,10.0,17
15:18:05,1827.192,999,1000,108,10.0,17
15:18:05,1827.381,999,1000,108,10.0,17
15:18:05,1827.58,994,1000,108,10.0,17
15:18:05,1827.784,998,1000,108,10.0,17
15:18:05,1827.984,1001,1000,108,10.0,17
15:18:06,1828.185,998,1000,108,10.0,17
15:18:06,1828.387,998,1000,108,10.0,17
15:18:06,1828.578,1002,1000,108,10.0,17
15:18:06,1828.777,1002,1000,108,10.0,17
15:18:06,1828.977,1005,1000,108,10.0,17
15:18:07,1829.179,999,1000,108,10.0,17
15:18:07,1829.379,1000,1000,108,10.0,17
15:18:07,1829.58,1000,1000,108,10.0,17
15:18:07,1829.783,999,1000,108,10.0,17
15:18:07,1829.974,998,1000,108,10.0,17
15:18:08,1830.173,999,1000,108,10.0,17
15:18:08,1830.373,1000,1000,108,10.0,17
15:18:08,1830.575,999,1000,108,10.0,17
15:18:08,1830.778,998,1000,108,10.0,17
15:18:08,1830.971,998,1000,108,10.0,17
15:18:09,1831.171,999,1000,108,10.0,17
15:18:09,1831.371,995,1000,108,10.0,17
15:18:09,1831.572,996,1000,108,10.0,17
15:18:09,1831.773,998,1000,108,10.0,17
15:18:09,1831.972,998,1000,108,10.0,17
15:18:10,1832.173,996,1000,108,10.0,17
15:18:10,1832.374,997,1000,108,10.0,17
15:18:10,1832.577,998,1000,108,10.0,17
15:18:10,1832.767,994,1000,108,10.0,17
15:18:10,1832.965,995,1000,108,10.0,17
15:18:11,1833.165,999,1000,108,10.0,17
15:18:11,1833.366,1001,1000,108,10.0,17
15:18:11,1833.567,1004,1000,108,10.0,17
15:18:11,1833.768,1001,1000,108,10.0,17
15:18:11,1833.97,1001,1000,108,10.0,17
15:18:12,1834.169,1004,1000,108,10.0,17
15:18:12,1834.371,1004,1000,108,10.0,17
15:18:12,1834.561,1007,1000,108,10.0,17
15:18:12,1834.761,1002,1000,108,10.0,17
15:18:12,1834.961,1002,1000,108,10.0,17
15:18:13,1835.164,1002,1000,108,10.0,17
15:18:13,1835.366,1002,1000,108,10.0,17
15:18:13,1835.568,998,1000,108,10.0,17
15:18:13,1835.76,999,1000,108,10.0,17
15:18:13,1835.958,1000,1000,108,10.0,17
15:18:14,1836.159,998,1000,108,10.0,17
15:18:14,1836.362,994,1000,108,10.0,17
15:18:14,1836.564,998,1000,108,10.0,17
15:18:14,1836.765,999,1000,108,10.0,17
15:18:14,1836.963,997,1000,108,10.0,17
15:18:14,1837.156,1001,1000,108,10.0,17
15:18:15,1837.354,998,1000,108,10.0,17
15:18:15,1837.553,999,1000,108,10.0,17
15:18:15,1837.754,1002,1000,108,10.0,17
15:18:15,1837.955,1000,1000,108,10.0,17
15:18:15,1838.158,1003,1000,108,10.0,17
15:18:16,1838.359,1001,1000,108,10.0,17
15:18:16,1838.551,1000,1000,108,10.0,17
15:18:16,1838.749,1004,1000,108,10.0,17
15:18:16,1838.949,1002,1000,108,10.0,17
15:18:16,1839.151,1005,1000,108,10.0,17
15:18:17,1839.355,1000,1000,108,10.0,17
15:18:17,1839.556,1001,1000,108,10.0,17
15:18:17,1839.756,1002,1000,108,10.0,17
15:18:17,1839.946,1003,1000,108,10.0,17
15:18:17,1840.146,998,1000,108,10.0,17
15:18:18,1840.345,999,1000,108,10.0,17
15:18:18,1840.547,1000,1000,108,10.0,17
15:18:18,1840.748,1001,1000,108,10.0,17
15:18:18,1840.949,998,1000,108,10.0,17
15:18:18,1841.149,999,1000,108,10.0,17
15:18:19,1841.35,1001,1000,108,10.0,17
15:18:19,1841.542,1002,1000,108,10.0,17
15:18:19,1841.742,997,1000,108,10.0,17
15:18:19,1841.941,997,1000,108,10.0,17
15:18:19,1842.14,998,1000,108,10.0,17
15:18:20,1842.343,1000,1000,108,10.0,17
15:18:20,1842.543,998,1000,108,10.0,17
15:18:20,1842.745,999,1000,108,10.0,17
15:18:20,1842.946,1001,1000,108,10.0,17
15:18:20,1843.138,1002,1000,108,10.0,17
15:18:21,1843.338,999,1000,108,10.0,17
15:18:21,1843.537,1000,1000,108,10.0,17
15:18:21,1843.739,1001,1000,108,10.0,17
15:18:21,1843.939,1003,1000,108,10.0,17
15:18:21,1844.143,1001,1000,108,10.0,17
15:18:22,1844.344,997,1000,108,10.0,17
15:18:22,1844.533,998,1000,108,10.0,17
15:18:22,1844.735,1001,1000,108,10.0,17
15:18:22,1844.935,1002,1000,108,10.0,17
15:18:22,1845.138,998,1000,108,10.0,17
15:18:23,1845.331,997,1000,108,10.0,17
15:18:23,1845.531,999,1000,108,10.0,17
15:18:23,1845.732,1001,1000,108,10.0,17
15:18:23,1845.936,1001,1000,108,10.0,17
15:18:23,1846.138,998,1000,108,10.0,17
15:18:24,1846.338,1000,1000,108,10.0,17
15:18:24,1846.529,1001,1000,108,10.0,17
15:18:24,1846.727,1001,1000,108,10.0,17
15:18:24,1846.927,998,1000,108,10.0,17
15:18:24,1847.126,1000,1000,108,10.0,17
15:18:25,1847.325,1002,1000,108,10.0,17
15:18:25,1847.525,1003,1000,108,10.0,17
15:18:25,1847.728,1001,1000,108,10.0,17
15:18:25,1847.93,1002,1000,108,10.0,17
15:18:25,1848.131,1003,1000,108,10.0,17
15:18:26,1848.323,1004,1000,108,10.0,17
15:18:26,1848.522,1004,1000,108,10.0,17
15:18:26,1848.723,1000,1000,108,10.0,17
15:18:26,1848.921,1002,1000,108,10.0,17
15:18:26,1849.121,1004,1000,108,10.0,17
15:18:27,1849.322,1005,1000,108,10.0,17
15:18:27,1849.524,1004,1000,108,10.0,17
15:18:27,1849.727,1002,1000,108,10.0,17
15:18:27,1849.918,1003,1000,108,10.0,17
15:18:27,1850.118,1004,1000,108,10.0,17
15:18:28,1850.32,1005,1000,108,10.0,17
15:18:28,1850.522,1003,1000,108,10.0,17
15:18:28,1850.724,1003,1000,108,10.0,17
15:18:28,1850.915,1004,1000,108,10.0,17
15:18:28,1851.115,1005,1000,108,10.0,17
15:18:29,1851.316,1006,1000,108,10.0,17
15:18:29,1851.517,1004,1000,108,10.0,17
15:18:29,1851.719,1003,1000,108,10.0,17
15:18:29,1851.921,1005,1000,108,10.0,17
15:18:29,1852.113,1005,1000,108,10.0,17
15:18:30,1852.312,1006,1000,108,10.0,17
15:18:30,1852.514,999,1000,108,10.0,17
15:18:30,1852.715,1000,1000,108,10.0,17
15:18:30,1852.918,1002,1000,108,10.0,17
15:18:30,1853.117,1003,1000,108,10.0,17
15:18:31,1853.309,1001,1000,108,10.0,17
15:18:31,1853.509,1002,1000,108,10.0,17
15:18:31,1853.708,1004,1000,108,10.0,17
15:18:31,1853.911,1005,1000,108,10.0,17
15:18:31,1854.11,1006,1000,108,10.0,17
15:18:32,1854.317,1004,1000,108,10.0,17
15:18:32,1854.507,1003,1000,108,10.0,17
15:18:32,1854.705,1005,1000,108,10.0,17
15:18:32,1854.905,1006,1000,108,10.0,17
15:18:32,1855.107,1002,1000,108,10.0,17
15:18:33,1855.308,1001,1000,108,10.0,17
15:18:33,1855.507,1002,1000,108,10.0,17
15:18:33,1855.71,1004,1000,108,10.0,17
15:18:33,1855.9,1002,1000,108,10.0,17
15:18:33,1856.101,999,1000,108,10.0,17
15:18:34,1856.299,1002,1000,108,10.0,17
15:18:34,1856.499,998,1000,108,10.0,17
15:18:34,1856.702,1001,1000,108,10.0,17
15:18:34,1856.902,1003,1000,108,10.0,17
15:18:34,1857.105,1005,1000,108,10.0,17
15:18:35,1857.307,1005,1000,108,10.0,17
15:18:35,1857.507,1000,1000,108,10.0,17
15:18:35,1857.698,996,1000,108,10.0,17
15:18:35,1857.896,997,1000,108,10.0,17
15:18:35,1858.097,999,1000,108,10.0,17
15:18:36,1858.298,998,1000,108,10.0,17
15:18:36,1858.499,1000,1000,108,10.0,17
15:18:36,1858.699,1003,1000,108,10.0,17
15:18:36,1858.902,1004,1000,108,10.0,17
15:18:36,1859.093,1000,1000,108,10.0,17
15:18:37,1859.293,1002,1000,108,10.0,17
15:18:37,1859.492,1004,1000,108,10.0,17
15:18:37,1859.692,1006,1000,108,10.0,17
15:18:37,1859.893,1003,1000,108,10.0,17
15:18:37,1860.096,1002,1000,108,10.0,17
15:18:38,1860.297,1003,1000,108,10.0,17
15:18:38,1860.499,1000,1000,108,10.0,17
15:18:38,1860.688,999,1000,108,10.0,17
15:18:38,1860.889,1002,1000,108,10.0,17
15:18:38,1861.09,999,1000,108,10.0,17
15:18:39,1861.293,1002,1000,108,10.0,17
15:18:39,1861.495,999,1000,108,10.0,17
15:18:39,1861.685,1001,1000,108,10.0,17
15:18:39,1861.886,1004,1000,108,10.0,17
15:18:39,1862.085,1004,1000,108,10.0,17
15:18:40,1862.284,1006,1000,108,10.0,16
15:18:40,1862.485,1000,1000,108,10.0,17
15:18:40,1862.685,1000,1000,108,10.0,17
15:18:40,1862.887,1001,1000,108,10.0,17
15:18:40,1863.087,998,1000,108,10.0,17
15:18:41,1863.288,999,1000,108,10.0,17
15:18:41,1863.489,1000,1000,108,10.0,17
15:18:41,1863.68,1000,1000,108,10.0,17
15:18:41,1863.89,995,1000,108,10.0,17
15:18:41,1864.078,995,1000,108,10.0,17
15:18:42,1864.279,997,1000,108,10.0,17
15:18:42,1864.48,996,1000,108,10.0,17
15:18:42,1864.681,992,1000,108,10.0,17
15:18:42,1864.882,996,1000,108,10.0,17
15:18:42,1865.082,995,1000,108,10.0,17
15:18:43,1865.284,999,1000,108,10.0,17
15:18:43,1865.475,997,1000,108,10.0,17
15:18:43,1865.673,997,1000,108,10.0,17
15:18:43,1865.873,1001,1000,108,10.0,17
15:18:43,1866.073,1001,1000,108,10.0,17
15:18:44,1866.273,1003,1000,108,10.0,17
15:18:44,1866.471,1000,1000,108,10.0,17
15:18:44,1866.671,1003,1000,108,10.0,17
15:18:44,1866.873,1005,1000,108,10.0,17
15:18:44,1867.077,1003,1000,108,10.0,17
15:18:45,1867.279,1003,1000,108,10.0,17
15:18:45,1867.469,1003,1000,108,10.0,17
15:18:45,1867.668,998,1000,108,10.0,17
15:18:45,1867.869,999,1000,108,10.0,17
15:18:45,1868.069,1000,1000,108,10.0,17
15:18:46,1868.271,1000,1000,108,10.0,17
15:18:46,1868.475,997,1000,108,10.0,17
15:18:46,1868.665,999,1000,108,10.0,17
15:18:46,1868.865,1000,1000,108,10.0,17
15:18:46,1869.064,998,1000,108,10.0,17
15:18:47,1869.267,994,1000,108,10.0,17
15:18:47,1869.469,998,1000,108,10.0,17
15:18:47,1869.67,1001,1000,108,10.0,17
15:18:47,1869.862,999,1000,108,10.0,17
15:18:47,1870.061,1002,1000,108,10.0,17
15:18:48,1870.261,1005,1000,108,10.0,17
15:18:48,1870.463,1002,1000,108,10.0,17
15:18:48,1870.664,1002,1000,108,10.0,17
15:18:48,1870.866,1003,1000,108,10.0,17
15:18:48,1871.066,1000,1000,108,10.0,17
15:18:49,1871.259,1001,1000,108,10.0,17
15:18:49,1871.458,1002,1000,108,10.0,17
15:18:49,1871.657,1002,1000,108,10.0,17
15:18:49,1871.858,1000,1000,108,10.0,17
15:18:49,1872.059,995,1000,108,10.0,17
15:18:50,1872.262,997,1000,108,10.0,17
15:18:50,1872.463,999,1000,108,10.0,17
15:18:50,1872.663,999,1000,108,10.0,17
15:18:50,1872.853,997,1000,108,10.0,17
15:18:50,1873.053,999,1000,108,10.0,17
15:18:51,1873.253,1000,1000,108,10.0,17
15:18:51,1873.455,997,1000,108,10.0,17
15:18:51,1873.656,994,1000,108,10.0,17
15:18:51,1873.858,998,1000,108,10.0,17
15:18:51,1874.052,997,1000,108,10.0,17
15:18:52,1874.25,1001,1000,108,10.0,17
15:18:52,1874.449,999,1000,108,10.0,17
15:18:52,1874.649,1003,1000,108,10.0,17
15:18:52,1874.849,1006,1000,108,10.0,17
15:18:52,1875.052,1001,1000,108,10.0,17
15:18:53,1875.252,1002,1000,108,10.0,17
15:18:53,1875.454,1003,1000,108,10.0,17
15:18:53,1875.654,1001,1000,108,10.0,17
15:18:53,1875.845,1001,1000,108,10.0,17
15:18:53,1876.044,1001,1000,108,10.0,17
15:18:54,1876.245,1002,1000,108,10.0,17
15:18:54,1876.448,1003,1000,108,10.0,17
15:18:54,1876.65,998,1000,108,10.0,17
15:18:54,1876.85,1000,1000,108,10.0,17
15:18:54,1877.05,1001,1000,108,10.0,17
15:18:55,1877.251,1002,1000,108,10.0,17
15:18:55,1877.44,998,1000,108,10.0,17
15:18:55,1877.64,999,1000,108,10.0,17
15:18:55,1877.844,1000,1000,108,10.0,17
15:18:55,1878.045,1001,1000,108,10.0,17
15:18:56,1878.248,999,1000,108,10.0,17
15:18:56,1878.439,1001,1000,108,10.0,17
15:18:56,1878.637,1002,1000,108,10.0,17
15:18:56,1878.839,1003,1000,108,10.0,17
15:18:56,1879.042,1001,1000,108,10.0,17
15:18:57,1879.242,1001,1000,108,10.0,17
15:18:57,1879.444,1002,1000,108,10.0,17
15:18:57,1879.635,1003,1000,108,10.0,17
15:18:57,1879.834,1004,1000,108,10.0,17
15:18:57,1880.032,999,1000,108,10.0,17
15:18:58,1880.234,1000,1000,108,10.0,17
15:18:58,1880.437,1002,1000,108,10.0,17
15:18:58,1880.639,1003,1000,108,10.0,17
15:18:58,1880.831,998,1000,108,10.0,17
15:18:58,1881.029,997,1000,108,10.0,17
15:18:59,1881.229,1000,1000,108,10.0,17
15:18:59,1881.428,1001,1000,108,10.0,17
15:18:59,1881.63,1001,1000,108,10.0,17
15:18:59,1881.833,999,1000,108,10.0,17
15:18:59,1882.035,1001,1000,108,10.0,17
15:19:00,1882.226,1002,1000,108,10.0,17
15:19:00,1882.425,1002,1000,108,10.0,17
15:19:00,1882.627,998,1000,108,10.0,17
15:19:00,1882.827,1000,1000,108,10.0,17
15:19:00,1883.029,1001,1000,108,10.0,17
15:19:01,1883.228,1003,1000,108,10.0,17
15:19:01,1883.43,999,1000,108,10.0,17
15:19:01,1883.63,1001,1000,108,10.0,17
15:19:01,1883.821,1002,1000,108,10.0,17
15:19:01,1884.02,1003,1000,108,10.0,17
15:19:02,1884.22,1000,1000,108,10.0,17
15:19:02,1884.419,996,1000,108,10.0,17
15:19:02,1884.622,999,1000,108,10.0,17
15:19:02,1884.823,1000,1000,108,10.0,17
15:19:02,1885.022,1002,1000,108,10.0,17
15:19:03,1885.224,998,1000,108,10.0,17
15:19:03,1885.424,999,1000,108,10.0,17
15:19:03,1885.624,1001,1000,108,10.0,17
15:19:03,1885.815,1002,1000,108,10.0,17
15:19:03,1886.015,1002,1000,108,10.0,17
15:19:04,1886.214,1000,1000,108,10.0,17
15:19:04,1886.419,1002,1000,108,10.0,17
15:19:04,1886.62,1003,1000,108,10.0,17
15:19:04,1886.812,1003,1000,108,10.0,17
15:19:04,1887.011,999,1000,108,10.0,17
15:19:05,1887.211,1000,1000,108,10.0,17
15:19:05,1887.411,1002,1000,108,10.0,17
15:19:05,1887.611,1003,1000,108,10.0,17
15:19:05,1887.81,1000,1000,108,10.0,17
15:19:05,1888.012,1002,1000,108,10.0,17
15:19:06,1888.213,1003,1000,108,10.0,17
15:19:06,1888.416,1003,1000,108,10.0,17
15:19:06,1888.616,1002,1000,108,10.0,17
15:19:06,1888.807,998,1000,108,10.0,17
15:19:06,1889.005,1000,1000,108,10.0,17
15:19:07,1889.204,1001,1000,108,10.0,17
15:19:07,1889.414,1003,1000,108,10.0,17
15:19:07,1889.603,999,1000,108,10.0,17
15:19:07,1889.81,1001,1000,108,10.0,17
15:19:07,1890.002,1002,1000,108,10.0,17
15:19:08,1890.209,1003,1000,108,10.0,17
15:19:08,1890.402,1001,1000,108,10.0,17
15:19:08,1890.601,997,1000,108,10.0,17
15:19:08,1890.801,999,1000,108,10.0,17
15:19:08,1891.004,1001,1000,108,10.0,17
15:19:09,1891.206,1002,1000,108,10.0,17
15:19:09,1891.398,998,1000,108,10.0,17
15:19:09,1891.598,1000,1000,108,10.0,17
15:19:09,1891.8,1002,1000,108,10.0,17
15:19:09,1891.998,1003,1000,108,10.0,17
15:19:10,1892.199,1004,1000,108,10.0,17
15:19:10,1892.404,999,1000,108,10.0,17
15:19:10,1892.596,1001,1000,108,10.0,17
15:19:10,1892.795,1003,1000,108,10.0,17
15:19:10,1892.994,1004,1000,108,10.0,17
15:19:11,1893.196,999,1000,108,10.0,17
15:19:11,1893.399,999,1000,108,10.0,17
15:19:11,1893.592,1001,1000,108,10.0,17
15:19:11,1893.791,1002,1000,108,10.0,17
15:19:11,1893.99,1003,1000,108,10.0,17
15:19:12,1894.188,998,1000,108,10.0,17
15:19:12,1894.396,1000,1000,108,10.0,17
15:19:12,1894.587,1002,1000,108,10.0,17
15:19:12,1894.793,1003,1000,108,10.0,17
15:19:12,1894.983,1002,1000,108,10.0,17
15:19:13,1895.188,1001,1000,108,10.0,17
15:19:13,1895.39,1002,1000,108,10.0,17
15:19:13,1895.59,1004,1000,108,10.0,17
15:19:13,1895.791,1004,1000,108,10.0,17
15:19:13,1895.991,1000,1000,108,10.0,17
15:19:14,1896.194,1001,1000,108,10.0,17
15:19:14,1896.392,1003,1000,108,10.0,17
15:19:14,1896.583,1004,1000,108,10.0,17
15:19:14,1896.782,1005,1000,108,10.0,17
15:19:14,1896.982,1000,1000,108,10.0,17
15:19:15,1897.182,1002,1000,108,10.0,17
15:19:15,1897.382,1003,1000,108,10.0,17
15:19:15,1897.584,1004,1000,108,10.0,17
15:19:15,1897.786,1004,1000,108,10.0,17
15:19:15,1897.988,1001,1000,108,10.0,17
15:19:16,1898.179,1002,1000,108,10.0,17
15:19:16,1898.378,1004,1000,108,10.0,17
15:19:16,1898.577,1005,1000,108,10.0,17
15:19:16,1898.778,1001,1000,108,10.0,17
15:19:16,1898.976,1001,1000,108,10.0,17
15:19:17,1899.172,1002,1000,108,10.0,17
15:19:17,1899.379,1004,1000,108,10.0,17
15:19:17,1899.575,1005,1000,108,10.0,16
15:19:17,1899.778,1001,1000,108,10.0,17
15:19:17,1899.969,1002,1000,108,10.0,17
15:19:18,1900.175,1004,1000,108,10.0,17
15:19:18,1900.375,1004,1000,108,10.0,17
15:19:18,1900.577,1002,1000,108,10.0,17
15:19:18,1900.778,998,1000,108,10.0,17
15:19:18,1900.979,1000,1000,108,10.0,17
15:19:19,1901.17,1002,1000,108,10.0,17
15:19:19,1901.369,1003,1000,108,10.0,17
15:19:19,1901.568,1000,1000,108,10.0,17
15:19:19,1901.769,997,1000,108,10.0,17
15:19:19,1901.97,999,1000,108,10.0,17
15:19:20,1902.173,1001,1000,108,10.0,17
15:19:20,1902.375,1003,1000,108,10.0,17
15:19:20,1902.566,999,1000,108,10.0,17
15:19:20,1902.765,1001,1000,108,10.0,17
15:19:20,1902.965,1003,1000,108,10.0,17
15:19:21,1903.172,1004,1000,108,10.0,17
15:19:21,1903.365,1004,1000,108,10.0,17
15:19:21,1903.572,1000,1000,108,10.0,17
15:19:21,1903.763,1002,1000,108,10.0,17
15:19:21,1903.956,1003,1000,108,10.0,17
15:19:22,1904.161,1004,1000,108,10.0,17
15:19:22,1904.361,1003,1000,108,10.0,17
15:19:22,1904.564,999,1000,108,10.0,17
15:19:22,1904.766,1001,1000,108,10.0,17
15:19:22,1904.966,1003,1000,108,10.0,17
15:19:23,1905.159,1004,1000,108,10.0,17
15:19:23,1905.357,1002,1000,108,10.0,17
15:19:23,1905.557,1002,1000,108,10.0,17
15:19:23,1905.757,1004,1000,108,10.0,17
15:19:23,1905.96,1005,1000,107,10.0,16
15:19:23,1906.157,1006,1000,107,10.0,16
15:19:24,1906.349,1005,1000,107,10.0,16
15:19:24,1906.557,1001,1000,107,10.0,17
15:19:24,1906.748,1001,1000,107,10.0,17
15:19:24,1906.955,1003,1000,107,10.0,17
15:19:25,1907.16,1002,1000,107,10.0,17
15:19:25,1907.351,998,1000,107,10.0,17
15:19:25,1907.551,1000,1000,107,10.0,17
15:19:25,1907.751,1002,1000,107,10.0,17
15:19:25,1907.953,1004,1000,107,10.0,17
15:19:25,1908.155,1002,1000,107,10.0,17
15:19:26,1908.357,1002,1000,107,10.0,17
15:19:26,1908.548,1003,1000,107,10.0,17
15:19:26,1908.747,1004,1000,107,10.0,17
15:19:26,1908.948,1005,1000,107,10.0,16
15:19:26,1909.149,1004,1000,107,10.0,17
15:19:27,1909.35,1003,1000,107,10.0,17
15:19:27,1909.55,1005,1000,107,10.0,16
15:19:27,1909.751,1006,1000,107,10.0,16
15:19:27,1909.952,1004,1000,107,10.0,17
15:19:27,1910.141,998,1000,107,10.0,17
15:19:28,1910.346,1000,1000,107,10.0,17
15:19:28,1910.538,1002,1000,107,10.0,17
15:19:28,1910.745,1004,1000,107,10.0,17
15:19:28,1910.936,1002,1000,107,10.0,17
15:19:28,1911.143,1003,1000,107,10.0,17
15:19:29,1911.344,1004,1000,107,10.0,17
15:19:29,1911.545,1005,1000,107,10.0,16
15:19:29,1911.747,1004,1000,107,10.0,17
15:19:29,1911.948,999,1000,107,10.0,17
15:19:29,1912.138,1001,1000,107,10.0,17
15:19:30,1912.338,1003,1000,107,10.0,17
15:19:30,1912.541,1004,1000,107,10.0,17
15:19:30,1912.742,1004,1000,107,10.0,17
15:19:30,1912.943,1000,1000,107,10.0,17
15:19:30,1913.14,1002,1000,107,10.0,17
15:19:31,1913.332,1004,1000,107,10.0,17
15:19:31,1913.541,1005,1000,107,10.0,16
15:19:31,1913.731,1003,1000,107,10.0,17
15:19:31,1913.939,1002,1000,107,10.0,17
15:19:31,1914.132,1004,1000,107,10.0,17
15:19:32,1914.333,1005,1000,107,10.0,16
15:19:32,1914.531,1003,1000,107,10.0,16
15:19:32,1914.733,997,1000,107,10.0,16
15:19:32,1914.936,998,1000,107,10.0,16
15:19:32,1915.137,999,1000,107,10.0,16
15:19:33,1915.329,999,1000,107,10.0,16
15:19:33,1915.529,999,1000,107,10.0,16
15:19:33,1915.727,1001,1000,107,10.0,16
15:19:33,1915.927,1002,1000,107,10.0,16
15:19:33,1916.128,1002,1000,107,10.0,16
15:19:34,1916.326,998,1000,107,10.0,16
15:19:34,1916.53,1000,1000,107,10.0,16
15:19:34,1916.731,1001,1000,107,10.0,16
15:19:34,1916.934,1002,1000,107,10.0,16
15:19:34,1917.123,998,1000,107,10.0,16
15:19:35,1917.323,1000,1000,107,10.0,16
15:19:35,1917.524,1002,1000,107,10.0,16
15:19:35,1917.726,1002,1000,107,10.0,16
15:19:35,1917.928,999,1000,107,10.0,16
15:19:35,1918.125,996,1000,107,10.0,16
15:19:36,1918.316,998,1000,107,10.0,16
15:19:36,1918.524,1000,1000,107,10.0,16
15:19:36,1918.715,1000,1000,107,10.0,16
15:19:36,1918.923,998,1000,107,10.0,16
15:19:36,1919.118,999,1000,107,10.0,16
15:19:37,1919.317,1001,1000,107,10.0,16
15:19:37,1919.519,1002,1000,107,10.0,16
15:19:37,1919.72,999,1000,107,10.0,16
15:19:37,1919.92,1000,1000,107,10.0,16
15:19:37,1920.109,1002,1000,107,10.0,16
15:19:38,1920.315,1003,1000,107,10.0,16
15:19:38,1920.507,1000,1000,107,10.0,16
15:19:38,1920.715,1002,1000,107,10.0,16
15:19:38,1920.906,1003,1000,107,10.0,16
15:19:38,1921.113,1004,1000,107,10.0,16
15:19:39,1921.315,1001,1000,107,10.0,16
15:19:39,1921.516,997,1000,107,10.0,16
15:19:39,1921.717,999,1000,107,10.0,16
15:19:39,1921.91,1000,1000,107,10.0,16
15:19:39,1922.108,1002,1000,107,10.0,16
15:19:40,1922.307,998,1000,107,10.0,16
15:19:40,1922.508,998,1000,107,10.0,16
15:19:40,1922.707,1000,1000,107,10.0,16
15:19:40,1922.912,1002,1000,107,10.0,16
15:19:40,1923.108,1002,1000,107,10.0,16
15:19:41,1923.298,999,1000,107,10.0,16
15:19:41,1923.508,1000,1000,107,10.0,16
15:19:41,1923.712,1001,1000,107,10.0,16
15:19:41,1923.903,1002,1000,107,10.0,16
15:19:41,1924.11,998,1000,107,10.0,16
15:19:42,1924.302,1000,1000,107,10.0,16
15:19:42,1924.501,1002,1000,107,10.0,16
15:19:42,1924.703,1003,1000,107,10.0,16
15:19:42,1924.903,1001,1000,107,10.0,16
15:19:42,1925.105,1001,1000,107,10.0,16
15:19:43,1925.308,1002,1000,107,10.0,16
15:19:43,1925.499,1003,1000,107,10.0,16
15:19:43,1925.698,1002,1000,107,10.0,16
15:19:43,1925.898,998,1000,107,10.0,16
15:19:43,1926.096,1000,1000,107,10.0,16
15:19:44,1926.299,1001,1000,107,10.0,16
15:19:44,1926.499,1002,1000,107,10.0,16
15:19:44,1926.701,998,1000,107,10.0,16
15:19:44,1926.904,1001,1000,107,10.0,16
15:19:44,1927.094,1003,1000,107,10.0,16
15:19:45,1927.294,1003,1000,107,10.0,16
15:19:45,1927.496,1001,1000,107,10.0,16
15:19:45,1927.697,997,1000,107,10.0,16
15:19:45,1927.899,999,1000,107,10.0,16
15:19:45,1928.1,1001,1000,107,10.0,16
15:19:46,1928.29,1001,1000,107,10.0,16
15:19:46,1928.49,998,1000,107,10.0,16
15:19:46,1928.689,998,1000,107,10.0,16
15:19:46,1928.889,1000,1000,107,10.0,16
15:19:46,1929.093,1001,1000,107,10.0,16
15:19:47,1929.296,1001,1000,107,10.0,16
15:19:47,1929.487,998,1000,107,10.0,16
15:19:47,1929.687,999,1000,107,10.0,16
15:19:47,1929.885,1001,1000,107,10.0,16
15:19:47,1930.086,1002,1000,107,10.0,16
15:19:48,1930.288,998,1000,107,10.0,16
15:19:48,1930.49,1000,1000,107,10.0,16
15:19:48,1930.691,1002,1000,107,10.0,16
15:19:48,1930.893,1003,1000,107,10.0,16
15:19:48,1931.082,1001,1000,107,10.0,16
15:19:49,1931.281,1001,1000,107,10.0,16
15:19:49,1931.482,1002,1000,107,10.0,16
15:19:49,1931.683,1004,1000,107,10.0,16
15:19:49,1931.885,1004,1000,107,10.0,16
15:19:49,1932.088,1001,1000,107,10.0,16
15:19:50,1932.278,1002,1000,107,10.0,16
15:19:50,1932.477,1003,1000,107,10.0,16
15:19:50,1932.676,1004,1000,107,10.0,16
15:19:50,1932.878,1004,1000,107,10.0,16
15:19:50,1933.079,1001,1000,107,10.0,16
15:19:51,1933.28,1003,1000,107,10.0,16
15:19:51,1933.48,1004,1000,107,10.0,16
15:19:51,1933.682,1005,1000,107,10.0,16
15:19:51,1933.882,1001,1000,107,10.0,16
15:19:51,1934.072,1001,1000,107,10.0,16
15:19:52,1934.273,1001,1000,107,10.0,16
15:19:52,1934.471,1001,1000,107,10.0,16
15:19:52,1934.671,998,1000,107,10.0,16
15:19:52,1934.872,999,1000,107,10.0,16
15:19:52,1935.073,1001,1000,107,10.0,16
15:19:53,1935.274,1002,1000,107,10.0,16
15:19:53,1935.475,1000,1000,107,10.0,16
15:19:53,1935.676,1001,1000,107,10.0,16
15:19:53,1935.868,1002,1000,107,10.0,16
15:19:53,1936.066,1004,1000,107,10.0,16
15:19:54,1936.267,1003,1000,107,10.0,16
15:19:54,1936.469,1001,1000,107,10.0,16
15:19:54,1936.67,1003,1000,107,10.0,16
15:19:54,1936.872,1004,1000,107,10.0,16
15:19:54,1937.064,1005,1000,107,10.0,16
15:19:55,1937.263,1002,1000,107,10.0,16
15:19:55,1937.462,1002,1000,107,10.0,16
15:19:55,1937.665,1001,1000,107,10.0,16
15:19:55,1937.868,1002,1000,107,10.0,16
15:19:55,1938.067,999,1000,107,10.0,16
15:19:56,1938.259,998,1000,107,10.0,16
15:19:56,1938.46,1000,1000,107,10.0,16
15:19:56,1938.659,1003,1000,107,10.0,16
15:19:56,1938.86,1004,1000,107,10.0,16
15:19:56,1939.062,1000,1000,107,10.0,16
15:19:57,1939.264,1002,1000,107,10.0,16
15:19:57,1939.456,1005,1000,107,10.0,16
15:19:57,1939.655,999,1000,107,10.0,16
15:19:57,1939.855,999,1000,107,10.0,16
15:19:57,1940.054,999,1000,107,10.0,16
15:19:58,1940.254,998,1000,107,10.0,16
15:19:58,1940.459,995,1000,107,10.0,16
15:19:58,1940.659,998,1000,107,10.0,16
15:19:58,1940.859,1000,1000,107,10.0,16
15:19:58,1941.061,1002,1000,107,10.0,16
15:19:59,1941.25,1001,1000,107,10.0,16
15:19:59,1941.451,1000,1000,107,10.0,16
15:19:59,1941.652,1002,1000,107,10.0,16
15:19:59,1941.853,1004,1000,107,10.0,16
15:19:59,1942.053,1005,1000,107,10.0,16
15:20:00,1942.255,1001,1000,107,10.0,16
15:20:00,1942.448,1001,1000,107,10.0,16
15:20:00,1942.656,1001,1000,107,10.0,16
15:20:00,1942.846,1000,1000,107,10.0,16
15:20:00,1943.045,997,1000,107,10.0,16
15:20:01,1943.245,998,1000,107,10.0,16
15:20:01,1943.448,998,1000,107,10.0,16
15:20:01,1943.649,993,1000,107,10.0,17
15:20:01,1943.85,995,1000,107,10.0,16
15:20:01,1944.042,998,1000,107,10.0,16
15:20:02,1944.242,1000,1000,107,10.0,16
15:20:02,1944.441,998,1000,107,10.0,16
15:20:02,1944.644,999,1000,107,10.0,16
15:20:02,1944.848,1000,1000,107,10.0,16
15:20:02,1945.038,1000,1000,107,10.0,16
15:20:03,1945.239,996,1000,107,10.0,16
15:20:03,1945.438,997,1000,107,10.0,16
15:20:03,1945.638,999,1000,107,10.0,16
15:20:03,1945.84,1000,1000,107,10.0,16
15:20:03,1946.043,997,1000,107,10.0,16
15:20:04,1946.243,999,1000,107,10.0,16
15:20:04,1946.446,1000,1000,107,10.0,16
15:20:04,1946.634,1002,1000,107,10.0,16
15:20:04,1946.835,1003,1000,107,10.0,16
15:20:04,1947.036,999,1000,107,10.0,16
15:20:05,1947.236,1002,1000,107,10.0,16
15:20:05,1947.436,1003,1000,107,10.0,16
15:20:05,1947.637,1005,1000,107,10.0,16
15:20:05,1947.841,1005,1000,107,10.0,16
15:20:05,1948.031,999,1000,107,10.0,16
15:20:06,1948.229,999,1000,107,10.0,16
15:20:06,1948.43,999,1000,107,10.0,16
15:20:06,1948.629,995,1000,107,10.0,16
15:20:06,1948.831,996,1000,107,10.0,16
15:20:06,1949.032,997,1000,107,10.0,16
15:20:07,1949.233,997,1000,107,10.0,16
15:20:07,1949.435,996,1000,107,10.0,16
15:20:07,1949.627,997,1000,107,10.0,16
15:20:07,1949.826,998,1000,107,10.0,16
15:20:07,1950.025,997,1000,107,10.0,16
15:20:08,1950.227,997,1000,107,10.0,16
15:20:08,1950.427,998,1000,107,10.0,16
15:20:08,1950.628,999,1000,107,10.0,16
15:20:08,1950.831,994,1000,107,10.0,17
15:20:08,1951.022,998,1000,107,10.0,16
15:20:09,1951.221,1000,1000,107,10.0,16
15:20:09,1951.42,998,1000,107,10.0,16
15:20:09,1951.624,1001,1000,107,10.0,16
15:20:09,1951.826,1003,1000,107,10.0,16
15:20:09,1952.027,1000,1000,107,10.0,16
15:20:10,1952.228,1002,1000,107,10.0,16
15:20:10,1952.418,1004,1000,107,10.0,16
15:20:10,1952.618,1004,1000,107,10.0,16
15:20:10,1952.821,1005,1000,107,10.0,16
15:20:10,1953.023,1005,1000,107,10.0,16
15:20:11,1953.223,1002,1000,107,10.0,16
15:20:11,1953.422,997,1000,107,10.0,16
15:20:11,1953.625,998,1000,107,10.0,16
15:20:11,1953.814,999,1000,107,10.0,16
15:20:11,1954.015,998,1000,107,10.0,16
15:20:12,1954.217,997,1000,107,10.0,16
15:20:12,1954.417,999,1000,107,10.0,16
15:20:12,1954.618,999,1000,107,10.0,16
15:20:12,1954.819,995,1000,107,10.0,16
15:20:12,1955.018,996,1000,107,10.0,16
15:20:13,1955.219,997,1000,107,10.0,16
15:20:13,1955.409,996,1000,107,10.0,16
15:20:13,1955.608,997,1000,107,10.0,16
15:20:13,1955.81,998,1000,107,10.0,16
15:20:13,1956.01,999,1000,107,10.0,16
15:20:14,1956.209,994,1000,107,10.0,17
15:20:14,1956.412,996,1000,107,10.0,16
15:20:14,1956.615,999,1000,107,10.0,16
15:20:14,1956.805,994,1000,107,10.0,17
15:20:14,1957.004,997,1000,107,10.0,16
15:20:15,1957.204,1000,1000,107,10.0,16
15:20:15,1957.405,998,1000,107,10.0,16
15:20:15,1957.605,1001,1000,107,10.0,16
15:20:15,1957.807,1001,1000,107,10.0,16
15:20:15,1958.007,998,1000,107,10.0,16
15:20:16,1958.21,1001,1000,107,10.0,16
15:20:16,1958.4,1003,1000,107,10.0,16
15:20:16,1958.599,1004,1000,107,10.0,16
15:20:16,1958.8,1005,1000,107,10.0,16
15:20:16,1958.998,1000,1000,107,10.0,16
15:20:17,1959.198,1000,1000,107,10.0,16
15:20:17,1959.397,1000,1000,107,10.0,16
15:20:17,1959.596,997,1000,107,10.0,16
15:20:17,1959.798,994,1000,107,10.0,17
15:20:17,1960.001,997,1000,107,10.0,16
15:20:18,1960.203,996,1000,107,10.0,16
15:20:18,1960.395,994,1000,107,10.0,17
15:20:18,1960.594,998,1000,107,10.0,16
15:20:18,1960.794,996,1000,107,10.0,16
15:20:18,1960.995,1000,1000,107,10.0,16
15:20:19,1961.197,997,1000,107,10.0,16
15:20:19,1961.398,998,1000,107,10.0,16
15:20:19,1961.598,1001,1000,107,10.0,16
15:20:19,1961.799,1002,1000,107,10.0,16
15:20:19,1961.989,1004,1000,107,10.0,16
15:20:20,1962.189,1002,1000,107,10.0,16
15:20:20,1962.389,1003,1000,107,10.0,16
15:20:20,1962.587,1005,1000,107,10.0,16
15:20:20,1962.788,1004,1000,107,10.0,16
15:20:20,1962.988,1002,1000,107,10.0,16
15:20:21,1963.19,997,1000,107,10.0,16
15:20:21,1963.392,998,1000,107,10.0,16
15:20:21,1963.592,1000,1000,107,10.0,16
15:20:21,1963.784,1002,1000,107,10.0,16
15:20:21,1963.983,999,1000,107,10.0,16
15:20:22,1964.184,998,1000,107,10.0,16
15:20:22,1964.385,1000,1000,107,10.0,16
15:20:22,1964.587,1002,1000,107,10.0,16
15:20:22,1964.788,1004,1000,107,10.0,16
15:20:22,1964.989,1001,1000,107,10.0,16
15:20:23,1965.181,1003,1000,107,10.0,16
15:20:23,1965.38,1004,1000,107,10.0,16
15:20:23,1965.58,1006,1000,107,10.0,16
15:20:23,1965.781,1002,1000,107,10.0,16
15:20:23,1965.983,1002,1000,107,10.0,16
15:20:24,1966.182,1002,1000,107,10.0,16
15:20:24,1966.384,997,1000,107,10.0,16
15:20:24,1966.586,996,1000,107,10.0,16
15:20:24,1966.776,997,1000,107,10.0,16
15:20:24,1966.974,998,1000,107,10.0,16
15:20:25,1967.174,994,1000,107,10.0,17
15:20:25,1967.374,997,1000,107,10.0,16
15:20:25,1967.573,1000,1000,107,10.0,16
15:20:25,1967.772,998,1000,107,10.0,16
15:20:25,1967.977,1001,1000,107,10.0,16
15:20:26,1968.178,1003,1000,107,10.0,16
15:20:26,1968.379,1002,1000,107,10.0,16
15:20:26,1968.58,1002,1000,107,10.0,16
15:20:26,1968.77,1004,1000,107,10.0,16
15:20:26,1968.97,1005,1000,107,10.0,16
15:20:27,1969.173,1004,1000,107,10.0,16
15:20:27,1969.375,1000,1000,107,10.0,16
15:20:27,1969.575,1000,1000,107,10.0,16
15:20:27,1969.776,1001,1000,107,10.0,16
15:20:27,1969.967,1001,1000,107,10.0,16
15:20:28,1970.166,997,1000,107,10.0,16
15:20:28,1970.369,998,1000,107,10.0,16
15:20:28,1970.571,999,1000,107,10.0,16
15:20:28,1970.773,994,1000,107,10.0,17
15:20:28,1970.963,993,1000,107,10.0,17
15:20:29,1971.163,997,1000,107,10.0,16
15:20:29,1971.364,1001,1000,107,10.0,16
15:20:29,1971.567,1003,1000,107,10.0,16
15:20:29,1971.768,1002,1000,107,10.0,16
15:20:29,1971.969,1004,1000,107,10.0,16
15:20:30,1972.163,1005,1000,107,10.0,16
15:20:30,1972.362,1004,1000,107,10.0,16
15:20:30,1972.562,999,1000,107,10.0,16
15:20:30,1972.763,999,1000,107,10.0,16
15:20:30,1972.964,999,1000,107,10.0,16
15:20:31,1973.166,999,1000,107,10.0,16
15:20:31,1973.356,996,1000,107,10.0,16
15:20:31,1973.556,998,1000,107,10.0,16
15:20:31,1973.755,1001,1000,107,10.0,16
15:20:31,1973.954,1003,1000,107,10.0,16
15:20:31,1974.154,1003,1000,107,10.0,16
15:20:32,1974.356,1000,1000,107,10.0,16
15:20:32,1974.558,1002,1000,107,10.0,16
15:20:32,1974.759,1003,1000,107,10.0,16
15:20:32,1974.962,1004,1000,107,10.0,16
15:20:32,1975.154,1003,1000,107,10.0,16
15:20:33,1975.35,1001,1000,107,10.0,16
15:20:33,1975.549,1003,1000,107,10.0,16
15:20:33,1975.749,1004,1000,107,10.0,16
15:20:33,1975.951,1005,1000,107,10.0,16
15:20:33,1976.153,1002,1000,107,10.0,16
15:20:34,1976.354,1002,1000,107,10.0,16
15:20:34,1976.556,1002,1000,107,10.0,16
15:20:34,1976.746,1001,1000,107,10.0,16
15:20:34,1976.945,996,1000,107,10.0,16
15:20:34,1977.146,997,1000,107,10.0,16
15:20:35,1977.348,998,1000,107,10.0,16
15:20:35,1977.55,996,1000,107,10.0,16
15:20:35,1977.75,992,1000,107,10.0,17
15:20:35,1977.954,995,1000,107,10.0,16
15:20:35,1978.142,995,1000,107,10.0,16
15:20:36,1978.342,994,1000,107,10.0,17
15:20:36,1978.541,997,1000,107,10.0,16
15:20:36,1978.743,1000,1000,107,10.0,16
15:20:36,1978.946,999,1000,107,10.0,16
15:20:36,1979.146,1000,1000,107,10.0,16
15:20:37,1979.349,1002,1000,107,10.0,16
15:20:37,1979.538,1003,1000,107,10.0,16
15:20:37,1979.738,1005,1000,107,10.0,16
15:20:37,1979.937,999,1000,107,10.0,16
15:20:37,1980.136,998,1000,107,10.0,16
15:20:38,1980.336,999,1000,107,10.0,16
15:20:38,1980.536,1000,1000,107,10.0,16
15:20:38,1980.737,996,1000,107,10.0,16
15:20:38,1980.937,998,1000,107,10.0,16
15:20:38,1981.141,1000,1000,107,10.0,16
15:20:39,1981.342,1002,1000,107,10.0,16
15:20:39,1981.532,1002,1000,107,10.0,16
15:20:39,1981.732,998,1000,107,10.0,16
15:20:39,1981.933,1001,1000,107,10.0,16
15:20:39,1982.135,1002,1000,107,10.0,16
15:20:40,1982.337,1004,1000,107,10.0,16
15:20:40,1982.54,1003,1000,107,10.0,16
15:20:40,1982.729,1001,1000,107,10.0,16
15:20:40,1982.93,1003,1000,107,10.0,16
15:20:40,1983.131,1004,1000,107,10.0,16
15:20:41,1983.33,1004,1000,107,10.0,16
15:20:41,1983.533,1003,1000,107,10.0,16
15:20:41,1983.73,1002,1000,107,10.0,16
15:20:41,1983.933,1004,1000,107,10.0,16
15:20:41,1984.124,1004,1000,107,10.0,16
15:20:42,1984.324,1006,1000,107,10.0,16
15:20:42,1984.524,1003,1000,107,10.0,16
15:20:42,1984.723,1003,1000,107,10.0,16
15:20:42,1984.924,1002,1000,107,10.0,16
15:20:42,1985.126,1002,1000,107,10.0,16
15:20:43,1985.327,997,1000,107,10.0,16
15:20:43,1985.521,998,1000,107,10.0,16
15:20:43,1985.719,998,1000,107,10.0,16
15:20:43,1985.918,994,1000,107,10.0,17
15:20:43,1986.119,998,1000,107,10.0,16
15:20:44,1986.32,1001,1000,107,10.0,16
15:20:44,1986.521,998,1000,107,10.0,16
15:20:44,1986.723,997,1000,107,10.0,16
15:20:44,1986.924,1000,1000,107,10.0,16
15:20:44,1987.116,1002,1000,107,10.0,16
15:20:45,1987.315,1003,1000,107,10.0,16
15:20:45,1987.517,999,1000,107,10.0,16
15:20:45,1987.719,1001,1000,107,10.0,16
15:20:45,1987.92,1003,1000,107,10.0,16
15:20:45,1988.113,1004,1000,107,10.0,16
15:20:46,1988.311,1001,1000,107,10.0,16
15:20:46,1988.511,998,1000,107,10.0,16
15:20:46,1988.711,999,1000,107,10.0,16
15:20:46,1988.909,1002,1000,107,10.0,16
15:20:46,1989.112,1003,1000,107,10.0,16
15:20:47,1989.313,1001,1000,107,10.0,16
15:20:47,1989.514,997,1000,107,10.0,16
15:20:47,1989.715,999,1000,107,10.0,16
15:20:47,1989.906,1001,1000,107,10.0,16
15:20:47,1990.105,1003,1000,107,10.0,16
15:20:48,1990.305,998,1000,107,10.0,16
15:20:48,1990.504,1000,1000,107,10.0,16
15:20:48,1990.705,1002,1000,107,10.0,16
15:20:48,1990.909,1003,1000,107,10.0,16
15:20:48,1991.111,1002,1000,107,10.0,16
15:20:49,1991.311,997,1000,107,10.0,16
15:20:49,1991.502,1000,1000,107,10.0,16
15:20:49,1991.7,1000,1000,107,10.0,16
15:20:49,1991.9,997,1000,107,10.0,16
15:20:49,1992.102,999,1000,107,10.0,16
15:20:50,1992.305,1001,1000,107,10.0,16
15:20:50,1992.507,1003,1000,107,10.0,16
15:20:50,1992.706,1002,1000,107,10.0,16
15:20:50,1992.897,998,1000,107,10.0,16
15:20:50,1993.096,1000,1000,107,10.0,16
15:20:51,1993.295,1002,1000,107,10.0,16
15:20:51,1993.495,1003,1000,107,10.0,16
15:20:51,1993.699,1001,1000,107,10.0,16
15:20:51,1993.899,1002,1000,107,10.0,16
15:20:51,1994.1,1004,1000,107,10.0,16
15:20:52,1994.293,1005,1000,107,10.0,16
15:20:52,1994.492,1002,1000,107,10.0,16
15:20:52,1994.692,997,1000,107,10.0,16
15:20:52,1994.894,997,1000,107,10.0,16
15:20:52,1995.093,997,1000,107,10.0,16
15:20:53,1995.295,994,1000,107,10.0,17
15:20:53,1995.496,997,1000,107,10.0,16
15:20:53,1995.697,1000,1000,107,10.0,16
15:20:53,1995.888,1002,1000,107,10.0,16
15:20:53,1996.086,1001,1000,107,10.0,16
15:20:54,1996.286,998,1000,107,10.0,16
15:20:54,1996.487,1000,1000,107,10.0,16
15:20:54,1996.69,1001,1000,107,10.0,16
15:20:54,1996.893,1003,1000,107,10.0,16
15:20:54,1997.083,1000,1000,107,10.0,16
15:20:55,1997.284,1001,1000,107,10.0,16
15:20:55,1997.482,1003,1000,107,10.0,16
15:20:55,1997.684,1004,1000,107,10.0,16
15:20:55,1997.886,1002,1000,107,10.0,16
15:20:55,1998.089,998,1000,107,10.0,16
15:20:56,1998.289,1000,1000,107,10.0,16
15:20:56,1998.48,1002,1000,107,10.0,16
15:20:56,1998.678,1003,1000,107,10.0,16
15:20:56,1998.879,1000,1000,107,10.0,16
15:20:56,1999.082,997,1000,107,10.0,16
15:20:57,1999.284,999,1000,107,10.0,16
15:20:57,1999.477,1000,1000,107,10.0,16
15:20:57,1999.676,1002,1000,107,10.0,16
15:20:57,1999.876,998,1000,107,10.0,16
15:20:57,2000.074,1000,1000,107,10.0,16
15:20:58,2000.277,1001,1000,107,10.0,16
15:20:58,2000.479,1002,1000,107,10.0,16
15:20:58,2000.679,999,1000,107,10.0,16
15:20:58,2000.88,996,1000,107,10.0,16
15:20:58,2001.071,998,1000,107,10.0,16
15:20:59,2001.271,999,1000,107,10.0,16
15:20:59,2001.471,1001,1000,107,10.0,16
15:20:59,2001.671,997,1000,107,10.0,16
15:20:59,2001.875,999,1000,107,10.0,16
15:20:59,2002.077,1000,1000,107,10.0,16
15:21:00,2002.268,1001,1000,107,10.0,16
15:21:00,2002.468,998,1000,107,10.0,16
15:21:00,2002.67,999,1000,107,10.0,16
15:21:00,2002.87,1001,1000,107,10.0,16
15:21:00,2003.071,1002,1000,107,10.0,16
15:21:01,2003.272,998,1000,107,10.0,16
15:21:01,2003.473,1000,1000,107,10.0,16
15:21:01,2003.663,1001,1000,107,10.0,16
15:21:01,2003.862,1002,1000,107,10.0,16
15:21:01,2004.062,998,1000,107,10.0,16
15:21:02,2004.264,997,1000,107,10.0,16
15:21:02,2004.465,999,1000,107,10.0,16
15:21:02,2004.669,1000,1000,107,10.0,16
15:21:02,2004.859,1000,1000,107,10.0,16
15:21:02,2005.059,998,1000,107,10.0,16
15:21:03,2005.258,1000,1000,107,10.0,16
15:21:03,2005.458,1001,1000,107,10.0,16
15:21:03,2005.657,1001,1000,107,10.0,16
15:21:03,2005.856,997,1000,107,10.0,16
15:21:03,2006.058,999,1000,107,10.0,16
15:21:04,2006.259,1000,1000,107,10.0,16
15:21:04,2006.461,1002,1000,107,10.0,16
15:21:04,2006.662,998,1000,107,10.0,16
15:21:04,2006.853,999,1000,107,10.0,16
15:21:04,2007.052,1000,1000,107,10.0,16
15:21:05,2007.252,1001,1000,107,10.0,16
15:21:05,2007.451,997,1000,107,10.0,16
15:21:05,2007.651,998,1000,107,10.0,16
15:21:05,2007.854,999,1000,107,10.0,16
15:21:05,2008.054,1000,1000,107,10.0,16
15:21:06,2008.254,998,1000,107,10.0,16
15:21:06,2008.457,999,1000,107,10.0,16
15:21:06,2008.647,1000,1000,107,10.0,16
15:21:06,2008.848,1002,1000,107,10.0,16
15:21:06,2009.046,998,1000,107,10.0,16
15:21:07,2009.248,995,1000,107,10.0,16
15:21:07,2009.449,997,1000,107,10.0,16
15:21:07,2009.65,999,1000,107,10.0,16
15:21:07,2009.853,998,1000,107,10.0,16
15:21:07,2010.043,998,1000,107,10.0,16
15:21:08,2010.242,999,1000,107,10.0,16
15:21:08,2010.443,1001,1000,107,10.0,16
15:21:08,2010.643,999,1000,107,10.0,16
15:21:08,2010.844,994,1000,107,10.0,17
15:21:08,2011.044,997,1000,107,10.0,16
15:21:09,2011.245,999,1000,107,10.0,16
15:21:09,2011.447,1001,1000,107,10.0,16
15:21:09,2011.647,997,1000,107,10.0,16
15:21:09,2011.838,998,1000,107,10.0,16
15:21:09,2012.037,1000,1000,107,10.0,16
15:21:10,2012.237,1001,1000,107,10.0,16
15:21:10,2012.436,996,1000,107,10.0,16
15:21:10,2012.636,997,1000,107,10.0,16
15:21:10,2012.836,999,1000,107,10.0,16
15:21:10,2013.037,998,1000,107,10.0,16
15:21:11,2013.24,994,1000,107,10.0,17
15:21:11,2013.441,997,1000,107,10.0,16
15:21:11,2013.641,999,1000,107,10.0,16
15:21:11,2013.832,1001,1000,107,10.0,16
15:21:11,2014.031,997,1000,107,10.0,16
15:21:12,2014.233,996,1000,107,10.0,16
15:21:12,2014.433,997,1000,107,10.0,16
15:21:12,2014.639,999,1000,107,10.0,16
15:21:12,2014.828,997,1000,107,10.0,16
15:21:12,2015.029,998,1000,107,10.0,16
15:21:13,2015.231,999,1000,107,10.0,16
15:21:13,2015.433,1000,1000,107,10.0,16
15:21:13,2015.634,995,1000,107,10.0,16
15:21:13,2015.835,997,1000,107,10.0,16
15:21:13,2016.024,998,1000,107,10.0,16
15:21:14,2016.224,999,1000,107,10.0,16
15:21:14,2016.425,996,1000,107,10.0,16
15:21:14,2016.627,997,1000,107,10.0,16
15:21:14,2016.827,998,1000,107,10.0,16
15:21:14,2017.028,996,1000,107,10.0,16
15:21:15,2017.23,992,1000,107,10.0,17
15:21:15,2017.421,995,1000,107,10.0,16
15:21:15,2017.621,997,1000,107,10.0,16
15:21:15,2017.819,996,1000,107,10.0,16
15:21:15,2018.019,997,1000,107,10.0,16
15:21:16,2018.219,999,1000,107,10.0,16
15:21:16,2018.421,1000,1000,107,10.0,16
15:21:16,2018.624,996,1000,107,10.0,16
15:21:16,2018.825,993,1000,107,10.0,17
15:21:16,2019.016,996,1000,107,10.0,17
15:21:17,2019.216,998,1000,107,10.0,17
15:21:17,2019.414,997,1000,107,10.0,17
15:21:17,2019.615,998,1000,107,10.0,17
15:21:17,2019.818,1000,1000,107,10.0,17
15:21:17,2020.02,1001,1000,107,10.0,17
15:21:18,2020.212,998,1000,107,10.0,17
15:21:18,2020.411,994,1000,107,10.0,17
15:21:18,2020.611,996,1000,107,10.0,17
15:21:18,2020.811,998,1000,107,10.0,17
15:21:18,2021.014,999,1000,107,10.0,17
15:21:19,2021.215,996,1000,107,10.0,17
15:21:19,2021.416,998,1000,107,10.0,17
15:21:19,2021.608,1000,1000,107,10.0,17
15:21:19,2021.808,998,1000,107,10.0,17
15:21:19,2022.007,999,1000,107,10.0,17
15:21:20,2022.208,1000,1000,107,10.0,17
15:21:20,2022.411,1001,1000,107,10.0,17
15:21:20,2022.615,998,1000,107,10.0,17
15:21:20,2022.805,994,1000,107,10.0,17
15:21:20,2023.005,996,1000,107,10.0,17
15:21:21,2023.203,998,1000,107,10.0,17
15:21:21,2023.405,997,1000,107,10.0,17
15:21:21,2023.606,997,1000,107,10.0,17
15:21:21,2023.808,999,1000,107,10.0,17
15:21:21,2024.009,1000,1000,107,10.0,17
15:21:22,2024.201,997,1000,107,10.0,17
15:21:22,2024.399,993,1000,107,10.0,17
15:21:22,2024.599,995,1000,107,10.0,17
15:21:22,2024.798,997,1000,107,10.0,17
15:21:22,2024.997,996,1000,107,10.0,17
15:21:23,2025.201,997,1000,107,10.0,17
15:21:23,2025.402,999,1000,107,10.0,17
15:21:23,2025.605,1000,1000,107,10.0,17
15:21:23,2025.795,995,1000,107,10.0,17
15:21:23,2025.995,997,1000,107,10.0,17
15:21:24,2026.197,998,1000,107,10.0,17
15:21:24,2026.398,999,1000,107,10.0,17
15:21:24,2026.601,995,1000,107,10.0,17
15:21:24,2026.793,997,1000,107,10.0,17
15:21:24,2026.994,998,1000,107,10.0,17
15:21:25,2027.194,999,1000,107,10.0,17
15:21:25,2027.397,995,1000,107,10.0,17
15:21:25,2027.598,997,1000,107,10.0,17
15:21:25,2027.789,998,1000,107,10.0,17
15:21:25,2027.988,997,1000,107,10.0,17
15:21:26,2028.188,997,1000,107,10.0,17
15:21:26,2028.39,999,1000,107,10.0,17
15:21:26,2028.592,999,1000,107,10.0,17
15:21:26,2028.794,995,1000,107,10.0,17
15:21:26,2028.986,994,1000,107,10.0,17
15:21:27,2029.184,996,1000,107,10.0,17
15:21:27,2029.383,997,1000,107,10.0,17
15:21:27,2029.584,994,1000,107,10.0,17
15:21:27,2029.785,996,1000,107,10.0,17
15:21:27,2029.988,999,1000,107,10.0,17
15:21:28,2030.181,1000,1000,107,10.0,17
15:21:28,2030.38,995,1000,107,10.0,17
15:21:28,2030.579,996,1000,107,10.0,17
15:21:28,2030.781,998,1000,107,10.0,17
15:21:28,2030.983,997,1000,107,10.0,17
15:21:29,2031.184,993,1000,107,10.0,17
15:21:29,2031.385,995,1000,107,10.0,17
15:21:29,2031.577,996,1000,107,10.0,17
15:21:29,2031.776,998,1000,107,10.0,17
15:21:29,2031.975,993,1000,108,10.0,17
15:21:30,2032.177,996,1000,108,10.0,17
15:21:30,2032.381,999,1000,108,10.0,17
15:21:30,2032.583,998,1000,108,10.0,17
15:21:30,2032.772,999,1000,108,10.0,17
15:21:30,2032.973,999,1000,108,10.0,17
15:21:31,2033.171,995,1000,108,10.0,17
15:21:31,2033.371,995,1000,108,10.0,17
15:21:31,2033.575,996,1000,108,10.0,17
15:21:31,2033.778,995,1000,108,10.0,17
15:21:31,2033.969,991,1000,108,10.0,17
15:21:32,2034.168,995,1000,108,10.0,17
15:21:32,2034.368,996,1000,108,10.0,17
15:21:32,2034.568,993,1000,108,10.0,17
15:21:32,2034.769,997,1000,108,10.0,17
15:21:32,2034.969,1000,1000,108,10.0,17
15:21:33,2035.172,996,1000,108,10.0,17
15:21:33,2035.365,997,1000,108,10.0,17
15:21:33,2035.564,998,1000,108,10.0,17
15:21:33,2035.764,997,1000,108,10.0,17
15:21:33,2035.963,997,1000,108,10.0,17
15:21:34,2036.166,997,1000,108,10.0,17
15:21:34,2036.368,998,1000,108,10.0,17
15:21:34,2036.561,994,1000,108,10.0,17
15:21:34,2036.76,997,1000,108,10.0,17
15:21:34,2036.96,999,1000,108,10.0,17
15:21:35,2037.161,994,1000,108,10.0,17
15:21:35,2037.357,996,1000,108,10.0,17
15:21:35,2037.558,998,1000,108,10.0,17
15:21:35,2037.759,996,1000,108,10.0,17
15:21:35,2037.958,999,1000,108,10.0,17
15:21:36,2038.159,997,1000,108,10.0,17
15:21:36,2038.362,1000,1000,108,10.0,17
15:21:36,2038.563,1003,1000,108,10.0,17
15:21:36,2038.754,1004,1000,108,10.0,17
15:21:36,2038.954,1006,1000,108,10.0,17
15:21:36,2039.155,1005,1000,108,10.0,17
15:21:37,2039.352,1001,1000,108,10.0,17
15:21:37,2039.552,1001,1000,108,10.0,17
15:21:37,2039.751,1001,1000,108,10.0,17
15:21:37,2039.951,995,1000,108,10.0,17
15:21:37,2040.15,996,1000,108,10.0,17
15:21:38,2040.35,997,1000,108,10.0,17
15:21:38,2040.551,993,1000,108,10.0,17
15:21:38,2040.755,997,1000,108,10.0,17
15:21:38,2040.948,1000,1000,108,10.0,17
15:21:38,2041.147,995,1000,108,10.0,17
15:21:39,2041.346,994,1000,108,10.0,17
15:21:39,2041.548,997,1000,108,10.0,17
15:21:39,2041.75,999,1000,108,10.0,17
15:21:39,2041.951,999,1000,108,10.0,17
15:21:39,2042.145,1000,1000,108,10.0,17
15:21:40,2042.343,1002,1000,108,10.0,17
15:21:40,2042.543,1004,1000,108,10.0,17
15:21:40,2042.742,1000,1000,108,10.0,17
15:21:40,2042.942,1002,1000,108,10.0,17
15:21:40,2043.141,1005,1000,108,10.0,17
15:21:41,2043.342,1000,1000,108,10.0,17
15:21:41,2043.542,1000,1000,108,10.0,17
15:21:41,2043.744,1000,1000,108,10.0,17
15:21:41,2043.946,1003,1000,108,10.0,17
15:21:41,2044.145,999,1000,108,10.0,17
15:21:42,2044.343,999,1000,108,10.0,17
15:21:42,2044.544,1001,1000,108,10.0,17
15:21:42,2044.738,1003,1000,108,10.0,17
15:21:42,2044.936,1005,1000,108,10.0,17
15:21:42,2045.135,999,1000,108,10.0,17
15:21:43,2045.336,995,1000,108,10.0,17
15:21:43,2045.537,996,1000,108,10.0,17
15:21:43,2045.739,993,1000,108,10.0,17
15:21:43,2045.942,989,1000,108,10.0,17
15:21:43,2046.132,994,1000,108,10.0,17
15:21:44,2046.332,997,1000,108,10.0,17
15:21:44,2046.531,994,1000,108,10.0,17
15:21:44,2046.734,998,1000,108,10.0,17
15:21:44,2046.935,1000,1000,108,10.0,17
15:21:44,2047.136,1002,1000,108,10.0,17
15:21:45,2047.339,1003,1000,108,10.0,17
15:21:45,2047.529,1000,1000,108,10.0,17
15:21:45,2047.727,1002,1000,108,10.0,17
15:21:45,2047.928,1003,1000,108,10.0,17
15:21:45,2048.131,1005,1000,108,10.0,17
15:21:46,2048.334,1005,1000,108,10.0,17
15:21:46,2048.535,1000,1000,108,10.0,17
15:21:46,2048.724,999,1000,108,10.0,17
15:21:46,2048.925,1000,1000,108,10.0,17
15:21:46,2049.124,997,1000,108,10.0,17
15:21:47,2049.324,997,1000,108,10.0,17
15:21:47,2049.529,1000,1000,108,10.0,17
15:21:47,2049.731,1002,1000,108,10.0,17
15:21:47,2049.921,1003,1000,108,10.0,17
15:21:47,2050.12,999,1000,108,10.0,17
15:21:48,2050.319,1001,1000,108,10.0,17
15:21:48,2050.521,1003,1000,108,10.0,17
15:21:48,2050.723,1004,1000,108,10.0,17
15:21:48,2050.925,1005,1000,108,10.0,17
15:21:48,2051.126,999,1000,108,10.0,17
15:21:49,2051.324,998,1000,108,10.0,17
15:21:49,2051.526,999,1000,108,10.0,17
15:21:49,2051.716,998,1000,108,10.0,17
15:21:49,2051.915,999,1000,108,10.0,17
15:21:49,2052.115,1001,1000,108,10.0,17
15:21:50,2052.318,1003,1000,108,10.0,17
15:21:50,2052.52,1004,1000,108,10.0,17
15:21:50,2052.722,1003,1000,108,10.0,17
15:21:50,2052.92,1002,1000,108,10.0,17
15:21:50,2053.112,1004,1000,108,10.0,17
15:21:51,2053.312,1005,1000,108,10.0,17
15:21:51,2053.511,1003,1000,108,10.0,17
15:21:51,2053.709,997,1000,108,10.0,17
15:21:51,2053.91,998,1000,108,10.0,17
15:21:51,2054.108,1000,1000,108,10.0,17
15:21:52,2054.31,1002,1000,108,10.0,17
15:21:52,2054.508,998,1000,108,10.0,17
15:21:52,2054.709,1000,1000,108,10.0,17
15:21:52,2054.911,1002,1000,108,10.0,17
15:21:52,2055.114,1004,1000,108,10.0,17
15:21:53,2055.305,1001,1000,108,10.0,17
15:21:53,2055.503,998,1000,108,10.0,17
15:21:53,2055.703,1000,1000,108,10.0,17
15:21:53,2055.903,1001,1000,108,10.0,17
15:21:53,2056.107,1003,1000,108,10.0,17
15:21:54,2056.31,1000,1000,108,10.0,17
15:21:54,2056.51,1001,1000,108,10.0,17
15:21:54,2056.701,1003,1000,108,10.0,17
15:21:54,2056.9,1004,1000,108,10.0,17
15:21:54,2057.098,1005,1000,108,10.0,17
15:21:55,2057.298,998,1000,108,10.0,17
15:21:55,2057.5,998,1000,108,10.0,17
15:21:55,2057.699,997,1000,108,10.0,17
15:21:55,2057.902,992,1000,108,10.0,17
15:21:55,2058.101,995,1000,108,10.0,17
15:21:56,2058.302,998,1000,108,10.0,17
15:21:56,2058.505,1000,1000,108,10.0,17
15:21:56,2058.695,996,1000,108,10.0,17
15:21:56,2058.893,997,1000,108,10.0,17
15:21:56,2059.095,999,1000,108,10.0,17
15:21:57,2059.299,1001,1000,108,10.0,17
15:21:57,2059.499,1001,1000,108,10.0,17
15:21:57,2059.7,999,1000,108,10.0,17
15:21:57,2059.9,1000,1000,108,10.0,17
15:21:57,2060.091,1002,1000,108,10.0,17
15:21:58,2060.289,1002,1000,108,10.0,17
15:21:58,2060.49,999,1000,108,10.0,17
15:21:58,2060.689,1001,1000,108,10.0,17
15:21:58,2060.891,1002,1000,108,10.0,17
15:21:58,2061.093,1003,1000,108,10.0,17
15:21:59,2061.294,1001,1000,108,10.0,17
15:21:59,2061.487,1002,1000,108,10.0,17
15:21:59,2061.696,1003,1000,108,10.0,17
15:21:59,2061.886,1004,1000,108,10.0,17
15:21:59,2062.086,1002,1000,108,10.0,17
15:22:00,2062.284,997,1000,108,10.0,17
15:22:00,2062.486,999,1000,108,10.0,17
15:22:00,2062.688,1001,1000,108,10.0,17
15:22:00,2062.891,1002,1000,108,10.0,17
15:22:00,2063.091,998,1000,108,10.0,17
15:22:01,2063.281,998,1000,108,10.0,17
15:22:01,2063.481,1000,1000,108,10.0,17
15:22:01,2063.679,1001,1000,108,10.0,17
15:22:01,2063.879,1000,1000,108,10.0,17
15:22:01,2064.081,999,1000,108,10.0,17
15:22:02,2064.282,1001,1000,108,10.0,17
15:22:02,2064.486,1002,1000,108,10.0,17
15:22:02,2064.676,1001,1000,108,10.0,17
15:22:02,2064.876,1000,1000,108,10.0,17
15:22:02,2065.076,1001,1000,108,10.0,17
15:22:03,2065.276,1002,1000,108,10.0,17
15:22:03,2065.477,1000,1000,108,10.0,17
15:22:03,2065.68,996,1000,108,10.0,17
15:22:03,2065.882,998,1000,108,10.0,17
15:22:03,2066.083,1000,1000,108,10.0,17
15:22:04,2066.273,1001,1000,108,10.0,17
15:22:04,2066.472,996,1000,108,10.0,17
15:22:04,2066.675,998,1000,108,10.0,17
15:22:04,2066.875,999,1000,108,10.0,17
15:22:04,2067.076,1000,1000,108,10.0,17
15:22:05,2067.278,998,1000,108,10.0,17
15:22:05,2067.469,1000,1000,108,10.0,17
15:22:05,2067.669,1001,1000,108,10.0,17
15:22:05,2067.869,1002,1000,108,10.0,17
15:22:05,2068.072,999,1000,108,10.0,17
15:22:06,2068.273,1000,1000,108,10.0,17
15:22:06,2068.473,1001,1000,108,10.0,17
15:22:06,2068.665,1002,1000,108,10.0,17
15:22:06,2068.864,997,1000,108,10.0,17
15:22:06,2069.064,996,1000,108,10.0,17
15:22:07,2069.265,998,1000,108,10.0,17
15:22:07,2069.466,999,1000,108,10.0,17
15:22:07,2069.668,997,1000,108,10.0,17
15:22:07,2069.87,998,1000,108,10.0,17
15:22:07,2070.07,1000,1000,108,10.0,17
15:22:08,2070.269,1000,1000,108,10.0,17
15:22:08,2070.46,996,1000,108,10.0,17
15:22:08,2070.66,996,1000,108,10.0,17
15:22:08,2070.859,998,1000,108,10.0,17
15:22:08,2071.061,998,1000,108,10.0,17
15:22:09,2071.265,995,1000,108,10.0,17
15:22:09,2071.468,997,1000,108,10.0,17
15:22:09,2071.657,999,1000,108,10.0,17
15:22:09,2071.857,1000,1000,108,10.0,17
15:22:09,2072.058,995,1000,108,10.0,17
15:22:10,2072.259,997,1000,108,10.0,17
15:22:10,2072.459,998,1000,108,10.0,17
15:22:10,2072.66,998,1000,108,10.0,17
15:22:10,2072.861,994,1000,108,10.0,17
15:22:10,2073.053,996,1000,108,10.0,17
15:22:11,2073.252,997,1000,108,10.0,17
15:22:11,2073.452,997,1000,108,10.0,17
15:22:11,2073.653,995,1000,108,10.0,17
15:22:11,2073.853,996,1000,108,10.0,17
15:22:11,2074.054,998,1000,108,10.0,17
15:22:12,2074.258,994,1000,108,10.0,17
15:22:12,2074.449,996,1000,108,10.0,17
15:22:12,2074.647,997,1000,108,10.0,17
15:22:12,2074.848,998,1000,108,10.0,17
15:22:12,2075.046,995,1000,108,10.0,17
15:22:13,2075.249,996,1000,108,10.0,17
15:22:13,2075.449,998,1000,108,10.0,17
15:22:13,2075.65,994,1000,108,10.0,17
15:22:13,2075.852,992,1000,108,10.0,17
15:22:13,2076.043,994,1000,108,10.0,17
15:22:14,2076.244,998,1000,108,10.0,17
15:22:14,2076.443,997,1000,108,10.0,17
15:22:14,2076.642,998,1000,108,10.0,17
15:22:14,2076.842,999,1000,108,10.0,17
15:22:14,2077.045,995,1000,108,10.0,17
15:22:15,2077.247,996,1000,108,10.0,17
15:22:15,2077.446,997,1000,108,10.0,17
15:22:15,2077.647,997,1000,108,10.0,17
15:22:15,2077.847,996,1000,108,10.0,17
15:22:15,2078.038,997,1000,108,10.0,17
15:22:16,2078.237,998,1000,108,10.0,17
15:22:16,2078.438,993,1000,108,10.0,17
15:22:16,2078.638,994,1000,108,10.0,17
15:22:16,2078.841,997,1000,108,10.0,17
15:22:16,2079.04,993,1000,108,10.0,17
15:22:17,2079.243,994,1000,108,10.0,17
15:22:17,2079.434,998,1000,108,10.0,17
15:22:17,2079.633,995,1000,108,10.0,17
15:22:17,2079.833,997,1000,108,10.0,17
15:22:17,2080.033,998,1000,108,10.0,17
15:22:18,2080.236,996,1000,108,10.0,17
15:22:18,2080.437,996,1000,108,10.0,17
15:22:18,2080.638,997,1000,108,10.0,17
15:22:18,2080.84,998,1000,108,10.0,17
15:22:18,2081.029,993,1000,108,10.0,17
15:22:19,2081.23,996,1000,108,10.0,17
15:22:19,2081.431,999,1000,108,10.0,17
15:22:19,2081.631,998,1000,108,10.0,17
15:22:19,2081.834,997,1000,108,10.0,17
15:22:19,2082.036,998,1000,108,10.0,17
15:22:20,2082.226,998,1000,108,10.0,17
15:22:20,2082.426,993,1000,108,10.0,17
15:22:20,2082.625,995,1000,108,10.0,17
15:22:20,2082.826,997,1000,108,10.0,17
15:22:20,2083.024,994,1000,108,10.0,17
15:22:21,2083.225,997,1000,108,10.0,17
15:22:21,2083.426,998,1000,108,10.0,17
15:22:21,2083.629,995,1000,108,10.0,17
15:22:21,2083.83,996,1000,108,10.0,17
15:22:21,2084.021,997,1000,108,10.0,17
15:22:22,2084.221,996,1000,108,10.0,17
15:22:22,2084.419,996,1000,108,10.0,17
15:22:22,2084.62,997,1000,108,10.0,17
15:22:22,2084.819,997,1000,108,10.0,17
15:22:22,2085.022,992,1000,108,10.0,17
15:22:23,2085.224,996,1000,108,10.0,17
15:22:23,2085.425,1000,1000,108,10.0,17
15:22:23,2085.626,996,1000,108,10.0,17
15:22:23,2085.816,997,1000,108,10.0,17
15:22:23,2086.015,997,1000,108,10.0,17
15:22:24,2086.215,993,1000,108,10.0,18
15:22:24,2086.415,996,1000,108,10.0,17
15:22:24,2086.613,999,1000,108,10.0,17
15:22:24,2086.815,1002,1000,108,10.0,17
15:22:24,2087.019,1004,1000,108,10.0,17
15:22:25,2087.218,999,1000,108,10.0,17
15:22:25,2087.419,1002,1000,108,10.0,17
15:22:25,2087.619,1003,1000,108,10.0,17
15:22:25,2087.819,1005,1000,108,10.0,17
15:22:25,2088.019,1002,1000,108,10.0,17
15:22:26,2088.217,996,1000,108,10.0,17
15:22:26,2088.409,997,1000,108,10.0,17
15:22:26,2088.607,997,1000,108,10.0,17
15:22:26,2088.808,993,1000,108,10.0,17
15:22:26,2089.009,997,1000,108,10.0,17
15:22:27,2089.209,999,1000,108,10.0,17
15:22:27,2089.413,1002,1000,108,10.0,17
15:22:27,2089.615,1000,1000,108,10.0,17
15:22:27,2089.804,996,1000,108,10.0,17
15:22:27,2090.003,999,1000,108,10.0,17
15:22:28,2090.204,1001,1000,108,10.0,17
15:22:28,2090.404,1003,1000,108,10.0,17
15:22:28,2090.607,1002,1000,108,10.0,17
15:22:28,2090.807,1001,1000,108,10.0,17
15:22:28,2091.01,1003,1000,108,10.0,17
15:22:29,2091.211,1004,1000,108,10.0,17
15:22:29,2091.401,1005,1000,108,10.0,17
15:22:29,2091.599,1003,1000,108,10.0,17
15:22:29,2091.8,1002,1000,108,10.0,17
15:22:29,2092.004,1001,1000,108,10.0,17
15:22:30,2092.206,1000,1000,108,10.0,17
15:22:30,2092.406,997,1000,108,10.0,17
15:22:30,2092.597,997,1000,108,10.0,17
15:22:30,2092.796,997,1000,108,10.0,17
15:22:30,2092.995,994,1000,108,10.0,17
15:22:31,2093.199,995,1000,108,10.0,17
15:22:31,2093.4,998,1000,108,10.0,17
15:22:31,2093.601,997,1000,108,10.0,17
15:22:31,2093.802,994,1000,108,10.0,17
15:22:31,2093.993,997,1000,108,10.0,17
15:22:32,2094.193,999,1000,108,10.0,17
15:22:32,2094.395,1001,1000,108,10.0,17
15:22:32,2094.597,998,1000,108,10.0,17
15:22:32,2094.798,1001,1000,108,10.0,17
15:22:32,2094.99,1002,1000,108,10.0,17
15:22:33,2095.19,1003,1000,108,10.0,17
15:22:33,2095.388,1002,1000,108,10.0,17
15:22:33,2095.591,998,1000,108,10.0,17
15:22:33,2095.791,1000,1000,108,10.0,17
15:22:33,2095.994,1001,1000,108,10.0,17
15:22:34,2096.186,1003,1000,108,10.0,17
15:22:34,2096.385,999,1000,108,10.0,17
15:22:34,2096.585,996,1000,108,10.0,17
15:22:34,2096.784,999,1000,108,10.0,17
15:22:34,2096.984,1000,1000,108,10.0,17
15:22:35,2097.184,1001,1000,108,10.0,17
15:22:35,2097.386,997,1000,108,10.0,17
15:22:35,2097.589,999,1000,108,10.0,17
15:22:35,2097.788,1001,1000,108,10.0,17
15:22:35,2097.988,1002,1000,108,10.0,17
15:22:36,2098.192,998,1000,108,10.0,17
15:22:36,2098.38,1000,1000,108,10.0,17
15:22:36,2098.579,1001,1000,108,10.0,17
15:22:36,2098.778,1002,1000,108,10.0,17
15:22:36,2098.979,1001,1000,108,10.0,17
15:22:37,2099.18,1001,1000,108,10.0,17
15:22:37,2099.38,1002,1000,108,10.0,17
15:22:37,2099.582,1003,1000,108,10.0,17
15:22:37,2099.785,1001,1000,108,10.0,17
15:22:37,2099.976,997,1000,108,10.0,17
15:22:38,2100.175,999,1000,108,10.0,17
15:22:38,2100.375,1000,1000,108,10.0,17
15:22:38,2100.578,1002,1000,108,10.0,17
15:22:38,2100.781,997,1000,108,10.0,17
15:22:38,2100.973,999,1000,108,10.0,17
15:22:39,2101.172,1000,1000,108,10.0,17
15:22:39,2101.371,1001,1000,108,10.0,17
15:22:39,2101.572,997,1000,108,10.0,17
15:22:39,2101.772,998,1000,108,10.0,17
15:22:39,2101.975,999,1000,108,10.0,17
15:22:40,2102.179,1000,1000,108,10.0,17
15:22:40,2102.368,999,1000,108,10.0,17
15:22:40,2102.568,1000,1000,108,10.0,17
15:22:40,2102.767,1001,1000,108,10.0,17
15:22:40,2102.968,1002,1000,108,10.0,17
15:22:41,2103.169,999,1000,108,10.0,17
15:22:41,2103.371,995,1000,108,10.0,17
15:22:41,2103.573,997,1000,108,10.0,17
15:22:41,2103.765,999,1000,108,10.0,17
15:22:41,2103.964,999,1000,108,10.0,17
15:22:42,2104.163,997,1000,108,10.0,17
15:22:42,2104.367,998,1000,108,10.0,17
15:22:42,2104.567,1000,1000,108,10.0,17
15:22:42,2104.767,998,1000,108,10.0,17
15:22:42,2104.967,999,1000,108,10.0,17
15:22:43,2105.169,1000,1000,108,10.0,17
15:22:43,2105.361,1001,1000,108,10.0,17
15:22:43,2105.561,1000,1000,108,10.0,17
15:22:43,2105.759,998,1000,108,10.0,17
15:22:43,2105.958,1000,1000,108,10.0,17
15:22:44,2106.158,1001,1000,108,10.0,17
15:22:44,2106.361,997,1000,108,10.0,17
15:22:44,2106.563,999,1000,108,10.0,17
15:22:44,2106.763,1000,1000,108,10.0,17
15:22:44,2106.965,1001,1000,108,10.0,17
15:22:44,2107.157,996,1000,108,10.0,17
15:22:45,2107.355,997,1000,108,10.0,17
15:22:45,2107.556,999,1000,108,10.0,17
15:22:45,2107.758,998,1000,108,10.0,17
15:22:45,2107.961,994,1000,108,10.0,17
15:22:46,2108.162,996,1000,108,10.0,17
15:22:46,2108.353,997,1000,108,10.0,17
15:22:46,2108.551,998,1000,108,10.0,17
15:22:46,2108.752,995,1000,108,10.0,17
15:22:46,2108.952,997,1000,108,10.0,17
15:22:46,2109.153,998,1000,108,10.0,17
15:22:47,2109.355,994,1000,108,10.0,18
15:22:47,2109.556,992,1000,108,10.0,18
15:22:47,2109.758,995,1000,108,10.0,17
15:22:47,2109.949,991,1000,108,10.0,18
15:22:47,2110.149,991,1000,108,10.0,18
15:22:48,2110.347,996,1000,108,10.0,17
15:22:48,2110.547,998,1000,108,10.0,17
15:22:48,2110.748,999,1000,108,10.0,17
15:22:48,2110.949,1000,1000,108,10.0,17
15:22:48,2111.152,995,1000,108,10.0,17
15:22:49,2111.353,994,1000,108,10.0,18
15:22:49,2111.544,996,1000,108,10.0,17
15:22:49,2111.743,996,1000,108,10.0,17
15:22:49,2111.944,992,1000,108,10.0,18
15:22:49,2112.143,996,1000,108,10.0,17
15:22:50,2112.344,996,1000,108,10.0,17
15:22:50,2112.545,992,1000,108,10.0,18
15:22:50,2112.747,996,1000,108,10.0,17
15:22:50,2112.947,999,1000,108,10.0,17
15:22:50,2113.14,995,1000,108,10.0,17
15:22:51,2113.34,996,1000,108,10.0,17
15:22:51,2113.538,997,1000,108,10.0,17
15:22:51,2113.738,995,1000,108,10.0,17
15:22:51,2113.939,996,1000,108,10.0,17
15:22:51,2114.139,998,1000,108,10.0,17
15:22:52,2114.338,998,1000,108,10.0,17
15:22:52,2114.541,993,1000,108,10.0,18
15:22:52,2114.743,995,1000,108,10.0,18
15:22:52,2114.943,997,1000,108,10.0,18
15:22:52,2115.144,996,1000,108,10.0,18
15:22:53,2115.334,998,1000,108,10.0,18
15:22:53,2115.533,999,1000,108,10.0,18
15:22:53,2115.734,998,1000,108,10.0,18
15:22:53,2115.935,994,1000,108,10.0,18
15:22:53,2116.134,998,1000,108,10.0,18
15:22:54,2116.336,999,1000,108,10.0,18
15:22:54,2116.538,996,1000,108,10.0,18
15:22:54,2116.738,998,1000,108,10.0,18
15:22:54,2116.939,999,1000,108,10.0,18
15:22:54,2117.129,1000,1000,108,10.0,18
15:22:55,2117.329,996,1000,108,10.0,18
15:22:55,2117.529,996,1000,108,10.0,18
15:22:55,2117.73,997,1000,108,10.0,18
15:22:55,2117.932,998,1000,108,10.0,18
15:22:55,2118.134,996,1000,108,10.0,18
15:22:56,2118.326,997,1000,108,10.0,18
15:22:56,2118.526,999,1000,108,10.0,18
15:22:56,2118.726,1000,1000,108,10.0,18
15:22:56,2118.925,996,1000,108,10.0,18
15:22:56,2119.126,997,1000,108,10.0,18
15:22:57,2119.329,998,1000,108,10.0,18
15:22:57,2119.529,997,1000,108,10.0,18
15:22:57,2119.731,997,1000,108,10.0,18
15:22:57,2119.922,998,1000,108,10.0,18
15:22:57,2120.122,999,1000,108,10.0,18
15:22:58,2120.322,998,1000,108,10.0,18
15:22:58,2120.521,998,1000,108,10.0,18
15:22:58,2120.723,999,1000,108,10.0,18
15:22:58,2120.924,1000,1000,108,10.0,18
15:22:58,2121.124,996,1000,108,10.0,18
15:22:59,2121.325,997,1000,108,10.0,18
15:22:59,2121.527,998,1000,108,10.0,18
15:22:59,2121.718,998,1000,108,10.0,18
15:22:59,2121.917,996,1000,108,10.0,18
15:22:59,2122.119,997,1000,108,10.0,18
15:23:00,2122.323,998,1000,108,10.0,18
15:23:00,2122.526,994,1000,108,10.0,18
15:23:00,2122.715,994,1000,108,10.0,18
15:23:00,2122.914,997,1000,108,10.0,18
15:23:00,2123.114,1000,1000,108,10.0,18
15:23:01,2123.315,1002,1000,108,10.0,18
15:23:01,2123.514,998,1000,108,10.0,18
15:23:01,2123.715,996,1000,108,10.0,18
15:23:01,2123.915,998,1000,108,10.0,18
15:23:01,2124.117,997,1000,108,10.0,18
15:23:02,2124.32,993,1000,109,10.0,18
15:23:02,2124.51,996,1000,109,10.0,18
15:23:02,2124.709,999,1000,109,10.0,18
15:23:02,2124.91,1001,1000,109,10.0,18
15:23:02,2125.111,1000,1000,109,10.0,18
15:23:03,2125.313,1001,1000,109,10.0,18
15:23:03,2125.514,1003,1000,109,10.0,18
15:23:03,2125.714,1004,1000,109,10.0,18
15:23:03,2125.907,1005,1000,108,10.0,17
15:23:03,2126.105,1002,1000,108,10.0,18
15:23:04,2126.305,1001,1000,108,10.0,18
15:23:04,2126.508,1000,1000,108,10.0,18
15:23:04,2126.709,998,1000,108,10.0,18
15:23:04,2126.911,998,1000,108,10.0,18
15:23:04,2127.103,998,1000,108,10.0,18
15:23:05,2127.303,999,1000,108,10.0,18
15:23:05,2127.502,994,1000,109,10.0,18
15:23:05,2127.701,997,1000,109,10.0,18
15:23:05,2127.9,999,1000,109,10.0,18
15:23:05,2128.102,1001,1000,109,10.0,18
15:23:06,2128.306,1001,1000,109,10.0,18
15:23:06,2128.507,1000,1000,109,10.0,18
15:23:06,2128.709,1001,1000,109,10.0,18
15:23:06,2128.898,1003,1000,109,10.0,18
15:23:06,2129.097,1004,1000,109,10.0,18
15:23:07,2129.297,999,1000,109,10.0,18
15:23:07,2129.496,1000,1000,109,10.0,18
15:23:07,2129.697,1002,1000,109,10.0,18
15:23:07,2129.9,1003,1000,109,10.0,18
15:23:07,2130.103,1004,1000,109,10.0,18
15:23:08,2130.303,999,1000,109,10.0,18
15:23:08,2130.503,1001,1000,109,10.0,18
15:23:08,2130.693,1002,1000,109,10.0,18
15:23:08,2130.891,1004,1000,109,10.0,18
15:23:08,2131.091,1002,1000,109,10.0,18
15:23:09,2131.293,1002,1000,109,10.0,18
15:23:09,2131.492,1003,1000,109,10.0,18
15:23:09,2131.694,1004,1000,109,10.0,18
15:23:09,2131.895,1004,1000,109,10.0,18
15:23:09,2132.098,1001,1000,109,10.0,18
15:23:10,2132.288,1002,1000,109,10.0,18
15:23:10,2132.488,1003,1000,109,10.0,18
15:23:10,2132.687,1004,1000,109,10.0,18
15:23:10,2132.889,1001,1000,109,10.0,18
15:23:10,2133.09,1002,1000,109,10.0,18
15:23:11,2133.292,1003,1000,109,10.0,18
15:23:11,2133.485,1004,1000,109,10.0,18
15:23:11,2133.685,1000,1000,109,10.0,18
15:23:11,2133.884,996,1000,109,10.0,18
15:23:11,2134.084,998,1000,109,10.0,18
15:23:12,2134.286,1000,1000,109,10.0,18
15:23:12,2134.486,1000,1000,109,10.0,18
15:23:12,2134.688,997,1000,109,10.0,18
15:23:12,2134.89,999,1000,109,10.0,18
15:23:12,2135.081,1001,1000,109,10.0,18
15:23:13,2135.281,1001,1000,109,10.0,18
15:23:13,2135.482,998,1000,109,10.0,18
15:23:13,2135.682,1000,1000,109,10.0,18
15:23:13,2135.885,1001,1000,109,10.0,18
15:23:13,2136.077,1002,1000,109,10.0,18
15:23:14,2136.278,997,1000,109,10.0,18
15:23:14,2136.477,999,1000,109,10.0,18
15:23:14,2136.677,1001,1000,109,10.0,18
15:23:14,2136.881,1002,1000,109,10.0,18
15:23:14,2137.08,997,1000,109,10.0,18
15:23:15,2137.28,997,1000,109,10.0,18
15:23:15,2137.484,999,1000,109,10.0,18
15:23:15,2137.674,1000,1000,109,10.0,18
15:23:15,2137.872,999,1000,109,10.0,18
15:23:15,2138.073,1000,1000,109,10.0,18
15:23:16,2138.271,1001,1000,109,10.0,18
15:23:16,2138.472,1002,1000,109,10.0,18
15:23:16,2138.672,1000,1000,109,10.0,18
15:23:16,2138.872,1001,1000,109,10.0,18
15:23:16,2139.074,1002,1000,109,10.0,18
15:23:17,2139.275,1003,1000,109,10.0,18
15:23:17,2139.479,1003,1000,109,10.0,18
15:23:17,2139.668,998,1000,109,10.0,18
15:23:17,2139.867,999,1000,109,10.0,18
15:23:17,2140.066,1000,1000,109,10.0,18
15:23:18,2140.266,999,1000,109,10.0,18
15:23:18,2140.469,999,1000,109,10.0,18
15:23:18,2140.669,1000,1000,109,10.0,18
15:23:18,2140.869,1001,1000,109,10.0,18
15:23:18,2141.07,999,1000,109,10.0,18
15:23:19,2141.272,995,1000,109,10.0,18
15:23:19,2141.472,997,1000,109,10.0,18
15:23:19,2141.662,999,1000,109,10.0,18
15:23:19,2141.862,1000,1000,109,10.0,18
15:23:19,2142.061,995,1000,109,10.0,18
15:23:20,2142.262,997,1000,109,10.0,18
15:23:20,2142.46,999,1000,109,10.0,18
15:23:20,2142.661,998,1000,109,10.0,18
15:23:20,2142.862,993,1000,109,10.0,18
15:23:20,2143.065,996,1000,109,10.0,18
15:23:21,2143.266,997,1000,109,10.0,18
15:23:21,2143.457,999,1000,109,10.0,18
15:23:21,2143.657,994,1000,109,10.0,18
15:23:21,2143.855,996,1000,109,10.0,18
15:23:21,2144.056,998,1000,109,10.0,18
15:23:22,2144.259,997,1000,109,10.0,18
15:23:22,2144.46,998,1000,109,10.0,18
15:23:22,2144.663,999,1000,109,10.0,18
15:23:22,2144.853,1000,1000,109,10.0,18
15:23:22,2145.053,995,1000,109,10.0,18
15:23:23,2145.256,994,1000,109,10.0,18
15:23:23,2145.458,996,1000,109,10.0,18
15:23:23,2145.659,997,1000,109,10.0,18
15:23:23,2145.858,995,1000,109,10.0,18
15:23:23,2146.058,996,1000,109,10.0,18
15:23:24,2146.26,998,1000,109,10.0,18
15:23:24,2146.449,999,1000,109,10.0,18
15:23:24,2146.648,994,1000,109,10.0,18
15:23:24,2146.848,996,1000,109,10.0,18
15:23:24,2147.048,998,1000,109,10.0,18
15:23:25,2147.252,996,1000,109,10.0,18
15:23:25,2147.452,992,1000,109,10.0,18
15:23:25,2147.655,994,1000,109,10.0,18
15:23:25,2147.844,994,1000,109,10.0,18
15:23:25,2148.045,993,1000,109,10.0,18
15:23:26,2148.244,997,1000,109,10.0,18
15:23:26,2148.445,997,1000,109,10.0,18
15:23:26,2148.648,999,1000,109,10.0,18
15:23:26,2148.849,1000,1000,109,10.0,18
15:23:26,2149.051,999,1000,109,10.0,18
15:23:27,2149.242,994,1000,109,10.0,18
15:23:27,2149.45,998,1000,109,10.0,18
15:23:27,2149.641,1001,1000,109,10.0,18
15:23:27,2149.84,1001,1000,109,10.0,18
15:23:27,2150.039,1002,1000,109,10.0,18
15:23:28,2150.24,1002,1000,109,10.0,18
15:23:28,2150.441,997,1000,109,10.0,18
15:23:28,2150.643,998,1000,109,10.0,18
15:23:28,2150.846,999,1000,109,10.0,18
15:23:28,2151.036,998,1000,109,10.0,18
15:23:29,2151.235,998,1000,109,10.0,18
15:23:29,2151.436,999,1000,109,10.0,18
15:23:29,2151.637,1000,1000,109,10.0,18
15:23:29,2151.839,995,1000,109,10.0,18
15:23:29,2152.041,995,1000,109,10.0,18
15:23:30,2152.243,996,1000,109,10.0,18
15:23:30,2152.432,996,1000,109,10.0,18
15:23:30,2152.633,992,1000,109,10.0,18
15:23:30,2152.833,996,1000,109,10.0,18
15:23:30,2153.035,1000,1000,109,10.0,18
15:23:31,2153.237,1001,1000,109,10.0,18
15:23:31,2153.438,1001,1000,109,10.0,18
15:23:31,2153.63,1001,1000,109,10.0,18
15:23:31,2153.829,996,1000,109,10.0,18
15:23:31,2154.03,997,1000,109,10.0,18
15:23:32,2154.233,998,1000,109,10.0,18
15:23:32,2154.434,997,1000,109,10.0,18
15:23:32,2154.635,997,1000,109,10.0,18
15:23:32,2154.826,998,1000,109,10.0,18
15:23:32,2155.024,999,1000,109,10.0,18
15:23:33,2155.226,994,1000,109,10.0,18
15:23:33,2155.426,996,1000,109,10.0,18
15:23:33,2155.627,999,1000,109,10.0,18
15:23:33,2155.83,1002,1000,109,10.0,18
15:23:33,2156.028,1004,1000,109,10.0,18
15:23:34,2156.23,1004,1000,109,10.0,18
15:23:34,2156.429,1006,1000,109,10.0,18
15:23:34,2156.621,1000,1000,109,10.0,18
15:23:34,2156.82,1000,1000,109,10.0,18
15:23:34,2157.019,1001,1000,109,10.0,18
15:23:35,2157.218,999,1000,109,10.0,18
15:23:35,2157.419,1000,1000,109,10.0,18
15:23:35,2157.622,1000,1000,109,10.0,18
15:23:35,2157.823,1000,1000,109,10.0,18
15:23:35,2158.017,995,1000,109,10.0,18
15:23:36,2158.216,996,1000,109,10.0,18
15:23:36,2158.416,997,1000,109,10.0,18
15:23:36,2158.618,995,1000,109,10.0,18
15:23:36,2158.818,991,1000,109,10.0,18
15:23:36,2159.019,995,1000,109,10.0,18
15:23:37,2159.219,994,1000,109,10.0,18
15:23:37,2159.412,993,1000,109,10.0,18
15:23:37,2159.611,997,1000,109,10.0,18
15:23:37,2159.81,998,1000,109,10.0,18
15:23:37,2160.011,1001,1000,109,10.0,18
15:23:38,2160.212,998,1000,109,10.0,18
15:23:38,2160.413,1001,1000,109,10.0,18
15:23:38,2160.616,1003,1000,109,10.0,18
15:23:38,2160.816,1005,1000,109,10.0,18
15:23:38,2161.016,1005,1000,109,10.0,18
15:23:39,2161.208,1005,1000,109,10.0,18
15:23:39,2161.406,1000,1000,109,10.0,18
15:23:39,2161.606,995,1000,109,10.0,18
15:23:39,2161.808,996,1000,109,10.0,18
15:23:39,2162.009,999,1000,109,10.0,18
15:23:40,2162.21,1000,1000,109,10.0,18
15:23:40,2162.412,999,1000,109,10.0,18
15:23:40,2162.604,1002,1000,109,10.0,18
15:23:40,2162.802,999,1000,109,10.0,18
15:23:40,2163.003,1001,1000,109,10.0,18
15:23:41,2163.202,1002,1000,109,10.0,18
15:23:41,2163.405,1000,1000,109,10.0,18
15:23:41,2163.606,1002,1000,109,10.0,18
15:23:41,2163.807,1004,1000,109,10.0,18
15:23:41,2164.007,1004,1000,109,10.0,18
15:23:42,2164.208,1002,1000,109,10.0,18
15:23:42,2164.399,1005,1000,109,10.0,18
15:23:42,2164.598,1003,1000,109,10.0,18
15:23:42,2164.799,1000,1000,109,10.0,18
15:23:42,2164.999,1000,1000,109,10.0,18
15:23:43,2165.202,1000,1000,109,10.0,18
15:23:43,2165.403,995,1000,109,10.0,18
15:23:43,2165.594,996,1000,109,10.0,18
15:23:43,2165.794,997,1000,109,10.0,18
15:23:43,2165.993,994,1000,109,10.0,18
15:23:44,2166.194,990,1000,109,10.0,18
15:23:44,2166.395,995,1000,109,10.0,18
15:23:44,2166.596,998,1000,109,10.0,18
15:23:44,2166.795,1001,1000,109,10.0,18
15:23:44,2166.997,998,1000,109,10.0,18
15:23:45,2167.197,1001,1000,109,10.0,18
15:23:45,2167.398,1003,1000,109,10.0,18
15:23:45,2167.589,1005,1000,109,10.0,18
15:23:45,2167.788,1004,1000,109,10.0,18
15:23:45,2167.988,1003,1000,109,10.0,18
15:23:46,2168.188,998,1000,109,10.0,18
15:23:46,2168.389,1001,1000,109,10.0,18
15:23:46,2168.591,1003,1000,109,10.0,18
15:23:46,2168.794,1001,1000,109,10.0,18
15:23:46,2168.985,997,1000,109,10.0,18
15:23:47,2169.185,1000,1000,109,10.0,18
15:23:47,2169.386,1002,1000,109,10.0,18
15:23:47,2169.584,1004,1000,109,10.0,18
15:23:47,2169.783,1004,1000,109,10.0,18
15:23:47,2169.983,1000,1000,109,10.0,18
15:23:48,2170.183,1003,1000,109,10.0,18
15:23:48,2170.384,1004,1000,109,10.0,18
15:23:48,2170.586,1006,1000,109,10.0,18
15:23:48,2170.787,1000,1000,109,10.0,18
15:23:48,2170.988,1000,1000,109,10.0,18
15:23:49,2171.179,1000,1000,109,10.0,18
15:23:49,2171.378,996,1000,109,10.0,18
15:23:49,2171.578,997,1000,109,10.0,18
15:23:49,2171.778,997,1000,109,10.0,18
15:23:49,2171.981,995,1000,109,10.0,18
15:23:50,2172.184,996,1000,109,10.0,18
15:23:50,2172.383,997,1000,109,10.0,18
15:23:50,2172.575,996,1000,109,10.0,18
15:23:50,2172.774,995,1000,109,10.0,18
15:23:50,2172.974,996,1000,109,10.0,18
15:23:51,2173.174,997,1000,109,10.0,18
15:23:51,2173.375,991,1000,109,10.0,18
15:23:51,2173.577,994,1000,109,10.0,18
15:23:51,2173.78,998,1000,109,10.0,18
15:23:51,2173.972,1000,1000,109,10.0,18
15:23:52,2174.17,998,1000,109,10.0,18
15:23:52,2174.371,1000,1000,109,10.0,18
15:23:52,2174.569,1003,1000,109,10.0,18
15:23:52,2174.77,1004,1000,109,10.0,18
15:23:52,2174.974,1005,1000,109,10.0,18
15:23:53,2175.175,1004,1000,109,10.0,18
15:23:53,2175.367,1001,1000,109,10.0,18
15:23:53,2175.568,1002,1000,109,10.0,18
15:23:53,2175.766,1003,1000,109,10.0,18
15:23:53,2175.966,999,1000,109,10.0,18
15:23:54,2176.168,1001,1000,109,10.0,18
15:23:54,2176.37,1003,1000,109,10.0,18
15:23:54,2176.57,1005,1000,109,10.0,18
15:23:54,2176.767,1002,1000,109,10.0,18
15:23:54,2176.967,996,1000,109,10.0,18
15:23:55,2177.167,997,1000,109,10.0,18
15:23:55,2177.369,999,1000,109,10.0,18
15:23:55,2177.569,1001,1000,109,10.0,18
15:23:55,2177.761,997,1000,109,10.0,18
15:23:55,2177.971,1000,1000,109,10.0,18
15:23:56,2178.161,1002,1000,109,10.0,18
15:23:56,2178.36,1004,1000,109,10.0,18
15:23:56,2178.559,1004,1000,109,10.0,18
15:23:56,2178.76,1000,1000,109,10.0,18
15:23:56,2178.964,1002,1000,109,10.0,18
15:23:57,2179.164,1004,1000,109,10.0,18
15:23:57,2179.367,1005,1000,109,10.0,18
15:23:57,2179.556,1001,1000,109,10.0,18
15:23:57,2179.756,994,1000,109,10.0,18
15:23:57,2179.956,997,1000,109,10.0,18
15:23:57,2180.154,999,1000,109,10.0,18
15:23:58,2180.357,999,1000,109,10.0,18
15:23:58,2180.559,999,1000,109,10.0,18
15:23:58,2180.757,1001,1000,109,10.0,18
15:23:58,2180.959,1003,1000,109,10.0,18
15:23:59,2181.16,1004,1000,109,10.0,18
15:23:59,2181.352,1003,1000,109,10.0,18
15:23:59,2181.55,1002,1000,109,10.0,18
15:23:59,2181.752,1003,1000,109,10.0,18
15:23:59,2181.955,1004,1000,109,10.0,18
15:24:00,2182.159,1006,1000,109,10.0,18
15:24:00,2182.349,999,1000,109,10.0,18
15:24:00,2182.551,998,1000,109,10.0,18
15:24:00,2182.754,998,1000,109,10.0,18
15:24:00,2182.954,993,1000,109,10.0,18
15:24:00,2183.146,992,1000,109,10.0,18
15:24:01,2183.346,996,1000,109,10.0,18
15:24:01,2183.545,998,1000,109,10.0,18
15:24:01,2183.748,1000,1000,109,10.0,18
15:24:01,2183.949,996,1000,109,10.0,18
15:24:01,2184.149,999,1000,109,10.0,18
15:24:02,2184.352,1001,1000,109,10.0,18
15:24:02,2184.552,1003,1000,109,10.0,18
15:24:02,2184.742,1002,1000,109,10.0,18
15:24:02,2184.941,1001,1000,109,10.0,18
15:24:02,2185.14,1003,1000,109,10.0,18
15:24:03,2185.34,1004,1000,109,10.0,18
15:24:03,2185.542,1005,1000,109,10.0,18
15:24:03,2185.743,998,1000,109,10.0,18
15:24:03,2185.945,998,1000,109,10.0,18
15:24:03,2186.146,998,1000,109,10.0,18
15:24:04,2186.346,995,1000,109,10.0,18
15:24:04,2186.547,994,1000,109,10.0,18
15:24:04,2186.737,997,1000,109,10.0,18
15:24:04,2186.935,999,1000,109,10.0,18
15:24:04,2187.135,1001,1000,109,10.0,18
15:24:05,2187.339,997,1000,109,10.0,18
15:24:05,2187.54,999,1000,109,10.0,18
15:24:05,2187.742,1001,1000,109,10.0,18
15:24:05,2187.932,1003,1000,109,10.0,18
15:24:05,2188.132,1003,1000,109,10.0,18
15:24:06,2188.332,999,1000,109,10.0,18
15:24:06,2188.532,1001,1000,109,10.0,18
15:24:06,2188.735,1002,1000,109,10.0,18
15:24:06,2188.935,1003,1000,109,10.0,18
15:24:06,2189.137,998,1000,109,10.0,18
15:24:07,2189.337,999,1000,109,10.0,18
15:24:07,2189.539,1001,1000,109,10.0,18
15:24:07,2189.728,1002,1000,109,10.0,18
15:24:07,2189.927,1003,1000,109,10.0,18
15:24:07,2190.126,998,1000,109,10.0,18
15:24:08,2190.327,1000,1000,109,10.0,18
15:24:08,2190.53,1002,1000,109,10.0,18
15:24:08,2190.73,1003,1000,109,10.0,18
15:24:08,2190.932,1002,1000,109,10.0,18
15:24:08,2191.124,1001,1000,109,10.0,18
15:24:09,2191.324,1003,1000,109,10.0,18
15:24:09,2191.523,1004,1000,109,10.0,18
15:24:09,2191.722,1003,1000,109,10.0,18
15:24:09,2191.925,1000,1000,109,10.0,18
15:24:09,2192.126,1001,1000,109,10.0,18
15:24:10,2192.33,1003,1000,109,10.0,18
15:24:10,2192.52,1003,1000,109,10.0,18
15:24:10,2192.72,999,1000,109,10.0,18
15:24:10,2192.919,1001,1000,109,10.0,18
15:24:10,2193.119,1002,1000,109,10.0,18
15:24:11,2193.319,1003,1000,109,10.0,18
15:24:11,2193.522,1000,1000,109,10.0,18
15:24:11,2193.723,1001,1000,109,10.0,18
15:24:11,2193.923,1003,1000,109,10.0,18
15:24:11,2194.124,1004,1000,109,10.0,18
15:24:12,2194.325,1004,1000,109,10.0,18
15:24:12,2194.515,999,1000,109,10.0,18
15:24:12,2194.715,1001,1000,109,10.0,18
15:24:12,2194.915,1002,1000,109,10.0,18
15:24:12,2195.118,1004,1000,109,10.0,18
15:24:13,2195.32,999,1000,109,10.0,18
15:24:13,2195.521,1000,1000,109,10.0,18
15:24:13,2195.721,1001,1000,109,10.0,18
15:24:13,2195.92,1002,1000,109,10.0,18
15:24:13,2196.111,1002,1000,109,10.0,18
15:24:14,2196.311,1000,1000,109,10.0,18
15:24:14,2196.512,1002,1000,109,10.0,18
15:24:14,2196.71,1003,1000,109,10.0,18
15:24:14,2196.911,1002,1000,109,10.0,18
15:24:14,2197.112,998,1000,109,10.0,18
15:24:15,2197.315,1000,1000,109,10.0,18
15:24:15,2197.516,1001,1000,109,10.0,18
15:24:15,2197.707,1002,1000,109,10.0,18
15:24:15,2197.907,997,1000,109,10.0,18
15:24:15,2198.105,1000,1000,109,10.0,18
15:24:16,2198.306,1001,1000,109,10.0,18
15:24:16,2198.507,1002,1000,109,10.0,18
15:24:16,2198.709,997,1000,109,10.0,18
15:24:16,2198.91,997,1000,109,10.0,18
15:24:16,2199.111,999,1000,109,10.0,18
15:24:17,2199.311,1001,1000,109,10.0,18
15:24:17,2199.51,1000,1000,109,10.0,18
15:24:17,2199.701,999,1000,109,10.0,18
15:24:17,2199.901,1001,1000,109,10.0,18
15:24:17,2200.103,1002,1000,109,10.0,18
15:24:18,2200.303,1001,1000,109,10.0,18
15:24:18,2200.507,996,1000,109,10.0,18
15:24:18,2200.707,998,1000,109,10.0,18
15:24:18,2200.898,1000,1000,109,10.0,18
15:24:18,2201.097,1001,1000,109,10.0,18
15:24:19,2201.298,997,1000,109,10.0,18
15:24:19,2201.5,999,1000,109,10.0,18
15:24:19,2201.702,1000,1000,109,10.0,18
15:24:19,2201.896,1002,1000,109,10.0,18
15:24:19,2202.094,997,1000,109,10.0,18
15:24:20,2202.294,998,1000,109,10.0,18
15:24:20,2202.495,999,1000,109,10.0,18
15:24:20,2202.7,1001,1000,109,10.0,18
15:24:20,2202.9,999,1000,109,10.0,18
15:24:20,2203.092,1000,1000,109,10.0,18
15:24:21,2203.291,1001,1000,109,10.0,18
15:24:21,2203.489,1002,1000,109,10.0,18
15:24:21,2203.692,1000,1000,109,10.0,18
15:24:21,2203.893,996,1000,109,10.0,18
15:24:21,2204.094,998,1000,109,10.0,18
15:24:22,2204.288,1000,1000,109,10.0,18
15:24:22,2204.498,1001,1000,109,10.0,18
15:24:22,2204.687,996,1000,109,10.0,18
15:24:22,2204.886,998,1000,109,10.0,18
15:24:22,2205.086,1000,1000,109,10.0,18
15:24:23,2205.287,1001,1000,109,10.0,18
15:24:23,2205.489,997,1000,109,10.0,18
15:24:23,2205.693,998,1000,109,10.0,18
15:24:23,2205.894,1000,1000,109,10.0,18
15:24:23,2206.083,1002,1000,109,10.0,18
15:24:24,2206.283,1000,1000,109,10.0,18
15:24:24,2206.484,1000,1000,109,10.0,18
15:24:24,2206.684,1001,1000,109,10.0,18
15:24:24,2206.885,1002,1000,109,10.0,18
15:24:24,2207.086,1000,1000,109,10.0,18
15:24:25,2207.289,995,1000,109,10.0,18
15:24:25,2207.479,997,1000,109,10.0,18
15:24:25,2207.679,999,1000,109,10.0,18
15:24:25,2207.878,999,1000,109,10.0,18
15:24:25,2208.078,996,1000,109,10.0,18
15:24:26,2208.279,998,1000,109,10.0,18
15:24:26,2208.481,1000,1000,109,10.0,18
15:24:26,2208.682,999,1000,109,10.0,18
15:24:26,2208.885,999,1000,109,10.0,18
15:24:26,2209.075,1000,1000,109,10.0,18
15:24:27,2209.274,1001,1000,109,10.0,18
15:24:27,2209.475,999,1000,109,10.0,18
15:24:27,2209.675,995,1000,109,10.0,18
15:24:27,2209.88,997,1000,109,10.0,18
15:24:27,2210.079,999,1000,109,10.0,18
15:24:28,2210.271,1000,1000,109,10.0,18
15:24:28,2210.469,995,1000,109,10.0,18
15:24:28,2210.672,997,1000,109,10.0,18
15:24:28,2210.872,999,1000,109,10.0,18
15:24:28,2211.073,999,1000,109,10.0,18
15:24:29,2211.272,994,1000,109,10.0,18
15:24:29,2211.475,997,1000,109,10.0,18
15:24:29,2211.675,999,1000,109,10.0,18
15:24:29,2211.866,1000,1000,109,10.0,18
15:24:29,2212.066,996,1000,109,10.0,18
15:24:30,2212.268,998,1000,109,10.0,18
15:24:30,2212.468,999,1000,109,10.0,18
15:24:30,2212.674,1001,1000,109,10.0,18
15:24:30,2212.864,999,1000,109,10.0,18
15:24:30,2213.063,1000,1000,109,10.0,18
15:24:31,2213.263,1001,1000,109,10.0,18
15:24:31,2213.463,1002,1000,109,10.0,18
15:24:31,2213.664,999,1000,109,10.0,18
15:24:31,2213.868,1000,1000,109,10.0,18
15:24:31,2214.07,1001,1000,109,10.0,18
15:24:32,2214.261,1002,1000,109,10.0,18
15:24:32,2214.459,998,1000,109,10.0,18
15:24:32,2214.659,996,1000,109,10.0,18
15:24:32,2214.86,997,1000,109,10.0,18
15:24:32,2215.06,999,1000,109,10.0,18
15:24:33,2215.261,998,1000,109,10.0,18
15:24:33,2215.463,998,1000,109,10.0,18
15:24:33,2215.665,1000,1000,109,10.0,18
15:24:33,2215.855,1001,1000,109,10.0,18
15:24:33,2216.055,999,1000,109,10.0,18
15:24:34,2216.254,995,1000,109,10.0,18
15:24:34,2216.454,997,1000,109,10.0,18
15:24:34,2216.656,999,1000,109,10.0,18
15:24:34,2216.858,1000,1000,109,10.0,18
15:24:34,2217.059,995,1000,109,10.0,18
15:24:35,2217.252,997,1000,109,10.0,18
15:24:35,2217.451,999,1000,109,10.0,18
15:24:35,2217.65,1000,1000,109,10.0,18
15:24:35,2217.849,997,1000,109,10.0,18
15:24:35,2218.052,998,1000,109,10.0,18
15:24:36,2218.253,1000,1000,109,10.0,18
15:24:36,2218.455,999,1000,109,10.0,18
15:24:36,2218.657,994,1000,109,10.0,18
15:24:36,2218.847,997,1000,109,10.0,18
15:24:36,2219.047,998,1000,109,10.0,18
15:24:37,2219.247,1000,1000,109,10.0,18
15:24:37,2219.447,995,1000,109,10.0,18
15:24:37,2219.649,997,1000,109,10.0,18
15:24:37,2219.851,999,1000,109,10.0,18
15:24:37,2220.045,1000,1000,109,10.0,18
15:24:38,2220.243,998,1000,109,10.0,18
15:24:38,2220.443,999,1000,109,10.0,18
15:24:38,2220.642,1001,1000,109,10.0,18
15:24:38,2220.842,1002,1000,109,10.0,18
15:24:38,2221.044,998,1000,109,10.0,18
15:24:39,2221.243,999,1000,109,10.0,18
15:24:39,2221.443,1001,1000,109,10.0,18
15:24:39,2221.646,1002,1000,109,10.0,18
15:24:39,2221.845,997,1000,109,10.0,18
15:24:39,2222.046,997,1000,109,10.0,18
15:24:40,2222.245,999,1000,109,10.0,18
15:24:40,2222.445,1000,1000,109,10.0,18
15:24:40,2222.636,998,1000,109,10.0,18
15:24:40,2222.836,999,1000,109,10.0,18
15:24:40,2223.035,1001,1000,109,10.0,18
15:24:41,2223.234,1002,1000,109,10.0,18
15:24:41,2223.435,999,1000,109,10.0,18
15:24:41,2223.636,995,1000,109,10.0,18
15:24:41,2223.836,997,1000,109,10.0,18
15:24:41,2224.038,999,1000,109,10.0,18
15:24:42,2224.238,999,1000,109,10.0,18
15:24:42,2224.441,997,1000,109,10.0,18
15:24:42,2224.631,999,1000,109,10.0,18
15:24:42,2224.831,1000,1000,109,10.0,18
15:24:42,2225.029,999,1000,109,10.0,18
15:24:43,2225.229,999,1000,109,10.0,18
15:24:43,2225.432,1001,1000,109,10.0,18
15:24:43,2225.635,1002,1000,109,10.0,18
15:24:43,2225.836,1003,1000,109,10.0,18
15:24:43,2226.036,998,1000,109,10.0,18
15:24:44,2226.226,999,1000,109,10.0,18
15:24:44,2226.426,1001,1000,109,10.0,18
15:24:44,2226.626,1002,1000,109,10.0,18
15:24:44,2226.826,997,1000,109,10.0,18
15:24:44,2227.028,999,1000,109,10.0,18
15:24:45,2227.229,1000,1000,109,10.0,18
15:24:45,2227.434,1001,1000,109,10.0,18
15:24:45,2227.623,998,1000,109,10.0,18
15:24:45,2227.822,999,1000,109,10.0,18
15:24:45,2228.022,1001,1000,109,10.0,18
15:24:46,2228.225,1001,1000,109,10.0,18
15:24:46,2228.427,997,1000,109,10.0,18
15:24:46,2228.63,999,1000,109,10.0,18
15:24:46,2228.82,1000,1000,109,10.0,18
15:24:46,2229.02,1001,1000,109,10.0,18
15:24:47,2229.221,999,1000,109,10.0,18
15:24:47,2229.421,1000,1000,109,10.0,18
15:24:47,2229.622,1002,1000,109,10.0,18
15:24:47,2229.825,1002,1000,109,10.0,18
15:24:47,2230.016,1000,1000,109,10.0,18
15:24:48,2230.216,1001,1000,109,10.0,18
15:24:48,2230.415,1002,1000,109,10.0,18
15:24:48,2230.618,1003,1000,109,10.0,18
15:24:48,2230.819,999,1000,109,10.0,18
15:24:48,2231.02,996,1000,109,10.0,18
15:24:49,2231.222,998,1000,109,10.0,18
15:24:49,2231.412,1000,1000,109,10.0,18
15:24:49,2231.611,1002,1000,109,10.0,18
15:24:49,2231.811,997,1000,109,10.0,18
15:24:49,2232.01,1000,1000,109,10.0,18
15:24:50,2232.21,1002,1000,109,10.0,18
15:24:50,2232.413,1003,1000,109,10.0,18
15:24:50,2232.613,1004,1000,109,10.0,18
15:24:50,2232.812,999,1000,109,10.0,18
15:24:50,2233.013,1001,1000,109,10.0,18
15:24:51,2233.216,1003,1000,109,10.0,18
15:24:51,2233.407,1004,1000,109,10.0,18
15:24:51,2233.606,1001,1000,109,10.0,18
15:24:51,2233.806,997,1000,109,10.0,18
15:24:51,2234.006,1000,1000,109,10.0,18
15:24:52,2234.207,1002,1000,109,10.0,18
15:24:52,2234.41,1003,1000,109,10.0,18
15:24:52,2234.61,999,1000,109,10.0,18
15:24:52,2234.81,1001,1000,109,10.0,18
15:24:52,2235.002,1003,1000,109,10.0,18
15:24:53,2235.202,1004,1000,109,10.0,18
15:24:53,2235.401,1005,1000,109,10.0,18
15:24:53,2235.602,998,1000,109,10.0,18
15:24:53,2235.802,998,1000,109,10.0,18
15:24:53,2236.003,998,1000,109,10.0,18
15:24:54,2236.206,998,1000,109,10.0,18
15:24:54,2236.398,999,1000,109,10.0,18
15:24:54,2236.598,1001,1000,109,10.0,18
15:24:54,2236.798,1003,1000,109,10.0,18
15:24:54,2236.997,1004,1000,109,10.0,18
15:24:55,2237.198,1002,1000,109,10.0,18
15:24:55,2237.399,1002,1000,109,10.0,18
15:24:55,2237.598,1004,1000,109,10.0,18
15:24:55,2237.799,1005,1000,109,10.0,18
15:24:55,2238.0,1003,1000,109,10.0,18
15:24:56,2238.201,998,1000,109,10.0,18
15:24:56,2238.393,998,1000,109,10.0,18
15:24:56,2238.592,1000,1000,109,10.0,18
15:24:56,2238.79,1001,1000,109,10.0,18
15:24:56,2238.992,998,1000,109,10.0,18
15:24:57,2239.194,1000,1000,109,10.0,18
15:24:57,2239.395,1002,1000,109,10.0,18
15:24:57,2239.598,1003,1000,109,10.0,18
15:24:57,2239.789,999,1000,109,10.0,18
15:24:57,2239.987,998,1000,109,10.0,18
15:24:58,2240.188,1001,1000,109,10.0,18
15:24:58,2240.391,1003,1000,109,10.0,18
15:24:58,2240.591,1004,1000,109,10.0,18
15:24:58,2240.794,1000,1000,109,10.0,18
15:24:58,2240.985,1002,1000,109,10.0,18
15:24:59,2241.185,1003,1000,109,10.0,18
15:24:59,2241.384,1005,1000,109,10.0,18
15:24:59,2241.583,1005,1000,109,10.0,18
15:24:59,2241.787,998,1000,109,10.0,18
15:24:59,2241.99,998,1000,109,10.0,18
15:25:00,2242.181,998,1000,109,10.0,18
15:25:00,2242.38,992,1000,109,10.0,18
15:25:00,2242.582,996,1000,109,10.0,18
15:25:00,2242.784,999,1000,109,10.0,18
15:25:00,2242.986,1001,1000,109,10.0,18
15:25:01,2243.185,997,1000,109,10.0,18
15:25:01,2243.383,998,1000,109,10.0,18
15:25:01,2243.584,1000,1000,109,10.0,18
15:25:01,2243.786,1002,1000,109,10.0,18
15:25:01,2243.977,1004,1000,109,10.0,18
15:25:02,2244.176,1000,1000,109,10.0,18
15:25:02,2244.377,999,1000,109,10.0,18
15:25:02,2244.576,1002,1000,109,10.0,18
15:25:02,2244.78,1003,1000,109,10.0,18
15:25:02,2244.979,1005,1000,109,10.0,18
15:25:03,2245.181,998,1000,109,10.0,18
15:25:03,2245.373,998,1000,109,10.0,18
15:25:03,2245.572,998,1000,109,10.0,18
15:25:03,2245.77,997,1000,109,10.0,18
15:25:03,2245.971,999,1000,109,10.0,18
15:25:04,2246.174,1001,1000,109,10.0,18
15:25:04,2246.374,1003,1000,109,10.0,18
15:25:04,2246.576,1004,1000,109,10.0,18
15:25:04,2246.769,1003,1000,109,10.0,18
15:25:04,2246.968,1002,1000,109,10.0,18
15:25:05,2247.168,1004,1000,109,10.0,18
15:25:05,2247.371,1005,1000,109,10.0,18
15:25:05,2247.573,1004,1000,109,10.0,18
15:25:05,2247.775,999,1000,109,10.0,18
15:25:05,2247.964,999,1000,109,10.0,18
15:25:06,2248.165,998,1000,109,10.0,18
15:25:06,2248.363,995,1000,109,10.0,18
15:25:06,2248.565,996,1000,109,10.0,18
15:25:06,2248.766,996,1000,109,10.0,18
15:25:06,2248.967,994,1000,109,10.0,18
15:25:07,2249.169,996,1000,109,10.0,18
15:25:07,2249.371,999,1000,109,10.0,18
15:25:07,2249.561,1001,1000,109,10.0,18
15:25:07,2249.76,1001,1000,109,10.0,18
15:25:07,2249.962,1000,1000,109,10.0,18
15:25:08,2250.162,1002,1000,109,10.0,18
15:25:08,2250.363,1004,1000,109,10.0,18
15:25:08,2250.563,1005,1000,109,10.0,18
15:25:08,2250.764,1003,1000,109,10.0,18
15:25:08,2250.956,1001,1000,109,10.0,18
15:25:08,2251.156,1001,1000,109,10.0,18
15:25:09,2251.357,1000,1000,109,10.0,18
15:25:09,2251.556,996,1000,109,10.0,18
15:25:09,2251.758,996,1000,109,10.0,18
15:25:09,2251.96,997,1000,109,10.0,18
15:25:10,2252.161,992,1000,109,10.0,18
15:25:10,2252.352,994,1000,109,10.0,18
15:25:10,2252.552,997,1000,109,10.0,18
15:25:10,2252.751,999,1000,109,10.0,18
15:25:10,2252.951,996,1000,109,10.0,18
15:25:10,2253.152,999,1000,109,10.0,18
15:25:11,2253.353,1002,1000,109,10.0,18
15:25:11,2253.554,1004,1000,109,10.0,18
15:25:11,2253.755,1004,1000,109,10.0,18
15:25:11,2253.948,1002,1000,109,10.0,18
15:25:11,2254.147,1004,1000,109,10.0,18
15:25:12,2254.347,1005,1000,109,10.0,18
15:25:12,2254.548,1005,1000,109,10.0,18
15:25:12,2254.749,1001,1000,109,10.0,18
15:25:12,2254.953,1000,1000,109,10.0,18
15:25:12,2255.144,1000,1000,109,10.0,18
15:25:13,2255.343,998,1000,109,10.0,18
15:25:13,2255.543,998,1000,109,10.0,18
15:25:13,2255.744,998,1000,109,10.0,18
15:25:13,2255.95,998,1000,109,10.0,18
15:25:13,2256.142,994,1000,109,10.0,18
15:25:14,2256.341,996,1000,109,10.0,18
15:25:14,2256.539,999,1000,109,10.0,18
15:25:14,2256.74,1000,1000,109,10.0,18
15:25:14,2256.943,997,1000,109,10.0,18
15:25:14,2257.145,1000,1000,109,10.0,18
15:25:15,2257.348,1002,1000,109,10.0,18
15:25:15,2257.538,1004,1000,109,10.0,18
15:25:15,2257.736,1005,1000,109,10.0,18
15:25:15,2257.938,1001,1000,109,10.0,18
15:25:15,2258.14,1001,1000,109,10.0,18
15:25:16,2258.341,1000,1000,109,10.0,18
15:25:16,2258.543,998,1000,109,10.0,18
15:25:16,2258.734,998,1000,109,10.0,18
15:25:16,2258.933,998,1000,109,10.0,18
15:25:16,2259.134,998,1000,109,10.0,18
15:25:17,2259.338,995,1000,109,10.0,18
15:25:17,2259.538,996,1000,109,10.0,18
15:25:17,2259.74,996,1000,109,10.0,18
15:25:17,2259.93,991,1000,109,10.0,18
15:25:17,2260.13,995,1000,109,10.0,18
15:25:18,2260.331,998,1000,109,10.0,18
15:25:18,2260.531,1000,1000,109,10.0,18
15:25:18,2260.734,999,1000,109,10.0,18
15:25:18,2260.927,1001,1000,109,10.0,18
15:25:18,2261.127,1003,1000,109,10.0,18
15:25:19,2261.326,1004,1000,109,10.0,18
15:25:19,2261.526,1006,1000,109,10.0,18
15:25:19,2261.725,999,1000,109,10.0,18
15:25:19,2261.928,997,1000,109,10.0,18
15:25:19,2262.129,997,1000,109,10.0,18
15:25:20,2262.332,998,1000,109,10.0,18
15:25:20,2262.522,995,1000,109,10.0,18
15:25:20,2262.722,998,1000,109,10.0,18
15:25:20,2262.921,1001,1000,109,10.0,18
15:25:20,2263.122,1003,1000,109,10.0,18
15:25:21,2263.324,1004,1000,109,10.0,18
15:25:21,2263.528,1001,1000,109,10.0,18
15:25:21,2263.72,1003,1000,109,10.0,18
15:25:21,2263.918,1005,1000,109,10.0,18
15:25:21,2264.118,1005,1000,109,10.0,18
15:25:22,2264.319,1002,1000,109,10.0,18
15:25:22,2264.521,1001,1000,109,10.0,18
15:25:22,2264.722,1001,1000,109,10.0,18
15:25:22,2264.924,1001,1000,109,10.0,18
15:25:22,2265.114,995,1000,109,10.0,18
15:25:23,2265.315,996,1000,109,10.0,18
15:25:23,2265.518,997,1000,109,10.0,18
15:25:23,2265.717,992,1000,109,10.0,18
15:25:23,2265.921,995,1000,109,10.0,18
15:25:23,2266.112,998,1000,109,10.0,18
15:25:24,2266.311,998,1000,109,10.0,18
15:25:24,2266.51,996,1000,109,10.0,18
15:25:24,2266.713,997,1000,109,10.0,18
15:25:24,2266.914,997,1000,109,10.0,18
15:25:24,2267.117,997,1000,109,10.0,18
15:25:25,2267.318,995,1000,109,10.0,18
15:25:25,2267.508,996,1000,109,10.0,18
15:25:25,2267.707,996,1000,109,10.0,18
15:25:25,2267.907,992,1000,109,10.0,18
15:25:25,2268.109,994,1000,109,10.0,18
15:25:26,2268.311,998,1000,109,10.0,18
15:25:26,2268.513,1001,1000,109,10.0,18
15:25:26,2268.705,998,1000,109,10.0,18
15:25:26,2268.903,1001,1000,109,10.0,18
15:25:26,2269.103,997,1000,109,10.0,18
15:25:27,2269.304,1000,1000,109,10.0,18
15:25:27,2269.506,1003,1000,109,10.0,18
15:25:27,2269.708,1005,1000,109,10.0,18
15:25:27,2269.909,1004,1000,109,10.0,18
15:25:27,2270.101,1004,1000,109,10.0,18
15:25:28,2270.299,999,1000,109,10.0,18
15:25:28,2270.499,998,1000,109,10.0,18
15:25:28,2270.699,1001,1000,109,10.0,18
15:25:28,2270.9,998,1000,109,10.0,18
15:25:28,2271.103,1001,1000,109,10.0,18
15:25:29,2271.304,998,1000,109,10.0,18
15:25:29,2271.504,1000,1000,109,10.0,18
15:25:29,2271.705,1003,1000,109,10.0,18
15:25:29,2271.895,1005,1000,109,10.0,18
15:25:29,2272.094,1005,1000,109,10.0,18
15:25:30,2272.293,1004,1000,109,10.0,18
15:25:30,2272.495,1000,1000,109,10.0,18
15:25:30,2272.696,995,1000,109,10.0,18
15:25:30,2272.901,996,1000,109,10.0,18
15:25:30,2273.092,996,1000,109,10.0,18
15:25:31,2273.29,991,1000,109,10.0,18
15:25:31,2273.492,995,1000,109,10.0,18
15:25:31,2273.695,996,1000,109,10.0,18
15:25:31,2273.898,994,1000,109,10.0,18
15:25:31,2274.096,998,1000,109,10.0,18
15:25:32,2274.288,995,1000,109,10.0,18
15:25:32,2274.488,998,1000,109,10.0,18
15:25:32,2274.688,1001,1000,109,10.0,18
15:25:32,2274.892,998,1000,109,10.0,18
15:25:32,2275.093,1001,1000,109,10.0,18
15:25:33,2275.295,998,1000,109,10.0,18
15:25:33,2275.495,1000,1000,109,10.0,18
15:25:33,2275.684,1003,1000,109,10.0,18
15:25:33,2275.884,1004,1000,109,10.0,18
15:25:33,2276.082,1006,1000,109,10.0,18
15:25:34,2276.284,1000,1000,109,10.0,18
15:25:34,2276.486,1001,1000,109,10.0,18
15:25:34,2276.686,1001,1000,109,10.0,18
15:25:34,2276.889,1001,1000,109,10.0,18
15:25:34,2277.08,1000,1000,109,10.0,18
15:25:35,2277.279,1002,1000,109,10.0,18
15:25:35,2277.478,1004,1000,109,10.0,18
15:25:35,2277.679,1000,1000,109,10.0,18
15:25:35,2277.879,1000,1000,109,10.0,18
15:25:35,2278.082,1002,1000,109,10.0,18
15:25:36,2278.283,1000,1000,109,10.0,18
15:25:36,2278.485,996,1000,109,10.0,18
15:25:36,2278.675,999,1000,109,10.0,18
15:25:36,2278.874,1001,1000,109,10.0,18
15:25:36,2279.076,998,1000,109,10.0,18
15:25:37,2279.277,1001,1000,109,10.0,18
15:25:37,2279.478,1003,1000,109,10.0,18
15:25:37,2279.679,1005,1000,109,10.0,18
15:25:37,2279.871,1004,1000,109,10.0,18
15:25:37,2280.071,1003,1000,109,10.0,18
15:25:38,2280.27,999,1000,109,10.0,18
15:25:38,2280.472,999,1000,109,10.0,18
15:25:38,2280.673,999,1000,109,10.0,18
15:25:38,2280.874,998,1000,109,10.0,18
15:25:38,2281.077,997,1000,109,10.0,18
15:25:39,2281.276,998,1000,109,10.0,18
15:25:39,2281.466,999,1000,109,10.0,18
15:25:39,2281.666,994,1000,109,10.0,18
15:25:39,2281.866,996,1000,109,10.0,18
15:25:39,2282.066,997,1000,109,10.0,18
15:25:40,2282.27,997,1000,109,10.0,18
15:25:40,2282.471,1000,1000,109,10.0,18
15:25:40,2282.673,1002,1000,109,10.0,18
15:25:40,2282.864,1004,1000,109,10.0,18
15:25:40,2283.063,1002,1000,109,10.0,18
15:25:41,2283.263,1004,1000,109,10.0,18
15:25:41,2283.462,1005,1000,109,10.0,18
15:25:41,2283.661,1000,1000,109,10.0,18
15:25:41,2283.863,1000,1000,109,10.0,18
15:25:41,2284.067,1000,1000,109,10.0,18
15:25:42,2284.267,996,1000,109,10.0,18
15:25:42,2284.466,997,1000,109,10.0,18
15:25:42,2284.658,997,1000,109,10.0,18
15:25:42,2284.857,996,1000,109,10.0,18
15:25:42,2285.056,996,1000,109,10.0,18
15:25:43,2285.256,997,1000,109,10.0,18
15:25:43,2285.458,998,1000,109,10.0,18
15:25:43,2285.658,993,1000,109,10.0,18
15:25:43,2285.861,996,1000,109,10.0,18
15:25:43,2286.062,999,1000,109,10.0,18
15:25:44,2286.253,998,1000,109,10.0,18
15:25:44,2286.454,1001,1000,109,10.0,18
15:25:44,2286.654,1004,1000,109,10.0,18
15:25:44,2286.855,1000,1000,109,10.0,18
15:25:44,2287.055,1003,1000,109,10.0,18
15:25:45,2287.257,999,1000,109,10.0,18
15:25:45,2287.457,1002,1000,109,10.0,18
15:25:45,2287.649,1004,1000,109,10.0,18
15:25:45,2287.849,1005,1000,109,10.0,18
15:25:45,2288.048,1006,1000,109,10.0,18
15:25:46,2288.248,1005,1000,109,10.0,18
15:25:46,2288.447,1002,1000,109,10.0,18
15:25:46,2288.646,996,1000,109,10.0,18
15:25:46,2288.849,997,1000,109,10.0,18
15:25:46,2289.051,998,1000,109,10.0,18
15:25:47,2289.252,996,1000,109,10.0,18
15:25:47,2289.454,997,1000,109,10.0,18
15:25:47,2289.643,998,1000,109,10.0,18
15:25:47,2289.842,999,1000,109,10.0,18
15:25:47,2290.042,995,1000,109,10.0,18
15:25:48,2290.244,996,1000,109,10.0,18
15:25:48,2290.445,997,1000,109,10.0,18
15:25:48,2290.646,993,1000,109,10.0,18
15:25:48,2290.848,993,1000,109,10.0,18
15:25:48,2291.04,997,1000,109,10.0,18
15:25:49,2291.238,1000,1000,109,10.0,18
15:25:49,2291.438,1003,1000,109,10.0,18
15:25:49,2291.639,1002,1000,109,10.0,18
15:25:49,2291.841,1001,1000,109,10.0,18
15:25:49,2292.043,996,1000,109,10.0,18
15:25:50,2292.245,997,1000,109,10.0,18
15:25:50,2292.434,998,1000,109,10.0,18
15:25:50,2292.634,998,1000,109,10.0,18
15:25:50,2292.833,997,1000,109,10.0,18
15:25:50,2293.035,998,1000,109,10.0,18
15:25:51,2293.235,1000,1000,109,10.0,18
15:25:51,2293.435,996,1000,109,10.0,18
15:25:51,2293.638,993,1000,109,10.0,18
15:25:51,2293.839,997,1000,109,10.0,18
15:25:51,2294.031,995,1000,109,10.0,18
15:25:52,2294.23,994,1000,109,10.0,18
15:25:52,2294.43,998,1000,109,10.0,18
15:25:52,2294.631,999,1000,109,10.0,18
15:25:52,2294.833,1002,1000,109,10.0,18
15:25:52,2295.035,999,1000,109,10.0,18
15:25:53,2295.226,1002,1000,109,10.0,18
15:25:53,2295.427,1005,1000,109,10.0,18
15:25:53,2295.626,1002,1000,109,10.0,18
15:25:53,2295.827,1002,1000,109,10.0,18
15:25:53,2296.027,1003,1000,109,10.0,18
15:25:54,2296.231,1001,1000,109,10.0,18
15:25:54,2296.43,1003,1000,109,10.0,18
15:25:54,2296.622,1005,1000,109,10.0,18
15:25:54,2296.821,999,1000,109,10.0,18
15:25:54,2297.022,1000,1000,109,10.0,18
15:25:55,2297.224,1001,1000,109,10.0,18
15:25:55,2297.427,1000,1000,109,10.0,18
15:25:55,2297.629,995,1000,109,10.0,18
15:25:55,2297.819,997,1000,109,10.0,18
15:25:55,2298.018,998,1000,109,10.0,18
15:25:56,2298.217,999,1000,109,10.0,18
15:25:56,2298.418,995,1000,109,10.0,18
15:25:56,2298.62,997,1000,109,10.0,18
15:25:56,2298.823,998,1000,109,10.0,18
15:25:56,2299.025,996,1000,109,10.0,18
15:25:57,2299.214,998,1000,109,10.0,18
15:25:57,2299.414,999,1000,109,10.0,18
15:25:57,2299.617,1000,1000,109,10.0,18
15:25:57,2299.818,996,1000,109,10.0,18
15:25:57,2300.02,995,1000,109,10.0,18
15:25:58,2300.221,997,1000,109,10.0,18
15:25:58,2300.421,998,1000,109,10.0,18
15:25:58,2300.611,996,1000,109,10.0,18
15:25:58,2300.809,998,1000,109,10.0,18
15:25:58,2301.011,999,1000,109,10.0,18
15:25:59,2301.213,1000,1000,109,10.0,18
15:25:59,2301.416,996,1000,109,10.0,18
15:25:59,2301.616,995,1000,109,10.0,18
15:25:59,2301.807,997,1000,109,10.0,18
15:25:59,2302.007,998,1000,109,10.0,18
15:26:00,2302.207,996,1000,109,10.0,18
15:26:00,2302.411,998,1000,109,10.0,18
15:26:00,2302.612,999,1000,109,10.0,18
15:26:00,2302.804,1000,1000,109,10.0,18
15:26:00,2303.005,996,1000,109,10.0,18
15:26:01,2303.204,998,1000,109,10.0,18
15:26:01,2303.406,999,1000,109,10.0,18
15:26:01,2303.606,1000,1000,109,10.0,18
15:26:01,2303.811,995,1000,109,10.0,18
15:26:01,2304.001,997,1000,109,10.0,18
15:26:02,2304.2,999,1000,109,10.0,18
15:26:02,2304.401,1000,1000,109,10.0,18
15:26:02,2304.599,996,1000,109,10.0,18
15:26:02,2304.799,998,1000,109,10.0,18
15:26:02,2304.999,999,1000,109,10.0,18
15:26:03,2305.203,1000,1000,109,10.0,18
15:26:03,2305.407,996,1000,109,10.0,18
15:26:03,2305.595,997,1000,109,10.0,18
15:26:03,2305.794,999,1000,109,10.0,18
15:26:03,2305.994,1000,1000,109,10.0,18
15:26:04,2306.194,998,1000,109,10.0,18
15:26:04,2306.395,999,1000,109,10.0,18
15:26:04,2306.597,1000,1000,109,10.0,18
15:26:04,2306.797,1001,1000,109,10.0,18
15:26:04,2306.999,996,1000,109,10.0,18
15:26:05,2307.199,996,1000,109,10.0,18
15:26:05,2307.391,998,1000,109,10.0,18
15:26:05,2307.591,999,1000,109,10.0,18
15:26:05,2307.79,998,1000,109,10.0,18
15:26:05,2307.99,999,1000,109,10.0,18
15:26:06,2308.191,1000,1000,109,10.0,18
15:26:06,2308.393,1001,1000,109,10.0,18
15:26:06,2308.593,1000,1000,109,10.0,18
15:26:06,2308.795,1001,1000,109,10.0,18
15:26:06,2308.987,1002,1000,109,10.0,18
15:26:07,2309.186,1003,1000,109,10.0,18
15:26:07,2309.386,1002,1000,109,10.0,18
15:26:07,2309.585,998,1000,109,10.0,18
15:26:07,2309.785,999,1000,109,10.0,18
15:26:07,2309.985,1000,1000,109,10.0,18
15:26:08,2310.185,1002,1000,109,10.0,18
15:26:08,2310.388,997,1000,109,10.0,18
15:26:08,2310.587,997,1000,109,10.0,18
15:26:08,2310.789,999,1000,109,10.0,18
15:26:08,2310.99,1001,1000,109,10.0,18
15:26:09,2311.188,1000,1000,109,10.0,18
15:26:09,2311.388,999,1000,109,10.0,18
15:26:09,2311.578,1001,1000,109,10.0,18
15:26:09,2311.779,1002,1000,109,10.0,18
15:26:09,2311.98,1001,1000,109,10.0,18
15:26:10,2312.183,1000,1000,109,10.0,18
15:26:10,2312.383,1002,1000,109,10.0,18
15:26:10,2312.583,1003,1000,109,10.0,18
15:26:10,2312.783,1003,1000,109,10.0,18
15:26:10,2312.974,998,1000,109,10.0,18
15:26:11,2313.174,1000,1000,109,10.0,18
15:26:11,2313.374,1001,1000,109,10.0,18
15:26:11,2313.577,1002,1000,109,10.0,18
15:26:11,2313.777,998,1000,109,10.0,18
15:26:11,2313.98,997,1000,109,10.0,18
15:26:12,2314.171,999,1000,109,10.0,18
15:26:12,2314.371,1000,1000,109,10.0,18
15:26:12,2314.569,1001,1000,109,10.0,18
15:26:12,2314.77,997,1000,109,10.0,18
15:26:12,2314.97,999,1000,109,10.0,18
15:26:13,2315.171,1001,1000,109,10.0,18
15:26:13,2315.374,1002,1000,109,10.0,18
15:26:13,2315.576,998,1000,109,10.0,18
15:26:13,2315.766,999,1000,109,10.0,18
15:26:13,2315.966,1001,1000,109,10.0,18
15:26:14,2316.165,1003,1000,109,10.0,18
15:26:14,2316.366,1003,1000,109,10.0,18
15:26:14,2316.567,1000,1000,109,10.0,18
15:26:14,2316.769,1001,1000,109,10.0,18
15:26:14,2316.971,1002,1000,109,10.0,18
15:26:15,2317.162,1002,1000,109,10.0,18
15:26:15,2317.362,998,1000,109,10.0,18
15:26:15,2317.561,1000,1000,109,10.0,18
15:26:15,2317.763,1002,1000,109,10.0,18
15:26:15,2317.965,1003,1000,109,10.0,18
15:26:16,2318.166,1000,1000,109,10.0,18
15:26:16,2318.369,1002,1000,109,10.0,18
15:26:16,2318.559,1003,1000,109,10.0,18
15:26:16,2318.758,1004,1000,109,10.0,18
15:26:16,2318.959,1002,1000,109,10.0,18
15:26:17,2319.163,998,1000,109,10.0,18
15:26:17,2319.364,1000,1000,109,10.0,18
15:26:17,2319.565,1001,1000,109,10.0,18
15:26:17,2319.765,1003,1000,109,10.0,18
15:26:17,2319.965,999,1000,109,10.0,18
15:26:17,2320.157,996,1000,109,10.0,18
15:26:18,2320.353,999,1000,109,10.0,18
15:26:18,2320.553,1001,1000,109,10.0,18
15:26:18,2320.752,1003,1000,109,10.0,18
15:26:18,2320.952,999,1000,109,10.0,18
15:26:18,2321.151,1001,1000,109,10.0,18
15:26:19,2321.354,1002,1000,109,10.0,18
15:26:19,2321.554,1003,1000,109,10.0,18
15:26:19,2321.756,1000,1000,109,10.0,18
15:26:19,2321.957,997,1000,109,10.0,18
15:26:19,2322.151,1000,1000,109,10.0,18
15:26:20,2322.348,1002,1000,109,10.0,18
15:26:20,2322.547,1003,1000,109,10.0,18
15:26:20,2322.747,998,1000,109,10.0,18
15:26:20,2322.949,998,1000,109,10.0,18
15:26:20,2323.151,1000,1000,109,10.0,18
15:26:21,2323.351,1002,1000,109,10.0,18
15:26:21,2323.554,1003,1000,109,10.0,18
15:26:21,2323.744,998,1000,109,10.0,18
15:26:21,2323.943,1001,1000,109,10.0,18
15:26:21,2324.142,1002,1000,109,10.0,18
15:26:22,2324.346,1004,1000,109,10.0,18
15:26:22,2324.547,1000,1000,109,10.0,18
15:26:22,2324.741,997,1000,109,10.0,18
15:26:22,2324.941,999,1000,109,10.0,18
15:26:22,2325.141,1002,1000,109,10.0,18
15:26:23,2325.34,1003,1000,109,10.0,18
15:26:23,2325.539,999,1000,109,10.0,18
15:26:23,2325.74,998,1000,109,10.0,18
15:26:23,2325.94,1000,1000,109,10.0,18
15:26:23,2326.14,1001,1000,109,10.0,18
15:26:24,2326.343,1003,1000,109,10.0,18
15:26:24,2326.546,998,1000,109,10.0,18
15:26:24,2326.735,1001,1000,109,10.0,18
15:26:24,2326.935,1003,1000,109,10.0,18
15:26:24,2327.134,1004,1000,109,10.0,18
15:26:25,2327.336,1002,1000,109,10.0,18
15:26:25,2327.536,997,1000,109,10.0,18
15:26:25,2327.738,1000,1000,109,10.0,18
15:26:25,2327.938,1002,1000,109,10.0,18
15:26:25,2328.14,1003,1000,109,10.0,18
15:26:26,2328.331,999,1000,109,10.0,18
15:26:26,2328.531,998,1000,109,10.0,18
15:26:26,2328.731,1000,1000,109,10.0,18
15:26:26,2328.932,1002,1000,109,10.0,18
15:26:26,2329.133,1004,1000,109,10.0,18
15:26:27,2329.334,1000,1000,109,10.0,18
15:26:27,2329.536,1002,1000,109,10.0,18
15:26:27,2329.727,1004,1000,109,10.0,18
15:26:27,2329.926,1005,1000,109,10.0,18
15:26:27,2330.126,1005,1000,109,10.0,18
15:26:28,2330.326,1001,1000,109,10.0,18
15:26:28,2330.527,1003,1000,109,10.0,18
15:26:28,2330.728,1004,1000,109,10.0,18
15:26:28,2330.929,1005,1000,109,10.0,18
15:26:28,2331.131,1003,1000,109,10.0,18
15:26:29,2331.322,1003,1000,109,10.0,18
15:26:29,2331.522,1005,1000,109,10.0,18
15:26:29,2331.721,1006,1000,109,10.0,17
15:26:29,2331.924,1007,1000,109,10.0,17
15:26:29,2332.127,1002,1000,109,10.0,18
15:26:30,2332.32,1003,1000,109,10.0,18
15:26:30,2332.518,1005,1000,109,10.0,17
15:26:30,2332.72,1006,1000,109,10.0,17
15:26:30,2332.921,1000,1000,109,10.0,18
15:26:30,2333.123,995,1000,109,10.0,18
15:26:31,2333.321,998,1000,109,10.0,18
15:26:31,2333.523,1001,1000,109,10.0,18
15:26:31,2333.724,1003,1000,109,10.0,18
15:26:31,2333.914,999,1000,109,10.0,18
15:26:31,2334.115,1001,1000,109,10.0,18
15:26:32,2334.316,1003,1000,109,10.0,18
15:26:32,2334.518,1005,1000,109,10.0,17
15:26:32,2334.72,1006,1000,109,10.0,17
15:26:32,2334.921,999,1000,109,10.0,18
15:26:32,2335.111,1000,1000,109,10.0,18
15:26:33,2335.311,1002,1000,109,10.0,18
15:26:33,2335.511,1004,1000,109,10.0,18
15:26:33,2335.709,1000,1000,109,10.0,18
15:26:33,2335.909,998,1000,109,10.0,18
15:26:33,2336.113,1001,1000,109,10.0,18
15:26:34,2336.315,1003,1000,109,10.0,18
15:26:34,2336.517,999,1000,109,10.0,18
15:26:34,2336.706,1002,1000,109,10.0,18
15:26:34,2336.907,1003,1000,109,10.0,18
15:26:34,2337.106,1005,1000,109,10.0,17
15:26:35,2337.305,1004,1000,109,10.0,18
15:26:35,2337.509,1001,1000,109,10.0,18
15:26:35,2337.709,1003,1000,109,10.0,18
15:26:35,2337.908,1005,1000,108,10.0,17
15:26:35,2338.11,1002,1000,108,10.0,18
15:26:36,2338.303,1001,1000,108,10.0,18
15:26:36,2338.501,1001,1000,108,10.0,18
15:26:36,2338.701,999,1000,108,10.0,18
15:26:36,2338.902,999,1000,108,10.0,18
15:26:36,2339.102,1000,1000,108,10.0,18
15:26:37,2339.301,1001,1000,108,10.0,18
15:26:37,2339.504,998,1000,108,10.0,18
15:26:37,2339.705,998,1000,108,10.0,18
15:26:37,2339.908,999,1000,108,10.0,18
15:26:37,2340.097,1000,1000,108,10.0,18
15:26:38,2340.296,996,1000,108,10.0,18
15:26:38,2340.495,998,1000,108,10.0,18
15:26:38,2340.699,1000,1000,108,10.0,18
15:26:38,2340.901,1000,1000,108,10.0,18
15:26:38,2341.101,996,1000,108,10.0,18
15:26:39,2341.303,997,1000,108,10.0,18
15:26:39,2341.501,999,1000,108,10.0,18
15:26:39,2341.692,1000,1000,108,10.0,18
15:26:39,2341.891,995,1000,108,10.0,18
15:26:39,2342.09,997,1000,108,10.0,18
15:26:40,2342.292,998,1000,108,10.0,18
15:26:40,2342.493,997,1000,108,10.0,18
15:26:40,2342.696,993,1000,109,10.0,18
15:26:40,2342.897,997,1000,109,10.0,18
15:26:40,2343.089,995,1000,109,10.0,18
15:26:41,2343.288,999,1000,109,10.0,18
15:26:41,2343.487,1001,1000,109,10.0,18
15:26:41,2343.688,998,1000,109,10.0,18
15:26:41,2343.891,996,1000,109,10.0,18
15:26:41,2344.093,1000,1000,109,10.0,18
15:26:42,2344.294,1001,1000,109,10.0,18
15:26:42,2344.484,1003,1000,109,10.0,18
15:26:42,2344.684,999,1000,109,10.0,18
15:26:42,2344.883,1002,1000,109,10.0,18
15:26:42,2345.082,1004,1000,109,10.0,18
15:26:43,2345.284,1002,1000,109,10.0,18
15:26:43,2345.487,999,1000,109,10.0,18
15:26:43,2345.69,1002,1000,109,10.0,18
15:26:43,2345.88,999,1000,109,10.0,18
15:26:43,2346.08,1001,1000,109,10.0,18
15:26:44,2346.279,1003,1000,109,10.0,18
15:26:44,2346.482,1005,1000,108,10.0,17
15:26:44,2346.684,1006,1000,108,10.0,17
15:26:44,2346.881,1005,1000,108,10.0,17
15:26:44,2347.083,1002,1000,108,10.0,18
15:26:45,2347.286,996,1000,108,10.0,18
15:26:45,2347.476,998,1000,108,10.0,18
15:26:45,2347.676,998,1000,108,10.0,18
15:26:45,2347.875,996,1000,108,10.0,18
15:26:45,2348.079,998,1000,108,10.0,18
15:26:46,2348.28,999,1000,108,10.0,18
15:26:46,2348.474,1000,1000,108,10.0,18
15:26:46,2348.673,997,1000,108,10.0,18
15:26:46,2348.873,994,1000,108,10.0,18
15:26:46,2349.072,997,1000,108,10.0,18
15:26:47,2349.272,996,1000,108,10.0,18
15:26:47,2349.475,994,1000,108,10.0,18
15:26:47,2349.679,998,1000,108,10.0,18
15:26:47,2349.869,999,1000,108,10.0,18
15:26:47,2350.068,1002,1000,108,10.0,18
15:26:48,2350.272,998,1000,108,10.0,18
15:26:48,2350.472,1000,1000,108,10.0,18
15:26:48,2350.675,1001,1000,108,10.0,18
15:26:48,2350.873,1002,1000,108,10.0,18
15:26:48,2351.074,997,1000,108,10.0,18
15:26:49,2351.276,998,1000,108,10.0,18
15:26:49,2351.466,1000,1000,108,10.0,18
15:26:49,2351.664,1001,1000,108,10.0,18
15:26:49,2351.866,1001,1000,108,10.0,18
15:26:49,2352.067,1000,1000,108,10.0,18
15:26:50,2352.27,1001,1000,108,10.0,18
15:26:50,2352.47,1003,1000,108,10.0,18
15:26:50,2352.661,1002,1000,108,10.0,18
15:26:50,2352.861,998,1000,108,10.0,18
15:26:50,2353.062,999,1000,108,10.0,18
15:26:51,2353.266,1001,1000,108,10.0,18
15:26:51,2353.469,1002,1000,108,10.0,18
15:26:51,2353.66,998,1000,108,10.0,18
15:26:51,2353.858,1000,1000,108,10.0,18
15:26:51,2354.06,1002,1000,108,10.0,18
15:26:52,2354.26,1003,1000,108,10.0,18
15:26:52,2354.463,1000,1000,108,10.0,18
15:26:52,2354.66,996,1000,108,10.0,18
15:26:52,2354.862,999,1000,108,10.0,18
15:26:52,2355.062,1000,1000,108,10.0,18
15:26:53,2355.262,1001,1000,108,10.0,18
15:26:53,2355.455,997,1000,108,10.0,18
15:26:53,2355.654,1000,1000,108,10.0,18
15:26:53,2355.853,1001,1000,108,10.0,18
15:26:53,2356.053,1002,1000,108,10.0,18
15:26:54,2356.256,1001,1000,108,10.0,18
15:26:54,2356.457,1000,1000,108,10.0,18
15:26:54,2356.659,1002,1000,108,10.0,18
15:26:54,2356.86,1003,1000,108,10.0,18
15:26:54,2357.05,1002,1000,108,10.0,18
15:26:55,2357.25,1000,1000,108,10.0,18
15:26:55,2357.45,1001,1000,108,10.0,18
15:26:55,2357.651,1003,1000,108,10.0,18
15:26:55,2357.853,1002,1000,108,10.0,18
15:26:55,2358.056,998,1000,108,10.0,18
15:26:56,2358.255,1000,1000,108,10.0,18
15:26:56,2358.447,1001,1000,108,10.0,18
15:26:56,2358.645,1003,1000,108,10.0,18
15:26:56,2358.847,1001,1000,108,10.0,18
15:26:56,2359.05,996,1000,108,10.0,18
15:26:57,2359.25,999,1000,108,10.0,18
15:26:57,2359.443,1001,1000,108,10.0,18
15:26:57,2359.642,1002,1000,108,10.0,18
15:26:57,2359.845,998,1000,108,10.0,18
15:26:57,2360.046,1000,1000,108,10.0,18
15:26:58,2360.247,1001,1000,108,10.0,18
15:26:58,2360.447,1002,1000,108,10.0,18
15:26:58,2360.647,1000,1000,108,10.0,18
15:26:58,2360.839,996,1000,108,10.0,18
15:26:58,2361.039,998,1000,108,10.0,18
15:26:59,2361.24,1000,1000,108,10.0,18
15:26:59,2361.439,1001,1000,108,10.0,18
15:26:59,2361.641,998,1000,108,10.0,18
15:26:59,2361.844,999,1000,108,10.0,18
15:26:59,2362.046,1001,1000,108,10.0,18
15:27:00,2362.235,1002,1000,108,10.0,18
15:27:00,2362.437,1002,1000,108,10.0,18
15:27:00,2362.641,999,1000,108,10.0,18
15:27:00,2362.841,1000,1000,108,10.0,18
15:27:00,2363.042,1002,1000,108,10.0,18
15:27:01,2363.232,1001,1000,108,10.0,18
15:27:01,2363.433,999,1000,108,10.0,18
15:27:01,2363.631,1002,1000,108,10.0,18
15:27:01,2363.831,1003,1000,108,10.0,18
15:27:01,2364.033,1005,1000,108,10.0,17
15:27:02,2364.235,1004,1000,108,10.0,18
15:27:02,2364.437,1001,1000,108,10.0,18
15:27:02,2364.635,1002,1000,108,10.0,18
15:27:02,2364.837,1003,1000,108,10.0,18
15:27:02,2365.027,1003,1000,108,10.0,18
15:27:03,2365.227,998,1000,108,10.0,18
15:27:03,2365.427,1000,1000,108,10.0,18
15:27:03,2365.627,1002,1000,108,10.0,18
15:27:03,2365.828,1004,1000,108,10.0,18
15:27:03,2366.031,1002,1000,108,10.0,18
15:27:04,2366.23,1002,1000,108,10.0,18
15:27:04,2366.432,1003,1000,108,10.0,18
15:27:04,2366.632,1004,1000,108,10.0,18
15:27:04,2366.823,1004,1000,108,10.0,18
15:27:04,2367.021,1000,1000,108,10.0,18
15:27:05,2367.221,1002,1000,108,10.0,18
15:27:05,2367.422,1004,1000,108,10.0,18
15:27:05,2367.626,1005,1000,108,10.0,17
15:27:05,2367.827,1003,1000,108,10.0,18
15:27:05,2368.027,998,1000,108,10.0,18
15:27:06,2368.227,1000,1000,108,10.0,18
15:27:06,2368.426,1000,1000,108,10.0,18
15:27:06,2368.617,1002,1000,108,10.0,18
15:27:06,2368.817,998,1000,108,10.0,18
15:27:06,2369.018,1000,1000,108,10.0,18
15:27:07,2369.216,1002,1000,108,10.0,18
15:27:07,2369.418,998,1000,108,10.0,18
15:27:07,2369.618,1000,1000,108,10.0,18
15:27:07,2369.821,1002,1000,108,10.0,18
15:27:07,2370.022,1004,1000,108,10.0,18
15:27:08,2370.212,1003,1000,108,10.0,18
15:27:08,2370.413,999,1000,108,10.0,18
15:27:08,2370.612,1001,1000,108,10.0,18
15:27:08,2370.811,1003,1000,108,10.0,18
15:27:08,2371.015,1004,1000,108,10.0,18
15:27:09,2371.217,1004,1000,108,10.0,18
15:27:09,2371.41,999,1000,108,10.0,18
15:27:09,2371.609,1001,1000,108,10.0,18
15:27:09,2371.808,1002,1000,108,10.0,18
15:27:09,2372.007,998,1000,108,10.0,18
15:27:10,2372.21,1000,1000,108,10.0,18
15:27:10,2372.411,1002,1000,108,10.0,18
15:27:10,2372.614,999,1000,108,10.0,18
15:27:10,2372.805,1002,1000,108,10.0,18
15:27:10,2373.005,1003,1000,108,10.0,18
15:27:11,2373.205,1004,1000,108,10.0,18
15:27:11,2373.406,1001,1000,108,10.0,18
15:27:11,2373.608,1002,1000,108,10.0,18
15:27:11,2373.812,1003,1000,108,10.0,18
15:27:11,2374.002,1000,1000,108,10.0,18
15:27:12,2374.201,997,1000,108,10.0,18
15:27:12,2374.401,1000,1000,108,10.0,18
15:27:12,2374.603,1002,1000,108,10.0,18
15:27:12,2374.804,1004,1000,108,10.0,18
15:27:12,2375.006,1005,1000,108,10.0,17
15:27:13,2375.199,1005,1000,108,10.0,17
15:27:13,2375.398,1005,1000,108,10.0,17
15:27:13,2375.598,1003,1000,108,10.0,17
15:27:13,2375.798,1002,1000,108,10.0,17
15:27:13,2376.0,1003,1000,108,10.0,17
15:27:14,2376.202,1003,1000,108,10.0,17
15:27:14,2376.405,1001,1000,108,10.0,17
15:27:14,2376.595,996,1000,108,10.0,17
15:27:14,2376.795,999,1000,108,10.0,17
15:27:14,2376.998,1000,1000,108,10.0,17
15:27:15,2377.199,1001,1000,108,10.0,17
15:27:15,2377.4,997,1000,108,10.0,17
15:27:15,2377.603,998,1000,108,10.0,17
15:27:15,2377.792,1000,1000,108,10.0,17
15:27:15,2377.991,1001,1000,108,10.0,17
15:27:16,2378.194,1000,1000,108,10.0,17
15:27:16,2378.394,1000,1000,108,10.0,17
15:27:16,2378.597,1001,1000,108,10.0,17
15:27:16,2378.789,1002,1000,108,10.0,17
15:27:16,2378.99,1000,1000,108,10.0,17
15:27:17,2379.189,1001,1000,108,10.0,17
15:27:17,2379.391,1002,1000,108,10.0,17
15:27:17,2379.592,1002,1000,108,10.0,17
15:27:17,2379.796,1001,1000,108,10.0,17
15:27:17,2379.987,996,1000,108,10.0,17
15:27:18,2380.185,998,1000,108,10.0,17
15:27:18,2380.385,1000,1000,108,10.0,17
15:27:18,2380.584,1001,1000,108,10.0,17
15:27:18,2380.785,997,1000,108,10.0,17
15:27:18,2380.985,998,1000,108,10.0,17
15:27:19,2381.187,1000,1000,108,10.0,17
15:27:19,2381.388,1001,1000,108,10.0,17
15:27:19,2381.591,1000,1000,108,10.0,17
15:27:19,2381.782,999,1000,108,10.0,17
15:27:19,2381.981,1001,1000,108,10.0,17
15:27:20,2382.181,1002,1000,108,10.0,17
15:27:20,2382.382,1001,1000,108,10.0,17
15:27:20,2382.585,1000,1000,108,10.0,17
15:27:20,2382.785,1001,1000,108,10.0,17
15:27:20,2382.986,1003,1000,108,10.0,17
15:27:21,2383.177,1003,1000,108,10.0,17
15:27:21,2383.377,999,1000,108,10.0,17
15:27:21,2383.577,1000,1000,108,10.0,17
15:27:21,2383.776,1002,1000,108,10.0,17
15:27:21,2383.976,1002,1000,108,10.0,17
15:27:22,2384.178,998,1000,108,10.0,17
15:27:22,2384.381,996,1000,108,10.0,17
15:27:22,2384.582,999,1000,108,10.0,17
15:27:22,2384.773,1000,1000,108,10.0,17
15:27:22,2384.973,1000,1000,108,10.0,17
15:27:23,2385.172,998,1000,108,10.0,17
15:27:23,2385.372,1000,1000,108,10.0,17
15:27:23,2385.573,1002,1000,108,10.0,17
15:27:23,2385.775,1002,1000,108,10.0,17
15:27:23,2385.975,999,1000,108,10.0,17
15:27:24,2386.175,1001,1000,108,10.0,17
15:27:24,2386.377,1002,1000,108,10.0,17
15:27:24,2386.577,1002,1000,108,10.0,17
15:27:24,2386.779,998,1000,108,10.0,17
15:27:24,2386.967,999,1000,108,10.0,17
15:27:25,2387.168,1001,1000,108,10.0,17
15:27:25,2387.367,1002,1000,108,10.0,17
15:27:25,2387.571,998,1000,108,10.0,17
15:27:25,2387.772,996,1000,108,10.0,17
15:27:25,2387.973,998,1000,108,10.0,17
15:27:26,2388.165,999,1000,108,10.0,17
15:27:26,2388.364,1000,1000,108,10.0,17
15:27:26,2388.563,998,1000,108,10.0,17
15:27:26,2388.766,1000,1000,108,10.0,17
15:27:26,2388.967,1001,1000,108,10.0,17
15:27:27,2389.167,1002,1000,108,10.0,17
15:27:27,2389.369,998,1000,108,10.0,17
15:27:27,2389.57,1000,1000,108,10.0,17
15:27:27,2389.761,1002,1000,108,10.0,17
15:27:27,2389.96,1002,1000,108,10.0,17
15:27:28,2390.161,998,1000,108,10.0,17
15:27:28,2390.359,1000,1000,108,10.0,17
15:27:28,2390.561,1002,1000,108,10.0,17
15:27:28,2390.763,1003,1000,108,10.0,17
15:27:28,2390.963,1000,1000,108,10.0,17
15:27:29,2391.164,996,1000,108,10.0,17
15:27:29,2391.365,999,1000,108,10.0,17
15:27:29,2391.555,1001,1000,108,10.0,17
15:27:29,2391.755,1002,1000,108,10.0,17
15:27:29,2391.957,998,1000,108,10.0,17
15:27:29,2392.157,1000,1000,108,10.0,17
15:27:30,2392.359,1002,1000,108,10.0,17
15:27:30,2392.562,1003,1000,108,10.0,17
15:27:30,2392.752,999,1000,108,10.0,17
15:27:30,2392.951,997,1000,108,10.0,17
15:27:30,2393.153,998,1000,108,10.0,17
15:27:31,2393.351,1000,1000,108,10.0,17
15:27:31,2393.552,1001,1000,108,10.0,17
15:27:31,2393.753,997,1000,108,10.0,17
15:27:31,2393.954,999,1000,108,10.0,17
15:27:31,2394.156,1001,1000,108,10.0,17
15:27:32,2394.349,1002,1000,108,10.0,17
15:27:32,2394.547,1000,1000,108,10.0,17
15:27:32,2394.747,1001,1000,108,10.0,17
15:27:32,2394.948,1002,1000,108,10.0,17
15:27:32,2395.149,1003,1000,108,10.0,17
15:27:33,2395.351,1002,1000,108,10.0,17
15:27:33,2395.55,1001,1000,108,10.0,17
15:27:33,2395.752,1003,1000,108,10.0,17
15:27:33,2395.951,1004,1000,108,10.0,17
15:27:33,2396.151,1004,1000,108,10.0,17
15:27:34,2396.344,1000,1000,108,10.0,17
15:27:34,2396.543,1001,1000,108,10.0,17
15:27:34,2396.741,1003,1000,108,10.0,17
15:27:34,2396.941,1004,1000,108,10.0,17
15:27:34,2397.14,1002,1000,108,10.0,17
15:27:35,2397.34,998,1000,108,10.0,17
15:27:35,2397.54,1000,1000,108,10.0,17
15:27:35,2397.741,1002,1000,108,10.0,17
15:27:35,2397.943,1003,1000,108,10.0,17
15:27:35,2398.147,999,1000,108,10.0,17
15:27:36,2398.337,1001,1000,108,10.0,17
15:27:36,2398.536,1003,1000,108,10.0,17
15:27:36,2398.737,1004,1000,108,10.0,17
15:27:36,2398.937,1002,1000,108,10.0,17
15:27:36,2399.137,998,1000,108,10.0,17
15:27:37,2399.34,1000,1000,108,10.0,17
15:27:37,2399.54,1002,1000,108,10.0,17
15:27:37,2399.741,1003,1000,108,10.0,17
15:27:37,2399.933,999,1000,108,10.0,17
15:27:37,2400.133,997,1000,108,10.0,17
15:27:38,2400.331,999,1000,108,10.0,17
15:27:38,2400.531,1001,1000,108,10.0,17
15:27:38,2400.731,1003,1000,108,10.0,17
15:27:38,2400.933,999,1000,108,10.0,17
15:27:38,2401.134,1001,1000,108,10.0,17
15:27:39,2401.337,1002,1000,108,10.0,17
15:27:39,2401.528,1004,1000,108,10.0,17
15:27:39,2401.728,1002,1000,108,10.0,17
15:27:39,2401.927,998,1000,108,10.0,17
15:27:39,2402.127,1000,1000,108,10.0,17
15:27:40,2402.329,1002,1000,108,10.0,17
15:27:40,2402.532,1003,1000,108,10.0,17
15:27:40,2402.733,1001,1000,108,10.0,17
15:27:40,2402.924,997,1000,108,10.0,17
15:27:40,2403.124,1000,1000,108,10.0,17
15:27:41,2403.324,1002,1000,108,10.0,17
15:27:41,2403.527,1003,1000,108,10.0,17
15:27:41,2403.73,1001,1000,108,10.0,17
15:27:41,2403.931,1003,1000,108,10.0,17
15:27:41,2404.12,1004,1000,108,10.0,17
15:27:42,2404.32,1005,1000,108,10.0,17
15:27:42,2404.519,1006,1000,108,10.0,17
15:27:42,2404.72,1003,1000,108,10.0,17
15:27:42,2404.921,1004,1000,108,10.0,17
15:27:42,2405.122,1005,1000,108,10.0,17
15:27:43,2405.326,1005,1000,108,10.0,17
15:27:43,2405.517,1004,1000,108,10.0,17
15:27:43,2405.716,999,1000,108,10.0,17
15:27:43,2405.915,1001,1000,108,10.0,17
15:27:43,2406.116,1003,1000,108,10.0,17
15:27:44,2406.316,1004,1000,108,10.0,17
15:27:44,2406.518,1003,1000,108,10.0,17
15:27:44,2406.717,1002,1000,108,10.0,17
15:27:44,2406.921,1003,1000,108,10.0,17
15:27:44,2407.112,1005,1000,108,10.0,17
15:27:45,2407.312,1005,1000,108,10.0,17
15:27:45,2407.511,1003,1000,108,10.0,17
15:27:45,2407.712,1003,1000,108,10.0,17
15:27:45,2407.914,1005,1000,108,10.0,17
15:27:45,2408.113,1006,1000,108,10.0,17
15:27:46,2408.315,1002,1000,108,10.0,17
15:27:46,2408.516,996,1000,108,10.0,17
15:27:46,2408.718,998,1000,108,10.0,17
15:27:46,2408.907,1001,1000,108,10.0,17
15:27:46,2409.107,1003,1000,108,10.0,17
15:27:47,2409.307,999,1000,108,10.0,17
15:27:47,2409.507,1002,1000,108,10.0,17
15:27:47,2409.706,1003,1000,108,10.0,17
15:27:47,2409.907,1005,1000,108,10.0,17
15:27:47,2410.11,1003,1000,108,10.0,17
15:27:48,2410.31,996,1000,108,10.0,17
15:27:48,2410.512,1000,1000,108,10.0,17
15:27:48,2410.702,999,1000,108,10.0,17
15:27:48,2410.902,996,1000,108,10.0,17
15:27:48,2411.103,999,1000,108,10.0,17
15:27:49,2411.304,1002,1000,108,10.0,17
15:27:49,2411.504,1003,1000,108,10.0,17
15:27:49,2411.706,1004,1000,108,10.0,17
15:27:49,2411.907,1001,1000,108,10.0,17
15:27:49,2412.099,1003,1000,108,10.0,17
15:27:50,2412.298,1005,1000,108,10.0,17
15:27:50,2412.498,1005,1000,108,10.0,17
15:27:50,2412.697,1001,1000,108,10.0,17
15:27:50,2412.899,1001,1000,108,10.0,17
15:27:50,2413.101,1000,1000,108,10.0,17
15:27:51,2413.301,1000,1000,108,10.0,17
15:27:51,2413.501,997,1000,108,10.0,17
15:27:51,2413.705,997,1000,108,10.0,17
15:27:51,2413.893,997,1000,108,10.0,17
15:27:51,2414.093,993,1000,108,10.0,18
15:27:52,2414.293,996,1000,108,10.0,17
15:27:52,2414.492,999,1000,108,10.0,17
15:27:52,2414.697,1001,1000,108,10.0,17
15:27:52,2414.899,1002,1000,108,10.0,17
15:27:52,2415.1,999,1000,108,10.0,17
15:27:53,2415.291,1001,1000,108,10.0,17
15:27:53,2415.489,1003,1000,108,10.0,17
15:27:53,2415.69,999,1000,108,10.0,17
15:27:53,2415.889,1001,1000,108,10.0,17
15:27:53,2416.091,1003,1000,108,10.0,17
15:27:54,2416.292,1000,1000,108,10.0,17
15:27:54,2416.494,997,1000,108,10.0,17
15:27:54,2416.695,1000,1000,108,10.0,17
15:27:54,2416.885,1002,1000,108,10.0,17
15:27:54,2417.086,1004,1000,108,10.0,17
15:27:55,2417.284,1003,1000,108,10.0,17
15:27:55,2417.484,1002,1000,108,10.0,17
15:27:55,2417.686,1004,1000,108,10.0,17
15:27:55,2417.887,1006,1000,108,10.0,17
15:27:55,2418.088,999,1000,108,10.0,17
15:27:56,2418.289,999,1000,108,10.0,17
15:27:56,2418.482,999,1000,108,10.0,17
15:27:56,2418.681,999,1000,108,10.0,17
15:27:56,2418.881,996,1000,108,10.0,17
15:27:56,2419.08,997,1000,108,10.0,17
15:27:57,2419.28,998,1000,108,10.0,17
15:27:57,2419.482,993,1000,108,10.0,18
15:27:57,2419.685,997,1000,108,10.0,17
15:27:57,2419.878,1000,1000,108,10.0,17
15:27:57,2420.077,996,1000,108,10.0,17
15:27:58,2420.277,1000,1000,108,10.0,17
15:27:58,2420.48,1002,1000,108,10.0,17
15:27:58,2420.681,1001,1000,108,10.0,17
15:27:58,2420.884,1002,1000,108,10.0,17
15:27:58,2421.074,1004,1000,108,10.0,17
15:27:59,2421.274,1006,1000,108,10.0,17
15:27:59,2421.473,999,1000,108,10.0,17
15:27:59,2421.672,999,1000,108,10.0,17
15:27:59,2421.872,1000,1000,108,10.0,17
15:27:59,2422.075,999,1000,108,10.0,17
15:28:00,2422.275,996,1000,108,10.0,17
15:28:00,2422.478,997,1000,108,10.0,17
15:28:00,2422.68,998,1000,108,10.0,17
15:28:00,2422.87,993,1000,108,10.0,18
15:28:00,2423.07,997,1000,108,10.0,17
15:28:01,2423.269,1000,1000,108,10.0,17
15:28:01,2423.47,1003,1000,108,10.0,17
15:28:01,2423.672,1002,1000,108,10.0,17
15:28:01,2423.871,1004,1000,108,10.0,17
15:28:01,2424.073,1001,1000,108,10.0,17
15:28:02,2424.275,1003,1000,108,10.0,17
15:28:02,2424.465,1005,1000,108,10.0,17
15:28:02,2424.664,1000,1000,108,10.0,17
15:28:02,2424.864,1000,1000,108,10.0,17
15:28:02,2425.064,1002,1000,108,10.0,17
15:28:03,2425.265,998,1000,108,10.0,17
15:28:03,2425.47,1001,1000,108,10.0,17
15:28:03,2425.671,1004,1000,108,10.0,17
15:28:03,2425.872,1005,1000,108,10.0,17
15:28:03,2426.061,1006,1000,108,10.0,17
15:28:04,2426.261,1005,1000,108,10.0,17
15:28:04,2426.462,1001,1000,108,10.0,17
15:28:04,2426.662,995,1000,108,10.0,17
15:28:04,2426.865,996,1000,108,10.0,17
15:28:04,2427.066,996,1000,108,10.0,17
15:28:05,2427.268,992,1000,108,10.0,18
15:28:05,2427.458,995,1000,108,10.0,17
15:28:05,2427.657,999,1000,108,10.0,17
15:28:05,2427.857,1002,1000,108,10.0,17
15:28:05,2428.056,1001,1000,108,10.0,17
15:28:06,2428.259,1002,1000,108,10.0,17
15:28:06,2428.46,1001,1000,108,10.0,17
15:28:06,2428.661,997,1000,108,10.0,17
15:28:06,2428.859,998,1000,108,10.0,17
15:28:06,2429.06,998,1000,108,10.0,17
15:28:07,2429.253,997,1000,108,10.0,17
15:28:07,2429.451,993,1000,108,10.0,17
15:28:07,2429.651,997,1000,108,10.0,17
15:28:07,2429.852,997,1000,108,10.0,17
15:28:07,2430.053,995,1000,108,10.0,17
15:28:08,2430.254,996,1000,108,10.0,17
15:28:08,2430.456,997,1000,108,10.0,17
15:28:08,2430.657,998,1000,108,10.0,17
15:28:08,2430.858,995,1000,108,10.0,17
15:28:08,2431.047,996,1000,108,10.0,17
15:28:09,2431.247,997,1000,108,10.0,17
15:28:09,2431.447,993,1000,108,10.0,18
15:28:09,2431.647,997,1000,108,10.0,17
15:28:09,2431.849,1000,1000,108,10.0,17
15:28:09,2432.051,997,1000,108,10.0,17
15:28:10,2432.252,1000,1000,108,10.0,17
15:28:10,2432.452,1003,1000,108,10.0,17
15:28:10,2432.643,1003,1000,108,10.0,17
15:28:10,2432.843,1005,1000,108,10.0,17
15:28:10,2433.042,1005,1000,108,10.0,17
15:28:11,2433.244,1001,1000,108,10.0,17
15:28:11,2433.446,1000,1000,108,10.0,17
15:28:11,2433.646,1000,1000,108,10.0,17
15:28:11,2433.847,995,1000,108,10.0,17
15:28:11,2434.047,996,1000,108,10.0,17
15:28:12,2434.246,997,1000,108,10.0,17
15:28:12,2434.439,995,1000,108,10.0,17
15:28:12,2434.638,991,1000,108,10.0,18
15:28:12,2434.837,995,1000,108,10.0,17
15:28:12,2435.036,994,1000,108,10.0,17
15:28:13,2435.241,992,1000,108,10.0,18
15:28:13,2435.441,996,1000,108,10.0,17
15:28:13,2435.642,994,1000,108,10.0,18
15:28:13,2435.835,998,1000,108,10.0,17
15:28:13,2436.033,996,1000,108,10.0,17
15:28:14,2436.234,999,1000,108,10.0,17
15:28:14,2436.435,1002,1000,108,10.0,17
15:28:14,2436.636,1002,1000,108,10.0,17
15:28:14,2436.838,1005,1000,108,10.0,17
15:28:14,2437.031,1000,1000,108,10.0,17
15:28:15,2437.231,1001,1000,108,10.0,17
15:28:15,2437.43,1003,1000,108,10.0,17
15:28:15,2437.629,1000,1000,108,10.0,17
15:28:15,2437.829,1003,1000,108,10.0,17
15:28:15,2438.029,1005,1000,108,10.0,17
15:28:16,2438.232,1004,1000,108,10.0,17
15:28:16,2438.434,1004,1000,108,10.0,17
15:28:16,2438.635,1006,1000,108,10.0,17
15:28:16,2438.827,1000,1000,108,10.0,17
15:28:16,2439.026,1000,1000,108,10.0,17
15:28:17,2439.226,1002,1000,108,10.0,17
15:28:17,2439.431,999,1000,108,10.0,17
15:28:17,2439.629,1002,1000,108,10.0,17
15:28:17,2439.831,1004,1000,108,10.0,17
15:28:17,2440.032,1005,1000,108,10.0,17
15:28:18,2440.223,1004,1000,108,10.0,17
15:28:18,2440.422,1003,1000,108,10.0,17
15:28:18,2440.622,999,1000,108,10.0,17
15:28:18,2440.823,999,1000,108,10.0,17
15:28:18,2441.024,1000,1000,108,10.0,17
15:28:19,2441.225,999,1000,108,10.0,17
15:28:19,2441.426,994,1000,108,10.0,17
15:28:19,2441.627,997,1000,108,10.0,17
15:28:19,2441.817,997,1000,108,10.0,17
15:28:19,2442.017,995,1000,108,10.0,17
15:28:20,2442.218,998,1000,108,10.0,17
15:28:20,2442.419,1000,1000,108,10.0,17
15:28:20,2442.62,999,1000,108,10.0,17
15:28:20,2442.822,1001,1000,108,10.0,17
15:28:20,2443.023,1004,1000,108,10.0,17
15:28:21,2443.214,1000,1000,108,10.0,17
15:28:21,2443.413,1003,1000,108,10.0,17
15:28:21,2443.613,1000,1000,108,10.0,17
15:28:21,2443.813,1001,1000,108,10.0,17
15:28:21,2444.016,1004,1000,108,10.0,17
15:28:22,2444.217,1005,1000,108,10.0,17
15:28:22,2444.418,1005,1000,108,10.0,17
15:28:22,2444.61,1004,1000,108,10.0,17
15:28:22,2444.809,1000,1000,108,10.0,17
15:28:22,2445.01,995,1000,108,10.0,17
15:28:23,2445.208,996,1000,108,10.0,17
15:28:23,2445.411,997,1000,108,10.0,17
15:28:23,2445.613,993,1000,108,10.0,17
15:28:23,2445.815,998,1000,108,10.0,17
15:28:23,2446.015,1001,1000,108,10.0,17
15:28:24,2446.205,1002,1000,108,10.0,17
15:28:24,2446.405,1002,1000,108,10.0,17
15:28:24,2446.607,1002,1000,108,10.0,17
15:28:24,2446.809,998,1000,108,10.0,17
15:28:24,2447.011,999,1000,108,10.0,17
15:28:25,2447.203,1000,1000,108,10.0,17
15:28:25,2447.403,999,1000,108,10.0,17
15:28:25,2447.601,997,1000,108,10.0,17
15:28:25,2447.803,998,1000,108,10.0,17
15:28:25,2448.005,999,1000,108,10.0,17
15:28:26,2448.208,994,1000,108,10.0,17
15:28:26,2448.409,996,1000,108,10.0,17
15:28:26,2448.599,999,1000,108,10.0,17
15:28:26,2448.798,1002,1000,108,10.0,17
15:28:26,2448.999,1004,1000,108,10.0,17
15:28:27,2449.202,1003,1000,108,10.0,17
15:28:27,2449.403,1005,1000,108,10.0,17
15:28:27,2449.602,1000,1000,108,10.0,17
15:28:27,2449.803,1000,1000,108,10.0,17
15:28:27,2450.004,1000,1000,108,10.0,17
15:28:28,2450.194,998,1000,108,10.0,17
15:28:28,2450.395,999,1000,108,10.0,17
15:28:28,2450.594,999,1000,108,10.0,17
15:28:28,2450.797,1000,1000,108,10.0,17
15:28:28,2450.998,995,1000,108,10.0,17
15:28:29,2451.2,997,1000,108,10.0,17
15:28:29,2451.392,998,1000,108,10.0,17
15:28:29,2451.591,997,1000,108,10.0,17
15:28:29,2451.792,993,1000,108,10.0,18
15:28:29,2451.993,997,1000,108,10.0,17
15:28:30,2452.196,995,1000,108,10.0,17
15:28:30,2452.39,998,1000,108,10.0,17
15:28:30,2452.588,1001,1000,108,10.0,17
15:28:30,2452.791,1003,1000,108,10.0,17
15:28:30,2452.993,1005,1000,108,10.0,17
15:28:31,2453.193,999,1000,108,10.0,17
15:28:31,2453.396,999,1000,108,10.0,17
15:28:31,2453.586,1000,1000,108,10.0,17
15:28:31,2453.786,997,1000,108,10.0,17
15:28:31,2453.984,992,1000,108,10.0,18
15:28:32,2454.188,996,1000,108,10.0,17
15:28:32,2454.39,994,1000,108,10.0,17
15:28:32,2454.591,996,1000,108,10.0,17
15:28:32,2454.782,999,1000,108,10.0,17
15:28:32,2454.981,999,1000,108,10.0,17
15:28:33,2455.181,996,1000,108,10.0,17
15:28:33,2455.381,999,1000,108,10.0,17
15:28:33,2455.58,1001,1000,108,10.0,17
15:28:33,2455.783,999,1000,108,10.0,17
15:28:33,2455.983,1002,1000,108,10.0,17
15:28:34,2456.184,1004,1000,108,10.0,17
15:28:34,2456.386,1004,1000,108,10.0,17
15:28:34,2456.586,1001,1000,108,10.0,17
15:28:34,2456.777,1004,1000,108,10.0,17
15:28:34,2456.976,1005,1000,108,10.0,17
15:28:35,2457.176,999,1000,108,10.0,17
15:28:35,2457.378,999,1000,108,10.0,17
15:28:35,2457.58,1001,1000,108,10.0,17
15:28:35,2457.782,998,1000,108,10.0,17
15:28:35,2457.973,999,1000,108,10.0,17
15:28:36,2458.172,1001,1000,108,10.0,17
15:28:36,2458.372,1002,1000,108,10.0,17
15:28:36,2458.574,1004,1000,108,10.0,17
15:28:36,2458.775,1005,1000,108,10.0,17
15:28:36,2458.976,999,1000,108,10.0,17
15:28:37,2459.17,999,1000,108,10.0,17
15:28:37,2459.37,1002,1000,108,10.0,17
15:28:37,2459.569,1000,1000,108,10.0,17
15:28:37,2459.769,1003,1000,108,10.0,17
15:28:37,2459.969,1004,1000,108,10.0,17
15:28:38,2460.171,1001,1000,108,10.0,17
15:28:38,2460.372,1002,1000,108,10.0,17
15:28:38,2460.573,1004,1000,108,10.0,17
15:28:38,2460.774,1002,1000,108,10.0,17
15:28:38,2460.965,999,1000,108,10.0,17
15:28:39,2461.165,1001,1000,108,10.0,17
15:28:39,2461.364,1004,1000,108,10.0,17
15:28:39,2461.564,1001,1000,108,10.0,17
15:28:39,2461.764,1003,1000,108,10.0,17
15:28:39,2461.967,1005,1000,108,10.0,17
15:28:40,2462.169,1002,1000,108,10.0,17
15:28:40,2462.37,1002,1000,108,10.0,17
15:28:40,2462.562,1001,1000,108,10.0,17
15:28:40,2462.761,1001,1000,108,10.0,17
15:28:40,2462.962,995,1000,108,10.0,17
15:28:41,2463.164,996,1000,108,10.0,17
15:28:41,2463.366,997,1000,108,10.0,17
15:28:41,2463.558,992,1000,108,10.0,18
15:28:41,2463.758,994,1000,108,10.0,17
15:28:41,2463.957,998,1000,108,10.0,17
15:28:41,2464.156,995,1000,108,10.0,17
15:28:42,2464.355,995,1000,108,10.0,17
15:28:42,2464.559,998,1000,108,10.0,17
15:28:42,2464.76,1001,1000,108,10.0,17
15:28:42,2464.961,997,1000,108,10.0,17
15:28:43,2465.161,1000,1000,108,10.0,17
15:28:43,2465.363,1003,1000,108,10.0,17
15:28:43,2465.552,1000,1000,108,10.0,17
15:28:43,2465.753,1003,1000,108,10.0,17
15:28:43,2465.953,1004,1000,108,10.0,17
15:28:43,2466.155,1002,1000,108,10.0,17
15:28:44,2466.357,1003,1000,108,10.0,17
15:28:44,2466.559,1005,1000,108,10.0,17
15:28:44,2466.749,1004,1000,108,10.0,17
15:28:44,2466.949,1002,1000,108,10.0,17
15:28:44,2467.149,998,1000,108,10.0,17
15:28:45,2467.348,1000,1000,108,10.0,17
15:28:45,2467.549,1002,1000,108,10.0,17
15:28:45,2467.75,1004,1000,108,10.0,17
15:28:45,2467.952,1000,1000,108,10.0,17
15:28:45,2468.153,1002,1000,108,10.0,17
15:28:46,2468.353,1004,1000,108,10.0,17
15:28:46,2468.545,1000,1000,108,10.0,17
15:28:46,2468.744,998,1000,108,10.0,17
15:28:46,2468.943,1001,1000,108,10.0,17
15:28:46,2469.143,1000,1000,108,10.0,17
15:28:47,2469.344,997,1000,108,10.0,17
15:28:47,2469.547,1000,1000,108,10.0,17
15:28:47,2469.75,1002,1000,108,10.0,17
15:28:47,2469.94,1000,1000,108,10.0,17
15:28:47,2470.14,1002,1000,108,10.0,17
15:28:48,2470.34,1004,1000,108,10.0,17
15:28:48,2470.539,1005,1000,108,10.0,17
15:28:48,2470.739,1004,1000,108,10.0,17
15:28:48,2470.939,998,1000,108,10.0,17
15:28:48,2471.14,999,1000,108,10.0,17
15:28:49,2471.343,999,1000,108,10.0,17
15:28:49,2471.544,999,1000,108,10.0,17
15:28:49,2471.746,996,1000,108,10.0,17
15:28:49,2471.935,996,1000,108,10.0,17
15:28:49,2472.144,997,1000,108,10.0,17
15:28:50,2472.334,992,1000,108,10.0,18
15:28:50,2472.534,996,1000,108,10.0,17
15:28:50,2472.736,999,1000,108,10.0,17
15:28:50,2472.936,1002,1000,108,10.0,17
15:28:50,2473.137,1004,1000,108,10.0,17
15:28:51,2473.339,1005,1000,108,10.0,17
15:28:51,2473.53,1005,1000,108,10.0,17
15:28:51,2473.73,1001,1000,108,10.0,17
15:28:51,2473.929,996,1000,108,10.0,17
15:28:51,2474.131,997,1000,108,10.0,17
15:28:52,2474.333,997,1000,108,10.0,17
15:28:52,2474.535,993,1000,108,10.0,17
15:28:52,2474.726,997,1000,108,10.0,17
15:28:52,2474.925,1000,1000,108,10.0,17
15:28:52,2475.127,1002,1000,108,10.0,17
15:28:53,2475.326,1001,1000,108,10.0,17
15:28:53,2475.529,1000,1000,108,10.0,17
15:28:53,2475.731,1000,1000,108,10.0,17
15:28:53,2475.933,995,1000,108,10.0,17
15:28:53,2476.123,996,1000,108,10.0,17
15:28:54,2476.322,997,1000,108,10.0,17
15:28:54,2476.522,992,1000,108,10.0,18
15:28:54,2476.722,995,1000,108,10.0,17
15:28:54,2476.923,998,1000,108,10.0,17
15:28:54,2477.124,996,1000,108,10.0,17
15:28:55,2477.324,996,1000,108,10.0,17
15:28:55,2477.524,999,1000,108,10.0,17
15:28:55,2477.726,1001,1000,108,10.0,17
15:28:55,2477.925,1003,1000,108,10.0,17
15:28:55,2478.128,999,1000,108,10.0,17
15:28:56,2478.317,997,1000,108,10.0,17
15:28:56,2478.516,1000,1000,108,10.0,17
15:28:56,2478.715,1002,1000,108,10.0,17
15:28:56,2478.919,1004,1000,108,10.0,17
15:28:56,2479.12,1001,1000,108,10.0,17
15:28:57,2479.32,1003,1000,108,10.0,17
15:28:57,2479.521,1004,1000,108,10.0,17
15:28:57,2479.721,1005,1000,108,10.0,17
15:28:57,2479.912,1004,1000,108,10.0,17
15:28:57,2480.113,1000,1000,108,10.0,17
15:28:58,2480.311,1002,1000,108,10.0,17
15:28:58,2480.512,1003,1000,108,10.0,17
15:28:58,2480.713,1005,1000,108,10.0,17
15:28:58,2480.915,1001,1000,108,10.0,17
15:28:58,2481.117,1000,1000,108,10.0,17
15:28:59,2481.309,1000,1000,108,10.0,17
15:28:59,2481.508,998,1000,108,10.0,17
15:28:59,2481.707,992,1000,108,10.0,18
15:28:59,2481.909,996,1000,108,10.0,17
15:28:59,2482.112,999,1000,108,10.0,17
15:29:00,2482.314,1001,1000,108,10.0,17
15:29:00,2482.505,997,1000,108,10.0,17
15:29:00,2482.705,1000,1000,108,10.0,17
15:29:00,2482.904,1002,1000,108,10.0,17
15:29:00,2483.108,1004,1000,108,10.0,17
15:29:01,2483.307,1005,1000,108,10.0,17
15:29:01,2483.509,1001,1000,108,10.0,17
15:29:01,2483.709,1000,1000,108,10.0,17
15:29:01,2483.91,1000,1000,108,10.0,17
15:29:01,2484.101,997,1000,108,10.0,17
15:29:02,2484.309,997,1000,108,10.0,17
15:29:02,2484.5,998,1000,108,10.0,17
15:29:02,2484.7,996,1000,108,10.0,17
15:29:02,2484.898,996,1000,108,10.0,17
15:29:02,2485.1,996,1000,108,10.0,17
15:29:03,2485.299,996,1000,108,10.0,17
15:29:03,2485.501,993,1000,108,10.0,18
15:29:03,2485.704,995,1000,108,10.0,17
15:29:03,2485.904,998,1000,108,10.0,17
15:29:03,2486.105,998,1000,108,10.0,17
15:29:04,2486.294,995,1000,108,10.0,17
15:29:04,2486.494,996,1000,108,10.0,17
15:29:04,2486.694,994,1000,108,10.0,17
15:29:04,2486.896,987,1000,108,10.0,18
15:29:04,2487.098,980,1000,108,10.0,18
15:29:05,2487.291,981,1000,108,10.0,18
15:29:05,2487.491,982,1000,108,10.0,18
15:29:05,2487.691,985,1000,109,10.0,18
15:29:05,2487.89,987,1000,109,10.0,18
15:29:05,2488.089,986,1000,109,10.0,18
15:29:06,2488.289,987,1000,109,10.0,18
15:29:06,2488.492,989,1000,109,10.0,18
15:29:06,2488.695,987,1000,109,10.0,18
15:29:06,2488.896,989,1000,109,10.0,18
15:29:06,2489.096,989,1000,109,10.0,18
15:29:07,2489.287,984,1000,109,10.0,19
15:29:07,2489.486,986,1000,109,10.0,19
15:29:07,2489.686,989,1000,109,10.0,19
15:29:07,2489.887,985,1000,109,10.0,19
15:29:07,2490.089,987,1000,109,10.0,19
15:29:08,2490.291,989,1000,109,10.0,19
15:29:08,2490.482,984,1000,109,10.0,19
15:29:08,2490.683,986,1000,109,10.0,19
15:29:08,2490.883,990,1000,110,10.0,19
15:29:08,2491.084,985,1000,110,10.0,19
15:29:09,2491.286,989,1000,110,10.0,19
15:29:09,2491.487,992,1000,110,10.0,19
15:29:09,2491.689,990,1000,110,10.0,19
15:29:09,2491.88,992,1000,110,10.0,19
15:29:09,2492.079,993,1000,110,10.0,19
15:29:10,2492.279,992,1000,110,10.0,19
15:29:10,2492.479,987,1000,110,10.0,19
15:29:10,2492.681,989,1000,110,10.0,19
15:29:10,2492.883,985,1000,110,10.0,20
15:29:10,2493.083,983,1000,110,10.0,20
15:29:11,2493.285,987,1000,110,10.0,20
15:29:11,2493.475,987,1000,110,10.0,20
15:29:11,2493.675,984,1000,110,10.0,20
15:29:11,2493.875,989,1000,110,10.0,20
15:29:11,2494.076,990,1000,110,10.0,20
15:29:12,2494.279,988,1000,110,10.0,20
15:29:12,2494.481,994,1000,110,10.0,20
15:29:12,2494.672,994,1000,111,10.0,20
15:29:12,2494.872,996,1000,111,10.0,19
15:29:12,2495.072,997,1000,111,10.0,19
15:29:13,2495.274,990,1000,111,10.0,20
15:29:13,2495.475,990,1000,111,10.0,20
15:29:13,2495.677,993,1000,111,10.0,20
15:29:13,2495.868,990,1000,111,10.0,20
15:29:13,2496.069,988,1000,111,10.0,20
15:29:14,2496.269,991,1000,111,10.0,20
15:29:14,2496.472,992,1000,111,10.0,20
15:29:14,2496.674,986,1000,111,10.0,20
15:29:14,2496.874,989,1000,111,10.0,20
15:29:14,2497.075,992,1000,111,10.0,20
15:29:15,2497.266,987,1000,111,10.0,20
15:29:15,2497.465,989,1000,111,10.0,20
15:29:15,2497.667,990,1000,111,10.0,20
15:29:15,2497.872,985,1000,111,10.0,21
15:29:15,2498.064,988,1000,111,10.0,21
15:29:16,2498.263,992,1000,111,10.0,20
15:29:16,2498.465,990,1000,111,10.0,21
15:29:16,2498.665,993,1000,111,10.0,20
15:29:16,2498.868,995,1000,111,10.0,20
15:29:16,2499.07,994,1000,111,10.0,20
15:29:17,2499.259,995,1000,111,10.0,20
15:29:17,2499.46,995,1000,111,10.0,20
15:29:17,2499.659,993,1000,111,10.0,21
15:29:17,2499.861,994,1000,111,10.0,21
15:29:17,2500.063,995,1000,111,10.0,20
15:29:18,2500.264,993,1000,112,10.0,21
15:29:18,2500.466,987,1000,112,10.0,21
15:29:18,2500.656,992,1000,112,10.0,21
15:29:18,2500.856,995,1000,112,10.0,20
15:29:18,2501.055,996,1000,112,10.0,20
15:29:19,2501.257,992,1000,112,10.0,21
15:29:19,2501.455,995,1000,112,10.0,20
15:29:19,2501.656,998,1000,112,10.0,20
15:29:19,2501.857,992,1000,112,10.0,21
15:29:19,2502.058,995,1000,112,10.0,20
15:29:20,2502.26,998,1000,112,10.0,20
15:29:20,2502.452,998,1000,112,10.0,20
15:29:20,2502.65,993,1000,112,10.0,21
15:29:20,2502.85,995,1000,112,10.0,20
15:29:20,2503.051,998,1000,112,10.0,20
15:29:21,2503.253,992,1000,112,10.0,21
15:29:21,2503.454,992,1000,112,10.0,21
15:29:21,2503.655,995,1000,112,10.0,21
15:29:21,2503.857,998,1000,112,10.0,21
15:29:21,2504.047,998,1000,112,10.0,21
15:29:22,2504.247,998,1000,112,10.0,21
15:29:22,2504.448,999,1000,112,10.0,21
15:29:22,2504.649,1001,1000,112,10.0,21
15:29:22,2504.851,1000,1000,112,10.0,21
15:29:22,2505.052,995,1000,112,10.0,21
15:29:23,2505.253,998,1000,112,10.0,21
15:29:23,2505.443,1000,1000,112,10.0,21
15:29:23,2505.643,1001,1000,112,10.0,21
15:29:23,2505.844,996,1000,112,10.0,21
15:29:23,2506.045,999,1000,112,10.0,21
15:29:24,2506.246,1000,1000,112,10.0,21
15:29:24,2506.448,1002,1000,112,10.0,21
15:29:24,2506.639,997,1000,112,10.0,21
15:29:24,2506.839,996,1000,112,10.0,21
15:29:24,2507.038,998,1000,112,10.0,21
15:29:25,2507.239,1000,1000,112,10.0,21
15:29:25,2507.439,1000,1000,112,10.0,21
15:29:25,2507.637,999,1000,112,10.0,21
15:29:25,2507.839,1001,1000,112,10.0,21
15:29:25,2508.038,1002,1000,112,10.0,21
15:29:26,2508.241,1001,1000,112,10.0,21
15:29:26,2508.442,996,1000,112,10.0,21
15:29:26,2508.635,998,1000,112,10.0,21
15:29:26,2508.834,1000,1000,112,10.0,21
15:29:26,2509.034,1002,1000,112,10.0,21
15:29:27,2509.234,996,1000,112,10.0,21
15:29:27,2509.436,998,1000,112,10.0,21
15:29:27,2509.637,1000,1000,112,10.0,21
15:29:27,2509.837,1002,1000,112,10.0,21
15:29:27,2510.039,1000,1000,112,10.0,21
15:29:28,2510.229,1000,1000,112,10.0,21
15:29:28,2510.429,1001,1000,112,10.0,21
15:29:28,2510.628,1002,1000,112,10.0,21
15:29:28,2510.83,1000,1000,112,10.0,21
15:29:28,2511.032,1001,1000,112,10.0,21
15:29:29,2511.232,1002,1000,112,10.0,21
15:29:29,2511.433,1003,1000,112,10.0,21
15:29:29,2511.635,1000,1000,112,10.0,21
15:29:29,2511.825,995,1000,112,10.0,21
15:29:29,2512.024,997,1000,112,10.0,21
15:29:30,2512.226,999,1000,112,10.0,21
15:29:30,2512.43,998,1000,112,10.0,21
15:29:30,2512.629,998,1000,112,10.0,21
15:29:30,2512.831,1000,1000,112,10.0,21
15:29:30,2513.023,1001,1000,112,10.0,21
15:29:31,2513.221,1000,1000,112,10.0,21
15:29:31,2513.421,994,1000,112,10.0,21
15:29:31,2513.623,997,1000,112,10.0,21
15:29:31,2513.826,999,1000,112,10.0,21
15:29:31,2514.02,1000,1000,112,10.0,21
15:29:32,2514.23,995,1000,112,10.0,21
15:29:32,2514.419,998,1000,112,10.0,21
15:29:32,2514.617,999,1000,112,10.0,21
15:29:32,2514.819,1001,1000,112,10.0,21
15:29:32,2515.02,995,1000,112,10.0,21
15:29:33,2515.22,998,1000,112,10.0,21
15:29:33,2515.421,1000,1000,112,10.0,21
15:29:33,2515.623,1000,1000,112,10.0,21
15:29:33,2515.829,997,1000,112,10.0,21
15:29:33,2516.014,999,1000,112,10.0,21
15:29:34,2516.214,1001,1000,112,10.0,21
15:29:34,2516.413,1002,1000,112,10.0,21
15:29:34,2516.614,996,1000,112,10.0,21
15:29:34,2516.815,996,1000,112,10.0,21
15:29:34,2517.016,998,1000,112,10.0,21
15:29:35,2517.216,1000,1000,112,10.0,21
15:29:35,2517.419,998,1000,112,10.0,21
15:29:35,2517.61,999,1000,112,10.0,21
15:29:35,2517.809,1000,1000,112,10.0,21
15:29:35,2518.009,1002,1000,112,10.0,21
15:29:36,2518.211,998,1000,112,10.0,21
15:29:36,2518.413,1000,1000,112,10.0,21
15:29:36,2518.613,1002,1000,112,10.0,21
15:29:36,2518.815,1002,1000,112,10.0,21
15:29:36,2519.006,997,1000,112,10.0,21
15:29:37,2519.206,996,1000,112,10.0,21
15:29:37,2519.406,998,1000,112,10.0,21
15:29:37,2519.605,999,1000,112,10.0,21
15:29:37,2519.804,997,1000,112,10.0,21
15:29:37,2520.004,999,1000,112,10.0,21
15:29:38,2520.205,1000,1000,112,10.0,21
15:29:38,2520.405,1001,1000,112,10.0,21
15:29:38,2520.608,997,1000,112,10.0,21
15:29:38,2520.809,995,1000,112,10.0,21
15:29:38,2521.009,997,1000,112,10.0,21
15:29:39,2521.201,999,1000,112,10.0,21
15:29:39,2521.399,998,1000,112,10.0,21
15:29:39,2521.599,998,1000,112,10.0,21
15:29:39,2521.8,1000,1000,112,10.0,21
15:29:39,2522.001,1001,1000,112,10.0,21
15:29:40,2522.206,998,1000,112,10.0,21
15:29:40,2522.398,1000,1000,112,10.0,21
15:29:40,2522.596,1001,1000,112,10.0,21
15:29:40,2522.797,1002,1000,112,10.0,21
15:29:40,2522.997,1000,1000,112,10.0,21
15:29:41,2523.2,1000,1000,112,10.0,21
15:29:41,2523.4,1001,1000,112,10.0,21
15:29:41,2523.601,1003,1000,112,10.0,21
15:29:41,2523.794,1000,1000,112,10.0,21
15:29:41,2523.993,1001,1000,112,10.0,21
15:29:42,2524.192,1002,1000,112,10.0,21
15:29:42,2524.392,1003,1000,112,10.0,21
15:29:42,2524.594,1000,1000,112,10.0,21
15:29:42,2524.798,995,1000,112,10.0,21
15:29:42,2524.999,998,1000,112,10.0,21
15:29:43,2525.189,999,1000,112,10.0,21
15:29:43,2525.389,1000,1000,112,10.0,21
15:29:43,2525.591,995,1000,112,10.0,21
15:29:43,2525.794,998,1000,112,10.0,21
15:29:43,2525.996,999,1000,112,10.0,21
15:29:44,2526.187,998,1000,112,10.0,21
15:29:44,2526.385,993,1000,112,10.0,21
15:29:44,2526.586,996,1000,112,10.0,21
15:29:44,2526.788,998,1000,112,10.0,21
15:29:44,2526.988,1000,1000,112,10.0,21
15:29:45,2527.191,994,1000,112,10.0,21
15:29:45,2527.382,997,1000,112,10.0,21
15:29:45,2527.582,999,1000,112,10.0,21
15:29:45,2527.781,999,1000,112,10.0,21
15:29:45,2527.984,996,1000,112,10.0,21
15:29:46,2528.187,998,1000,112,10.0,21
15:29:46,2528.388,1000,1000,112,10.0,21
15:29:46,2528.589,998,1000,112,10.0,21
15:29:46,2528.779,993,1000,112,10.0,21
15:29:46,2528.979,995,1000,112,10.0,21
15:29:47,2529.179,997,1000,112,10.0,21
15:29:47,2529.382,998,1000,112,10.0,21
15:29:47,2529.582,995,1000,112,10.0,21
15:29:47,2529.782,997,1000,112,10.0,21
15:29:47,2529.982,999,1000,112,10.0,21
15:29:48,2530.174,997,1000,112,10.0,21
15:29:48,2530.374,993,1000,112,10.0,21
15:29:48,2530.574,995,1000,112,10.0,21
15:29:48,2530.777,998,1000,112,10.0,21
15:29:48,2530.978,999,1000,112,10.0,21
15:29:49,2531.182,994,1000,112,10.0,21
15:29:49,2531.371,996,1000,112,10.0,21
15:29:49,2531.57,998,1000,112,10.0,21
15:29:49,2531.771,998,1000,112,10.0,21
15:29:49,2531.973,998,1000,112,10.0,21
15:29:50,2532.172,999,1000,112,10.0,21
15:29:50,2532.376,1001,1000,112,10.0,21
15:29:50,2532.576,1002,1000,112,10.0,21
15:29:50,2532.767,996,1000,112,10.0,21
15:29:50,2532.966,998,1000,112,10.0,21
15:29:51,2533.167,1000,1000,112,10.0,21
15:29:51,2533.365,1000,1000,112,10.0,21
15:29:51,2533.569,996,1000,112,10.0,21
15:29:51,2533.769,998,1000,112,10.0,21
15:29:51,2533.973,999,1000,112,10.0,21
15:29:52,2534.165,998,1000,112,10.0,21
15:29:52,2534.363,993,1000,112,10.0,21
15:29:52,2534.563,997,1000,112,10.0,21
15:29:52,2534.762,996,1000,112,10.0,21
15:29:52,2534.962,991,1000,112,10.0,21
15:29:53,2535.165,996,1000,112,10.0,21
15:29:53,2535.365,995,1000,112,10.0,21
15:29:53,2535.566,991,1000,112,10.0,21
15:29:53,2535.767,996,1000,112,10.0,21
15:29:53,2535.958,996,1000,112,10.0,21
15:29:54,2536.161,994,1000,112,10.0,21
15:29:54,2536.36,998,1000,112,10.0,21
15:29:54,2536.561,1002,1000,112,10.0,21
15:29:54,2536.765,1003,1000,112,10.0,21
15:29:54,2536.955,1004,1000,112,10.0,21
15:29:54,2537.157,1004,1000,112,10.0,21
15:29:55,2537.354,1004,1000,112,10.0,21
15:29:55,2537.557,999,1000,112,10.0,21
15:29:55,2537.759,1000,1000,112,10.0,21
15:29:55,2537.961,1001,1000,112,10.0,21
15:29:56,2538.162,999,1000,112,10.0,21
15:29:56,2538.353,994,1000,112,10.0,21
15:29:56,2538.552,999,1000,112,10.0,21
15:29:56,2538.752,996,1000,112,10.0,21
15:29:56,2538.95,1000,1000,112,10.0,21
15:29:56,2539.15,1001,1000,112,10.0,21
15:29:57,2539.353,995,1000,112,10.0,21
15:29:57,2539.554,997,1000,112,10.0,21
15:29:57,2539.753,999,1000,112,10.0,21
15:29:57,2539.955,1000,1000,112,10.0,21
15:29:57,2540.148,995,1000,112,10.0,21
15:29:58,2540.346,997,1000,112,10.0,21
15:29:58,2540.546,999,1000,112,10.0,21
15:29:58,2540.746,1000,1000,112,10.0,21
15:29:58,2540.946,994,1000,112,10.0,21
15:29:58,2541.145,998,1000,112,10.0,21
15:29:59,2541.346,1001,1000,112,10.0,21
15:29:59,2541.545,996,1000,112,10.0,21
15:29:59,2541.746,997,1000,112,10.0,21
15:29:59,2541.947,998,1000,112,10.0,21
15:29:59,2542.149,999,1000,112,10.0,21
15:30:00,2542.351,997,1000,112,10.0,21
15:30:00,2542.541,999,1000,112,10.0,21
15:30:00,2542.741,1000,1000,112,10.0,21
15:30:00,2542.94,1001,1000,112,10.0,21
15:30:00,2543.139,995,1000,112,10.0,21
15:30:01,2543.34,996,1000,112,10.0,21
15:30:01,2543.541,998,1000,112,10.0,21
15:30:01,2543.742,998,1000,112,10.0,21
15:30:01,2543.943,995,1000,112,10.0,21
15:30:01,2544.143,997,1000,112,10.0,21
15:30:02,2544.345,999,1000,112,10.0,21
15:30:02,2544.536,1000,1000,112,10.0,21
15:30:02,2544.734,994,1000,112,10.0,21
15:30:02,2544.934,999,1000,112,10.0,21
15:30:02,2545.135,1001,1000,112,10.0,21
15:30:03,2545.336,998,1000,112,10.0,21
15:30:03,2545.538,1002,1000,112,10.0,21
15:30:03,2545.741,1005,1000,112,10.0,21
15:30:03,2545.94,1003,1000,112,10.0,21
15:30:03,2546.131,1004,1000,112,10.0,21
15:30:04,2546.331,1004,1000,112,10.0,21
15:30:04,2546.534,999,1000,112,10.0,21
15:30:04,2546.734,995,1000,112,10.0,21
15:30:04,2546.935,997,1000,112,10.0,21
15:30:04,2547.137,997,1000,112,10.0,21
15:30:05,2547.338,994,1000,112,10.0,21
15:30:05,2547.527,998,1000,112,10.0,21
15:30:05,2547.73,995,1000,112,10.0,21
15:30:05,2547.932,999,1000,112,10.0,21
15:30:05,2548.133,1002,1000,112,10.0,21
15:30:06,2548.335,1003,1000,112,10.0,21
15:30:06,2548.525,1006,1000,112,10.0,21
15:30:06,2548.724,1000,1000,112,10.0,21
15:30:06,2548.924,1001,1000,112,10.0,21
15:30:06,2549.125,1001,1000,112,10.0,21
15:30:07,2549.326,1000,1000,112,10.0,21
15:30:07,2549.527,998,1000,112,10.0,21
15:30:07,2549.728,1000,1000,112,10.0,21
15:30:07,2549.92,1001,1000,112,10.0,21
15:30:07,2550.12,996,1000,112,10.0,21
15:30:08,2550.32,993,1000,112,10.0,21
15:30:08,2550.519,998,1000,112,10.0,21
15:30:08,2550.721,999,1000,112,10.0,21
15:30:08,2550.924,999,1000,112,10.0,21
15:30:08,2551.126,1002,1000,112,10.0,21
15:30:09,2551.317,998,1000,112,10.0,21
15:30:09,2551.516,1002,1000,112,10.0,21
15:30:09,2551.715,998,1000,112,10.0,21
15:30:09,2551.916,1000,1000,112,10.0,21
15:30:09,2552.117,1003,1000,112,10.0,21
15:30:10,2552.321,1004,1000,112,10.0,21
15:30:10,2552.523,1006,1000,112,10.0,21
15:30:10,2552.723,999,1000,112,10.0,21
15:30:10,2552.912,1000,1000,112,10.0,21
15:30:10,2553.111,1000,1000,112,10.0,21
15:30:11,2553.311,999,1000,112,10.0,21
15:30:11,2553.51,999,1000,112,10.0,21
15:30:11,2553.711,1000,1000,112,10.0,21
15:30:11,2553.911,1001,1000,112,10.0,21
15:30:11,2554.114,995,1000,112,10.0,21
15:30:12,2554.316,995,1000,112,10.0,21
15:30:12,2554.518,997,1000,112,10.0,21
15:30:12,2554.707,996,1000,112,10.0,21
15:30:12,2554.906,991,1000,112,10.0,21
15:30:12,2555.108,996,1000,112,10.0,21
15:30:13,2555.309,1000,1000,112,10.0,21
15:30:13,2555.509,1003,1000,112,10.0,21
15:30:13,2555.712,999,1000,112,10.0,21
15:30:13,2555.912,999,1000,112,10.0,21
15:30:13,2556.103,1002,1000,112,10.0,21
15:30:14,2556.303,1004,1000,112,10.0,21
15:30:14,2556.504,1006,1000,112,10.0,21
15:30:14,2556.706,999,1000,112,10.0,21
15:30:14,2556.906,1000,1000,112,10.0,21
15:30:14,2557.108,1001,1000,112,10.0,21
15:30:15,2557.299,999,1000,112,10.0,21
15:30:15,2557.5,999,1000,112,10.0,21
15:30:15,2557.699,1000,1000,112,10.0,21
15:30:15,2557.902,1001,1000,112,10.0,21
15:30:15,2558.105,995,1000,112,10.0,21
15:30:16,2558.307,996,1000,112,10.0,21
15:30:16,2558.497,997,1000,112,10.0,21
15:30:16,2558.697,995,1000,112,10.0,21
15:30:16,2558.896,990,1000,112,10.0,21
15:30:16,2559.095,995,1000,112,10.0,21
15:30:17,2559.297,997,1000,112,10.0,21
15:30:17,2559.498,995,1000,112,10.0,21
15:30:17,2559.702,999,1000,112,10.0,21
15:30:17,2559.904,996,1000,112,10.0,21
15:30:17,2560.092,999,1000,112,10.0,21
15:30:18,2560.292,996,1000,112,10.0,21
15:30:18,2560.491,999,1000,112,10.0,21
15:30:18,2560.692,1002,1000,112,10.0,21
15:30:18,2560.893,1003,1000,112,10.0,21
15:30:18,2561.096,1005,1000,112,10.0,21
15:30:19,2561.295,999,1000,112,10.0,21
15:30:19,2561.489,999,1000,112,10.0,21
15:30:19,2561.688,1002,1000,112,10.0,21
15:30:19,2561.887,998,1000,112,10.0,21
15:30:19,2562.09,1001,1000,112,10.0,21
15:30:20,2562.289,1004,1000,112,10.0,21
15:30:20,2562.491,1005,1000,112,10.0,21
15:30:20,2562.69,1005,1000,112,10.0,21
15:30:20,2562.893,1001,1000,112,10.0,21
15:30:20,2563.085,1001,1000,112,10.0,21
15:30:21,2563.284,1002,1000,112,10.0,21
15:30:21,2563.483,1002,1000,112,10.0,21
15:30:21,2563.682,996,1000,112,10.0,21
15:30:21,2563.884,997,1000,112,10.0,21
15:30:21,2564.086,998,1000,112,10.0,21
15:30:22,2564.287,994,1000,112,10.0,21
15:30:22,2564.488,993,1000,112,10.0,21
15:30:22,2564.688,997,1000,112,10.0,21
15:30:22,2564.89,1000,1000,112,10.0,21
15:30:22,2565.079,1002,1000,112,10.0,21
15:30:23,2565.279,998,1000,112,10.0,21
15:30:23,2565.481,1001,1000,112,10.0,21
15:30:23,2565.683,1004,1000,112,10.0,21
15:30:23,2565.884,1005,1000,112,10.0,21
15:30:23,2566.086,1005,1000,112,10.0,21
15:30:24,2566.276,1001,1000,112,10.0,21
15:30:24,2566.475,1001,1000,112,10.0,21
15:30:24,2566.676,1002,1000,112,10.0,21
15:30:24,2566.878,1001,1000,112,10.0,21
15:30:24,2567.079,996,1000,112,10.0,21
15:30:25,2567.282,998,1000,112,10.0,21
15:30:25,2567.472,999,1000,112,10.0,21
15:30:25,2567.671,993,1000,112,10.0,21
15:30:25,2567.873,994,1000,112,10.0,21
15:30:25,2568.075,998,1000,112,10.0,21
15:30:26,2568.277,1001,1000,112,10.0,21
15:30:26,2568.477,1003,1000,112,10.0,21
15:30:26,2568.669,1003,1000,112,10.0,21
15:30:26,2568.868,1005,1000,112,10.0,21
15:30:26,2569.067,1000,1000,112,10.0,21
15:30:27,2569.268,1000,1000,112,10.0,21
15:30:27,2569.469,1001,1000,112,10.0,21
15:30:27,2569.673,998,1000,112,10.0,21
15:30:27,2569.865,999,1000,112,10.0,21
15:30:27,2570.065,999,1000,112,10.0,21
15:30:28,2570.264,1000,1000,112,10.0,21
15:30:28,2570.465,995,1000,112,10.0,21
15:30:28,2570.665,996,1000,112,10.0,21
15:30:28,2570.865,997,1000,112,10.0,21
15:30:28,2571.065,992,1000,112,10.0,21
15:30:29,2571.267,996,1000,112,10.0,21
15:30:29,2571.469,999,1000,112,10.0,21
15:30:29,2571.66,996,1000,112,10.0,21
15:30:29,2571.86,999,1000,112,10.0,21
15:30:29,2572.06,1002,1000,112,10.0,21
15:30:30,2572.263,1004,1000,112,10.0,21
15:30:30,2572.463,1006,1000,112,10.0,21
15:30:30,2572.658,1000,1000,112,10.0,21
15:30:30,2572.857,1000,1000,112,10.0,21
15:30:30,2573.056,1003,1000,112,10.0,21
15:30:31,2573.258,1000,1000,112,10.0,21
15:30:31,2573.46,1003,1000,112,10.0,21
15:30:31,2573.661,999,1000,112,10.0,21
15:30:31,2573.861,1002,1000,112,10.0,21
15:30:31,2574.062,998,1000,112,10.0,21
15:30:32,2574.254,1001,1000,112,10.0,21
15:30:32,2574.453,997,1000,112,10.0,21
15:30:32,2574.652,1000,1000,112,10.0,21
15:30:32,2574.852,1003,1000,112,10.0,21
15:30:32,2575.052,1004,1000,112,10.0,21
15:30:33,2575.252,1006,1000,112,10.0,21
15:30:33,2575.453,1000,1000,112,10.0,21
15:30:33,2575.653,1001,1000,112,10.0,21
15:30:33,2575.855,1001,1000,112,10.0,21
15:30:33,2576.054,998,1000,112,10.0,21
15:30:34,2576.247,999,1000,112,10.0,21
15:30:34,2576.447,999,1000,112,10.0,21
15:30:34,2576.647,998,1000,112,10.0,21
15:30:34,2576.848,997,1000,112,10.0,21
15:30:34,2577.051,998,1000,112,10.0,21
15:30:35,2577.253,999,1000,112,10.0,21
15:30:35,2577.452,993,1000,112,10.0,21
15:30:35,2577.645,996,1000,112,10.0,21
15:30:35,2577.843,999,1000,112,10.0,21
15:30:35,2578.043,995,1000,112,10.0,21
15:30:36,2578.242,996,1000,112,10.0,21
15:30:36,2578.442,1000,1000,112,10.0,21
15:30:36,2578.642,1002,1000,112,10.0,21
15:30:36,2578.841,1004,1000,112,10.0,21
15:30:36,2579.041,1000,1000,112,10.0,21
15:30:37,2579.243,1002,1000,112,10.0,21
15:30:37,2579.445,1005,1000,112,10.0,21
15:30:37,2579.641,1004,1000,112,10.0,21
15:30:37,2579.843,1004,1000,112,10.0,21
15:30:37,2580.042,1004,1000,112,10.0,21
15:30:38,2580.246,997,1000,112,10.0,21
15:30:38,2580.435,998,1000,112,10.0,21
15:30:38,2580.635,999,1000,112,10.0,21
15:30:38,2580.835,996,1000,112,10.0,21
15:30:38,2581.034,991,1000,112,10.0,21
15:30:39,2581.234,995,1000,112,10.0,21
15:30:39,2581.436,993,1000,112,10.0,21
15:30:39,2581.636,992,1000,112,10.0,21
15:30:39,2581.838,997,1000,112,10.0,21
15:30:39,2582.041,997,1000,112,10.0,21
15:30:40,2582.242,1000,1000,112,10.0,21
15:30:40,2582.431,996,1000,112,10.0,21
15:30:40,2582.631,1000,1000,112,10.0,21
15:30:40,2582.83,1003,1000,112,10.0,21
15:30:40,2583.031,1004,1000,112,10.0,21
15:30:41,2583.232,1006,1000,112,10.0,21
15:30:41,2583.434,1000,1000,112,10.0,21
15:30:41,2583.635,1000,1000,112,10.0,21
15:30:41,2583.836,1003,1000,112,10.0,21
15:30:41,2584.027,999,1000,112,10.0,21
15:30:42,2584.227,1002,1000,112,10.0,21
15:30:42,2584.425,998,1000,112,10.0,21
15:30:42,2584.626,1000,1000,112,10.0,21
15:30:42,2584.828,1003,1000,112,10.0,21
15:30:42,2585.029,1005,1000,112,10.0,21
15:30:43,2585.231,1005,1000,112,10.0,21
15:30:43,2585.432,1005,1000,112,10.0,21
15:30:43,2585.622,1004,1000,112,10.0,21
15:30:43,2585.823,997,1000,112,10.0,21
15:30:43,2586.024,998,1000,112,10.0,21
15:30:44,2586.228,999,1000,112,10.0,21
15:30:44,2586.429,995,1000,112,10.0,21
15:30:44,2586.619,996,1000,112,10.0,21
15:30:44,2586.818,998,1000,112,10.0,21
15:30:44,2587.018,997,1000,112,10.0,21
15:30:45,2587.221,997,1000,112,10.0,21
15:30:45,2587.422,998,1000,112,10.0,21
15:30:45,2587.621,999,1000,112,10.0,21
15:30:45,2587.823,993,1000,112,10.0,21
15:30:45,2588.015,996,1000,112,10.0,21
15:30:46,2588.214,1000,1000,112,10.0,21
15:30:46,2588.413,1002,1000,112,10.0,21
15:30:46,2588.613,1005,1000,112,10.0,21
15:30:46,2588.815,1002,1000,112,10.0,21
15:30:46,2589.016,1002,1000,112,10.0,21
15:30:47,2589.22,1002,1000,112,10.0,21
15:30:47,2589.411,996,1000,112,10.0,21
15:30:47,2589.61,996,1000,112,10.0,21
15:30:47,2589.81,997,1000,112,10.0,21
15:30:47,2590.01,996,1000,112,10.0,21
15:30:48,2590.209,991,1000,112,10.0,21
15:30:48,2590.411,995,1000,112,10.0,21
15:30:48,2590.613,995,1000,112,10.0,21
15:30:48,2590.814,993,1000,112,10.0,21
15:30:48,2591.006,997,1000,112,10.0,21
15:30:49,2591.206,994,1000,112,10.0,21
15:30:49,2591.405,998,1000,112,10.0,21
15:30:49,2591.605,1001,1000,112,10.0,21
15:30:49,2591.806,1003,1000,112,10.0,21
15:30:49,2592.006,1005,1000,112,10.0,21
15:30:50,2592.206,999,1000,112,10.0,21
15:30:50,2592.407,1000,1000,112,10.0,21
15:30:50,2592.609,1003,1000,112,10.0,21
15:30:50,2592.808,999,1000,112,10.0,21
15:30:50,2593.01,1002,1000,112,10.0,21
15:30:51,2593.201,998,1000,112,10.0,21
15:30:51,2593.4,1002,1000,112,10.0,21
15:30:51,2593.603,998,1000,112,10.0,21
15:30:51,2593.804,1000,1000,112,10.0,21
15:30:51,2594.006,1003,1000,112,10.0,21
15:30:52,2594.198,999,1000,112,10.0,21
15:30:52,2594.398,1002,1000,112,10.0,21
15:30:52,2594.598,998,1000,112,10.0,21
15:30:52,2594.799,1000,1000,112,10.0,21
15:30:52,2594.997,1003,1000,112,10.0,21
15:30:53,2595.199,1005,1000,112,10.0,21
15:30:53,2595.401,1006,1000,112,10.0,21
15:30:53,2595.602,1005,1000,112,10.0,21
15:30:53,2595.804,1001,1000,112,10.0,21
15:30:53,2595.993,995,1000,112,10.0,21
15:30:54,2596.195,997,1000,112,10.0,21
15:30:54,2596.396,998,1000,112,10.0,21
15:30:54,2596.599,996,1000,112,10.0,21
15:30:54,2596.801,997,1000,112,10.0,21
15:30:54,2596.991,998,1000,112,10.0,21
15:30:55,2597.191,999,1000,112,10.0,21
15:30:55,2597.389,994,1000,112,10.0,21
15:30:55,2597.592,998,1000,112,10.0,21
15:30:55,2597.793,998,1000,112,10.0,21
15:30:55,2597.995,998,1000,112,10.0,21
15:30:56,2598.198,999,1000,112,10.0,21
15:30:56,2598.388,1000,1000,112,10.0,21
15:30:56,2598.586,996,1000,112,10.0,21
15:30:56,2598.79,992,1000,112,10.0,21
15:30:56,2598.991,997,1000,112,10.0,21
15:30:57,2599.19,994,1000,112,10.0,21
15:30:57,2599.392,997,1000,112,10.0,21
15:30:57,2599.584,1000,1000,112,10.0,21
15:30:57,2599.783,1002,1000,112,10.0,21
15:30:57,2599.982,1005,1000,112,10.0,21
15:30:58,2600.183,999,1000,112,10.0,21
15:30:58,2600.384,1000,1000,112,10.0,21
15:30:58,2600.586,1002,1000,112,10.0,21
15:30:58,2600.788,999,1000,112,10.0,21
15:30:58,2600.981,1002,1000,112,10.0,21
15:30:59,2601.179,998,1000,112,10.0,21
15:30:59,2601.379,1001,1000,112,10.0,21
15:30:59,2601.579,998,1000,112,10.0,21
15:30:59,2601.78,999,1000,112,10.0,21
15:30:59,2601.982,1003,1000,112,10.0,21
15:31:00,2602.186,999,1000,112,10.0,21
15:31:00,2602.377,1002,1000,112,10.0,21
15:31:00,2602.575,998,1000,112,10.0,21
15:31:00,2602.779,1000,1000,112,10.0,21
15:31:00,2602.982,1003,1000,112,10.0,21
15:31:01,2603.184,1005,1000,112,10.0,21
15:31:01,2603.383,1006,1000,112,10.0,21
15:31:01,2603.573,1005,1000,112,10.0,21
15:31:01,2603.772,1003,1000,112,10.0,21
15:31:01,2603.973,997,1000,112,10.0,21
15:31:02,2604.175,998,1000,112,10.0,21
15:31:02,2604.376,999,1000,112,10.0,21
15:31:02,2604.576,998,1000,112,10.0,21
15:31:02,2604.775,998,1000,112,10.0,21
15:31:02,2604.974,999,1000,112,10.0,21
15:31:03,2605.176,1000,1000,112,10.0,21
15:31:03,2605.378,994,1000,112,10.0,21
15:31:03,2605.568,999,1000,112,10.0,21
15:31:03,2605.767,1002,1000,112,10.0,21
15:31:03,2605.968,1004,1000,112,10.0,21
15:31:04,2606.17,1004,1000,112,10.0,21
15:31:04,2606.373,1004,1000,112,10.0,21
15:31:04,2606.566,999,1000,112,10.0,21
15:31:04,2606.765,995,1000,112,10.0,21
15:31:04,2606.964,997,1000,112,10.0,21
15:31:05,2607.167,997,1000,112,10.0,21
15:31:05,2607.366,994,1000,112,10.0,21
15:31:05,2607.567,998,1000,112,10.0,21
15:31:05,2607.769,995,1000,112,10.0,21
15:31:05,2607.971,999,1000,112,10.0,21
15:31:06,2608.164,996,1000,112,10.0,21
15:31:06,2608.361,999,1000,112,10.0,21
15:31:06,2608.561,1003,1000,112,10.0,21
15:31:06,2608.759,1003,1000,112,10.0,21
15:31:06,2608.96,1006,1000,112,10.0,21
15:31:07,2609.16,1000,1000,112,10.0,21
15:31:07,2609.363,1000,1000,112,10.0,21
15:31:07,2609.564,1001,1000,112,10.0,21
15:31:07,2609.764,999,1000,112,10.0,21
15:31:07,2609.957,999,1000,112,10.0,21
15:31:08,2610.158,1000,1000,112,10.0,21
15:31:08,2610.356,1001,1000,112,10.0,21
15:31:08,2610.554,995,1000,112,10.0,21
15:31:08,2610.758,995,1000,112,10.0,21
15:31:08,2610.957,997,1000,112,10.0,21
15:31:09,2611.159,997,1000,112,10.0,21
15:31:09,2611.353,992,1000,112,10.0,21
15:31:09,2611.552,996,1000,112,10.0,21
15:31:09,2611.751,997,1000,112,10.0,21
15:31:09,2611.95,995,1000,112,10.0,21
15:31:09,2612.153,999,1000,112,10.0,21
15:31:10,2612.352,996,1000,112,10.0,21
15:31:10,2612.554,998,1000,112,10.0,21
15:31:10,2612.755,1002,1000,112,10.0,21
15:31:10,2612.955,1003,1000,112,10.0,21
15:31:10,2613.156,1005,1000,112,10.0,21
15:31:11,2613.346,999,1000,112,10.0,21
15:31:11,2613.546,1000,1000,112,10.0,21
15:31:11,2613.745,1001,1000,112,10.0,21
15:31:11,2613.95,1000,1000,112,10.0,21
15:31:11,2614.151,998,1000,112,10.0,21
15:31:12,2614.354,1000,1000,112,10.0,21
15:31:12,2614.544,1001,1000,112,10.0,21
15:31:12,2614.744,1000,1000,112,10.0,21
15:31:12,2614.945,997,1000,112,10.0,21
15:31:12,2615.148,998,1000,112,10.0,21
15:31:13,2615.348,999,1000,112,10.0,21
15:31:13,2615.549,995,1000,112,10.0,21
15:31:13,2615.74,997,1000,112,10.0,21
15:31:13,2615.939,998,1000,112,10.0,21
15:31:13,2616.141,999,1000,112,10.0,21
15:31:14,2616.342,995,1000,112,10.0,21
15:31:14,2616.545,997,1000,112,10.0,21
15:31:14,2616.746,998,1000,112,10.0,21
15:31:14,2616.937,995,1000,112,10.0,21
15:31:14,2617.137,991,1000,112,10.0,21
15:31:15,2617.335,996,1000,112,10.0,21
15:31:15,2617.536,993,1000,112,10.0,21
15:31:15,2617.736,994,1000,112,10.0,21
15:31:15,2617.939,999,1000,112,10.0,21
15:31:15,2618.14,996,1000,112,10.0,21
15:31:16,2618.341,1000,1000,112,10.0,21
15:31:16,2618.533,997,1000,112,10.0,21
15:31:16,2618.731,998,1000,112,10.0,21
15:31:16,2618.931,1002,1000,112,10.0,21
15:31:16,2619.131,1002,1000,112,10.0,21
15:31:17,2619.334,1005,1000,112,10.0,21
15:31:17,2619.536,999,1000,112,10.0,21
15:31:17,2619.737,1000,1000,112,10.0,21
15:31:17,2619.937,1003,1000,112,10.0,21
15:31:17,2620.127,999,1000,112,10.0,21
15:31:18,2620.327,1003,1000,112,10.0,21
15:31:18,2620.527,1006,1000,112,10.0,21
15:31:18,2620.729,1004,1000,112,10.0,21
15:31:18,2620.93,1005,1000,112,10.0,21
15:31:18,2621.132,1005,1000,112,10.0,21
15:31:19,2621.334,1002,1000,112,10.0,21
15:31:19,2621.524,1002,1000,112,10.0,21
15:31:19,2621.724,1002,1000,112,10.0,21
15:31:19,2621.923,1003,1000,112,10.0,21
15:31:19,2622.122,1001,1000,112,10.0,21
15:31:20,2622.324,1001,1000,112,10.0,21
15:31:20,2622.526,1001,1000,112,10.0,21
15:31:20,2622.728,1002,1000,112,10.0,21
15:31:20,2622.929,997,1000,112,10.0,21
15:31:20,2623.12,998,1000,112,10.0,21
15:31:21,2623.319,1000,1000,112,10.0,21
15:31:21,2623.519,1000,1000,112,10.0,21
15:31:21,2623.718,995,1000,112,10.0,21
15:31:21,2623.92,997,1000,112,10.0,21
15:31:21,2624.124,998,1000,112,10.0,21
15:31:22,2624.325,996,1000,112,10.0,21
15:31:22,2624.516,992,1000,112,10.0,21
15:31:22,2624.716,997,1000,112,10.0,21
15:31:22,2624.914,995,1000,112,10.0,21
15:31:22,2625.114,1000,1000,112,10.0,21
15:31:23,2625.313,997,1000,112,10.0,21
15:31:23,2625.514,1001,1000,112,10.0,21
15:31:23,2625.713,1004,1000,112,10.0,21
15:31:23,2625.914,1003,1000,112,10.0,21
15:31:23,2626.119,1006,1000,112,10.0,21
15:31:24,2626.32,1000,1000,112,10.0,21
15:31:24,2626.51,1001,1000,112,10.0,21
15:31:24,2626.709,1002,1000,112,10.0,21
15:31:24,2626.911,1003,1000,112,10.0,21
15:31:24,2627.113,997,1000,112,10.0,21
15:31:25,2627.314,999,1000,112,10.0,21
15:31:25,2627.516,1000,1000,112,10.0,21
15:31:25,2627.716,999,1000,112,10.0,21
15:31:25,2627.907,994,1000,112,10.0,21
15:31:25,2628.105,999,1000,112,10.0,21
15:31:26,2628.307,996,1000,112,10.0,21
15:31:26,2628.505,999,1000,112,10.0,21
15:31:26,2628.706,997,1000,112,10.0,21
15:31:26,2628.91,1001,1000,112,10.0,21
15:31:26,2629.112,1004,1000,112,10.0,21
15:31:27,2629.302,1003,1000,112,10.0,21
15:31:27,2629.502,1006,1000,112,10.0,21
15:31:27,2629.702,1001,1000,112,10.0,21
15:31:27,2629.9,1001,1000,112,10.0,21
15:31:27,2630.102,1002,1000,112,10.0,21
15:31:28,2630.302,1003,1000,112,10.0,21
15:31:28,2630.504,997,1000,112,10.0,21
15:31:28,2630.705,998,1000,112,10.0,21
15:31:28,2630.908,1000,1000,112,10.0,21
15:31:28,2631.097,999,1000,112,10.0,21
15:31:29,2631.296,993,1000,112,10.0,21
15:31:29,2631.498,998,1000,112,10.0,21
15:31:29,2631.698,996,1000,112,10.0,21
15:31:29,2631.899,999,1000,112,10.0,21
15:31:29,2632.104,1000,1000,112,10.0,21
15:31:30,2632.295,995,1000,112,10.0,21
15:31:30,2632.493,996,1000,112,10.0,21
15:31:30,2632.693,999,1000,112,10.0,21
15:31:30,2632.895,999,1000,112,10.0,21
15:31:30,2633.097,996,1000,112,10.0,21
15:31:31,2633.3,999,1000,112,10.0,21
15:31:31,2633.491,1000,1000,112,10.0,21
15:31:31,2633.69,1001,1000,112,10.0,21
15:31:31,2633.89,996,1000,112,10.0,21
15:31:31,2634.092,996,1000,112,10.0,21
15:31:32,2634.295,998,1000,112,10.0,21
15:31:32,2634.496,999,1000,112,10.0,21
15:31:32,2634.688,997,1000,112,10.0,21
15:31:32,2634.886,999,1000,112,10.0,21
15:31:32,2635.087,1001,1000,112,10.0,21
15:31:33,2635.288,1002,1000,112,10.0,21
15:31:33,2635.488,997,1000,112,10.0,21
15:31:33,2635.688,999,1000,112,10.0,21
15:31:33,2635.889,1000,1000,112,10.0,21
15:31:33,2636.088,1002,1000,112,10.0,21
15:31:34,2636.29,996,1000,112,10.0,21
15:31:34,2636.482,997,1000,112,10.0,21
15:31:34,2636.682,999,1000,112,10.0,21
15:31:34,2636.882,1000,1000,112,10.0,21
15:31:34,2637.08,998,1000,112,10.0,21
15:31:35,2637.282,1000,1000,112,10.0,21
15:31:35,2637.483,1001,1000,112,10.0,21
15:31:35,2637.685,1002,1000,112,10.0,21
15:31:35,2637.886,999,1000,112,10.0,21
15:31:35,2638.087,995,1000,112,10.0,21
15:31:36,2638.278,997,1000,112,10.0,21
15:31:36,2638.476,999,1000,112,10.0,21
15:31:36,2638.678,999,1000,112,10.0,21
15:31:36,2638.879,998,1000,112,10.0,21
15:31:36,2639.082,999,1000,112,10.0,21
15:31:37,2639.276,1001,1000,112,10.0,21
15:31:37,2639.475,1000,1000,112,10.0,21
15:31:37,2639.674,1000,1000,112,10.0,21
15:31:37,2639.874,1001,1000,112,10.0,21
15:31:37,2640.074,1002,1000,112,10.0,21
15:31:38,2640.277,1003,1000,112,10.0,21
15:31:38,2640.478,997,1000,112,10.0,21
15:31:38,2640.68,999,1000,112,10.0,21
15:31:38,2640.872,1001,1000,112,10.0,21
15:31:38,2641.07,1002,1000,112,10.0,21
15:31:39,2641.271,996,1000,112,10.0,21
15:31:39,2641.47,998,1000,112,10.0,21
15:31:39,2641.671,1000,1000,112,10.0,21
15:31:39,2641.875,1002,1000,112,10.0,21
15:31:39,2642.075,1000,1000,112,10.0,21
15:31:40,2642.275,1001,1000,112,10.0,21
15:31:40,2642.467,1002,1000,112,10.0,21
15:31:40,2642.666,1003,1000,112,10.0,21
15:31:40,2642.867,1001,1000,112,10.0,21
15:31:40,2643.069,1001,1000,112,10.0,21
15:31:41,2643.272,1003,1000,112,10.0,21
15:31:41,2643.474,1003,1000,112,10.0,21
15:31:41,2643.663,1004,1000,112,10.0,21
15:31:41,2643.863,998,1000,112,10.0,21
15:31:41,2644.062,1000,1000,112,10.0,21
15:31:42,2644.262,1002,1000,112,10.0,21
15:31:42,2644.466,1003,1000,112,10.0,21
15:31:42,2644.667,998,1000,112,10.0,21
15:31:42,2644.861,997,1000,112,10.0,21
15:31:42,2645.06,999,1000,112,10.0,21
15:31:43,2645.259,1001,1000,112,10.0,21
15:31:43,2645.459,1000,1000,112,10.0,21
15:31:43,2645.66,999,1000,112,10.0,21
15:31:43,2645.863,1001,1000,112,10.0,21
15:31:43,2646.064,1003,1000,112,10.0,21
15:31:44,2646.257,1002,1000,112,10.0,21
15:31:44,2646.457,1000,1000,112,10.0,21
15:31:44,2646.655,1002,1000,112,10.0,21
15:31:44,2646.857,1003,1000,112,10.0,21
15:31:44,2647.059,1004,1000,112,10.0,21
15:31:45,2647.258,999,1000,112,10.0,21
15:31:45,2647.459,1001,1000,112,10.0,21
15:31:45,2647.661,1002,1000,112,10.0,21
15:31:45,2647.852,1003,1000,112,10.0,21
15:31:45,2648.05,999,1000,112,10.0,21
15:31:46,2648.25,996,1000,112,10.0,21
15:31:46,2648.451,999,1000,112,10.0,21
15:31:46,2648.654,1001,1000,112,10.0,21
15:31:46,2648.856,1002,1000,112,10.0,21
15:31:46,2649.055,997,1000,112,10.0,21
15:31:47,2649.257,999,1000,112,10.0,21
15:31:47,2649.458,1001,1000,112,10.0,21
15:31:47,2649.647,1002,1000,112,10.0,21
15:31:47,2649.847,1001,1000,112,10.0,21
15:31:47,2650.049,1001,1000,112,10.0,21
15:31:48,2650.249,1002,1000,112,10.0,21
15:31:48,2650.453,1004,1000,112,10.0,21
15:31:48,2650.654,1003,1000,112,10.0,21
15:31:48,2650.845,1000,1000,112,10.0,21
15:31:48,2651.043,1002,1000,112,10.0,21
15:31:49,2651.242,1003,1000,112,10.0,21
15:31:49,2651.445,1004,1000,112,10.0,21
15:31:49,2651.647,1002,1000,112,10.0,21
15:31:49,2651.848,1003,1000,112,10.0,21
15:31:49,2652.04,1004,1000,112,10.0,21
15:31:50,2652.24,1005,1000,112,10.0,21
15:31:50,2652.44,1004,1000,112,10.0,21
15:31:50,2652.641,1001,1000,112,10.0,21
15:31:50,2652.843,1003,1000,112,10.0,21
15:31:50,2653.044,1004,1000,112,10.0,21
15:31:51,2653.245,1005,1000,112,10.0,21
15:31:51,2653.438,1003,1000,112,10.0,21
15:31:51,2653.635,1003,1000,112,10.0,21
15:31:51,2653.835,1004,1000,112,10.0,21
15:31:51,2654.036,1005,1000,112,10.0,21
15:31:52,2654.238,1005,1000,112,10.0,21
15:31:52,2654.44,1002,1000,112,10.0,21
15:31:52,2654.642,1003,1000,112,10.0,21
15:31:52,2654.833,1004,1000,112,10.0,21
15:31:52,2655.031,1005,1000,112,10.0,21
15:31:53,2655.232,1004,1000,112,10.0,21
15:31:53,2655.434,1003,1000,112,10.0,21
15:31:53,2655.636,1004,1000,112,10.0,21
15:31:53,2655.838,1005,1000,112,10.0,20
15:31:53,2656.029,1006,1000,112,10.0,20
15:31:54,2656.229,1003,1000,112,10.0,21
15:31:54,2656.43,1004,1000,112,10.0,21
15:31:54,2656.631,1005,1000,112,10.0,20
15:31:54,2656.833,1006,1000,112,10.0,20
15:31:54,2657.035,1003,1000,112,10.0,21
15:31:55,2657.226,995,1000,112,10.0,21
15:31:55,2657.425,998,1000,112,10.0,21
15:31:55,2657.626,1001,1000,112,10.0,21
15:31:55,2657.826,1003,1000,112,10.0,21
15:31:55,2658.026,999,1000,112,10.0,21
15:31:56,2658.227,1001,1000,112,10.0,21
15:31:56,2658.429,1003,1000,112,10.0,21
15:31:56,2658.631,1004,1000,112,10.0,21
15:31:56,2658.821,1006,1000,112,10.0,20
15:31:56,2659.02,1000,1000,112,10.0,21
15:31:57,2659.22,1001,1000,112,10.0,21
15:31:57,2659.421,1003,1000,112,10.0,21
15:31:57,2659.622,1005,1000,112,10.0,20
15:31:57,2659.824,999,1000,112,10.0,21
15:31:57,2660.024,996,1000,112,10.0,21
15:31:58,2660.224,999,1000,112,10.0,21
15:31:58,2660.425,1001,1000,112,10.0,21
15:31:58,2660.626,1002,1000,112,10.0,21
15:31:58,2660.816,998,1000,112,10.0,21
15:31:58,2661.015,1000,1000,112,10.0,21
15:31:59,2661.215,1003,1000,112,10.0,21
15:31:59,2661.417,1004,1000,112,10.0,21
15:31:59,2661.618,1001,1000,112,10.0,21
15:31:59,2661.82,997,1000,112,10.0,21
15:31:59,2662.012,1000,1000,112,10.0,21
15:32:00,2662.211,1002,1000,112,10.0,21
15:32:00,2662.412,1004,1000,112,10.0,21
15:32:00,2662.612,1002,1000,112,10.0,21
15:32:00,2662.815,997,1000,112,10.0,21
15:32:00,2663.008,1000,1000,112,10.0,21
15:32:01,2663.209,1002,1000,112,10.0,21
15:32:01,2663.408,1004,1000,112,10.0,21
15:32:01,2663.606,1004,1000,112,10.0,21
15:32:01,2663.81,1001,1000,112,10.0,21
15:32:01,2664.009,1003,1000,112,10.0,21
15:32:02,2664.211,1005,1000,112,10.0,20
15:32:02,2664.411,1005,1000,112,10.0,20
15:32:02,2664.612,1001,1000,112,10.0,21
15:32:02,2664.814,1000,1000,112,10.0,21
15:32:02,2665.004,1001,1000,112,10.0,21
15:32:03,2665.203,1003,1000,112,10.0,21
15:32:03,2665.403,999,1000,112,10.0,21
15:32:03,2665.601,997,1000,112,10.0,21
15:32:03,2665.804,1000,1000,112,10.0,21
15:32:03,2666.004,1002,1000,112,10.0,21
15:32:04,2666.207,1004,1000,112,10.0,21
15:32:04,2666.409,1002,1000,112,10.0,21
15:32:04,2666.598,1003,1000,112,10.0,21
15:32:04,2666.799,1005,1000,112,10.0,20
15:32:04,2666.999,1004,1000,112,10.0,21
15:32:05,2667.201,1000,1000,112,10.0,21
15:32:05,2667.403,994,1000,112,10.0,21
15:32:05,2667.604,997,1000,112,10.0,21
15:32:05,2667.796,1000,1000,112,10.0,21
15:32:05,2667.994,1002,1000,112,10.0,21
15:32:06,2668.197,999,1000,112,10.0,21
15:32:06,2668.396,996,1000,112,10.0,21
15:32:06,2668.6,999,1000,112,10.0,21
15:32:06,2668.801,1002,1000,112,10.0,21
15:32:06,2669.001,1004,1000,112,10.0,21
15:32:07,2669.191,1002,1000,112,10.0,21
15:32:07,2669.391,1003,1000,112,10.0,21
15:32:07,2669.591,1005,1000,112,10.0,20
15:32:07,2669.793,1002,1000,112,10.0,21
15:32:07,2669.991,1002,1000,112,10.0,21
15:32:08,2670.193,1002,1000,112,10.0,21
15:32:08,2670.395,1004,1000,112,10.0,21
15:32:08,2670.597,1004,1000,112,10.0,21
15:32:08,2670.787,1006,1000,112,10.0,20
15:32:08,2670.987,1005,1000,112,10.0,20
15:32:09,2671.19,1004,1000,112,10.0,20
15:32:09,2671.393,997,1000,112,10.0,20
15:32:09,2671.584,998,1000,112,10.0,20
15:32:09,2671.784,998,1000,112,10.0,20
15:32:09,2671.984,994,1000,112,10.0,21
15:32:10,2672.183,998,1000,112,10.0,21
15:32:10,2672.384,1001,1000,112,10.0,21
15:32:10,2672.585,997,1000,112,10.0,21
15:32:10,2672.787,1000,1000,112,10.0,21
15:32:10,2672.989,1003,1000,112,10.0,21
15:32:11,2673.18,1004,1000,112,10.0,21
15:32:11,2673.38,1006,1000,112,10.0,20
15:32:11,2673.579,1004,1000,112,10.0,20
15:32:11,2673.782,1002,1000,112,10.0,20
15:32:11,2673.987,1002,1000,112,10.0,20
15:32:12,2674.177,1002,1000,112,10.0,20
15:32:12,2674.377,995,1000,112,10.0,20
15:32:12,2674.576,996,1000,112,10.0,20
15:32:12,2674.779,997,1000,112,10.0,20
15:32:12,2674.981,992,1000,112,10.0,21
15:32:13,2675.18,994,1000,112,10.0,21
15:32:13,2675.383,997,1000,112,10.0,21
15:32:13,2675.573,994,1000,112,10.0,21
15:32:13,2675.773,997,1000,112,10.0,21
15:32:13,2675.972,1000,1000,112,10.0,21
15:32:14,2676.172,1003,1000,112,10.0,21
15:32:14,2676.375,1005,1000,112,10.0,20
15:32:14,2676.576,1003,1000,112,10.0,21
15:32:14,2676.779,1003,1000,112,10.0,21
15:32:14,2676.97,1004,1000,112,10.0,21
15:32:15,2677.169,1002,1000,112,10.0,21
15:32:15,2677.372,1003,1000,112,10.0,21
15:32:15,2677.572,1005,1000,112,10.0,20
15:32:15,2677.775,998,1000,112,10.0,21
15:32:15,2677.966,999,1000,112,10.0,21
15:32:16,2678.166,1000,1000,112,10.0,21
15:32:16,2678.366,1000,1000,112,10.0,21
15:32:16,2678.568,1000,1000,112,10.0,21
15:32:16,2678.769,1003,1000,112,10.0,21
15:32:16,2678.968,998,1000,112,10.0,21
15:32:17,2679.172,1001,1000,112,10.0,21
15:32:17,2679.362,1003,1000,112,10.0,21
15:32:17,2679.562,1005,1000,112,10.0,20
15:32:17,2679.763,1006,1000,112,10.0,20
15:32:17,2679.963,1005,1000,112,10.0,20
15:32:18,2680.165,1001,1000,112,10.0,20
15:32:18,2680.368,995,1000,112,10.0,20
15:32:18,2680.558,996,1000,112,10.0,20
15:32:18,2680.758,996,1000,112,10.0,20
15:32:18,2680.961,991,1000,112,10.0,21
15:32:19,2681.163,996,1000,112,10.0,20
15:32:19,2681.363,996,1000,112,10.0,20
15:32:19,2681.564,992,1000,112,10.0,21
15:32:19,2681.755,997,1000,112,10.0,20
15:32:19,2681.954,997,1000,112,10.0,20
15:32:19,2682.156,993,1000,112,10.0,21
15:32:20,2682.356,997,1000,112,10.0,21
15:32:20,2682.56,997,1000,112,10.0,21
15:32:20,2682.761,995,1000,112,10.0,21
15:32:20,2682.951,998,1000,112,10.0,21
15:32:20,2683.151,1002,1000,112,10.0,21
15:32:21,2683.35,1003,1000,112,10.0,21
15:32:21,2683.553,1005,1000,112,10.0,20
15:32:21,2683.756,1000,1000,112,10.0,21
15:32:21,2683.948,1000,1000,112,10.0,21
15:32:21,2684.149,1003,1000,112,10.0,21
15:32:22,2684.347,1004,1000,112,10.0,21
15:32:22,2684.548,1000,1000,112,10.0,21
15:32:22,2684.747,1003,1000,112,10.0,21
15:32:22,2684.947,1005,1000,112,10.0,20
15:32:22,2685.147,1004,1000,112,10.0,20
15:32:23,2685.349,1004,1000,112,10.0,20
15:32:23,2685.549,1004,1000,112,10.0,20
15:32:23,2685.751,997,1000,112,10.0,20
15:32:23,2685.943,998,1000,112,10.0,20
15:32:23,2686.142,999,1000,112,10.0,20
15:32:24,2686.341,998,1000,112,10.0,20
15:32:24,2686.544,992,1000,112,10.0,21
15:32:24,2686.745,996,1000,112,10.0,21
15:32:24,2686.945,997,1000,112,10.0,21
15:32:24,2687.145,994,1000,112,10.0,21
15:32:25,2687.344,998,1000,112,10.0,21
15:32:25,2687.547,995,1000,112,10.0,21
15:32:25,2687.737,998,1000,112,10.0,21
15:32:25,2687.937,1001,1000,112,10.0,21
15:32:25,2688.137,1003,1000,112,10.0,21
15:32:26,2688.337,1005,1000,112,10.0,20
15:32:26,2688.538,999,1000,112,10.0,21
15:32:26,2688.739,999,1000,112,10.0,21
15:32:26,2688.937,1001,1000,112,10.0,21
15:32:26,2689.139,997,1000,112,10.0,21
15:32:27,2689.341,1001,1000,112,10.0,21
15:32:27,2689.542,1003,1000,112,10.0,21
15:32:27,2689.741,1004,1000,112,10.0,21
15:32:27,2689.931,1007,1000,112,10.0,20
15:32:27,2690.131,1000,1000,112,10.0,20
15:32:28,2690.33,1001,1000,112,10.0,20
15:32:28,2690.53,1002,1000,112,10.0,20
15:32:28,2690.731,1000,1000,112,10.0,20
15:32:28,2690.932,999,1000,112,10.0,20
15:32:28,2691.136,1000,1000,112,10.0,20
15:32:29,2691.328,1001,1000,112,10.0,20
15:32:29,2691.527,995,1000,112,10.0,20
15:32:29,2691.726,995,1000,112,10.0,20
15:32:29,2691.926,996,1000,112,10.0,20
15:32:29,2692.13,996,1000,112,10.0,20
15:32:30,2692.332,991,1000,112,10.0,21
15:32:30,2692.523,996,1000,112,10.0,21
15:32:30,2692.724,997,1000,112,10.0,21
15:32:30,2692.926,994,1000,112,10.0,21
15:32:30,2693.126,998,1000,112,10.0,21
15:32:31,2693.327,996,1000,112,10.0,21
15:32:31,2693.53,998,1000,112,10.0,21
15:32:31,2693.72,1001,1000,112,10.0,21
15:32:31,2693.92,1002,1000,112,10.0,21
15:32:31,2694.119,1005,1000,112,10.0,20
15:32:32,2694.32,998,1000,112,10.0,21
15:32:32,2694.521,1000,1000,112,10.0,21
15:32:32,2694.721,1001,1000,112,10.0,21
15:32:32,2694.925,998,1000,112,10.0,21
15:32:32,2695.125,999,1000,112,10.0,21
15:32:33,2695.315,1002,1000,112,10.0,21
15:32:33,2695.515,1003,1000,112,10.0,21
15:32:33,2695.719,1006,1000,112,10.0,20
15:32:33,2695.92,1000,1000,112,10.0,20
15:32:33,2696.121,1000,1000,112,10.0,20
15:32:34,2696.313,1001,1000,112,10.0,20
15:32:34,2696.511,1000,1000,112,10.0,20
15:32:34,2696.713,999,1000,112,10.0,20
15:32:34,2696.914,1000,1000,112,10.0,20
15:32:34,2697.113,1001,1000,112,10.0,20
15:32:35,2697.317,996,1000,112,10.0,20
15:32:35,2697.518,994,1000,112,10.0,21
15:32:35,2697.72,998,1000,112,10.0,21
15:32:35,2697.908,996,1000,112,10.0,21
15:32:35,2698.107,997,1000,112,10.0,21
15:32:36,2698.309,1001,1000,112,10.0,21
15:32:36,2698.51,1002,1000,112,10.0,21
15:32:36,2698.71,1005,1000,112,10.0,20
15:32:36,2698.913,998,1000,112,10.0,20
15:32:36,2699.105,999,1000,112,10.0,20
15:32:37,2699.304,1000,1000,112,10.0,20
15:32:37,2699.503,1000,1000,112,10.0,20
15:32:37,2699.702,995,1000,112,10.0,20
15:32:37,2699.903,997,1000,112,10.0,20
15:32:37,2700.101,998,1000,112,10.0,20
15:32:38,2700.306,999,1000,112,10.0,20
15:32:38,2700.506,995,1000,112,10.0,20
15:32:38,2700.708,997,1000,112,10.0,20
15:32:38,2700.9,998,1000,112,10.0,20
15:32:38,2701.098,995,1000,112,10.0,20
15:32:39,2701.3,997,1000,112,10.0,20
15:32:39,2701.501,999,1000,112,10.0,20
15:32:39,2701.702,1000,1000,112,10.0,20
15:32:39,2701.903,995,1000,112,10.0,20
15:32:39,2702.104,997,1000,112,10.0,20
15:32:40,2702.295,998,1000,112,10.0,20
15:32:40,2702.494,999,1000,112,10.0,20
15:32:40,2702.694,994,1000,112,10.0,21
15:32:40,2702.895,999,1000,112,10.0,21
15:32:40,2703.096,1002,1000,112,10.0,21
15:32:41,2703.299,1005,1000,112,10.0,20
15:32:41,2703.501,998,1000,112,10.0,20
15:32:41,2703.691,998,1000,112,10.0,20
15:32:41,2703.891,999,1000,112,10.0,20
15:32:41,2704.09,999,1000,112,10.0,20
15:32:42,2704.29,995,1000,112,10.0,20
15:32:42,2704.488,997,1000,112,10.0,20
15:32:42,2704.689,998,1000,112,10.0,20
15:32:42,2704.89,998,1000,112,10.0,20
15:32:42,2705.093,995,1000,112,10.0,20
15:32:43,2705.295,997,1000,112,10.0,20
15:32:43,2705.487,998,1000,112,10.0,20
15:32:43,2705.685,995,1000,112,10.0,20
15:32:43,2705.885,997,1000,112,10.0,20
15:32:43,2706.084,999,1000,112,10.0,20
15:32:44,2706.285,1000,1000,112,10.0,20
15:32:44,2706.487,998,1000,112,10.0,20
15:32:44,2706.687,999,1000,112,10.0,20
15:32:44,2706.889,1001,1000,112,10.0,20
15:32:44,2707.09,1001,1000,112,10.0,20
15:32:45,2707.282,996,1000,112,10.0,20
15:32:45,2707.48,998,1000,112,10.0,20
15:32:45,2707.68,999,1000,112,10.0,20
15:32:45,2707.881,1000,1000,112,10.0,20
15:32:45,2708.082,995,1000,112,10.0,20
15:32:46,2708.283,997,1000,112,10.0,20
15:32:46,2708.483,999,1000,112,10.0,20
15:32:46,2708.683,997,1000,112,10.0,20
15:32:46,2708.877,992,1000,112,10.0,21
15:32:46,2709.076,997,1000,112,10.0,21
15:32:47,2709.275,995,1000,112,10.0,21
15:32:47,2709.475,999,1000,112,10.0,21
15:32:47,2709.674,997,1000,112,10.0,21
15:32:47,2709.875,997,1000,112,10.0,21
15:32:47,2710.078,1001,1000,112,10.0,21
15:32:48,2710.282,1001,1000,112,10.0,21
15:32:48,2710.482,1004,1000,112,10.0,21
15:32:48,2710.673,1000,1000,112,10.0,21
15:32:48,2710.871,1004,1000,112,10.0,21
15:32:48,2711.071,1006,1000,112,10.0,20
15:32:49,2711.272,1003,1000,112,10.0,20
15:32:49,2711.473,1004,1000,112,10.0,20
15:32:49,2711.674,1004,1000,112,10.0,20
15:32:49,2711.877,1001,1000,112,10.0,20
15:32:49,2712.068,1002,1000,112,10.0,20
15:32:50,2712.267,1002,1000,112,10.0,20
15:32:50,2712.467,1003,1000,112,10.0,20
15:32:50,2712.668,997,1000,112,10.0,20
15:32:50,2712.869,997,1000,112,10.0,20
15:32:50,2713.07,999,1000,112,10.0,20
15:32:51,2713.272,1000,1000,112,10.0,20
15:32:51,2713.465,998,1000,112,10.0,20
15:32:51,2713.663,1000,1000,112,10.0,20
15:32:51,2713.864,1001,1000,112,10.0,20
15:32:51,2714.063,1002,1000,112,10.0,20
15:32:52,2714.266,998,1000,112,10.0,20
15:32:52,2714.466,994,1000,112,10.0,21
15:32:52,2714.667,998,1000,112,10.0,21
15:32:52,2714.869,996,1000,112,10.0,21
15:32:52,2715.06,996,1000,112,10.0,21
15:32:53,2715.26,1001,1000,112,10.0,21
15:32:53,2715.458,1001,1000,112,10.0,21
15:32:53,2715.659,1004,1000,112,10.0,21
15:32:53,2715.86,1000,1000,112,10.0,21
15:32:53,2716.061,1004,1000,112,10.0,21
15:32:54,2716.262,1006,1000,112,10.0,20
15:32:54,2716.463,1003,1000,112,10.0,20
15:32:54,2716.666,1003,1000,112,10.0,20
15:32:54,2716.855,1004,1000,112,10.0,20
15:32:54,2717.054,1001,1000,112,10.0,20
15:32:55,2717.255,1002,1000,112,10.0,20
15:32:55,2717.457,1003,1000,112,10.0,20
15:32:55,2717.659,1003,1000,112,10.0,20
15:32:55,2717.86,1003,1000,112,10.0,20
15:32:55,2718.061,998,1000,112,10.0,20
15:32:56,2718.252,1000,1000,112,10.0,20
15:32:56,2718.451,1001,1000,112,10.0,20
15:32:56,2718.65,1000,1000,112,10.0,20
15:32:56,2718.85,999,1000,112,10.0,20
15:32:56,2719.051,1001,1000,112,10.0,20
15:32:57,2719.252,1002,1000,112,10.0,20
15:32:57,2719.456,999,1000,112,10.0,20
15:32:57,2719.656,994,1000,112,10.0,21
15:32:57,2719.846,998,1000,112,10.0,21
15:32:57,2720.046,998,1000,112,10.0,21
15:32:58,2720.245,995,1000,112,10.0,21
15:32:58,2720.448,1000,1000,112,10.0,21
15:32:58,2720.648,997,1000,112,10.0,21
15:32:58,2720.851,998,1000,112,10.0,21
15:32:58,2721.051,1002,1000,112,10.0,21
15:32:59,2721.242,999,1000,112,10.0,21
15:32:59,2721.442,1003,1000,112,10.0,21
15:32:59,2721.641,999,1000,112,10.0,21
15:32:59,2721.842,1000,1000,112,10.0,21
15:32:59,2722.045,1003,1000,112,10.0,21
15:33:00,2722.246,1003,1000,112,10.0,21
15:33:00,2722.449,1006,1000,112,10.0,20
15:33:00,2722.638,1000,1000,112,10.0,20
15:33:00,2722.837,1001,1000,112,10.0,20
15:33:00,2723.039,1002,1000,112,10.0,20
15:33:01,2723.237,1003,1000,112,10.0,20
15:33:01,2723.44,997,1000,112,10.0,20
15:33:01,2723.641,999,1000,112,10.0,20
15:33:01,2723.842,1000,1000,112,10.0,20
15:33:01,2724.035,1000,1000,112,10.0,20
15:33:02,2724.233,996,1000,112,10.0,20
15:33:02,2724.434,998,1000,112,10.0,20
15:33:02,2724.632,1000,1000,112,10.0,20
15:33:02,2724.835,1001,1000,112,10.0,20
15:33:02,2725.035,995,1000,112,10.0,20
15:33:03,2725.236,997,1000,112,10.0,20
15:33:03,2725.437,999,1000,112,10.0,20
15:33:03,2725.639,999,1000,112,10.0,20
15:33:03,2725.83,996,1000,112,10.0,20
15:33:03,2726.029,998,1000,112,10.0,20
15:33:04,2726.228,999,1000,112,10.0,20
15:33:04,2726.429,1001,1000,112,10.0,20
15:33:04,2726.631,995,1000,112,10.0,20
15:33:04,2726.832,997,1000,112,10.0,20
15:33:04,2727.032,999,1000,112,10.0,20
15:33:05,2727.234,999,1000,112,10.0,20
15:33:05,2727.435,996,1000,112,10.0,20
15:33:05,2727.624,998,1000,112,10.0,20
15:33:05,2727.824,1000,1000,112,10.0,20
15:33:05,2728.026,998,1000,112,10.0,20
15:33:06,2728.228,993,1000,112,10.0,21
15:33:06,2728.427,998,1000,112,10.0,21
15:33:06,2728.628,1001,1000,112,10.0,21
15:33:06,2728.829,1004,1000,112,10.0,21
15:33:06,2729.02,1001,1000,112,10.0,21
15:33:07,2729.22,1000,1000,112,10.0,21
15:33:07,2729.421,1004,1000,112,10.0,21
15:33:07,2729.622,1003,1000,112,10.0,21
15:33:07,2729.823,1006,1000,112,10.0,20
15:33:07,2730.018,1000,1000,112,10.0,20
15:33:08,2730.217,1001,1000,112,10.0,20
15:33:08,2730.418,1002,1000,112,10.0,20
15:33:08,2730.619,1003,1000,112,10.0,20
15:33:08,2730.82,997,1000,112,10.0,20
15:33:08,2731.022,999,1000,112,10.0,20
15:33:09,2731.223,1000,1000,112,10.0,20
15:33:09,2731.413,1000,1000,112,10.0,20
15:33:09,2731.613,995,1000,112,10.0,20
15:33:09,2731.815,997,1000,112,10.0,20
15:33:09,2732.018,999,1000,112,10.0,20
15:33:10,2732.219,1000,1000,112,10.0,20
15:33:10,2732.41,995,1000,112,10.0,20
15:33:10,2732.609,997,1000,112,10.0,20
15:33:10,2732.809,999,1000,112,10.0,20
15:33:10,2733.009,1000,1000,112,10.0,20
15:33:11,2733.21,998,1000,112,10.0,20
15:33:11,2733.413,1000,1000,112,10.0,20
15:33:11,2733.615,1001,1000,112,10.0,20
15:33:11,2733.806,1002,1000,112,10.0,20
15:33:11,2734.006,999,1000,112,10.0,20
15:33:12,2734.206,1000,1000,112,10.0,20
15:33:12,2734.406,1001,1000,112,10.0,20
15:33:12,2734.608,1002,1000,112,10.0,20
15:33:12,2734.811,997,1000,112,10.0,20
15:33:12,2735.011,997,1000,112,10.0,20
15:33:13,2735.202,999,1000,112,10.0,20
15:33:13,2735.402,1000,1000,112,10.0,20
15:33:13,2735.601,998,1000,112,10.0,20
15:33:13,2735.801,1000,1000,112,10.0,20
15:33:13,2736.002,1001,1000,112,10.0,20
15:33:14,2736.205,1002,1000,112,10.0,20
15:33:14,2736.407,999,1000,112,10.0,20
15:33:14,2736.607,994,1000,112,10.0,21
15:33:14,2736.798,998,1000,112,10.0,21
15:33:14,2736.997,997,1000,112,10.0,21
15:33:15,2737.2,995,1000,112,10.0,21
15:33:15,2737.401,999,1000,112,10.0,21
15:33:15,2737.603,999,1000,112,10.0,21
15:33:15,2737.795,1003,1000,112,10.0,21
15:33:15,2737.995,1000,1000,112,10.0,21
15:33:16,2738.194,1003,1000,112,10.0,21
15:33:16,2738.393,1006,1000,112,10.0,20
15:33:16,2738.593,1002,1000,112,10.0,20
15:33:16,2738.797,1003,1000,112,10.0,20
15:33:16,2738.997,1004,1000,112,10.0,20
15:33:17,2739.2,1001,1000,112,10.0,20
15:33:17,2739.39,996,1000,112,10.0,20
15:33:17,2739.589,998,1000,112,10.0,20
15:33:17,2739.79,999,1000,112,10.0,20
15:33:17,2739.989,1000,1000,112,10.0,20
15:33:18,2740.189,995,1000,112,10.0,20
15:33:18,2740.39,997,1000,112,10.0,20
15:33:18,2740.592,999,1000,112,10.0,20
15:33:18,2740.796,998,1000,112,10.0,20
15:33:18,2740.985,998,1000,112,10.0,20
15:33:19,2741.185,1000,1000,112,10.0,20
15:33:19,2741.383,1001,1000,112,10.0,20
15:33:19,2741.585,998,1000,112,10.0,20
15:33:19,2741.785,994,1000,112,10.0,21
15:33:19,2741.988,998,1000,112,10.0,21
15:33:20,2742.189,997,1000,112,10.0,21
15:33:20,2742.39,1001,1000,112,10.0,21
15:33:20,2742.583,998,1000,112,10.0,21
15:33:20,2742.78,1002,1000,112,10.0,21
15:33:20,2742.98,1005,1000,112,10.0,20
15:33:21,2743.18,1001,1000,112,10.0,20
15:33:21,2743.383,1002,1000,112,10.0,20
15:33:21,2743.585,1003,1000,112,10.0,20
15:33:21,2743.786,1001,1000,112,10.0,20
15:33:21,2743.977,995,1000,112,10.0,20
15:33:22,2744.177,998,1000,112,10.0,20
15:33:22,2744.378,999,1000,112,10.0,20
15:33:22,2744.581,1000,1000,112,10.0,20
15:33:22,2744.781,995,1000,112,10.0,20
15:33:22,2744.983,997,1000,112,10.0,20
15:33:23,2745.183,999,1000,112,10.0,20
15:33:23,2745.374,999,1000,112,10.0,20
15:33:23,2745.573,997,1000,112,10.0,20
15:33:23,2745.775,999,1000,112,10.0,20
15:33:23,2745.977,1000,1000,112,10.0,20
15:33:24,2746.18,1001,1000,112,10.0,20
15:33:24,2746.37,996,1000,112,10.0,20
15:33:24,2746.569,998,1000,112,10.0,20
15:33:24,2746.77,1000,1000,112,10.0,20
15:33:24,2746.97,1001,1000,112,10.0,20
15:33:25,2747.168,996,1000,112,10.0,20
15:33:25,2747.369,998,1000,112,10.0,20
15:33:25,2747.57,1000,1000,112,10.0,20
15:33:25,2747.77,1000,1000,112,10.0,20
15:33:25,2747.973,996,1000,112,10.0,20
15:33:26,2748.172,998,1000,112,10.0,20
15:33:26,2748.375,1000,1000,112,10.0,20
15:33:26,2748.565,1001,1000,112,10.0,20
15:33:26,2748.764,995,1000,112,10.0,20
15:33:26,2748.966,998,1000,112,10.0,20
15:33:27,2749.167,1000,1000,112,10.0,20
15:33:27,2749.367,1001,1000,112,10.0,20
15:33:27,2749.569,1000,1000,112,10.0,20
15:33:27,2749.77,1000,1000,112,10.0,20
15:33:27,2749.961,1001,1000,112,10.0,20
15:33:28,2750.16,1002,1000,112,10.0,20
15:33:28,2750.361,1000,1000,112,10.0,20
15:33:28,2750.565,1001,1000,112,10.0,20
15:33:28,2750.768,1002,1000,112,10.0,20
15:33:28,2750.958,1003,1000,112,10.0,20
15:33:28,2751.157,999,1000,112,10.0,20
15:33:29,2751.356,995,1000,112,10.0,20
15:33:29,2751.559,997,1000,112,10.0,20
15:33:29,2751.76,999,1000,112,10.0,20
15:33:29,2751.961,998,1000,112,10.0,20
15:33:30,2752.162,998,1000,112,10.0,20
15:33:30,2752.354,1000,1000,112,10.0,20
15:33:30,2752.553,1001,1000,112,10.0,20
15:33:30,2752.756,999,1000,112,10.0,20
15:33:30,2752.957,994,1000,112,10.0,21
15:33:31,2753.159,998,1000,112,10.0,21
15:33:31,2753.361,996,1000,112,10.0,21
15:33:31,2753.551,1000,1000,112,10.0,21
15:33:31,2753.749,998,1000,112,10.0,21
15:33:31,2753.951,1002,1000,112,10.0,21
15:33:31,2754.152,1006,1000,112,10.0,20
15:33:32,2754.354,1001,1000,112,10.0,20
15:33:32,2754.555,1003,1000,112,10.0,20
15:33:32,2754.757,1004,1000,112,10.0,20
15:33:32,2754.946,1003,1000,112,10.0,20
15:33:32,2755.148,999,1000,112,10.0,20
15:33:33,2755.347,1001,1000,112,10.0,20
15:33:33,2755.549,1002,1000,112,10.0,20
15:33:33,2755.749,1002,1000,112,10.0,20
15:33:33,2755.951,997,1000,112,10.0,20
15:33:33,2756.152,999,1000,112,10.0,20
15:33:34,2756.342,1001,1000,112,10.0,20
15:33:34,2756.543,1002,1000,112,10.0,20
15:33:34,2756.743,997,1000,112,10.0,20
15:33:34,2756.944,996,1000,112,10.0,20
15:33:34,2757.146,999,1000,112,10.0,20
15:33:35,2757.347,1001,1000,112,10.0,20
15:33:35,2757.547,1000,1000,112,10.0,20
15:33:35,2757.749,999,1000,112,10.0,20
15:33:35,2757.939,1000,1000,112,10.0,20
15:33:35,2758.138,1002,1000,112,10.0,20
15:33:36,2758.337,1001,1000,112,10.0,20
15:33:36,2758.537,1000,1000,112,10.0,20
15:33:36,2758.738,1001,1000,112,10.0,20
15:33:36,2758.939,1003,1000,112,10.0,20
15:33:36,2759.139,1002,1000,112,10.0,20
15:33:37,2759.341,997,1000,112,10.0,20
15:33:37,2759.543,999,1000,112,10.0,20
15:33:37,2759.733,1001,1000,112,10.0,20
15:33:37,2759.932,1002,1000,112,10.0,20
15:33:37,2760.132,997,1000,112,10.0,20
15:33:38,2760.333,996,1000,112,10.0,20
15:33:38,2760.534,998,1000,112,10.0,20
15:33:38,2760.737,1000,1000,112,10.0,20
15:33:38,2760.94,1000,1000,112,10.0,20
15:33:38,2761.129,999,1000,112,10.0,20
15:33:39,2761.33,1000,1000,112,10.0,20
15:33:39,2761.53,1002,1000,112,10.0,20
15:33:39,2761.729,1001,1000,112,10.0,20
15:33:39,2761.933,1000,1000,112,10.0,20
15:33:39,2762.137,1001,1000,112,10.0,20
15:33:40,2762.327,1003,1000,112,10.0,20
15:33:40,2762.526,1002,1000,112,10.0,20
15:33:40,2762.725,997,1000,112,10.0,20
15:33:40,2762.925,1000,1000,112,10.0,20
15:33:40,2763.127,1001,1000,112,10.0,20
15:33:41,2763.326,1002,1000,112,10.0,20
15:33:41,2763.527,998,1000,112,10.0,20
15:33:41,2763.729,996,1000,112,10.0,20
15:33:41,2763.929,999,1000,112,10.0,20
15:33:41,2764.122,1000,1000,112,10.0,20
15:33:42,2764.321,1000,1000,112,10.0,20
15:33:42,2764.52,998,1000,112,10.0,20
15:33:42,2764.721,1000,1000,112,10.0,20
15:33:42,2764.923,1002,1000,112,10.0,20
15:33:42,2765.125,1002,1000,112,10.0,20
15:33:43,2765.318,999,1000,112,10.0,20
15:33:43,2765.518,1000,1000,112,10.0,20
15:33:43,2765.717,1002,1000,112,10.0,20
15:33:43,2765.916,1003,1000,112,10.0,20
15:33:43,2766.116,997,1000,112,10.0,20
15:33:44,2766.316,999,1000,112,10.0,20
15:33:44,2766.521,1001,1000,112,10.0,20
15:33:44,2766.721,1002,1000,112,10.0,20
15:33:44,2766.913,996,1000,112,10.0,20
15:33:44,2767.113,998,1000,112,10.0,20
15:33:45,2767.313,1000,1000,112,10.0,20
15:33:45,2767.511,1001,1000,112,10.0,20
15:33:45,2767.711,1000,1000,112,10.0,20
15:33:45,2767.911,1000,1000,112,10.0,20
15:33:45,2768.114,1001,1000,112,10.0,20
15:33:46,2768.317,1003,1000,112,10.0,20
15:33:46,2768.509,1001,1000,112,10.0,20
15:33:46,2768.708,1001,1000,112,10.0,20
15:33:46,2768.908,1002,1000,112,10.0,20
15:33:46,2769.11,1003,1000,112,10.0,20
15:33:47,2769.311,1004,1000,112,10.0,20
15:33:47,2769.513,999,1000,112,10.0,20
15:33:47,2769.705,1000,1000,112,10.0,20
15:33:47,2769.905,1002,1000,112,10.0,20
15:33:47,2770.105,1003,1000,112,10.0,20
15:33:48,2770.305,997,1000,112,10.0,20
15:33:48,2770.508,998,1000,112,10.0,20
15:33:48,2770.71,1000,1000,112,10.0,20
15:33:48,2770.911,1001,1000,112,10.0,20
15:33:48,2771.101,1001,1000,112,10.0,20
15:33:49,2771.301,1000,1000,112,10.0,20
15:33:49,2771.502,1001,1000,112,10.0,20
15:33:49,2771.704,1002,1000,112,10.0,20
15:33:49,2771.908,1001,1000,112,10.0,20
15:33:49,2772.11,996,1000,112,10.0,20
15:33:50,2772.299,998,1000,112,10.0,20
15:33:50,2772.498,1000,1000,112,10.0,20
15:33:50,2772.701,1001,1000,112,10.0,20
15:33:50,2772.902,996,1000,112,10.0,20
15:33:50,2773.104,998,1000,112,10.0,20
15:33:51,2773.303,1000,1000,112,10.0,20
15:33:51,2773.494,1001,1000,112,10.0,20
15:33:51,2773.694,996,1000,112,10.0,20
15:33:51,2773.896,997,1000,112,10.0,20
15:33:51,2774.098,999,1000,112,10.0,20
15:33:52,2774.301,1000,1000,112,10.0,20
15:33:52,2774.491,998,1000,112,10.0,20
15:33:52,2774.69,1000,1000,112,10.0,20
15:33:52,2774.89,1001,1000,112,10.0,20
15:33:52,2775.092,1003,1000,112,10.0,20
15:33:53,2775.293,1000,1000,112,10.0,20
15:33:53,2775.497,995,1000,112,10.0,20
15:33:53,2775.689,997,1000,112,10.0,20
15:33:53,2775.887,999,1000,112,10.0,20
15:33:53,2776.087,1001,1000,112,10.0,20
15:33:54,2776.288,995,1000,112,10.0,20
15:33:54,2776.489,997,1000,112,10.0,20
15:33:54,2776.693,999,1000,112,10.0,20
15:33:54,2776.892,1000,1000,112,10.0,20
15:33:54,2777.084,995,1000,112,10.0,20
15:33:55,2777.284,997,1000,112,10.0,20
15:33:55,2777.485,999,1000,112,10.0,20
15:33:55,2777.688,998,1000,112,10.0,20
15:33:55,2777.888,994,1000,112,10.0,21
15:33:55,2778.089,998,1000,112,10.0,21
15:33:56,2778.28,996,1000,112,10.0,21
15:33:56,2778.479,999,1000,112,10.0,21
15:33:56,2778.68,997,1000,112,10.0,21
15:33:56,2778.881,997,1000,112,10.0,21
15:33:56,2779.083,1001,1000,112,10.0,21
15:33:57,2779.286,1000,1000,112,10.0,21
15:33:57,2779.476,1004,1000,112,10.0,21
15:33:57,2779.676,1000,1000,112,10.0,21
15:33:57,2779.877,1004,1000,112,10.0,21
15:33:57,2780.079,1006,1000,112,10.0,20
15:33:58,2780.281,1003,1000,112,10.0,20
15:33:58,2780.483,1003,1000,112,10.0,20
15:33:58,2780.673,1004,1000,112,10.0,20
15:33:58,2780.873,1001,1000,112,10.0,20
15:33:58,2781.072,1002,1000,112,10.0,20
15:33:59,2781.275,1002,1000,112,10.0,20
15:33:59,2781.477,1003,1000,112,10.0,20
15:33:59,2781.678,998,1000,112,10.0,20
15:33:59,2781.878,996,1000,112,10.0,20
15:33:59,2782.078,997,1000,112,10.0,20
15:34:00,2782.268,998,1000,112,10.0,20
15:34:00,2782.468,996,1000,112,10.0,20
15:34:00,2782.668,998,1000,112,10.0,20
15:34:00,2782.87,999,1000,112,10.0,20
15:34:00,2783.073,1000,1000,112,10.0,20
15:34:01,2783.265,995,1000,112,10.0,20
15:34:01,2783.464,997,1000,112,10.0,20
15:34:01,2783.664,998,1000,112,10.0,20
15:34:01,2783.864,998,1000,112,10.0,20
15:34:01,2784.067,994,1000,112,10.0,21
15:34:02,2784.269,997,1000,112,10.0,20
15:34:02,2784.47,995,1000,112,10.0,20
15:34:02,2784.662,998,1000,112,10.0,20
15:34:02,2784.861,999,1000,112,10.0,20
15:34:02,2785.061,999,1000,112,10.0,20
15:34:03,2785.26,995,1000,112,10.0,20
15:34:03,2785.459,997,1000,112,10.0,20
15:34:03,2785.66,998,1000,112,10.0,20
15:34:03,2785.862,999,1000,112,10.0,20
15:34:03,2786.062,995,1000,112,10.0,20
15:34:04,2786.266,996,1000,112,10.0,20
15:34:04,2786.457,998,1000,112,10.0,20
15:34:04,2786.655,994,1000,112,10.0,21
15:34:04,2786.855,992,1000,112,10.0,21
15:34:04,2787.055,997,1000,112,10.0,21
15:34:05,2787.256,999,1000,112,10.0,21
15:34:05,2787.458,1002,1000,112,10.0,21
15:34:05,2787.661,999,1000,112,10.0,21
15:34:05,2787.862,1002,1000,112,10.0,21
15:34:05,2788.052,1004,1000,112,10.0,21
15:34:06,2788.251,1005,1000,112,10.0,20
15:34:06,2788.451,1005,1000,112,10.0,20
15:34:06,2788.653,1004,1000,112,10.0,21
15:34:06,2788.854,1002,1000,112,10.0,21
15:34:06,2789.055,1002,1000,112,10.0,21
15:34:07,2789.258,1004,1000,112,10.0,21
15:34:07,2789.448,1001,1000,112,10.0,21
15:34:07,2789.648,1004,1000,112,10.0,21
15:34:07,2789.847,999,1000,112,10.0,21
15:34:07,2790.046,1002,1000,112,10.0,21
15:34:08,2790.25,999,1000,112,10.0,21
15:34:08,2790.451,1000,1000,112,10.0,21
15:34:08,2790.65,1003,1000,112,10.0,21
15:34:08,2790.853,999,1000,112,10.0,21
15:34:08,2791.053,1002,1000,112,10.0,21
15:34:09,2791.243,998,1000,112,10.0,21
15:34:09,2791.442,1001,1000,112,10.0,21
15:34:09,2791.644,1003,1000,112,10.0,21
15:34:09,2791.846,1005,1000,112,10.0,20
15:34:09,2792.047,1005,1000,112,10.0,20
15:34:10,2792.249,1005,1000,112,10.0,20
15:34:10,2792.44,1001,1000,112,10.0,20
15:34:10,2792.639,995,1000,112,10.0,20
15:34:10,2792.839,996,1000,112,10.0,20
15:34:10,2793.039,997,1000,112,10.0,20
15:34:11,2793.241,993,1000,112,10.0,21
15:34:11,2793.443,997,1000,112,10.0,20
15:34:11,2793.637,997,1000,112,10.0,20
15:34:11,2793.836,992,1000,112,10.0,21
15:34:11,2794.035,997,1000,112,10.0,20
15:34:12,2794.236,996,1000,112,10.0,20
15:34:12,2794.44,992,1000,112,10.0,21
15:34:12,2794.64,996,1000,112,10.0,21
15:34:12,2794.841,999,1000,112,10.0,21
15:34:12,2795.033,995,1000,112,10.0,21
15:34:13,2795.231,999,1000,112,10.0,21
15:34:13,2795.431,1002,1000,112,10.0,21
15:34:13,2795.631,1004,1000,112,10.0,21
15:34:13,2795.834,1000,1000,112,10.0,21
15:34:13,2796.035,1000,1000,112,10.0,21
15:34:14,2796.236,1003,1000,112,10.0,21
15:34:14,2796.429,1005,1000,112,10.0,20
15:34:14,2796.628,1005,1000,112,10.0,20
15:34:14,2796.827,1005,1000,112,10.0,20
15:34:14,2797.03,1000,1000,112,10.0,20
15:34:15,2797.233,995,1000,112,10.0,20
15:34:15,2797.433,996,1000,112,10.0,20
15:34:15,2797.625,995,1000,112,10.0,20
15:34:15,2797.825,990,1000,112,10.0,21
15:34:15,2798.024,995,1000,112,10.0,20
15:34:16,2798.227,994,1000,112,10.0,21
15:34:16,2798.429,991,1000,112,10.0,21
15:34:16,2798.631,996,1000,112,10.0,21
15:34:16,2798.831,998,1000,112,10.0,21
15:34:16,2799.022,1001,1000,112,10.0,21
15:34:17,2799.221,997,1000,112,10.0,21
15:34:17,2799.424,1000,1000,112,10.0,21
15:34:17,2799.625,1003,1000,112,10.0,21
15:34:17,2799.819,1004,1000,112,10.0,21
15:34:17,2800.019,1006,1000,112,10.0,20
15:34:18,2800.218,999,1000,112,10.0,21
15:34:18,2800.419,1000,1000,112,10.0,21
15:34:18,2800.62,1001,1000,112,10.0,21
15:34:18,2800.82,1001,1000,112,10.0,21
15:34:18,2801.023,1000,1000,112,10.0,21
15:34:19,2801.215,1003,1000,112,10.0,21
15:34:19,2801.415,999,1000,112,10.0,21
15:34:19,2801.614,1001,1000,112,10.0,21
15:34:19,2801.815,1004,1000,112,10.0,21
15:34:19,2802.015,1006,1000,112,10.0,20
15:34:20,2802.218,1005,1000,112,10.0,20
15:34:20,2802.42,1000,1000,112,10.0,20
15:34:20,2802.61,1000,1000,112,10.0,20
15:34:20,2802.811,1000,1000,112,10.0,20
15:34:20,2803.01,998,1000,112,10.0,20
15:34:21,2803.216,998,1000,112,10.0,20
15:34:21,2803.415,999,1000,112,10.0,20
15:34:21,2803.615,999,1000,112,10.0,20
15:34:21,2803.807,994,1000,112,10.0,21
15:34:21,2804.008,996,1000,112,10.0,21
15:34:22,2804.208,996,1000,112,10.0,21
15:34:22,2804.409,998,1000,112,10.0,21
15:34:22,2804.611,1001,1000,112,10.0,21
15:34:22,2804.814,997,1000,112,10.0,21
15:34:22,2805.004,1000,1000,112,10.0,21
15:34:23,2805.206,1003,1000,112,10.0,21
15:34:23,2805.409,998,1000,112,10.0,21
15:34:23,2805.611,1001,1000,112,10.0,21
15:34:23,2805.802,1003,1000,112,10.0,21
15:34:23,2806.001,1000,1000,112,10.0,21
15:34:24,2806.201,1003,1000,112,10.0,21
15:34:24,2806.405,1005,1000,112,10.0,20
15:34:24,2806.607,1003,1000,112,10.0,20
15:34:24,2806.808,1002,1000,112,10.0,20
15:34:24,2806.998,1002,1000,112,10.0,20
15:34:25,2807.198,996,1000,112,10.0,20
15:34:25,2807.402,997,1000,112,10.0,20
15:34:25,2807.604,997,1000,112,10.0,20
15:34:25,2807.797,992,1000,112,10.0,21
15:34:25,2807.996,993,1000,112,10.0,21
15:34:26,2808.195,996,1000,112,10.0,21
15:34:26,2808.396,993,1000,112,10.0,21
15:34:26,2808.598,997,1000,112,10.0,21
15:34:26,2808.8,1000,1000,112,10.0,21
15:34:26,2809.001,1002,1000,112,10.0,21
15:34:27,2809.193,1005,1000,112,10.0,20
15:34:27,2809.391,999,1000,112,10.0,21
15:34:27,2809.592,1000,1000,112,10.0,21
15:34:27,2809.793,1002,1000,112,10.0,21
15:34:27,2809.994,1000,1000,112,10.0,21
15:34:28,2810.196,1003,1000,112,10.0,21
15:34:28,2810.397,999,1000,112,10.0,21
15:34:28,2810.588,1002,1000,112,10.0,21
15:34:28,2810.787,998,1000,112,10.0,21
15:34:28,2810.988,1000,1000,112,10.0,21
15:34:29,2811.19,1003,1000,112,10.0,21
15:34:29,2811.389,1004,1000,112,10.0,21
15:34:29,2811.59,1006,1000,112,10.0,20
15:34:29,2811.791,999,1000,112,10.0,21
15:34:29,2811.995,1000,1000,112,10.0,21
15:34:30,2812.184,1002,1000,112,10.0,21
15:34:30,2812.384,998,1000,112,10.0,21
15:34:30,2812.584,1000,1000,112,10.0,21
15:34:30,2812.786,1003,1000,112,10.0,21
15:34:30,2812.988,1004,1000,112,10.0,21
15:34:31,2813.188,1006,1000,112,10.0,20
15:34:31,2813.388,1000,1000,112,10.0,20
15:34:31,2813.58,1000,1000,112,10.0,20
15:34:31,2813.78,1001,1000,112,10.0,20
15:34:31,2813.979,998,1000,112,10.0,20
15:34:32,2814.179,999,1000,112,10.0,20
15:34:32,2814.381,1000,1000,112,10.0,20
15:34:32,2814.583,1000,1000,112,10.0,20
15:34:32,2814.786,995,1000,112,10.0,20
15:34:32,2814.976,996,1000,112,10.0,20
15:34:33,2815.175,998,1000,112,10.0,20
15:34:33,2815.378,995,1000,112,10.0,20
15:34:33,2815.581,990,1000,112,10.0,21
15:34:33,2815.773,995,1000,112,10.0,21
15:34:33,2815.973,997,1000,112,10.0,21
15:34:34,2816.173,997,1000,112,10.0,21
15:34:34,2816.375,1000,1000,112,10.0,21
15:34:34,2816.577,997,1000,112,10.0,21
15:34:34,2816.777,1000,1000,112,10.0,21
15:34:34,2816.978,996,1000,112,10.0,21
15:34:35,2817.176,999,1000,112,10.0,21
15:34:35,2817.37,1001,1000,112,10.0,21
15:34:35,2817.568,1003,1000,112,10.0,21
15:34:35,2817.768,1005,1000,112,10.0,20
15:34:35,2817.97,998,1000,112,10.0,20
15:34:36,2818.17,998,1000,112,10.0,20
15:34:36,2818.37,998,1000,112,10.0,20
15:34:36,2818.572,994,1000,112,10.0,21
15:34:36,2818.772,998,1000,112,10.0,21
15:34:36,2818.964,1001,1000,112,10.0,21
15:34:37,2819.163,997,1000,112,10.0,21
15:34:37,2819.363,1000,1000,112,10.0,21
15:34:37,2819.563,1003,1000,112,10.0,21
15:34:37,2819.764,1004,1000,112,10.0,21
15:34:37,2819.965,1006,1000,112,10.0,20
15:34:38,2820.167,999,1000,112,10.0,20
15:34:38,2820.368,1000,1000,112,10.0,20
15:34:38,2820.56,1000,1000,112,10.0,20
15:34:38,2820.759,995,1000,112,10.0,20
15:34:38,2820.961,996,1000,112,10.0,20
15:34:39,2821.16,997,1000,112,10.0,20
15:34:39,2821.363,995,1000,112,10.0,20
15:34:39,2821.565,996,1000,112,10.0,20
15:34:39,2821.755,997,1000,112,10.0,20
15:34:39,2821.956,998,1000,112,10.0,20
15:34:39,2822.158,993,1000,112,10.0,21
15:34:40,2822.357,996,1000,112,10.0,21
15:34:40,2822.555,996,1000,112,10.0,21
15:34:40,2822.759,998,1000,112,10.0,21
15:34:40,2822.96,1001,1000,112,10.0,21
15:34:40,2823.154,997,1000,112,10.0,21
15:34:41,2823.353,1000,1000,112,10.0,21
15:34:41,2823.552,997,1000,112,10.0,21
15:34:41,2823.75,1000,1000,112,10.0,21
15:34:41,2823.955,996,1000,112,10.0,21
15:34:41,2824.157,999,1000,112,10.0,21
15:34:42,2824.358,1002,1000,112,10.0,21
15:34:42,2824.548,998,1000,112,10.0,21
15:34:42,2824.748,1001,1000,112,10.0,21
15:34:42,2824.947,1001,1000,112,10.0,21
15:34:42,2825.149,1004,1000,112,10.0,21
15:34:43,2825.351,999,1000,112,10.0,21
15:34:43,2825.552,1002,1000,112,10.0,21
15:34:43,2825.746,1004,1000,112,10.0,21
15:34:43,2825.944,1006,1000,112,10.0,20
15:34:43,2826.145,1005,1000,112,10.0,20
15:34:44,2826.348,1004,1000,112,10.0,20
15:34:44,2826.549,999,1000,112,10.0,20
15:34:44,2826.75,999,1000,112,10.0,20
15:34:44,2826.941,999,1000,112,10.0,20
15:34:44,2827.142,997,1000,112,10.0,20
15:34:45,2827.341,998,1000,112,10.0,20
15:34:45,2827.544,998,1000,112,10.0,20
15:34:45,2827.744,998,1000,112,10.0,20
15:34:45,2827.947,994,1000,112,10.0,21
15:34:45,2828.148,997,1000,112,10.0,20
15:34:46,2828.338,997,1000,112,10.0,20
15:34:46,2828.537,992,1000,112,10.0,21
15:34:46,2828.738,996,1000,112,10.0,21
15:34:46,2828.938,995,1000,112,10.0,21
15:34:46,2829.137,992,1000,112,10.0,21
15:34:47,2829.339,996,1000,112,10.0,21
15:34:47,2829.542,997,1000,112,10.0,21
15:34:47,2829.734,994,1000,112,10.0,21
15:34:47,2829.934,998,1000,112,10.0,21
15:34:47,2830.133,994,1000,112,10.0,21
15:34:48,2830.333,998,1000,112,10.0,21
15:34:48,2830.534,1001,1000,112,10.0,21
15:34:48,2830.739,997,1000,112,10.0,21
15:34:48,2830.94,996,1000,112,10.0,21
15:34:48,2831.131,1000,1000,112,10.0,21
15:34:49,2831.331,1002,1000,112,10.0,21
15:34:49,2831.531,1004,1000,112,10.0,21
15:34:49,2831.734,1003,1000,112,10.0,21
15:34:49,2831.935,1002,1000,112,10.0,21
15:34:49,2832.135,1004,1000,112,10.0,21
15:34:50,2832.327,999,1000,112,10.0,21
15:34:50,2832.526,1002,1000,112,10.0,21
15:34:50,2832.725,1004,1000,112,10.0,21
15:34:50,2832.925,1000,1000,112,10.0,21
15:34:50,2833.126,999,1000,112,10.0,21
15:34:51,2833.329,1001,1000,112,10.0,21
15:34:51,2833.532,1003,1000,112,10.0,21
15:34:51,2833.734,1005,1000,112,10.0,20
15:34:51,2833.923,1000,1000,112,10.0,21
15:34:51,2834.126,1001,1000,112,10.0,21
15:34:52,2834.327,1003,1000,112,10.0,21
15:34:52,2834.53,999,1000,112,10.0,21
15:34:52,2834.721,1002,1000,112,10.0,21
15:34:52,2834.919,1004,1000,112,10.0,21
15:34:52,2835.121,1005,1000,112,10.0,20
15:34:53,2835.322,1005,1000,112,10.0,20
15:34:53,2835.525,1002,1000,112,10.0,21
15:34:53,2835.726,1002,1000,112,10.0,21
15:34:53,2835.917,1003,1000,112,10.0,21
15:34:53,2836.118,1006,1000,112,10.0,20
15:34:54,2836.319,1003,1000,112,10.0,20
15:34:54,2836.521,1004,1000,112,10.0,20
15:34:54,2836.722,1004,1000,112,10.0,20
15:34:54,2836.921,1002,1000,112,10.0,20
15:34:54,2837.114,996,1000,112,10.0,20
15:34:55,2837.312,999,1000,112,10.0,20
15:34:55,2837.513,1001,1000,112,10.0,20
15:34:55,2837.714,1002,1000,112,10.0,20
15:34:55,2837.916,997,1000,112,10.0,20
15:34:55,2838.118,999,1000,112,10.0,20
15:34:56,2838.319,1001,1000,112,10.0,20
15:34:56,2838.51,1003,1000,112,10.0,20
15:34:56,2838.709,998,1000,112,10.0,20
15:34:56,2838.91,996,1000,112,10.0,20
15:34:56,2839.111,998,1000,112,10.0,20
15:34:57,2839.314,1000,1000,112,10.0,20
15:34:57,2839.514,999,1000,112,10.0,20
15:34:57,2839.715,999,1000,112,10.0,20
15:34:57,2839.906,1000,1000,112,10.0,20
15:34:57,2840.106,1001,1000,112,10.0,20
15:34:58,2840.304,999,1000,112,10.0,20
15:34:58,2840.505,994,1000,112,10.0,21
15:34:58,2840.705,997,1000,112,10.0,21
15:34:58,2840.907,998,1000,112,10.0,21
15:34:58,2841.108,995,1000,112,10.0,21
15:34:59,2841.304,999,1000,112,10.0,21
15:34:59,2841.502,995,1000,112,10.0,21
15:34:59,2841.702,998,1000,112,10.0,21
15:34:59,2841.901,1002,1000,112,10.0,21
15:34:59,2842.101,1003,1000,112,10.0,21
15:35:00,2842.3,1006,1000,112,10.0,20
15:35:00,2842.503,1000,1000,112,10.0,20
15:35:00,2842.703,1002,1000,112,10.0,20
15:35:00,2842.906,1003,1000,112,10.0,20
15:35:00,2843.106,1003,1000,112,10.0,20
15:35:01,2843.297,997,1000,112,10.0,20
15:35:01,2843.496,999,1000,112,10.0,20
15:35:01,2843.695,1001,1000,112,10.0,20
15:35:01,2843.896,1002,1000,112,10.0,20
15:35:01,2844.095,999,1000,112,10.0,20
15:35:02,2844.298,1001,1000,112,10.0,20
15:35:02,2844.499,1003,1000,112,10.0,20
15:35:02,2844.701,1004,1000,112,10.0,20
15:35:02,2844.893,1001,1000,112,10.0,20
15:35:02,2845.092,996,1000,112,10.0,20
15:35:03,2845.292,998,1000,112,10.0,20
15:35:03,2845.49,1000,1000,112,10.0,20
15:35:03,2845.69,1002,1000,112,10.0,20
15:35:03,2845.89,997,1000,112,10.0,20
15:35:03,2846.092,999,1000,112,10.0,20
15:35:04,2846.294,1001,1000,112,10.0,20
15:35:04,2846.495,1002,1000,112,10.0,20
15:35:04,2846.698,997,1000,112,10.0,20
15:35:04,2846.886,997,1000,112,10.0,20
15:35:04,2847.086,999,1000,112,10.0,20
15:35:05,2847.285,1000,1000,112,10.0,20
15:35:05,2847.488,999,1000,112,10.0,20
15:35:05,2847.689,999,1000,112,10.0,20
15:35:05,2847.891,1001,1000,112,10.0,20
15:35:05,2848.084,1002,1000,112,10.0,20
15:35:06,2848.283,1000,1000,112,10.0,20
15:35:06,2848.483,995,1000,112,10.0,20
15:35:06,2848.682,997,1000,112,10.0,20
15:35:06,2848.883,999,1000,112,10.0,20
15:35:06,2849.086,1000,1000,112,10.0,20
15:35:07,2849.286,995,1000,112,10.0,20
15:35:07,2849.487,997,1000,112,10.0,20
15:35:07,2849.688,999,1000,112,10.0,20
15:35:07,2849.879,998,1000,112,10.0,20
15:35:07,2850.079,998,1000,112,10.0,20
15:35:08,2850.278,999,1000,112,10.0,20
15:35:08,2850.477,1001,1000,112,10.0,20
15:35:08,2850.678,1001,1000,112,10.0,20
15:35:08,2850.878,996,1000,112,10.0,20
15:35:08,2851.082,998,1000,112,10.0,20
15:35:09,2851.281,999,1000,112,10.0,20
15:35:09,2851.483,999,1000,112,10.0,20
15:35:09,2851.682,998,1000,112,10.0,20
15:35:09,2851.882,1000,1000,112,10.0,20
15:35:09,2852.074,1001,1000,112,10.0,20
15:35:10,2852.273,999,1000,112,10.0,20
15:35:10,2852.472,994,1000,112,10.0,21
15:35:10,2852.675,999,1000,112,10.0,21
15:35:10,2852.876,996,1000,112,10.0,21
15:35:10,2853.077,1000,1000,112,10.0,21
15:35:11,2853.277,998,1000,112,10.0,21
15:35:11,2853.478,1002,1000,112,10.0,21
15:35:11,2853.669,1006,1000,112,10.0,20
15:35:11,2853.869,1001,1000,112,10.0,20
15:35:11,2854.072,1003,1000,112,10.0,20
15:35:12,2854.275,1004,1000,112,10.0,20
15:35:12,2854.466,1003,1000,112,10.0,20
15:35:12,2854.667,999,1000,112,10.0,20
15:35:12,2854.865,1001,1000,112,10.0,20
15:35:12,2855.065,1002,1000,112,10.0,20
15:35:13,2855.266,1003,1000,112,10.0,20
15:35:13,2855.466,999,1000,112,10.0,20
15:35:13,2855.668,1001,1000,112,10.0,20
15:35:13,2855.869,1002,1000,112,10.0,20
15:35:13,2856.071,1003,1000,112,10.0,20
15:35:14,2856.262,999,1000,112,10.0,20
15:35:14,2856.462,996,1000,112,10.0,20
15:35:14,2856.661,999,1000,112,10.0,20
15:35:14,2856.864,1000,1000,112,10.0,20
15:35:14,2857.065,1000,1000,112,10.0,20
15:35:15,2857.269,998,1000,112,10.0,20
15:35:15,2857.459,1000,1000,112,10.0,20
15:35:15,2857.659,1001,1000,112,10.0,20
15:35:15,2857.858,1000,1000,112,10.0,20
15:35:15,2858.06,995,1000,112,10.0,20
15:35:16,2858.262,997,1000,112,10.0,20
15:35:16,2858.463,999,1000,112,10.0,20
15:35:16,2858.665,1000,1000,112,10.0,20
15:35:16,2858.856,995,1000,112,10.0,20
15:35:16,2859.054,997,1000,112,10.0,20
15:35:17,2859.254,999,1000,112,10.0,20
15:35:17,2859.453,1000,1000,112,10.0,20
15:35:17,2859.657,995,1000,112,10.0,20
15:35:17,2859.857,997,1000,112,10.0,20
15:35:17,2860.059,999,1000,112,10.0,20
15:35:18,2860.262,998,1000,112,10.0,20
15:35:18,2860.45,993,1000,112,10.0,21
15:35:18,2860.65,998,1000,112,10.0,21
15:35:18,2860.851,1002,1000,112,10.0,21
15:35:18,2861.053,1004,1000,112,10.0,21
15:35:19,2861.254,1000,1000,112,10.0,21
15:35:19,2861.457,1000,1000,112,10.0,21
15:35:19,2861.658,1003,1000,112,10.0,21
15:35:19,2861.848,1003,1000,112,10.0,21
15:35:19,2862.047,1006,1000,112,10.0,20
15:35:20,2862.249,1000,1000,112,10.0,20
15:35:20,2862.452,1001,1000,112,10.0,20
15:35:20,2862.654,1002,1000,112,10.0,20
15:35:20,2862.846,1002,1000,112,10.0,20
15:35:20,2863.046,997,1000,112,10.0,20
15:35:21,2863.246,999,1000,112,10.0,20
15:35:21,2863.448,1000,1000,112,10.0,20
15:35:21,2863.647,998,1000,112,10.0,20
15:35:21,2863.847,993,1000,112,10.0,21
15:35:21,2864.047,998,1000,112,10.0,21
15:35:22,2864.24,998,1000,112,10.0,21
15:35:22,2864.441,996,1000,112,10.0,21
15:35:22,2864.64,1000,1000,112,10.0,21
15:35:22,2864.839,997,1000,112,10.0,21
15:35:22,2865.04,998,1000,112,10.0,21
15:35:23,2865.241,1002,1000,112,10.0,21
15:35:23,2865.442,998,1000,112,10.0,21
15:35:23,2865.644,1001,1000,112,10.0,21
15:35:23,2865.836,997,1000,112,10.0,21
15:35:23,2866.036,1000,1000,112,10.0,21
15:35:24,2866.235,1003,1000,112,10.0,21
15:35:24,2866.437,1004,1000,112,10.0,21
15:35:24,2866.637,1007,1000,112,10.0,20
15:35:24,2866.841,1001,1000,112,10.0,20
15:35:24,2867.044,1002,1000,112,10.0,20
15:35:25,2867.232,1003,1000,112,10.0,20
15:35:25,2867.432,1003,1000,112,10.0,20
15:35:25,2867.635,997,1000,112,10.0,20
15:35:25,2867.835,999,1000,112,10.0,20
15:35:25,2868.034,1000,1000,112,10.0,20
15:35:26,2868.235,1000,1000,112,10.0,20
15:35:26,2868.438,995,1000,112,10.0,20
15:35:26,2868.629,997,1000,112,10.0,20
15:35:26,2868.828,999,1000,112,10.0,20
15:35:26,2869.029,1000,1000,112,10.0,20
15:35:27,2869.228,995,1000,112,10.0,20
15:35:27,2869.432,997,1000,112,10.0,20
15:35:27,2869.633,998,1000,112,10.0,20
15:35:27,2869.834,997,1000,112,10.0,20
15:35:27,2870.025,992,1000,112,10.0,21
15:35:28,2870.224,997,1000,112,10.0,21
15:35:28,2870.424,995,1000,112,10.0,21
15:35:28,2870.623,1000,1000,112,10.0,21
15:35:28,2870.825,997,1000,112,10.0,21
15:35:28,2871.027,1001,1000,112,10.0,21
15:35:29,2871.229,1005,1000,112,10.0,20
15:35:29,2871.429,1001,1000,112,10.0,20
15:35:29,2871.63,1002,1000,112,10.0,20
15:35:29,2871.821,1003,1000,112,10.0,20
15:35:29,2872.02,1002,1000,112,10.0,20
15:35:30,2872.222,1001,1000,112,10.0,20
15:35:30,2872.423,1002,1000,112,10.0,20
15:35:30,2872.627,1003,1000,112,10.0,20
15:35:30,2872.826,1004,1000,112,10.0,20
15:35:30,2873.017,998,1000,112,10.0,20
15:35:31,2873.217,1000,1000,112,10.0,20
15:35:31,2873.416,1001,1000,112,10.0,20
15:35:31,2873.616,1002,1000,112,10.0,20
15:35:31,2873.817,997,1000,112,10.0,20
15:35:31,2874.019,998,1000,112,10.0,20
15:35:32,2874.221,1000,1000,112,10.0,20
15:35:32,2874.414,1001,1000,112,10.0,20
15:35:32,2874.613,1000,1000,112,10.0,20
15:35:32,2874.812,1000,1000,112,10.0,20
15:35:32,2875.012,1002,1000,112,10.0,20
15:35:33,2875.214,1003,1000,112,10.0,20
15:35:33,2875.416,1001,1000,112,10.0,20
15:35:33,2875.617,1001,1000,112,10.0,20
15:35:33,2875.819,1002,1000,112,10.0,20
15:35:33,2876.008,1003,1000,112,10.0,20
15:35:34,2876.208,1004,1000,112,10.0,20
15:35:34,2876.409,998,1000,112,10.0,20
15:35:34,2876.61,1000,1000,112,10.0,20
15:35:34,2876.813,1001,1000,112,10.0,20
15:35:34,2877.013,1002,1000,112,10.0,20
15:35:35,2877.214,997,1000,112,10.0,20
15:35:35,2877.406,998,1000,112,10.0,20
15:35:35,2877.604,1000,1000,112,10.0,20
15:35:35,2877.804,1001,1000,112,10.0,20
15:35:35,2878.004,998,1000,112,10.0,20
15:35:36,2878.207,1000,1000,112,10.0,20
15:35:36,2878.409,1001,1000,112,10.0,20
15:35:36,2878.611,1002,1000,112,10.0,20
15:35:36,2878.802,997,1000,112,10.0,20
15:35:36,2879.001,999,1000,112,10.0,20
15:35:37,2879.201,1000,1000,112,10.0,20
15:35:37,2879.402,1001,1000,112,10.0,20
15:35:37,2879.602,998,1000,112,10.0,20
15:35:37,2879.804,1000,1000,112,10.0,20
15:35:37,2880.007,1001,1000,112,10.0,20
15:35:38,2880.198,1002,1000,112,10.0,20
15:35:38,2880.398,996,1000,112,10.0,20
15:35:38,2880.596,998,1000,112,10.0,20
15:35:38,2880.798,999,1000,112,10.0,20
15:35:38,2881.0,1000,1000,112,10.0,20
15:35:39,2881.202,995,1000,112,10.0,20
15:35:39,2881.402,997,1000,112,10.0,20
15:35:39,2881.594,999,1000,112,10.0,20
15:35:39,2881.793,997,1000,112,10.0,20
15:35:39,2881.993,992,1000,112,10.0,21
15:35:40,2882.198,997,1000,112,10.0,21
15:35:40,2882.4,995,1000,112,10.0,21
15:35:40,2882.592,1000,1000,112,10.0,21
15:35:40,2882.79,997,1000,112,10.0,21
15:35:40,2882.99,997,1000,112,10.0,21
15:35:41,2883.191,1001,1000,112,10.0,21
15:35:41,2883.394,1001,1000,112,10.0,21
15:35:41,2883.594,1004,1000,112,10.0,21
15:35:41,2883.796,1001,1000,112,10.0,21
15:35:41,2883.987,1004,1000,112,10.0,21
15:35:42,2884.186,1007,1000,112,10.0,20
15:35:42,2884.386,1004,1000,112,10.0,20
15:35:42,2884.585,1004,1000,112,10.0,20
15:35:42,2884.784,1004,1000,112,10.0,20
15:35:42,2884.986,1002,1000,112,10.0,20
15:35:43,2885.189,1002,1000,112,10.0,20
15:35:43,2885.39,1003,1000,112,10.0,20
15:35:43,2885.582,1004,1000,112,10.0,20
15:35:43,2885.782,1000,1000,112,10.0,20
15:35:43,2885.982,995,1000,112,10.0,20
15:35:44,2886.183,997,1000,112,10.0,20
15:35:44,2886.383,999,1000,112,10.0,20
15:35:44,2886.585,998,1000,112,10.0,20
15:35:44,2886.788,998,1000,112,10.0,20
15:35:44,2886.988,1000,1000,112,10.0,20
15:35:45,2887.179,1001,1000,112,10.0,20
15:35:45,2887.377,998,1000,112,10.0,20
15:35:45,2887.577,993,1000,112,10.0,21
15:35:45,2887.776,998,1000,112,10.0,21
15:35:45,2887.978,997,1000,112,10.0,21
15:35:46,2888.18,995,1000,112,10.0,21
15:35:46,2888.383,999,1000,112,10.0,21
15:35:46,2888.574,999,1000,112,10.0,21
15:35:46,2888.774,1003,1000,112,10.0,21
15:35:46,2888.974,999,1000,112,10.0,21
15:35:47,2889.175,1003,1000,112,10.0,21
15:35:47,2889.378,1006,1000,112,10.0,20
15:35:47,2889.58,1003,1000,112,10.0,20
15:35:47,2889.78,1003,1000,112,10.0,20
15:35:47,2889.97,1004,1000,112,10.0,20
15:35:48,2890.17,1001,1000,112,10.0,20
15:35:48,2890.37,1002,1000,112,10.0,20
15:35:48,2890.571,1002,1000,112,10.0,20
15:35:48,2890.772,1003,1000,112,10.0,20
15:35:48,2890.973,1002,1000,112,10.0,20
15:35:49,2891.176,999,1000,112,10.0,20
15:35:49,2891.366,1000,1000,112,10.0,20
15:35:49,2891.565,1001,1000,112,10.0,20
15:35:49,2891.765,1000,1000,112,10.0,20
15:35:49,2891.965,1000,1000,112,10.0,20
15:35:50,2892.169,1001,1000,112,10.0,20
15:35:50,2892.372,1003,1000,112,10.0,20
15:35:50,2892.572,1001,1000,112,10.0,20
15:35:50,2892.762,995,1000,112,10.0,20
15:35:50,2892.962,997,1000,112,10.0,20
15:35:51,2893.163,999,1000,112,10.0,20
15:35:51,2893.366,999,1000,112,10.0,20
15:35:51,2893.568,997,1000,112,10.0,20
15:35:51,2893.759,999,1000,112,10.0,20
15:35:51,2893.959,1001,1000,112,10.0,20
15:35:52,2894.159,1003,1000,112,10.0,20
15:35:52,2894.359,1005,1000,112,10.0,20
15:35:52,2894.561,1016,1000,112,10.0,20
15:35:52,2894.761,1020,1000,112,10.0,19
15:35:52,2894.963,1021,1000,111,10.0,19
15:35:53,2895.165,1029,1000,111,10.0,19
15:35:53,2895.355,1033,1000,111,10.0,18
15:35:53,2895.554,1030,1000,111,10.0,18
15:35:53,2895.754,1033,1000,111,10.0,18
15:35:53,2895.956,1033,1000,111,10.0,18
15:35:54,2896.159,1028,1000,110,10.0,18
15:35:54,2896.359,1031,1000,110,10.0,18
15:35:54,2896.561,1029,1000,110,10.0,18
15:35:54,2896.751,1027,1000,110,10.0,18
15:35:54,2896.951,1030,1000,110,10.0,17
15:35:54,2897.152,1033,1000,110,10.0,17
15:35:55,2897.353,1035,1000,110,10.0,17
15:35:55,2897.554,1034,1000,109,10.0,17
15:35:55,2897.756,1031,1000,109,10.0,17
15:35:55,2897.949,1032,1000,109,10.0,17
15:35:55,2898.149,1026,1000,109,10.0,17
15:35:56,2898.346,1020,1000,109,10.0,17
15:35:56,2898.546,1021,1000,109,10.0,17
15:35:56,2898.747,1020,1000,109,10.0,17
15:35:56,2898.949,1019,1000,108,10.0,17
15:35:56,2899.151,1015,1000,108,10.0,17
15:35:57,2899.343,1017,1000,108,10.0,17
15:35:57,2899.543,1018,1000,108,10.0,17
15:35:57,2899.742,1014,1000,108,10.0,17
15:35:57,2899.942,1015,1000,108,10.0,17
15:35:57,2900.141,1016,1000,108,10.0,16
15:35:58,2900.344,1011,1000,108,10.0,17
15:35:58,2900.546,1013,1000,108,10.0,16
15:35:58,2900.745,1014,1000,108,10.0,16
15:35:58,2900.946,1009,1000,108,10.0,16
15:35:58,2901.138,1009,1000,108,10.0,16
15:35:59,2901.337,1010,1000,108,10.0,16
15:35:59,2901.537,1004,1000,108,10.0,17
15:35:59,2901.736,1007,1000,108,10.0,16
15:35:59,2901.937,1009,1000,108,10.0,16
15:35:59,2902.139,1008,1000,108,10.0,16
15:36:00,2902.341,1008,1000,107,10.0,16
15:36:00,2902.534,1007,1000,107,10.0,16
15:36:00,2902.733,1008,1000,107,10.0,16
15:36:00,2902.935,1005,1000,107,10.0,16
15:36:00,2903.137,1004,1000,107,10.0,17
15:36:01,2903.339,1006,1000,107,10.0,16
15:36:01,2903.54,1007,1000,107,10.0,16
15:36:01,2903.73,1003,1000,107,10.0,17
15:36:01,2903.929,1004,1000,107,10.0,17
15:36:01,2904.129,1006,1000,107,10.0,16
15:36:02,2904.332,1002,1000,107,10.0,16
15:36:02,2904.533,1003,1000,107,10.0,16
15:36:02,2904.735,1004,1000,107,10.0,16
15:36:02,2904.927,1005,1000,107,10.0,16
15:36:02,2905.127,1002,1000,107,10.0,16
15:36:03,2905.325,998,1000,107,10.0,16
15:36:03,2905.526,1000,1000,107,10.0,16
15:36:03,2905.726,1002,1000,107,10.0,16
15:36:03,2905.929,1000,1000,107,10.0,16
15:36:03,2906.132,1003,1000,107,10.0,16
15:36:04,2906.324,1005,1000,107,10.0,16
15:36:04,2906.523,1002,1000,107,10.0,16
15:36:04,2906.721,1003,1000,107,10.0,16
15:36:04,2906.923,1004,1000,107,10.0,16
15:36:04,2907.123,1003,1000,107,10.0,16
15:36:05,2907.327,1001,1000,107,10.0,16
15:36:05,2907.519,1004,1000,107,10.0,16
15:36:05,2907.719,1001,1000,107,10.0,16
15:36:05,2907.917,1004,1000,107,10.0,16
15:36:05,2908.117,1006,1000,107,10.0,16
15:36:06,2908.322,1004,1000,107,10.0,16
15:36:06,2908.52,1005,1000,107,10.0,16
15:36:06,2908.726,1006,1000,107,10.0,16
15:36:06,2908.915,1006,1000,107,10.0,16
15:36:06,2909.115,1003,1000,107,10.0,16
15:36:07,2909.317,1004,1000,107,10.0,16
15:36:07,2909.519,1005,1000,107,10.0,16
15:36:07,2909.721,1006,1000,107,10.0,16
15:36:07,2909.922,1005,1000,107,10.0,16
15:36:07,2910.113,1002,1000,107,10.0,16
15:36:08,2910.311,1002,1000,107,10.0,16
15:36:08,2910.511,1004,1000,107,10.0,16
15:36:08,2910.713,1004,1000,107,10.0,16
15:36:08,2910.913,1001,1000,107,10.0,16
15:36:08,2911.114,1003,1000,107,10.0,16
15:36:09,2911.316,1005,1000,107,10.0,16
15:36:09,2911.507,1004,1000,107,10.0,16
15:36:09,2911.717,1004,1000,107,10.0,16
15:36:09,2911.907,1006,1000,107,10.0,16
15:36:09,2912.106,1002,1000,107,10.0,16
15:36:10,2912.306,1004,1000,107,10.0,16
15:36:10,2912.507,1006,1000,107,10.0,16
15:36:10,2912.708,1002,1000,107,10.0,16
15:36:10,2912.911,1001,1000,107,10.0,16
15:36:10,2913.113,1003,1000,107,10.0,16
15:36:11,2913.303,1000,1000,107,10.0,16
15:36:11,2913.503,1002,1000,107,10.0,16
15:36:11,2913.702,1004,1000,107,10.0,16
15:36:11,2913.902,1005,1000,107,10.0,16
15:36:11,2914.105,1004,1000,107,10.0,16
15:36:12,2914.309,1003,1000,107,10.0,16
15:36:12,2914.501,1001,1000,107,10.0,16
15:36:12,2914.699,1002,1000,107,10.0,16
15:36:12,2914.9,1004,1000,107,10.0,16
15:36:12,2915.1,1005,1000,107,10.0,16
15:36:13,2915.299,1003,1000,107,10.0,16
15:36:13,2915.501,997,1000,107,10.0,16
15:36:13,2915.701,999,1000,107,10.0,16
15:36:13,2915.902,1001,1000,107,10.0,16
15:36:13,2916.104,1002,1000,107,10.0,16
15:36:14,2916.304,999,1000,107,10.0,16
15:36:14,2916.495,999,1000,107,10.0,16
15:36:14,2916.693,1000,1000,107,10.0,16
15:36:14,2916.893,1002,1000,107,10.0,16
15:36:14,2917.094,1002,1000,107,10.0,16
15:36:15,2917.295,999,1000,107,10.0,16
15:36:15,2917.496,1000,1000,107,10.0,16
15:36:15,2917.698,1002,1000,107,10.0,16
15:36:15,2917.9,1002,1000,107,10.0,16
15:36:15,2918.089,998,1000,107,10.0,16
15:36:16,2918.289,1000,1000,107,10.0,16
15:36:16,2918.488,1001,1000,107,10.0,16
15:36:16,2918.688,1002,1000,107,10.0,16
15:36:16,2918.887,999,1000,107,10.0,16
15:36:16,2919.091,1001,1000,107,10.0,16
15:36:17,2919.295,1002,1000,107,10.0,16
15:36:17,2919.496,1004,1000,107,10.0,16
15:36:17,2919.685,1002,1000,107,10.0,16
15:36:17,2919.888,998,1000,107,10.0,16
15:36:17,2920.088,1000,1000,107,10.0,16
15:36:18,2920.289,1002,1000,107,10.0,16
15:36:18,2920.492,1003,1000,107,10.0,16
15:36:18,2920.683,1000,1000,107,10.0,16
15:36:18,2920.883,1002,1000,107,10.0,16
15:36:18,2921.082,1003,1000,107,10.0,16
15:36:19,2921.282,1005,1000,107,10.0,16
15:36:19,2921.484,1001,1000,107,10.0,16
15:36:19,2921.688,995,1000,107,10.0,16
15:36:19,2921.879,997,1000,107,10.0,16
15:36:19,2922.078,1000,1000,107,10.0,16
15:36:20,2922.278,1001,1000,107,10.0,16
15:36:20,2922.481,998,1000,107,10.0,16
15:36:20,2922.682,1000,1000,107,10.0,16
15:36:20,2922.881,1002,1000,107,10.0,16
15:36:20,2923.083,1004,1000,107,10.0,16
15:36:21,2923.275,1005,1000,107,10.0,16
15:36:21,2923.474,999,1000,107,10.0,16
15:36:21,2923.674,998,1000,107,10.0,16
15:36:21,2923.874,998,1000,107,10.0,16
15:36:21,2924.077,993,1000,107,10.0,16
15:36:22,2924.279,996,1000,107,10.0,16
15:36:22,2924.479,999,1000,107,10.0,16
15:36:22,2924.671,1001,1000,107,10.0,16
15:36:22,2924.872,997,1000,107,10.0,16
15:36:22,2925.071,996,1000,107,10.0,16
15:36:23,2925.274,999,1000,107,10.0,16
15:36:23,2925.474,1001,1000,107,10.0,16
15:36:23,2925.675,1002,1000,107,10.0,16
15:36:23,2925.878,998,1000,107,10.0,16
15:36:23,2926.067,999,1000,107,10.0,16
15:36:24,2926.267,1001,1000,107,10.0,16
15:36:24,2926.47,1003,1000,107,10.0,16
15:36:24,2926.672,1003,1000,107,10.0,16
15:36:24,2926.872,999,1000,107,10.0,16
15:36:24,2927.065,1001,1000,107,10.0,16
15:36:25,2927.263,1003,1000,107,10.0,16
15:36:25,2927.464,1004,1000,107,10.0,16
15:36:25,2927.664,1002,1000,107,10.0,16
15:36:25,2927.865,999,1000,107,10.0,16
15:36:25,2928.068,1001,1000,107,10.0,16
15:36:26,2928.268,1003,1000,107,10.0,16
15:36:26,2928.461,1005,1000,107,10.0,16
15:36:26,2928.659,1003,1000,107,10.0,16
15:36:26,2928.859,997,1000,107,10.0,16
15:36:26,2929.059,998,1000,107,10.0,16
15:36:27,2929.262,998,1000,107,10.0,16
15:36:27,2929.463,996,1000,107,10.0,16
15:36:27,2929.663,997,1000,107,10.0,16
15:36:27,2929.865,998,1000,107,10.0,16
15:36:27,2930.055,998,1000,107,10.0,16
15:36:28,2930.254,994,1000,107,10.0,16
15:36:28,2930.456,998,1000,107,10.0,16
15:36:28,2930.656,1001,1000,107,10.0,16
15:36:28,2930.859,1003,1000,107,10.0,16
15:36:28,2931.06,1005,1000,107,10.0,16
15:36:29,2931.261,1005,1000,107,10.0,16
15:36:29,2931.452,1004,1000,107,10.0,16
15:36:29,2931.65,1002,1000,107,10.0,16
15:36:29,2931.849,999,1000,107,10.0,16
15:36:29,2932.051,1000,1000,107,10.0,16
15:36:30,2932.252,1000,1000,107,10.0,16
15:36:30,2932.453,995,1000,107,10.0,16
15:36:30,2932.656,996,1000,107,10.0,16
15:36:30,2932.858,997,1000,107,10.0,16
15:36:30,2933.047,995,1000,107,10.0,16
15:36:31,2933.246,996,1000,107,10.0,16
15:36:31,2933.445,997,1000,107,10.0,16
15:36:31,2933.648,998,1000,107,10.0,16
15:36:31,2933.849,994,1000,107,10.0,16
15:36:31,2934.051,997,1000,107,10.0,16
15:36:32,2934.252,998,1000,107,10.0,16
15:36:32,2934.443,995,1000,107,10.0,16
15:36:32,2934.642,996,1000,107,10.0,16
15:36:32,2934.844,996,1000,107,10.0,16
15:36:32,2935.046,992,1000,107,10.0,16
15:36:33,2935.25,995,1000,107,10.0,16
15:36:33,2935.441,998,1000,107,10.0,16
15:36:33,2935.639,1000,1000,107,10.0,16
15:36:33,2935.84,1001,1000,107,10.0,16
15:36:33,2936.04,998,1000,107,10.0,16
15:36:34,2936.241,1000,1000,107,10.0,16
15:36:34,2936.441,1002,1000,107,10.0,16
15:36:34,2936.643,1002,1000,107,10.0,16
15:36:34,2936.844,999,1000,107,10.0,16
15:36:34,2937.036,1001,1000,107,10.0,16
15:36:35,2937.235,1002,1000,107,10.0,16
15:36:35,2937.435,1002,1000,107,10.0,16
15:36:35,2937.635,997,1000,107,10.0,16
15:36:35,2937.838,999,1000,107,10.0,16
15:36:35,2938.038,1000,1000,107,10.0,16
15:36:36,2938.24,1000,1000,107,10.0,16
15:36:36,2938.431,997,1000,107,10.0,16
15:36:36,2938.63,998,1000,107,10.0,16
15:36:36,2938.83,998,1000,107,10.0,16
15:36:36,2939.03,998,1000,107,10.0,16
15:36:37,2939.231,996,1000,107,10.0,16
15:36:37,2939.434,997,1000,107,10.0,16
15:36:37,2939.635,997,1000,107,10.0,16
15:36:37,2939.837,993,1000,107,10.0,16
15:36:37,2940.028,994,1000,107,10.0,16
15:36:38,2940.226,995,1000,107,10.0,16
15:36:38,2940.427,990,1000,107,10.0,17
15:36:38,2940.626,993,1000,107,10.0,17
15:36:38,2940.826,996,1000,107,10.0,16
15:36:38,2941.027,997,1000,107,10.0,16
15:36:39,2941.231,992,1000,107,10.0,17
15:36:39,2941.431,993,1000,107,10.0,17
15:36:39,2941.623,996,1000,107,10.0,16
15:36:39,2941.823,999,1000,107,10.0,16
15:36:39,2942.022,993,1000,107,10.0,17
15:36:40,2942.223,996,1000,107,10.0,16
15:36:40,2942.425,998,1000,107,10.0,16
15:36:40,2942.626,995,1000,107,10.0,16
15:36:40,2942.829,996,1000,107,10.0,16
15:36:40,2943.03,996,1000,107,10.0,16
15:36:41,2943.219,993,1000,107,10.0,17
15:36:41,2943.418,996,1000,107,10.0,16
15:36:41,2943.618,998,1000,107,10.0,16
15:36:41,2943.819,998,1000,107,10.0,16
15:36:41,2944.022,993,1000,107,10.0,17
15:36:42,2944.226,994,1000,107,10.0,17
15:36:42,2944.415,997,1000,107,10.0,16
15:36:42,2944.615,996,1000,107,10.0,16
15:36:42,2944.815,993,1000,107,10.0,17
15:36:42,2945.015,996,1000,107,10.0,16
15:36:43,2945.219,999,1000,107,10.0,16
15:36:43,2945.42,1001,1000,107,10.0,16
15:36:43,2945.612,998,1000,107,10.0,16
15:36:43,2945.811,995,1000,107,10.0,16
15:36:43,2946.01,997,1000,107,10.0,16
15:36:44,2946.21,998,1000,107,10.0,16
15:36:44,2946.41,997,1000,107,10.0,16
15:36:44,2946.608,997,1000,107,10.0,16
15:36:44,2946.81,999,1000,107,10.0,16
15:36:44,2947.014,999,1000,107,10.0,16
15:36:45,2947.216,995,1000,107,10.0,16
15:36:45,2947.417,997,1000,107,10.0,16
15:36:45,2947.606,998,1000,107,10.0,16
15:36:45,2947.806,1000,1000,107,10.0,16
15:36:45,2948.006,995,1000,107,10.0,16
15:36:46,2948.206,997,1000,107,10.0,16
15:36:46,2948.407,998,1000,107,10.0,16
15:36:46,2948.608,999,1000,107,10.0,16
15:36:46,2948.811,995,1000,107,10.0,16
15:36:46,2949.003,996,1000,107,10.0,16
15:36:47,2949.202,998,1000,107,10.0,16
15:36:47,2949.403,998,1000,107,10.0,16
15:36:47,2949.605,997,1000,107,10.0,16
15:36:47,2949.806,998,1000,107,10.0,16
15:36:47,2950.01,999,1000,107,10.0,16
15:36:48,2950.199,995,1000,107,10.0,16
15:36:48,2950.399,994,1000,107,10.0,17
15:36:48,2950.6,996,1000,107,10.0,16
15:36:48,2950.801,998,1000,107,10.0,16
15:36:48,2951.001,997,1000,107,10.0,16
15:36:49,2951.203,998,1000,107,10.0,16
15:36:49,2951.406,999,1000,107,10.0,16
15:36:49,2951.596,999,1000,107,10.0,16
15:36:49,2951.795,995,1000,107,10.0,16
15:36:49,2951.994,995,1000,107,10.0,16
15:36:50,2952.194,996,1000,107,10.0,16
15:36:50,2952.394,996,1000,107,10.0,16
15:36:50,2952.592,992,1000,107,10.0,17
15:36:50,2952.793,995,1000,107,10.0,17
15:36:50,2952.994,997,1000,107,10.0,17
15:36:51,2953.194,999,1000,107,10.0,17
15:36:51,2953.393,995,1000,107,10.0,17
15:36:51,2953.596,997,1000,107,10.0,17
15:36:51,2953.79,999,1000,107,10.0,17
15:36:51,2953.989,1000,1000,107,10.0,17
15:36:52,2954.188,996,1000,107,10.0,17
15:36:52,2954.39,998,1000,107,10.0,17
15:36:52,2954.59,1000,1000,107,10.0,17
15:36:52,2954.793,1000,1000,107,10.0,17
15:36:52,2954.994,997,1000,107,10.0,17
15:36:53,2955.186,999,1000,107,10.0,17
15:36:53,2955.385,1000,1000,107,10.0,17
15:36:53,2955.584,1001,1000,107,10.0,17
15:36:53,2955.789,997,1000,107,10.0,17
15:36:53,2955.991,997,1000,107,10.0,17
15:36:54,2956.191,998,1000,107,10.0,17
15:36:54,2956.382,1000,1000,107,10.0,17
15:36:54,2956.581,998,1000,107,10.0,17
15:36:54,2956.78,999,1000,107,10.0,17
15:36:54,2956.982,1000,1000,107,10.0,17
15:36:55,2957.181,1001,1000,107,10.0,17
15:36:55,2957.382,997,1000,107,10.0,17
15:36:55,2957.586,998,1000,107,10.0,17
15:36:55,2957.778,999,1000,107,10.0,17
15:36:55,2957.977,1000,1000,107,10.0,17
15:36:56,2958.177,996,1000,107,10.0,17
15:36:56,2958.379,997,1000,107,10.0,17
15:36:56,2958.581,999,1000,107,10.0,17
15:36:56,2958.781,1000,1000,107,10.0,17
15:36:56,2958.982,995,1000,107,10.0,17
15:36:57,2959.184,997,1000,107,10.0,17
15:36:57,2959.373,998,1000,107,10.0,17
15:36:57,2959.572,998,1000,107,10.0,17
15:36:57,2959.772,997,1000,107,10.0,17
15:36:57,2959.971,998,1000,107,10.0,17
15:36:58,2960.174,999,1000,107,10.0,17
15:36:58,2960.374,994,1000,107,10.0,17
15:36:58,2960.575,993,1000,107,10.0,17
15:36:58,2960.769,995,1000,107,10.0,17
15:36:58,2960.968,995,1000,107,10.0,17
15:36:59,2961.168,992,1000,107,10.0,17
15:36:59,2961.369,994,1000,107,10.0,17
15:36:59,2961.569,998,1000,107,10.0,17
15:36:59,2961.773,994,1000,107,10.0,17
15:36:59,2961.973,996,1000,107,10.0,17
15:37:00,2962.166,998,1000,107,10.0,17
15:37:00,2962.365,998,1000,107,10.0,17
15:37:00,2962.568,996,1000,107,10.0,17
15:37:00,2962.773,997,1000,107,10.0,17
15:37:00,2962.963,998,1000,107,10.0,17
15:37:01,2963.162,994,1000,107,10.0,17
15:37:01,2963.363,994,1000,108,10.0,17
15:37:01,2963.562,998,1000,108,10.0,17
15:37:01,2963.766,995,1000,108,10.0,17
15:37:01,2963.966,995,1000,108,10.0,17
15:37:02,2964.169,996,1000,108,10.0,17
15:37:02,2964.359,995,1000,108,10.0,17
15:37:02,2964.558,991,1000,108,10.0,17
15:37:02,2964.76,995,1000,108,10.0,17
15:37:02,2964.961,996,1000,108,10.0,17
15:37:03,2965.162,992,1000,108,10.0,17
15:37:03,2965.364,996,1000,108,10.0,17
15:37:03,2965.564,999,1000,108,10.0,17
15:37:03,2965.755,995,1000,108,10.0,17
15:37:03,2965.955,996,1000,108,10.0,17
15:37:03,2966.156,997,1000,108,10.0,17
15:37:04,2966.355,995,1000,108,10.0,17
15:37:04,2966.556,996,1000,108,10.0,17
15:37:04,2966.755,997,1000,108,10.0,17
15:37:04,2966.958,998,1000,108,10.0,17
15:37:05,2967.158,993,1000,108,10.0,17
15:37:05,2967.361,996,1000,108,10.0,17
15:37:05,2967.551,997,1000,108,10.0,17
15:37:05,2967.749,995,1000,108,10.0,17
15:37:05,2967.949,996,1000,108,10.0,17
15:37:05,2968.15,997,1000,108,10.0,17
15:37:06,2968.352,992,1000,108,10.0,17
15:37:06,2968.554,995,1000,108,10.0,17
15:37:06,2968.754,999,1000,108,10.0,17
15:37:06,2968.953,996,1000,108,10.0,17
15:37:06,2969.155,997,1000,108,10.0,17
15:37:07,2969.346,1000,1000,108,10.0,17
15:37:07,2969.544,1003,1000,108,10.0,17
15:37:07,2969.746,1005,1000,108,10.0,17
15:37:07,2969.947,1001,1000,108,10.0,17
15:37:07,2970.147,996,1000,108,10.0,17
15:37:08,2970.349,997,1000,108,10.0,17
15:37:08,2970.552,1000,1000,108,10.0,17
15:37:08,2970.742,1003,1000,108,10.0,17
15:37:08,2970.941,999,1000,108,10.0,17
15:37:08,2971.143,1002,1000,108,10.0,17
15:37:09,2971.346,1004,1000,108,10.0,17
15:37:09,2971.547,1005,1000,108,10.0,17
15:37:09,2971.738,1004,1000,108,10.0,17
15:37:09,2971.938,998,1000,108,10.0,17
15:37:09,2972.138,998,1000,108,10.0,17
15:37:10,2972.339,999,1000,108,10.0,17
15:37:10,2972.542,996,1000,108,10.0,17
15:37:10,2972.735,997,1000,108,10.0,17
15:37:10,2972.934,997,1000,108,10.0,17
15:37:10,2973.135,997,1000,108,10.0,17
15:37:11,2973.338,995,1000,108,10.0,17
15:37:11,2973.539,996,1000,108,10.0,17
15:37:11,2973.741,997,1000,108,10.0,17
15:37:11,2973.942,992,1000,108,10.0,17
15:37:11,2974.131,995,1000,108,10.0,17
15:37:12,2974.331,998,1000,108,10.0,17
15:37:12,2974.53,1001,1000,108,10.0,17
15:37:12,2974.731,1000,1000,108,10.0,17
15:37:12,2974.931,1000,1000,108,10.0,17
15:37:12,2975.133,1002,1000,108,10.0,17
15:37:13,2975.333,1004,1000,108,10.0,17
15:37:13,2975.533,1005,1000,108,10.0,17
15:37:13,2975.733,1004,1000,108,10.0,17
15:37:13,2975.935,1001,1000,108,10.0,17
15:37:13,2976.127,1000,1000,108,10.0,17
15:37:14,2976.326,1000,1000,108,10.0,17
15:37:14,2976.525,995,1000,108,10.0,17
15:37:14,2976.727,995,1000,108,10.0,17
15:37:14,2976.928,996,1000,108,10.0,17
15:37:14,2977.129,991,1000,108,10.0,17
15:37:15,2977.322,995,1000,108,10.0,17
15:37:15,2977.522,998,1000,108,10.0,17
15:37:15,2977.722,999,1000,108,10.0,17
15:37:15,2977.921,996,1000,108,10.0,17
15:37:15,2978.124,999,1000,108,10.0,17
15:37:16,2978.325,1001,1000,108,10.0,17
15:37:16,2978.525,1003,1000,108,10.0,17
15:37:16,2978.726,1003,1000,108,10.0,17
15:37:16,2978.919,1000,1000,108,10.0,17
15:37:16,2979.118,1002,1000,108,10.0,17
15:37:17,2979.317,1003,1000,108,10.0,17
15:37:17,2979.518,1005,1000,108,10.0,17
15:37:17,2979.72,1002,1000,108,10.0,17
15:37:17,2979.921,1001,1000,108,10.0,17
15:37:17,2980.122,1002,1000,108,10.0,17
15:37:18,2980.325,1003,1000,108,10.0,17
15:37:18,2980.513,999,1000,108,10.0,17
15:37:18,2980.713,1001,1000,108,10.0,17
15:37:18,2980.913,1003,1000,108,10.0,17
15:37:18,2981.113,1004,1000,108,10.0,17
15:37:19,2981.315,1003,1000,108,10.0,17
15:37:19,2981.517,1000,1000,108,10.0,17
15:37:19,2981.716,1002,1000,108,10.0,17
15:37:19,2981.918,1003,1000,108,10.0,17
15:37:19,2982.118,1005,1000,108,10.0,17
15:37:20,2982.309,1002,1000,108,10.0,17
15:37:20,2982.508,996,1000,108,10.0,17
15:37:20,2982.708,996,1000,108,10.0,17
15:37:20,2982.911,996,1000,108,10.0,17
15:37:20,2983.111,992,1000,108,10.0,17
15:37:21,2983.313,996,1000,108,10.0,17
15:37:21,2983.514,999,1000,108,10.0,17
15:37:21,2983.714,1001,1000,108,10.0,17
15:37:21,2983.904,999,1000,108,10.0,17
15:37:21,2984.104,1001,1000,108,10.0,17
15:37:22,2984.303,1003,1000,108,10.0,17
15:37:22,2984.503,1005,1000,108,10.0,17
15:37:22,2984.704,1003,1000,108,10.0,17
15:37:22,2984.905,997,1000,108,10.0,17
15:37:22,2985.106,997,1000,108,10.0,17
15:37:23,2985.309,997,1000,108,10.0,17
15:37:23,2985.5,993,1000,108,10.0,17
15:37:23,2985.699,996,1000,108,10.0,17
15:37:23,2985.899,999,1000,108,10.0,17
15:37:23,2986.1,1001,1000,108,10.0,17
15:37:24,2986.3,997,1000,108,10.0,17
15:37:24,2986.503,996,1000,108,10.0,17
15:37:24,2986.704,998,1000,108,10.0,17
15:37:24,2986.905,1000,1000,108,10.0,17
15:37:24,2987.095,1001,1000,108,10.0,17
15:37:25,2987.295,997,1000,108,10.0,17
15:37:25,2987.494,999,1000,108,10.0,17
15:37:25,2987.695,1001,1000,108,10.0,17
15:37:25,2987.896,1001,1000,108,10.0,17
15:37:25,2988.099,997,1000,108,10.0,17
15:37:26,2988.301,999,1000,108,10.0,17
15:37:26,2988.501,1001,1000,108,10.0,17
15:37:26,2988.691,1002,1000,108,10.0,17
15:37:26,2988.89,999,1000,108,10.0,17
15:37:26,2989.09,1001,1000,108,10.0,17
15:37:27,2989.292,1002,1000,108,10.0,17
15:37:27,2989.495,1003,1000,108,10.0,17
15:37:27,2989.697,1001,1000,108,10.0,17
15:37:27,2989.887,997,1000,108,10.0,17
15:37:27,2990.087,999,1000,108,10.0,17
15:37:28,2990.286,1000,1000,108,10.0,17
15:37:28,2990.486,1002,1000,108,10.0,17
15:37:28,2990.685,997,1000,108,10.0,17
15:37:28,2990.887,999,1000,108,10.0,17
15:37:28,2991.089,1000,1000,108,10.0,17
15:37:29,2991.288,1002,1000,108,10.0,17
15:37:29,2991.489,1000,1000,108,10.0,17
15:37:29,2991.691,1000,1000,108,10.0,17
15:37:29,2991.882,1001,1000,108,10.0,17
15:37:29,2992.08,1002,1000,108,10.0,17
15:37:30,2992.282,1001,1000,108,10.0,17
15:37:30,2992.483,1000,1000,108,10.0,17
15:37:30,2992.685,1002,1000,108,10.0,17
15:37:30,2992.887,1002,1000,108,10.0,17
15:37:30,2993.079,1001,1000,108,10.0,17
15:37:31,2993.278,996,1000,108,10.0,17
15:37:31,2993.477,998,1000,108,10.0,17
15:37:31,2993.68,1000,1000,108,10.0,17
15:37:31,2993.881,1001,1000,108,10.0,17
15:37:31,2994.084,996,1000,108,10.0,17
15:37:32,2994.274,998,1000,108,10.0,17
15:37:32,2994.474,999,1000,108,10.0,17
15:37:32,2994.673,999,1000,108,10.0,17
15:37:32,2994.875,995,1000,108,10.0,17
15:37:32,2995.079,997,1000,108,10.0,17
15:37:33,2995.28,999,1000,108,10.0,17
15:37:33,2995.47,1000,1000,108,10.0,17
15:37:33,2995.67,995,1000,108,10.0,17
15:37:33,2995.87,997,1000,108,10.0,17
15:37:33,2996.069,998,1000,108,10.0,17
15:37:34,2996.274,998,1000,108,10.0,17
15:37:34,2996.475,997,1000,108,10.0,17
15:37:34,2996.668,999,1000,108,10.0,17
15:37:34,2996.867,1000,1000,108,10.0,17
15:37:34,2997.066,995,1000,108,10.0,17
15:37:35,2997.266,994,1000,108,10.0,17
15:37:35,2997.468,995,1000,108,10.0,17
15:37:35,2997.669,996,1000,108,10.0,17
15:37:35,2997.871,993,1000,108,10.0,17
15:37:35,2998.063,995,1000,108,10.0,17
15:37:36,2998.263,997,1000,108,10.0,17
15:37:36,2998.462,997,1000,108,10.0,17
15:37:36,2998.662,994,1000,108,10.0,17
15:37:36,2998.864,996,1000,108,10.0,17
15:37:36,2999.066,997,1000,108,10.0,17
15:37:37,2999.268,994,1000,108,10.0,17
15:37:37,2999.459,992,1000,108,10.0,17
15:37:37,2999.658,995,1000,108,10.0,17
15:37:37,2999.857,991,1000,108,10.0,17
15:37:37,3000.059,992,1000,108,10.0,17
15:37:38,3000.261,996,1000,108,10.0,17
15:37:38,3000.463,999,1000,108,10.0,17
15:37:38,3000.665,999,1000,108,10.0,17
15:37:38,3000.855,1000,1000,108,10.0,17
15:37:38,3001.054,995,1000,108,10.0,17
15:37:39,3001.255,995,1000,108,10.0,17
15:37:39,3001.459,996,1000,108,10.0,17
15:37:39,3001.654,997,1000,108,10.0,17
15:37:39,3001.853,993,1000,108,10.0,17
15:37:39,3002.051,995,1000,108,10.0,17
15:37:40,3002.253,999,1000,108,10.0,17
15:37:40,3002.456,994,1000,108,10.0,17
15:37:40,3002.649,997,1000,108,10.0,17
15:37:40,3002.849,1000,1000,108,10.0,17
15:37:40,3003.05,999,1000,108,10.0,17
15:37:41,3003.249,999,1000,108,10.0,17
15:37:41,3003.452,999,1000,108,10.0,17
15:37:41,3003.653,994,1000,108,10.0,17
15:37:41,3003.845,997,1000,108,10.0,17
15:37:41,3004.046,1000,1000,108,10.0,17
15:37:42,3004.245,995,1000,108,10.0,17
15:37:42,3004.446,996,1000,108,10.0,17
15:37:42,3004.648,997,1000,108,10.0,17
15:37:42,3004.851,993,1000,108,10.0,17
15:37:42,3005.052,997,1000,108,10.0,17
15:37:43,3005.251,1000,1000,108,10.0,17
15:37:43,3005.441,1002,1000,108,10.0,17
15:37:43,3005.641,1003,1000,108,10.0,17
15:37:43,3005.842,1002,1000,108,10.0,17
15:37:43,3006.041,997,1000,108,10.0,17
15:37:44,3006.24,995,1000,108,10.0,17
15:37:44,3006.443,996,1000,108,10.0,17
15:37:44,3006.645,995,1000,108,10.0,17
15:37:44,3006.847,990,1000,108,10.0,18
15:37:44,3007.038,995,1000,108,10.0,17
15:37:45,3007.238,998,1000,108,10.0,17
15:37:45,3007.437,996,1000,108,10.0,17
15:37:45,3007.636,997,1000,108,10.0,17
15:37:45,3007.836,998,1000,108,10.0,17
15:37:45,3008.035,999,1000,108,10.0,17
15:37:46,3008.238,994,1000,108,10.0,17
15:37:46,3008.438,997,1000,108,10.0,17
15:37:46,3008.639,1001,1000,108,10.0,17
15:37:46,3008.841,997,1000,108,10.0,17
15:37:46,3009.032,1001,1000,108,10.0,17
15:37:47,3009.232,1003,1000,108,10.0,17
15:37:47,3009.432,1005,1000,108,10.0,17
15:37:47,3009.633,1006,1000,108,10.0,17
15:37:47,3009.832,999,1000,108,10.0,17
15:37:47,3010.036,999,1000,108,10.0,17
15:37:48,3010.237,999,1000,108,10.0,17
15:37:48,3010.428,996,1000,108,10.0,17
15:37:48,3010.628,997,1000,108,10.0,17
15:37:48,3010.828,998,1000,108,10.0,17
15:37:48,3011.026,997,1000,108,10.0,17
15:37:49,3011.228,996,1000,108,10.0,17
15:37:49,3011.428,997,1000,108,10.0,17
15:37:49,3011.631,997,1000,108,10.0,17
15:37:49,3011.831,993,1000,108,10.0,18
15:37:49,3012.024,996,1000,108,10.0,17
15:37:50,3012.223,999,1000,108,10.0,17
15:37:50,3012.423,1002,1000,108,10.0,17
15:37:50,3012.623,1002,1000,108,10.0,17
15:37:50,3012.826,997,1000,108,10.0,17
15:37:50,3013.028,997,1000,108,10.0,17
15:37:51,3013.227,998,1000,108,10.0,17
15:37:51,3013.429,993,1000,108,10.0,18
15:37:51,3013.62,996,1000,108,10.0,17
15:37:51,3013.819,999,1000,108,10.0,17
15:37:51,3014.02,1001,1000,108,10.0,17
15:37:52,3014.221,1004,1000,108,10.0,17
15:37:52,3014.421,1000,1000,108,10.0,17
15:37:52,3014.622,1002,1000,108,10.0,17
15:37:52,3014.821,1004,1000,108,10.0,17
15:37:52,3015.024,1006,1000,108,10.0,17
15:37:53,3015.222,1004,1000,108,10.0,17
15:37:53,3015.413,998,1000,108,10.0,17
15:37:53,3015.614,998,1000,108,10.0,17
15:37:53,3015.814,998,1000,108,10.0,17
15:37:53,3016.013,996,1000,108,10.0,17
15:37:54,3016.213,997,1000,108,10.0,17
15:37:54,3016.414,997,1000,108,10.0,17
15:37:54,3016.615,997,1000,108,10.0,17
15:37:54,3016.817,995,1000,108,10.0,17
15:37:54,3017.019,996,1000,108,10.0,17
15:37:55,3017.21,997,1000,108,10.0,17
15:37:55,3017.408,993,1000,108,10.0,18
15:37:55,3017.609,996,1000,108,10.0,17
15:37:55,3017.81,999,1000,108,10.0,17
15:37:55,3018.011,1002,1000,108,10.0,17
15:37:56,3018.211,1003,1000,108,10.0,17
15:37:56,3018.412,999,1000,108,10.0,17
15:37:56,3018.614,1002,1000,108,10.0,17
15:37:56,3018.813,1004,1000,108,10.0,17
15:37:56,3019.005,1002,1000,108,10.0,17
15:37:57,3019.204,999,1000,108,10.0,17
15:37:57,3019.404,1002,1000,108,10.0,17
15:37:57,3019.604,999,1000,108,10.0,17
15:37:57,3019.808,1001,1000,108,10.0,17
15:37:57,3020.01,1003,1000,108,10.0,17
15:37:58,3020.201,1005,1000,108,10.0,17
15:37:58,3020.402,1006,1000,108,10.0,17
15:37:58,3020.601,1005,1000,108,10.0,17
15:37:58,3020.802,1002,1000,108,10.0,17
15:37:58,3021.003,997,1000,108,10.0,17
15:37:59,3021.204,998,1000,108,10.0,17
15:37:59,3021.404,1000,1000,108,10.0,17
15:37:59,3021.606,1000,1000,108,10.0,17
15:37:59,3021.798,997,1000,108,10.0,17
15:37:59,3021.997,999,1000,108,10.0,17
15:38:00,3022.199,1000,1000,108,10.0,17
15:38:00,3022.401,999,1000,108,10.0,17
15:38:00,3022.603,995,1000,108,10.0,17
15:38:00,3022.795,998,1000,108,10.0,17
15:38:00,3022.996,1000,1000,108,10.0,17
15:38:01,3023.195,1001,1000,108,10.0,17
15:38:01,3023.395,998,1000,108,10.0,17
15:38:01,3023.597,1000,1000,108,10.0,17
15:38:01,3023.798,1002,1000,108,10.0,17
15:38:01,3023.998,1004,1000,108,10.0,17
15:38:02,3024.201,1004,1000,108,10.0,17
15:38:02,3024.391,1001,1000,108,10.0,17
15:38:02,3024.59,1003,1000,108,10.0,17
15:38:02,3024.789,1005,1000,108,10.0,17
15:38:02,3024.99,1006,1000,108,10.0,17
15:38:03,3025.192,1006,1000,108,10.0,17
15:38:03,3025.393,1001,1000,108,10.0,17
15:38:03,3025.595,1002,1000,108,10.0,17
15:38:03,3025.795,1003,1000,108,10.0,17
15:38:03,3025.985,1004,1000,108,10.0,17
15:38:04,3026.185,1003,1000,108,10.0,17
15:38:04,3026.384,1002,1000,108,10.0,17
15:38:04,3026.585,1003,1000,108,10.0,17
15:38:04,3026.787,1004,1000,108,10.0,17
15:38:04,3026.988,1003,1000,108,10.0,17
15:38:05,3027.189,998,1000,108,10.0,17
15:38:05,3027.391,1000,1000,108,10.0,17
15:38:05,3027.581,1001,1000,108,10.0,17
15:38:05,3027.781,1002,1000,108,10.0,17
15:38:05,3027.981,997,1000,108,10.0,17
15:38:06,3028.181,999,1000,108,10.0,17
15:38:06,3028.384,1000,1000,108,10.0,17
15:38:06,3028.585,1000,1000,108,10.0,17
15:38:06,3028.788,997,1000,108,10.0,17
15:38:06,3028.978,998,1000,108,10.0,17
15:38:07,3029.177,999,1000,108,10.0,17
15:38:07,3029.377,1000,1000,108,10.0,17
15:38:07,3029.576,995,1000,108,10.0,17
15:38:07,3029.776,997,1000,108,10.0,17
15:38:07,3029.978,998,1000,108,10.0,17
15:38:08,3030.179,994,1000,108,10.0,17
15:38:08,3030.38,997,1000,108,10.0,17
15:38:08,3030.58,1000,1000,108,10.0,17
15:38:08,3030.781,1000,1000,108,10.0,17
15:38:08,3030.972,995,1000,108,10.0,17
15:38:09,3031.172,996,1000,108,10.0,17
15:38:09,3031.371,996,1000,108,10.0,17
15:38:09,3031.57,991,1000,108,10.0,17
15:38:09,3031.77,993,1000,108,10.0,17
15:38:09,3031.971,996,1000,108,10.0,17
15:38:10,3032.172,999,1000,108,10.0,17
15:38:10,3032.376,1001,1000,108,10.0,17
15:38:10,3032.576,995,1000,108,10.0,17
15:38:10,3032.767,996,1000,108,10.0,17
15:38:10,3032.966,996,1000,108,10.0,17
15:38:11,3033.167,991,1000,108,10.0,18
15:38:11,3033.368,993,1000,108,10.0,17
15:38:11,3033.57,997,1000,108,10.0,17
15:38:11,3033.772,999,1000,108,10.0,17
15:38:11,3033.973,998,1000,108,10.0,17
15:38:12,3034.163,999,1000,108,10.0,17
15:38:12,3034.363,1001,1000,108,10.0,17
15:38:12,3034.562,1003,1000,108,10.0,17
15:38:12,3034.763,1004,1000,108,10.0,17
15:38:12,3034.967,999,1000,108,10.0,17
15:38:13,3035.162,1001,1000,108,10.0,17
15:38:13,3035.359,1003,1000,108,10.0,17
15:38:13,3035.559,1004,1000,108,10.0,17
15:38:13,3035.76,1004,1000,108,10.0,17
15:38:13,3035.962,1000,1000,108,10.0,17
15:38:14,3036.164,1002,1000,108,10.0,17
15:38:14,3036.357,1003,1000,108,10.0,17
15:38:14,3036.555,1005,1000,108,10.0,17
15:38:14,3036.756,1003,1000,108,10.0,17
15:38:14,3036.955,1000,1000,108,10.0,17
15:38:14,3037.156,1000,1000,108,10.0,17
15:38:15,3037.358,999,1000,108,10.0,17
15:38:15,3037.561,995,1000,108,10.0,17
15:38:15,3037.761,996,1000,108,10.0,17
15:38:15,3037.951,996,1000,108,10.0,17
15:38:15,3038.154,992,1000,108,10.0,18
15:38:16,3038.35,996,1000,108,10.0,17
15:38:16,3038.553,998,1000,108,10.0,17
15:38:16,3038.754,999,1000,108,10.0,17
15:38:16,3038.955,995,1000,108,10.0,17
15:38:16,3039.155,998,1000,108,10.0,17
15:38:17,3039.357,1001,1000,108,10.0,17
15:38:17,3039.546,1002,1000,108,10.0,17
15:38:17,3039.746,1002,1000,108,10.0,17
15:38:17,3039.946,1001,1000,108,10.0,17
15:38:17,3040.146,1003,1000,108,10.0,17
15:38:18,3040.349,1004,1000,108,10.0,17
15:38:18,3040.549,1005,1000,108,10.0,17
15:38:18,3040.75,1002,1000,108,10.0,17
15:38:18,3040.952,1001,1000,108,10.0,17
15:38:18,3041.143,1002,1000,108,10.0,17
15:38:19,3041.342,1003,1000,108,10.0,17
15:38:19,3041.541,999,1000,108,10.0,17
15:38:19,3041.74,998,1000,108,10.0,17
15:38:19,3041.942,1000,1000,108,10.0,17
15:38:19,3042.141,1001,1000,108,10.0,17
15:38:20,3042.343,1001,1000,108,10.0,17
15:38:20,3042.544,999,1000,108,10.0,17
15:38:20,3042.743,1001,1000,108,10.0,17
15:38:20,3042.944,1002,1000,108,10.0,17
15:38:20,3043.146,1001,1000,108,10.0,17
15:38:21,3043.336,1000,1000,108,10.0,17
15:38:21,3043.536,1001,1000,108,10.0,17
15:38:21,3043.736,1002,1000,108,10.0,17
15:38:21,3043.936,1000,1000,108,10.0,17
15:38:21,3044.138,996,1000,108,10.0,17
15:38:22,3044.341,998,1000,108,10.0,17
15:38:22,3044.543,1000,1000,108,10.0,17
15:38:22,3044.733,1001,1000,108,10.0,17
15:38:22,3044.932,997,1000,108,10.0,17
15:38:22,3045.132,998,1000,108,10.0,17
15:38:23,3045.333,999,1000,108,10.0,17
15:38:23,3045.532,1001,1000,108,10.0,17
15:38:23,3045.733,1000,1000,108,10.0,17
15:38:23,3045.935,1000,1000,108,10.0,17
15:38:23,3046.138,1001,1000,108,10.0,17
15:38:24,3046.327,1002,1000,108,10.0,17
15:38:24,3046.528,1001,1000,108,10.0,17
15:38:24,3046.727,1000,1000,108,10.0,17
15:38:24,3046.93,1002,1000,108,10.0,17
15:38:24,3047.131,1003,1000,108,10.0,17
15:38:25,3047.331,1002,1000,108,10.0,17
15:38:25,3047.534,997,1000,108,10.0,17
15:38:25,3047.724,999,1000,108,10.0,17
15:38:25,3047.924,1001,1000,108,10.0,17
15:38:25,3048.123,1002,1000,108,10.0,17
15:38:26,3048.322,997,1000,108,10.0,17
15:38:26,3048.524,997,1000,108,10.0,17
15:38:26,3048.726,999,1000,108,10.0,17
15:38:26,3048.926,1000,1000,108,10.0,17
15:38:26,3049.128,999,1000,108,10.0,17
15:38:27,3049.319,1000,1000,108,10.0,17
15:38:27,3049.518,1002,1000,108,10.0,17
15:38:27,3049.719,1003,1000,108,10.0,17
15:38:27,3049.918,1003,1000,108,10.0,17
15:38:27,3050.121,1000,1000,108,10.0,17
15:38:28,3050.323,1003,1000,108,10.0,17
15:38:28,3050.524,1004,1000,108,10.0,17
15:38:28,3050.715,1006,1000,108,10.0,17
15:38:28,3050.915,1006,1000,108,10.0,17
15:38:28,3051.115,999,1000,108,10.0,17
15:38:29,3051.315,999,1000,108,10.0,17
15:38:29,3051.517,1000,1000,108,10.0,17
15:38:29,3051.717,995,1000,108,10.0,17
15:38:29,3051.919,994,1000,108,10.0,17
15:38:29,3052.121,998,1000,108,10.0,17
15:38:30,3052.311,996,1000,108,10.0,17
15:38:30,3052.511,999,1000,108,10.0,17
15:38:30,3052.714,1000,1000,108,10.0,17
15:38:30,3052.915,1001,1000,108,10.0,17
15:38:30,3053.115,1001,1000,108,10.0,17
15:38:31,3053.316,999,1000,108,10.0,17
15:38:31,3053.517,999,1000,108,10.0,17
15:38:31,3053.707,999,1000,108,10.0,17
15:38:31,3053.906,997,1000,108,10.0,17
15:38:31,3054.106,999,1000,108,10.0,17
15:38:32,3054.308,1001,1000,108,10.0,17
15:38:32,3054.51,1002,1000,108,10.0,17
15:38:32,3054.712,1003,1000,108,10.0,17
15:38:32,3054.912,998,1000,108,10.0,17
15:38:32,3055.113,1000,1000,108,10.0,17
15:38:33,3055.302,1001,1000,108,10.0,17
15:38:33,3055.502,1001,1000,108,10.0,17
15:38:33,3055.702,996,1000,108,10.0,17
15:38:33,3055.904,996,1000,108,10.0,17
15:38:33,3056.107,997,1000,108,10.0,17
15:38:34,3056.307,992,1000,108,10.0,18
15:38:34,3056.509,995,1000,108,10.0,17
15:38:34,3056.698,997,1000,108,10.0,17
15:38:34,3056.898,999,1000,108,10.0,17
15:38:34,3057.097,998,1000,108,10.0,17
15:38:35,3057.297,999,1000,108,10.0,17
15:38:35,3057.498,1000,1000,108,10.0,17
15:38:35,3057.7,1001,1000,108,10.0,17
15:38:35,3057.9,998,1000,108,10.0,17
15:38:35,3058.101,994,1000,108,10.0,17
15:38:36,3058.304,996,1000,108,10.0,17
15:38:36,3058.493,998,1000,108,10.0,17
15:38:36,3058.692,997,1000,108,10.0,17
15:38:36,3058.894,998,1000,108,10.0,17
15:38:36,3059.095,999,1000,108,10.0,17
15:38:37,3059.298,1000,1000,108,10.0,17
15:38:37,3059.497,997,1000,108,10.0,17
15:38:37,3059.69,998,1000,108,10.0,17
15:38:37,3059.89,999,1000,108,10.0,17
15:38:37,3060.09,1000,1000,108,10.0,17
15:38:38,3060.29,996,1000,108,10.0,17
15:38:38,3060.489,997,1000,108,10.0,17
15:38:38,3060.691,999,1000,108,10.0,17
15:38:38,3060.892,1000,1000,108,10.0,17
15:38:38,3061.093,995,1000,108,10.0,17
15:38:39,3061.294,997,1000,108,10.0,17
15:38:39,3061.485,998,1000,108,10.0,17
15:38:39,3061.685,999,1000,108,10.0,17
15:38:39,3061.884,995,1000,108,10.0,17
15:38:39,3062.083,997,1000,108,10.0,17
15:38:40,3062.287,998,1000,108,10.0,17
15:38:40,3062.486,997,1000,108,10.0,17
15:38:40,3062.687,993,1000,108,10.0,18
15:38:40,3062.89,995,1000,108,10.0,17
15:38:40,3063.08,997,1000,108,10.0,17
15:38:41,3063.281,998,1000,108,10.0,17
15:38:41,3063.481,995,1000,108,10.0,17
15:38:41,3063.683,997,1000,108,10.0,17
15:38:41,3063.884,999,1000,108,10.0,17
15:38:41,3064.087,998,1000,108,10.0,17
15:38:42,3064.277,994,1000,108,10.0,18
15:38:42,3064.476,996,1000,108,10.0,17
15:38:42,3064.678,998,1000,108,10.0,17
15:38:42,3064.878,999,1000,108,10.0,17
15:38:42,3065.08,995,1000,108,10.0,17
15:38:43,3065.282,997,1000,108,10.0,17
15:38:43,3065.474,998,1000,108,10.0,17
15:38:43,3065.673,997,1000,108,10.0,17
15:38:43,3065.872,998,1000,108,10.0,17
15:38:43,3066.074,999,1000,108,10.0,17
15:38:44,3066.274,1000,1000,108,10.0,17
15:38:44,3066.478,996,1000,108,10.0,17
15:38:44,3066.68,994,1000,108,10.0,18
15:38:44,3066.871,996,1000,108,10.0,17
15:38:44,3067.069,998,1000,108,10.0,17
15:38:45,3067.27,996,1000,108,10.0,17
15:38:45,3067.47,997,1000,108,10.0,17
15:38:45,3067.673,999,1000,108,10.0,17
15:38:45,3067.875,1000,1000,108,10.0,17
15:38:45,3068.066,995,1000,108,10.0,17
15:38:46,3068.266,995,1000,108,10.0,17
15:38:46,3068.466,997,1000,108,10.0,17
15:38:46,3068.669,998,1000,108,10.0,17
15:38:46,3068.868,995,1000,108,10.0,17
15:38:46,3069.068,997,1000,108,10.0,17
15:38:47,3069.268,998,1000,108,10.0,17
15:38:47,3069.47,999,1000,108,10.0,17
15:38:47,3069.663,994,1000,108,10.0,18
15:38:47,3069.861,996,1000,108,10.0,17
15:38:47,3070.064,997,1000,108,10.0,17
15:38:48,3070.265,992,1000,108,10.0,18
15:38:48,3070.467,994,1000,108,10.0,18
15:38:48,3070.66,998,1000,108,10.0,17
15:38:48,3070.859,993,1000,108,10.0,18
15:38:48,3071.06,995,1000,108,10.0,17
15:38:49,3071.261,997,1000,108,10.0,17
15:38:49,3071.465,995,1000,108,10.0,17
15:38:49,3071.657,990,1000,108,10.0,18
15:38:49,3071.856,993,1000,108,10.0,18
15:38:49,3072.056,997,1000,108,10.0,17
15:38:50,3072.254,999,1000,108,10.0,17
15:38:50,3072.456,994,1000,108,10.0,18
15:38:50,3072.658,997,1000,108,10.0,18
15:38:50,3072.858,1000,1000,108,10.0,18
15:38:50,3073.06,1002,1000,108,10.0,18
15:38:51,3073.252,997,1000,108,10.0,18
15:38:51,3073.451,998,1000,108,10.0,18
15:38:51,3073.653,999,1000,108,10.0,18
15:38:51,3073.854,998,1000,108,10.0,18
15:38:51,3074.054,993,1000,108,10.0,18
15:38:52,3074.257,997,1000,108,10.0,18
15:38:52,3074.448,999,1000,108,10.0,18
15:38:52,3074.648,1001,1000,108,10.0,18
15:38:52,3074.847,998,1000,108,10.0,18
15:38:52,3075.046,994,1000,108,10.0,18
15:38:53,3075.247,997,1000,108,10.0,18
15:38:53,3075.45,1000,1000,108,10.0,18
15:38:53,3075.649,1001,1000,108,10.0,18
15:38:53,3075.85,996,1000,108,10.0,18
15:38:53,3076.051,997,1000,108,10.0,18
15:38:54,3076.249,998,1000,108,10.0,18
15:38:54,3076.452,995,1000,108,10.0,18
15:38:54,3076.642,996,1000,108,10.0,18
15:38:54,3076.841,997,1000,108,10.0,18
15:38:54,3077.044,997,1000,108,10.0,18
15:38:55,3077.248,992,1000,109,10.0,18
15:38:55,3077.44,996,1000,109,10.0,18
15:38:55,3077.64,998,1000,109,10.0,18
15:38:55,3077.84,1001,1000,109,10.0,18
15:38:55,3078.041,997,1000,109,10.0,18
15:38:56,3078.24,999,1000,109,10.0,18
15:38:56,3078.443,1001,1000,109,10.0,18
15:38:56,3078.645,1003,1000,109,10.0,18
15:38:56,3078.836,1002,1000,109,10.0,18
15:38:56,3079.035,998,1000,109,10.0,18
15:38:57,3079.236,1000,1000,109,10.0,18
15:38:57,3079.438,1002,1000,109,10.0,18
15:38:57,3079.64,1004,1000,109,10.0,18
15:38:57,3079.839,1002,1000,109,10.0,18
15:38:57,3080.041,1002,1000,109,10.0,18
15:38:58,3080.242,1004,1000,109,10.0,18
15:38:58,3080.432,1005,1000,108,10.0,17
15:38:58,3080.63,1005,1000,108,10.0,17
15:38:58,3080.831,998,1000,108,10.0,18
15:38:58,3081.031,998,1000,108,10.0,18
15:38:59,3081.233,998,1000,108,10.0,18
15:38:59,3081.434,993,1000,108,10.0,18
15:38:59,3081.637,996,1000,108,10.0,18
15:38:59,3081.828,999,1000,108,10.0,18
15:38:59,3082.027,1001,1000,108,10.0,18
15:39:00,3082.227,996,1000,108,10.0,18
15:39:00,3082.431,994,1000,109,10.0,18
15:39:00,3082.632,997,1000,109,10.0,18
15:39:00,3082.834,1000,1000,109,10.0,18
15:39:00,3083.024,1000,1000,109,10.0,18
15:39:01,3083.226,999,1000,109,10.0,18
15:39:01,3083.427,1001,1000,109,10.0,18
15:39:01,3083.631,1002,1000,109,10.0,18
15:39:01,3083.822,1004,1000,109,10.0,18
15:39:01,3084.023,1002,1000,109,10.0,18
15:39:02,3084.223,1002,1000,109,10.0,18
15:39:02,3084.424,1004,1000,109,10.0,18
15:39:02,3084.623,1005,1000,108,10.0,17
15:39:02,3084.825,1004,1000,108,10.0,18
15:39:02,3085.027,999,1000,108,10.0,18
15:39:03,3085.227,998,1000,108,10.0,18
15:39:03,3085.419,999,1000,108,10.0,18
15:39:03,3085.617,994,1000,109,10.0,18
15:39:03,3085.818,996,1000,109,10.0,18
15:39:03,3086.021,999,1000,109,10.0,18
15:39:04,3086.22,999,1000,109,10.0,18
15:39:04,3086.423,996,1000,109,10.0,18
15:39:04,3086.624,998,1000,109,10.0,18
15:39:04,3086.814,1000,1000,109,10.0,18
15:39:04,3087.014,1002,1000,109,10.0,18
15:39:05,3087.214,999,1000,109,10.0,18
15:39:05,3087.417,995,1000,109,10.0,18
15:39:05,3087.619,998,1000,109,10.0,18
15:39:05,3087.821,1000,1000,109,10.0,18
15:39:05,3088.011,1001,1000,109,10.0,18
15:39:06,3088.21,997,1000,109,10.0,18
15:39:06,3088.41,999,1000,109,10.0,18
15:39:06,3088.609,1001,1000,109,10.0,18
15:39:06,3088.81,1002,1000,109,10.0,18
15:39:06,3089.01,997,1000,109,10.0,18
15:39:07,3089.211,997,1000,109,10.0,18
15:39:07,3089.413,999,1000,109,10.0,18
15:39:07,3089.606,1001,1000,109,10.0,18
15:39:07,3089.806,1000,1000,109,10.0,18
15:39:07,3090.004,999,1000,109,10.0,18
15:39:08,3090.205,1001,1000,109,10.0,18
15:39:08,3090.405,1002,1000,109,10.0,18
15:39:08,3090.607,1001,1000,109,10.0,18
15:39:08,3090.809,997,1000,109,10.0,18
15:39:08,3091.009,999,1000,109,10.0,18
15:39:09,3091.201,1000,1000,109,10.0,18
15:39:09,3091.402,1002,1000,109,10.0,18
15:39:09,3091.601,997,1000,109,10.0,18
15:39:09,3091.801,999,1000,109,10.0,18
15:39:09,3092.0,1001,1000,109,10.0,18
15:39:10,3092.199,1002,1000,109,10.0,18
15:39:10,3092.4,997,1000,109,10.0,18
15:39:10,3092.6,997,1000,109,10.0,18
15:39:10,3092.801,999,1000,109,10.0,18
15:39:10,3093.003,1001,1000,109,10.0,18
15:39:11,3093.204,1000,1000,109,10.0,18
15:39:11,3093.406,999,1000,109,10.0,18
15:39:11,3093.594,1001,1000,109,10.0,18
15:39:11,3093.796,1002,1000,109,10.0,18
15:39:11,3093.996,1001,1000,109,10.0,18
15:39:12,3094.198,997,1000,109,10.0,18
15:39:12,3094.4,999,1000,109,10.0,18
15:39:12,3094.601,1001,1000,109,10.0,18
15:39:12,3094.792,1002,1000,109,10.0,18
15:39:12,3094.992,998,1000,109,10.0,18
15:39:13,3095.191,1000,1000,109,10.0,18
15:39:13,3095.392,1001,1000,109,10.0,18
15:39:13,3095.597,1003,1000,109,10.0,18
15:39:13,3095.798,999,1000,109,10.0,18
15:39:13,3095.988,996,1000,109,10.0,18
15:39:14,3096.187,999,1000,109,10.0,18
15:39:14,3096.389,1000,1000,109,10.0,18
15:39:14,3096.594,1001,1000,109,10.0,18
15:39:14,3096.786,997,1000,109,10.0,18
15:39:14,3096.985,999,1000,109,10.0,18
15:39:15,3097.185,1001,1000,109,10.0,18
15:39:15,3097.384,1002,1000,109,10.0,18
15:39:15,3097.585,999,1000,109,10.0,18
15:39:15,3097.788,1001,1000,109,10.0,18
15:39:15,3097.988,1002,1000,109,10.0,18
15:39:16,3098.188,1003,1000,109,10.0,18
15:39:16,3098.382,1001,1000,109,10.0,18
15:39:16,3098.589,1002,1000,109,10.0,18
15:39:16,3098.78,1003,1000,109,10.0,18
15:39:16,3098.978,1004,1000,109,10.0,18
15:39:17,3099.181,1005,1000,108,10.0,17
15:39:17,3099.383,999,1000,108,10.0,18
15:39:17,3099.583,999,1000,108,10.0,18
15:39:17,3099.785,998,1000,108,10.0,18
15:39:17,3099.987,993,1000,109,10.0,18
15:39:18,3100.176,996,1000,109,10.0,18
15:39:18,3100.377,999,1000,109,10.0,18
15:39:18,3100.58,1001,1000,109,10.0,18
15:39:18,3100.781,997,1000,109,10.0,18
15:39:18,3100.982,996,1000,109,10.0,18
15:39:19,3101.173,999,1000,109,10.0,18
15:39:19,3101.375,1001,1000,109,10.0,18
15:39:19,3101.579,1002,1000,109,10.0,18
15:39:19,3101.771,998,1000,109,10.0,18
15:39:19,3101.971,1000,1000,109,10.0,18
15:39:20,3102.17,1002,1000,109,10.0,18
15:39:20,3102.372,1003,1000,109,10.0,18
15:39:20,3102.573,1004,1000,109,10.0,18
15:39:20,3102.774,999,1000,109,10.0,18
15:39:20,3102.976,1001,1000,109,10.0,18
15:39:21,3103.167,1003,1000,109,10.0,18
15:39:21,3103.368,1004,1000,109,10.0,18
15:39:21,3103.57,999,1000,109,10.0,18
15:39:21,3103.773,999,1000,109,10.0,18
15:39:21,3103.966,1001,1000,109,10.0,18
15:39:22,3104.164,1002,1000,109,10.0,18
15:39:22,3104.365,1003,1000,109,10.0,18
15:39:22,3104.566,999,1000,109,10.0,18
15:39:22,3104.768,1001,1000,109,10.0,18
15:39:22,3104.971,1002,1000,109,10.0,18
15:39:23,3105.164,1003,1000,109,10.0,18
15:39:23,3105.361,1000,1000,109,10.0,18
15:39:23,3105.561,1002,1000,109,10.0,18
15:39:23,3105.762,1003,1000,109,10.0,18
15:39:23,3105.965,1004,1000,109,10.0,18
15:39:24,3106.167,1002,1000,109,10.0,18
15:39:24,3106.357,1002,1000,109,10.0,18
15:39:24,3106.557,1003,1000,109,10.0,18
15:39:24,3106.759,1004,1000,109,10.0,18
15:39:24,3106.96,1003,1000,109,10.0,18
15:39:25,3107.162,998,1000,109,10.0,18
15:39:25,3107.364,1000,1000,109,10.0,18
15:39:25,3107.555,1002,1000,109,10.0,18
15:39:25,3107.754,1003,1000,109,10.0,18
15:39:25,3107.954,999,1000,109,10.0,18
15:39:25,3108.157,1001,1000,109,10.0,18
15:39:26,3108.357,1002,1000,109,10.0,18
15:39:26,3108.559,1003,1000,109,10.0,18
15:39:26,3108.751,1004,1000,109,10.0,18
15:39:26,3108.949,999,1000,109,10.0,18
15:39:26,3109.149,1001,1000,109,10.0,18
15:39:27,3109.354,1002,1000,109,10.0,18
15:39:27,3109.552,1003,1000,109,10.0,18
15:39:27,3109.753,999,1000,109,10.0,18
15:39:27,3109.954,1000,1000,109,10.0,18
15:39:27,3110.153,1001,1000,109,10.0,18
15:39:28,3110.355,1003,1000,109,10.0,18
15:39:28,3110.545,1002,1000,109,10.0,18
15:39:28,3110.744,1000,1000,109,10.0,18
15:39:28,3110.944,1002,1000,109,10.0,18
15:39:28,3111.146,1003,1000,109,10.0,18
15:39:29,3111.344,1004,1000,109,10.0,18
15:39:29,3111.549,1001,1000,109,10.0,18
15:39:29,3111.749,1003,1000,109,10.0,18
15:39:29,3111.941,1004,1000,109,10.0,18
15:39:29,3112.141,1005,1000,108,10.0,17
15:39:30,3112.34,1003,1000,108,10.0,18
15:39:30,3112.543,1001,1000,108,10.0,18
15:39:30,3112.745,1000,1000,108,10.0,18
15:39:30,3112.948,999,1000,108,10.0,18
15:39:30,3113.137,997,1000,108,10.0,18
15:39:31,3113.338,998,1000,108,10.0,18
15:39:31,3113.537,999,1000,108,10.0,18
15:39:31,3113.738,994,1000,109,10.0,18
15:39:31,3113.939,996,1000,109,10.0,18
15:39:31,3114.139,999,1000,109,10.0,18
15:39:32,3114.339,1001,1000,109,10.0,18
15:39:32,3114.541,1002,1000,109,10.0,18
15:39:32,3114.741,998,1000,109,10.0,18
15:39:32,3114.932,1000,1000,109,10.0,18
15:39:32,3115.133,1002,1000,109,10.0,18
15:39:33,3115.332,1004,1000,109,10.0,18
15:39:33,3115.537,1004,1000,109,10.0,18
15:39:33,3115.737,1000,1000,109,10.0,18
15:39:33,3115.936,1002,1000,109,10.0,18
15:39:33,3116.13,1004,1000,109,10.0,18
15:39:34,3116.328,1005,1000,108,10.0,17
15:39:34,3116.529,1000,1000,108,10.0,18
15:39:34,3116.727,995,1000,108,10.0,18
15:39:34,3116.928,996,1000,108,10.0,18
15:39:34,3117.129,994,1000,109,10.0,18
15:39:35,3117.332,992,1000,109,10.0,18
15:39:35,3117.533,996,1000,109,10.0,18
15:39:35,3117.724,999,1000,109,10.0,18
15:39:35,3117.925,1002,1000,109,10.0,18
15:39:35,3118.124,1002,1000,109,10.0,18
15:39:36,3118.324,1000,1000,109,10.0,18
15:39:36,3118.523,1002,1000,109,10.0,18
15:39:36,3118.724,1004,1000,109,10.0,18
15:39:36,3118.925,1006,1000,109,10.0,17
15:39:36,3119.127,1001,1000,109,10.0,18
15:39:37,3119.328,1002,1000,109,10.0,18
15:39:37,3119.53,1004,1000,109,10.0,18
15:39:37,3119.719,1001,1000,109,10.0,18
15:39:37,3119.918,1003,1000,109,10.0,18
15:39:37,3120.12,1005,1000,109,10.0,17
15:39:38,3120.321,1005,1000,108,10.0,17
15:39:38,3120.522,1004,1000,108,10.0,18
15:39:38,3120.722,1004,1000,108,10.0,18
15:39:38,3120.923,998,1000,108,10.0,18
15:39:38,3121.115,999,1000,108,10.0,18
15:39:39,3121.315,1001,1000,108,10.0,18
15:39:39,3121.514,1002,1000,108,10.0,18
15:39:39,3121.716,999,1000,108,10.0,18
15:39:39,3121.916,1001,1000,108,10.0,18
15:39:39,3122.117,1002,1000,108,10.0,18
15:39:40,3122.319,1003,1000,108,10.0,18
15:39:40,3122.512,1000,1000,108,10.0,18
15:39:40,3122.711,1001,1000,108,10.0,18
15:39:40,3122.91,1002,1000,108,10.0,18
15:39:40,3123.114,1003,1000,108,10.0,18
15:39:41,3123.315,1000,1000,108,10.0,18
15:39:41,3123.515,995,1000,108,10.0,18
15:39:41,3123.714,997,1000,108,10.0,18
15:39:41,3123.915,999,1000,108,10.0,18
15:39:41,3124.116,998,1000,108,10.0,18
15:39:42,3124.315,997,1000,108,10.0,18
15:39:42,3124.506,999,1000,108,10.0,18
15:39:42,3124.705,1000,1000,108,10.0,18
15:39:42,3124.905,995,1000,108,10.0,18
15:39:42,3125.107,993,1000,109,10.0,18
15:39:43,3125.307,997,1000,109,10.0,18
15:39:43,3125.51,1000,1000,109,10.0,18
15:39:43,3125.703,1002,1000,109,10.0,18
15:39:43,3125.901,998,1000,109,10.0,18
15:39:43,3126.101,1001,1000,109,10.0,18
15:39:44,3126.301,1003,1000,109,10.0,18
15:39:44,3126.502,1004,1000,109,10.0,18
15:39:44,3126.704,1004,1000,109,10.0,18
15:39:44,3126.906,1001,1000,109,10.0,18
15:39:44,3127.098,1003,1000,109,10.0,18
15:39:45,3127.307,1005,1000,108,10.0,17
15:39:45,3127.497,1006,1000,108,10.0,17
15:39:45,3127.696,1002,1000,108,10.0,18
15:39:45,3127.898,996,1000,108,10.0,18
15:39:45,3128.1,997,1000,108,10.0,18
15:39:46,3128.301,997,1000,108,10.0,18
15:39:46,3128.501,992,1000,108,10.0,18
15:39:46,3128.702,996,1000,108,10.0,18
15:39:46,3128.903,999,1000,108,10.0,18
15:39:46,3129.093,1002,1000,108,10.0,18
15:39:47,3129.293,1001,1000,108,10.0,18
15:39:47,3129.491,999,1000,108,10.0,18
15:39:47,3129.691,1000,1000,108,10.0,18
15:39:47,3129.891,1001,1000,108,10.0,18
15:39:47,3130.093,998,1000,108,10.0,18
15:39:48,3130.295,993,1000,109,10.0,18
15:39:48,3130.496,997,1000,109,10.0,18
15:39:48,3130.689,1000,1000,109,10.0,18
15:39:48,3130.888,1002,1000,109,10.0,18
15:39:48,3131.088,999,1000,109,10.0,18
15:39:49,3131.289,997,1000,109,10.0,18
15:39:49,3131.491,1000,1000,109,10.0,18
15:39:49,3131.691,1002,1000,109,10.0,18
15:39:49,3131.893,1004,1000,109,10.0,18
15:39:49,3132.084,1002,1000,109,10.0,18
15:39:50,3132.285,1003,1000,109,10.0,18
15:39:50,3132.483,1004,1000,109,10.0,18
15:39:50,3132.684,1006,1000,108,10.0,17
15:39:50,3132.884,1005,1000,108,10.0,17
15:39:50,3133.084,1001,1000,108,10.0,18
15:39:51,3133.285,1000,1000,108,10.0,18
15:39:51,3133.486,1000,1000,108,10.0,18
15:39:51,3133.687,999,1000,108,10.0,18
15:39:51,3133.887,998,1000,108,10.0,18
15:39:51,3134.087,999,1000,108,10.0,18
15:39:52,3134.279,1000,1000,108,10.0,18
15:39:52,3134.478,995,1000,108,10.0,18
15:39:52,3134.678,995,1000,108,10.0,18
15:39:52,3134.88,996,1000,108,10.0,18
15:39:52,3135.081,997,1000,108,10.0,18
15:39:53,3135.282,994,1000,108,10.0,18
15:39:53,3135.485,998,1000,108,10.0,18
15:39:53,3135.684,1000,1000,108,10.0,18
15:39:53,3135.874,1003,1000,108,10.0,18
15:39:53,3136.073,1003,1000,108,10.0,18
15:39:54,3136.273,998,1000,108,10.0,18
15:39:54,3136.474,999,1000,108,10.0,18
15:39:54,3136.677,1000,1000,108,10.0,18
15:39:54,3136.878,999,1000,108,10.0,18
15:39:54,3137.08,994,1000,109,10.0,18
15:39:55,3137.27,998,1000,109,10.0,18
15:39:55,3137.47,1001,1000,109,10.0,18
15:39:55,3137.669,1003,1000,109,10.0,18
15:39:55,3137.871,1003,1000,109,10.0,18
15:39:55,3138.072,1000,1000,109,10.0,18
15:39:56,3138.274,1002,1000,109,10.0,18
15:39:56,3138.466,999,1000,109,10.0,18
15:39:56,3138.666,1000,1000,109,10.0,18
15:39:56,3138.866,1003,1000,109,10.0,18
15:39:56,3139.066,1004,1000,109,10.0,18
15:39:57,3139.267,1006,1000,108,10.0,17
15:39:57,3139.468,1000,1000,108,10.0,18
15:39:57,3139.67,1000,1000,108,10.0,18
15:39:57,3139.87,1000,1000,108,10.0,18
15:39:57,3140.062,996,1000,108,10.0,18
15:39:58,3140.365,998,1000,108,10.0,18
